step,mean_vel_x,mean_abs_vx_error,p2_fault_active_mean,residual_action_mean_norm,final_action_mean_norm,base_action_mean_norm,residual_action_max_norm,mean_abs_yaw_error,done_count,no_nan_inf
1,0.12913575768470764,0.87086421251297,0.0,0.06625653803348541,0.6453960537910461,0.6459068059921265,0.0816497877240181,0.7729383111000061,0,True
2,-0.020683787763118744,1.020683765411377,0.0,0.0779058113694191,1.4470632076263428,1.4396992921829224,0.12079478055238724,0.7223790884017944,0,True
3,0.008301823399960995,0.9916982054710388,0.0,0.06971040368080139,1.020329236984253,1.0189731121063232,0.1491057276725769,0.750907838344574,0,True
4,-0.0964815691113472,1.0964815616607666,0.0,0.05702504515647888,0.8079656362533569,0.8066856265068054,0.12914244830608368,0.5667065382003784,0,True
5,-0.13565030694007874,1.1356502771377563,0.0,0.05770890787243843,0.7426855564117432,0.74094557762146,0.10014500468969345,0.7174650430679321,0,True
6,-0.18272370100021362,1.1827236413955688,0.0,0.06526117026805878,0.8440743088722229,0.8437822461128235,0.13738328218460083,1.0098930597305298,0,True
7,-0.17918545007705688,1.179185390472412,0.0,0.06611490249633789,0.897597074508667,0.8970609903335571,0.1295061707496643,1.1378555297851562,0,True
8,-0.14280354976654053,1.1428035497665405,0.0,0.07167083024978638,0.968977153301239,0.9692479372024536,0.1335448920726776,1.203890085220337,0,True
9,-0.09488791227340698,1.096437931060791,0.0,0.0741192102432251,1.0374852418899536,1.037813663482666,0.1358502060174942,1.2619106769561768,0,True
10,-0.05436767265200615,1.0543993711471558,0.0,0.06772005558013916,1.0945490598678589,1.0944764614105225,0.11865590512752533,1.0177373886108398,0,True
11,0.00782059133052826,0.9932906627655029,0.0,0.0661846324801445,1.2094210386276245,1.2094242572784424,0.12504726648330688,0.9995219707489014,0,True
12,0.06739211827516556,0.9337517023086548,0.0,0.06241890788078308,1.251556158065796,1.2527813911437988,0.10639160126447678,0.7831401228904724,0,True
13,0.09886610507965088,0.9018580913543701,0.0,0.05904129892587662,1.3027985095977783,1.3038188219070435,0.10961645096540451,0.6861532926559448,0,True
14,0.16101068258285522,0.8394405245780945,0.0,0.057246699929237366,1.4298503398895264,1.4308425188064575,0.10220810770988464,0.5759499073028564,0,True
15,0.2122204601764679,0.788388729095459,0.0,0.058744072914123535,1.4900847673416138,1.4909484386444092,0.10973791778087616,0.48825621604919434,0,True
16,0.24736908078193665,0.7565262317657471,0.0,0.059478044509887695,1.5111926794052124,1.5116311311721802,0.10773170739412308,0.40627819299697876,0,True
17,0.26162663102149963,0.7417270541191101,0.0,0.05730823799967766,1.4729642868041992,1.4748132228851318,0.09988389909267426,0.35738658905029297,0,True
18,0.282375693321228,0.732506513595581,0.0,0.05286373943090439,1.4949519634246826,1.4970341920852661,0.11228657513856888,0.3449972867965698,0,True
19,0.32646644115448,0.6920835375785828,0.0,0.05397263914346695,1.5192545652389526,1.521874189376831,0.1264704018831253,0.3119315803050995,0,True
20,0.35767772793769836,0.6653047800064087,0.0,0.052236318588256836,1.5022221803665161,1.5048493146896362,0.1045752614736557,0.26552170515060425,0,True
21,0.37705790996551514,0.6418721675872803,0.0,0.050607047975063324,1.487525463104248,1.4909636974334717,0.0966891199350357,0.29687070846557617,0,True
22,0.37489762902259827,0.6365094780921936,0.0,0.0488462895154953,1.4959475994110107,1.4993455410003662,0.09064048528671265,0.2870328426361084,0,True
23,0.3793901205062866,0.6304535865783691,0.0,0.04984593391418457,1.5111889839172363,1.514648675918579,0.09437838941812515,0.2955634593963623,0,True
24,0.38680198788642883,0.6250478029251099,0.0,0.05102688819169998,1.488661527633667,1.492706298828125,0.08740043640136719,0.3219280540943146,0,True
25,0.36535000801086426,0.647881031036377,0.0,0.05093971639871597,1.5125832557678223,1.5160621404647827,0.10565624386072159,0.3523174226284027,0,True
26,0.3622385561466217,0.6540762782096863,0.0,0.054133012890815735,1.5400793552398682,1.5440747737884521,0.11169701814651489,0.3401334881782532,0,True
27,0.358955442905426,0.6518887281417847,0.0,0.05592565983533859,1.5412204265594482,1.5454686880111694,0.11754985898733139,0.3131779432296753,0,True
28,0.3808707594871521,0.6288686990737915,0.0,0.05809849500656128,1.560450553894043,1.5650769472122192,0.14582879841327667,0.30799394845962524,0,True
29,0.4202728271484375,0.5990109443664551,0.0,0.0589955672621727,1.5271958112716675,1.5321362018585205,0.10628938674926758,0.3205331563949585,0,True
30,0.41926807165145874,0.5934194326400757,0.0,0.06003618985414505,1.5331687927246094,1.537177324295044,0.1137048527598381,0.31719064712524414,0,True
31,0.4258941113948822,0.5870457887649536,0.0,0.05925638973712921,1.5197877883911133,1.5237836837768555,0.11821427196264267,0.30322927236557007,0,True
32,0.4499688148498535,0.566354513168335,0.0,0.05774594843387604,1.4807357788085938,1.4851031303405762,0.10301957279443741,0.29158270359039307,0,True
33,0.4819496273994446,0.5509068965911865,0.0,0.05874614790081978,1.4800245761871338,1.4848302602767944,0.10450708121061325,0.3179306089878082,0,True
34,0.49247467517852783,0.547961950302124,0.0,0.058596380054950714,1.4515129327774048,1.456430196762085,0.10956891626119614,0.30550673604011536,0,True
35,0.5133771300315857,0.5162724256515503,0.0,0.05838150531053543,1.472211480140686,1.4771075248718262,0.10188887268304825,0.275585800409317,0,True
36,0.5235369205474854,0.5080738067626953,0.0,0.05784404277801514,1.454676866531372,1.4593684673309326,0.10690890997648239,0.25775146484375,0,True
37,0.5283502340316772,0.5013167858123779,0.0,0.05896501988172531,1.453526496887207,1.4576501846313477,0.1207641139626503,0.30258944630622864,0,True
38,0.5321353673934937,0.49992650747299194,0.0,0.05771658942103386,1.4686634540557861,1.4731171131134033,0.09858756512403488,0.3180680274963379,0,True
39,0.5268499851226807,0.5040900707244873,0.0,0.05962899327278137,1.4760717153549194,1.480609655380249,0.13292106986045837,0.2898922562599182,0,True
40,0.5395303964614868,0.49421530961990356,0.0,0.0577382817864418,1.494326114654541,1.4988377094268799,0.0969434604048729,0.2940623164176941,1,True
41,0.5376124382019043,0.4949007034301758,0.0,0.05994100868701935,1.461687684059143,1.4666037559509277,0.09749364852905273,0.29376426339149475,0,True
42,0.5531563758850098,0.4689701795578003,0.0,0.06031880900263786,1.4795849323272705,1.484300971031189,0.11280412971973419,0.26809847354888916,0,True
43,0.5776465535163879,0.45132553577423096,0.0,0.06056324392557144,1.484254240989685,1.489171028137207,0.09797441959381104,0.2603653073310852,0,True
44,0.609355628490448,0.42923468351364136,0.0,0.060953252017498016,1.4508895874023438,1.456281065940857,0.1051342561841011,0.2906496524810791,0,True
45,0.6514171361923218,0.40598833560943604,0.0,0.06072206795215607,1.4203088283538818,1.4253606796264648,0.11145772784948349,0.27812933921813965,0,True
46,0.6619470119476318,0.3955026865005493,0.0,0.06100568175315857,1.4112372398376465,1.4157443046569824,0.11154758185148239,0.25883960723876953,0,True
47,0.6792374849319458,0.3809107542037964,0.0,0.05832008272409439,1.4322433471679688,1.4372031688690186,0.10562165081501007,0.29521477222442627,0,True
48,0.692838191986084,0.3664400577545166,0.0,0.06114621460437775,1.4041532278060913,1.4091806411743164,0.24333477020263672,0.30349043011665344,0,True
49,0.6780325174331665,0.36238306760787964,0.0,0.06102198362350464,1.4210364818572998,1.4253997802734375,0.1125209629535675,0.28233784437179565,0,True
50,0.6856129169464111,0.35903018712997437,0.0,0.0608060285449028,1.4480161666870117,1.4525171518325806,0.12408807873725891,0.2680681049823761,0,True
51,0.6943015456199646,0.35517144203186035,0.0,0.06233549118041992,1.4798280000686646,1.4849345684051514,0.11348512768745422,0.23839373886585236,0,True
52,0.7100174427032471,0.35016563534736633,0.0,0.0627327412366867,1.4979315996170044,1.503366470336914,0.12479348480701447,0.2515341639518738,0,True
53,0.7201790809631348,0.3338141441345215,0.0,0.06223176419734955,1.5196763277053833,1.5247265100479126,0.09475096315145493,0.2699376344680786,0,True
54,0.7268856763839722,0.3313477635383606,0.0,0.061746999621391296,1.5174481868743896,1.5221083164215088,0.11068551987409592,0.2558016777038574,0,True
55,0.7299213409423828,0.3246327042579651,0.0,0.061720870435237885,1.5128906965255737,1.5176491737365723,0.09916204959154129,0.27361464500427246,0,True
56,0.7468575239181519,0.3185945749282837,0.0,0.06314484775066376,1.5089901685714722,1.5139238834381104,0.20861896872520447,0.3136427402496338,0,True
57,0.7332702875137329,0.3250157833099365,0.0,0.0625767931342125,1.5173137187957764,1.5225143432617188,0.14089223742485046,0.31287139654159546,1,True
58,0.7216005921363831,0.32974427938461304,0.0,0.06198202446103096,1.5103464126586914,1.5145646333694458,0.12457794696092606,0.27209722995758057,0,True
59,0.7127915620803833,0.33922630548477173,0.0,0.06215653568506241,1.514697551727295,1.5190753936767578,0.12859143316745758,0.24377849698066711,1,True
60,0.7165393233299255,0.32779425382614136,0.0,0.06335708498954773,1.4984805583953857,1.5023831129074097,0.1152312234044075,0.2714296281337738,0,True
61,0.7353417873382568,0.32526105642318726,0.0,0.0640372782945633,1.5445024967193604,1.54921293258667,0.12128955125808716,0.2596849799156189,0,True
62,0.7501137256622314,0.3189947009086609,0.0,0.06502605974674225,1.5138851404190063,1.5193257331848145,0.11257849633693695,0.24854978919029236,0,True
63,0.7525374889373779,0.30978935956954956,0.0,0.06701923906803131,1.5491541624069214,1.5546910762786865,0.15855754911899567,0.2604672312736511,0,True
64,0.7431542873382568,0.3293023109436035,0.0,0.06714743375778198,1.519100308418274,1.5246975421905518,0.13287506997585297,0.25283902883529663,1,True
65,0.7343642711639404,0.3359580934047699,0.0,0.06505413353443146,1.4648905992507935,1.469173550605774,0.13399836421012878,0.2007276862859726,0,True
66,0.7364305257797241,0.3479278087615967,0.0,0.06316326558589935,1.4791200160980225,1.4830472469329834,0.10986340045928955,0.2261231541633606,0,True
67,0.7441112995147705,0.3272849917411804,0.0,0.0640985518693924,1.4966410398483276,1.5012164115905762,0.1139465868473053,0.2500549554824829,0,True
68,0.7416324019432068,0.33173853158950806,0.0,0.065289206802845,1.482046127319336,1.4871288537979126,0.19399960339069366,0.2514624297618866,0,True
69,0.718953013420105,0.33771926164627075,0.0,0.06562450528144836,1.4800186157226562,1.4854618310928345,0.14233554899692535,0.2981339991092682,1,True
70,0.7122336626052856,0.3364464044570923,0.0,0.06514358520507812,1.448632001876831,1.45332670211792,0.17056743800640106,0.2667575478553772,0,True
71,0.7237041592597961,0.32772234082221985,0.0,0.06600554287433624,1.4870960712432861,1.4922494888305664,0.15028023719787598,0.25404101610183716,0,True
72,0.724647045135498,0.31788012385368347,0.0,0.06610994040966034,1.4755207300186157,1.4804308414459229,0.1173224225640297,0.2196330577135086,1,True
73,0.7505700588226318,0.30616846680641174,0.0,0.06536993384361267,1.4506322145462036,1.4556599855422974,0.11468210816383362,0.20794811844825745,0,True
74,0.7704867124557495,0.2989582419395447,0.0,0.06607791781425476,1.441717267036438,1.4471527338027954,0.13697998225688934,0.21754074096679688,0,True
75,0.7637820243835449,0.2922847270965576,0.0,0.06633192300796509,1.466290831565857,1.4711856842041016,0.14284861087799072,0.20427367091178894,0,True
76,0.7627621293067932,0.2958747148513794,0.0,0.06436660885810852,1.4510753154754639,1.4555245637893677,0.12900680303573608,0.1985410749912262,0,True
77,0.7666867971420288,0.2938655614852905,0.0,0.06355325132608414,1.4709632396697998,1.4756767749786377,0.14934703707695007,0.1872059404850006,0,True
78,0.7652106285095215,0.2862401604652405,0.0,0.06478654593229294,1.4471184015274048,1.4523255825042725,0.14938612282276154,0.18996039032936096,0,True
79,0.7751209735870361,0.2828402817249298,0.0,0.06384196877479553,1.4618419408798218,1.467468500137329,0.15001389384269714,0.1737104207277298,0,True
80,0.7887345552444458,0.2631891369819641,0.0,0.06442897766828537,1.4261891841888428,1.4309940338134766,0.14180809259414673,0.16766126453876495,1,True
81,0.7868735194206238,0.2793985903263092,0.0,0.0638154000043869,1.4556379318237305,1.4605364799499512,0.14653775095939636,0.15671813488006592,0,True
82,0.8040125370025635,0.26426875591278076,0.0,0.06369054317474365,1.4651083946228027,1.470415472984314,0.1412961632013321,0.14996469020843506,1,True
83,0.803470253944397,0.2445494830608368,0.0,0.06477642804384232,1.44850492477417,1.4534050226211548,0.1527693122625351,0.1654067039489746,0,True
84,0.8196640610694885,0.24058206379413605,0.0,0.06462269276380539,1.4821876287460327,1.4867933988571167,0.13970200717449188,0.12512369453907013,1,True
85,0.8349376916885376,0.24661287665367126,0.0,0.06397195160388947,1.4749293327331543,1.480342984199524,0.09403140097856522,0.1540672779083252,0,True
86,0.836913526058197,0.23068732023239136,0.0,0.06489289551973343,1.4522380828857422,1.4569358825683594,0.10485132038593292,0.15484195947647095,0,True
87,0.8348078727722168,0.22964462637901306,0.0,0.06319032609462738,1.4573546648025513,1.462007761001587,0.09945176541805267,0.15460649132728577,0,True
88,0.8381370306015015,0.2265215814113617,0.0,0.06310496479272842,1.4370718002319336,1.4420547485351562,0.10639085620641708,0.16352635622024536,0,True
89,0.8198726177215576,0.24712905287742615,0.0,0.06269346177577972,1.4442657232284546,1.4491628408432007,0.11188708990812302,0.15291059017181396,0,True
90,0.803627610206604,0.25022298097610474,0.0,0.06322015821933746,1.4556330442428589,1.4605391025543213,0.15482962131500244,0.1581946313381195,0,True
91,0.8093196153640747,0.25643718242645264,0.0,0.06333017349243164,1.4725362062454224,1.477445363998413,0.18127915263175964,0.16768908500671387,0,True
92,0.8423458933830261,0.23977245390415192,0.0,0.06317229568958282,1.4581878185272217,1.4637281894683838,0.16838771104812622,0.155467689037323,0,True
93,0.8241209983825684,0.23731070756912231,0.0,0.06521572172641754,1.4580366611480713,1.4627020359039307,0.19339589774608612,0.13801521062850952,1,True
94,0.8329172134399414,0.23365458846092224,0.0,0.06343952566385269,1.4595279693603516,1.4644546508789062,0.13199341297149658,0.1354018747806549,0,True
95,0.8471341729164124,0.242115318775177,0.0,0.06381049752235413,1.452123999595642,1.4572103023529053,0.11237452924251556,0.12455505132675171,0,True
96,0.8423110842704773,0.23114871978759766,0.0,0.06512467563152313,1.4784098863601685,1.4831664562225342,0.11545407027006149,0.12907186150550842,0,True
97,0.8538540601730347,0.23320871591567993,0.0,0.06494481861591339,1.4839645624160767,1.489141583442688,0.12140482664108276,0.11977188289165497,0,True
98,0.8605736494064331,0.22109653055667877,0.0,0.06485036015510559,1.459128975868225,1.4643409252166748,0.13334663212299347,0.12351749837398529,0,True
99,0.8668653964996338,0.21391403675079346,0.0,0.0640539675951004,1.4487879276275635,1.453791856765747,0.18401381373405457,0.15691858530044556,0,True
100,0.8809283971786499,0.2105560451745987,0.0,0.06348239630460739,1.4553008079528809,1.460294485092163,0.20967228710651398,0.1590593159198761,0,True
101,0.8820245862007141,0.20647203922271729,0.0,0.06332837045192719,1.49745774269104,1.5026291608810425,0.0966867059469223,0.1383245289325714,0,True
102,0.8948919773101807,0.21061597764492035,0.0,0.06357289850711823,1.4757137298583984,1.481018304824829,0.09166505932807922,0.1385689377784729,0,True
103,0.8876794576644897,0.19556017220020294,0.0,0.06479576975107193,1.4881032705307007,1.4926836490631104,0.09055058658123016,0.1402025818824768,0,True
104,0.8917238116264343,0.19907310605049133,0.0,0.06358684599399567,1.476567029953003,1.4812593460083008,0.12137514352798462,0.14107125997543335,0,True
105,0.8941872119903564,0.21480178833007812,0.0,0.06405124068260193,1.5004150867462158,1.5056933164596558,0.11211641132831573,0.12016765028238297,1,True
106,0.8945534229278564,0.19774135947227478,0.0,0.06530869752168655,1.462795376777649,1.467393159866333,0.11183484643697739,0.1275305449962616,0,True
107,0.9022568464279175,0.19202320277690887,0.0,0.06448975205421448,1.4772818088531494,1.482377529144287,0.09628966450691223,0.1164538562297821,0,True
108,0.904247522354126,0.19951650500297546,0.0,0.06516304612159729,1.4561913013458252,1.461637020111084,0.12682542204856873,0.14212295413017273,1,True
109,0.8892878293991089,0.19143924117088318,0.0,0.06343865394592285,1.4236156940460205,1.428484320640564,0.08286943286657333,0.1496359258890152,0,True
110,0.8906903266906738,0.18691782653331757,0.0,0.06265203654766083,1.438362717628479,1.4429166316986084,0.09460552781820297,0.14544092118740082,0,True
111,0.8957712650299072,0.20380425453186035,0.0,0.06235341355204582,1.4513108730316162,1.456505298614502,0.08549734205007553,0.13378570973873138,0,True
112,0.9011731147766113,0.20300336182117462,0.0,0.06385645270347595,1.4423353672027588,1.4474670886993408,0.10668104887008667,0.12718918919563293,0,True
113,0.8833020925521851,0.1953713595867157,0.0,0.06416009366512299,1.4493308067321777,1.4540743827819824,0.10926800221204758,0.11939633637666702,1,True
114,0.890510082244873,0.19519393146038055,0.0,0.06411221623420715,1.435239315032959,1.4400920867919922,0.14808815717697144,0.13802652060985565,0,True
115,0.8896093368530273,0.18923449516296387,0.0,0.06349542737007141,1.439253330230713,1.4442284107208252,0.08976620435714722,0.11779037863016129,0,True
116,0.9064937829971313,0.1904236376285553,0.0,0.06427576392889023,1.4217119216918945,1.426927924156189,0.09531169384717941,0.1377863585948944,0,True
117,0.9158875942230225,0.17332495748996735,0.0,0.06384886801242828,1.4220528602600098,1.4273760318756104,0.092303067445755,0.1417996883392334,0,True
118,0.9122816324234009,0.1902579814195633,0.0,0.06511740386486053,1.4065148830413818,1.411775827407837,0.1148427277803421,0.13815510272979736,0,True
119,0.899326741695404,0.18638016283512115,0.0,0.06433743238449097,1.4241564273834229,1.4288474321365356,0.08837730437517166,0.1490391194820404,0,True
120,0.8936115503311157,0.18548701703548431,0.0,0.06333918124437332,1.4223523139953613,1.427032470703125,0.09164125472307205,0.12775203585624695,0,True
121,0.8995252251625061,0.18907815217971802,0.0,0.0637892335653305,1.438755750656128,1.4436805248260498,0.108627550303936,0.12519173324108124,0,True
122,0.9179118871688843,0.17525732517242432,0.0,0.06453996896743774,1.4381331205368042,1.4437248706817627,0.10450927168130875,0.1390446275472641,0,True
123,0.9222078323364258,0.15991516411304474,0.0,0.06530828773975372,1.4460780620574951,1.4509336948394775,0.11555831879377365,0.12481126934289932,0,True
124,0.9284353256225586,0.16230838000774384,0.0,0.06460606306791306,1.445401668548584,1.4505856037139893,0.08763211965560913,0.11621454358100891,0,True
125,0.9368757009506226,0.16668936610221863,0.0,0.06336967647075653,1.4213714599609375,1.4266753196716309,0.08704312145709991,0.10811953991651535,0,True
126,0.9342772960662842,0.15263904631137848,0.0,0.06383291631937027,1.4378986358642578,1.443023681640625,0.08637635409832001,0.1091279536485672,0,True
127,0.9378439784049988,0.16047942638397217,0.0,0.06353694200515747,1.4493236541748047,1.4543018341064453,0.08306934684515,0.10543366521596909,0,True
128,0.9402956962585449,0.15610089898109436,0.0,0.06392812728881836,1.4489027261734009,1.45408034324646,0.11878202110528946,0.0990505963563919,0,True
129,0.9332571029663086,0.1598535031080246,0.0,0.06383559107780457,1.447377324104309,1.4522390365600586,0.09423535317182541,0.10469644516706467,0,True
130,0.9286068677902222,0.15492822229862213,0.0,0.0644238293170929,1.458416223526001,1.4633841514587402,0.08514236658811569,0.10140839219093323,0,True
131,0.932059109210968,0.15907087922096252,0.0,0.06390862166881561,1.459672212600708,1.4646594524383545,0.08671171218156815,0.11059057712554932,0,True
132,0.9390207529067993,0.14060240983963013,0.0,0.06438446789979935,1.4536573886871338,1.4588098526000977,0.0869065597653389,0.11359572410583496,0,True
133,0.9461528062820435,0.15390506386756897,0.0,0.06610068678855896,1.4197437763214111,1.424833059310913,0.206452876329422,0.12453166395425797,0,True
134,0.9511762261390686,0.15488308668136597,0.0,0.06515030562877655,1.427978754043579,1.4331343173980713,0.1098560020327568,0.12146605551242828,0,True
135,0.9532253742218018,0.15712690353393555,0.0,0.06396675109863281,1.439237117767334,1.44414222240448,0.08927620947360992,0.10326488316059113,0,True
136,0.9473063945770264,0.14896786212921143,0.0,0.06397177278995514,1.4453208446502686,1.4502012729644775,0.08535786718130112,0.11109521985054016,0,True
137,0.9379857778549194,0.1472196727991104,0.0,0.06324666738510132,1.4431169033050537,1.4477918148040771,0.1054506003856659,0.09949243068695068,0,True
138,0.9374561309814453,0.14814798533916473,0.0,0.06310921907424927,1.4666661024093628,1.4716198444366455,0.08816349506378174,0.1035926565527916,0,True
139,0.9405648112297058,0.14969122409820557,0.0,0.06372925639152527,1.4640512466430664,1.4688613414764404,0.08963283151388168,0.11734568327665329,0,True
140,0.9456173777580261,0.1479795128107071,0.0,0.06360253691673279,1.4681217670440674,1.4731473922729492,0.0811440572142601,0.1021893322467804,0,True
141,0.9552250504493713,0.13532507419586182,0.0,0.06465988606214523,1.4673731327056885,1.4725016355514526,0.08641265332698822,0.10418938100337982,0,True
142,0.9594837427139282,0.150178462266922,0.0,0.06505066156387329,1.4740612506866455,1.479169249534607,0.08994293212890625,0.11124761402606964,0,True
143,0.9584404230117798,0.14593036472797394,0.0,0.06474700570106506,1.4475358724594116,1.4526153802871704,0.08424469828605652,0.08975695073604584,0,True
144,0.9538891315460205,0.14897292852401733,0.0,0.06409047544002533,1.4641294479370117,1.4688693284988403,0.09109985828399658,0.09608378261327744,0,True
145,0.9522212743759155,0.1620408594608307,0.0,0.06425516307353973,1.424769639968872,1.4299275875091553,0.09587869793176651,0.09062619507312775,1,True
146,0.9369283318519592,0.16280630230903625,0.0,0.06311056017875671,1.403862476348877,1.4086754322052002,0.08787178993225098,0.10000883787870407,0,True
147,0.9306419491767883,0.15772581100463867,0.0,0.06295090913772583,1.424018383026123,1.4287675619125366,0.08572408556938171,0.10337546467781067,0,True
148,0.9302940964698792,0.15987028181552887,0.0,0.06260398030281067,1.4423785209655762,1.4474072456359863,0.08936712145805359,0.1054140031337738,0,True
149,0.9285253286361694,0.15223857760429382,0.0,0.06406156718730927,1.4336491823196411,1.4387667179107666,0.0855737254023552,0.08758224546909332,0,True
150,0.9323707818984985,0.15018081665039062,0.0,0.06356502324342728,1.4508402347564697,1.4559911489486694,0.08101820200681686,0.09986615180969238,0,True
151,0.9397296905517578,0.14688509702682495,0.0,0.06504667550325394,1.4422781467437744,1.4473085403442383,0.08531428128480911,0.10052620619535446,0,True
152,0.9636631608009338,0.1525188684463501,0.0,0.06547142565250397,1.4490669965744019,1.454606294631958,0.09535101801156998,0.09380756318569183,0,True
153,0.9623880982398987,0.14497816562652588,0.0,0.06596167385578156,1.4117810726165771,1.417014479637146,0.08671963959932327,0.10368338227272034,0,True
154,0.9486246705055237,0.1489248275756836,0.0,0.0644570142030716,1.4285720586776733,1.4330782890319824,0.100827656686306,0.11118142306804657,0,True
155,0.9592809677124023,0.15872609615325928,0.0,0.06370962411165237,1.4087162017822266,1.4137985706329346,0.08242219686508179,0.10146616399288177,0,True
156,0.959630012512207,0.14605918526649475,0.0,0.06361928582191467,1.3973100185394287,1.4022654294967651,0.09655039012432098,0.09929080307483673,0,True
157,0.9455817937850952,0.14504940807819366,0.0,0.06268256902694702,1.414745807647705,1.4192742109298706,0.08750902116298676,0.10070153325796127,0,True
158,0.958788275718689,0.1463043987751007,0.0,0.0628415048122406,1.4325426816940308,1.437965750694275,0.08516721427440643,0.12382546067237854,0,True
159,0.9582700133323669,0.14495836198329926,0.0,0.06394807994365692,1.4307887554168701,1.4360944032669067,0.08633112162351608,0.09761102497577667,0,True
160,0.9568097591400146,0.13288530707359314,0.0,0.06416826695203781,1.4362285137176514,1.4412052631378174,0.10197252035140991,0.10532143712043762,0,True
161,0.9586501717567444,0.14083674550056458,0.0,0.06374088674783707,1.4450640678405762,1.4499341249465942,0.09039587527513504,0.08926010131835938,0,True
162,0.972541093826294,0.1396717131137848,0.0,0.06549457460641861,1.4563932418823242,1.4618889093399048,0.0852951928973198,0.08779274672269821,0,True
163,0.9746489524841309,0.13855890929698944,0.0,0.06690552085638046,1.4291300773620605,1.4341497421264648,0.09466590732336044,0.10148113965988159,0,True
164,0.9776637554168701,0.14302314817905426,0.0,0.06496889889240265,1.437030553817749,1.4416390657424927,0.09000234305858612,0.0971815437078476,0,True
165,0.9892175793647766,0.13994231820106506,0.0,0.06421596556901932,1.415003776550293,1.4202899932861328,0.08338277786970139,0.09391968697309494,0,True
166,0.9803153276443481,0.13629722595214844,0.0,0.06463748216629028,1.3961310386657715,1.4012610912322998,0.0860014408826828,0.09737735986709595,0,True
167,0.9676748514175415,0.12988045811653137,0.0,0.06268903613090515,1.3936822414398193,1.3982465267181396,0.08758193254470825,0.09153960645198822,0,True
168,0.959502100944519,0.13248641788959503,0.0,0.06192011386156082,1.4126770496368408,1.4175927639007568,0.08784198015928268,0.09115271270275116,0,True
169,0.963030993938446,0.14083032310009003,0.0,0.06285174190998077,1.423600196838379,1.4289793968200684,0.08950963616371155,0.0870833620429039,0,True
170,0.959109902381897,0.13953962922096252,0.0,0.06417030096054077,1.436720609664917,1.4415925741195679,0.08509080857038498,0.08012289553880692,0,True
171,0.9694808721542358,0.14458060264587402,0.0,0.06437647342681885,1.4519730806350708,1.457103967666626,0.0890602096915245,0.08866335451602936,0,True
172,0.9803099632263184,0.13775600492954254,0.0,0.06502571702003479,1.451493501663208,1.457132339477539,0.0831240639090538,0.08383716642856598,0,True
173,0.9821082949638367,0.13119962811470032,0.0,0.0655164122581482,1.4371447563171387,1.4424967765808105,0.08398307114839554,0.09042751789093018,0,True
174,0.9853481650352478,0.13158860802650452,0.0,0.0650162547826767,1.4458427429199219,1.450883388519287,0.08818501234054565,0.09668790549039841,0,True
175,0.9784310460090637,0.13231056928634644,0.0,0.06477966904640198,1.4341959953308105,1.439171552658081,0.08425147086381912,0.08852945268154144,0,True
176,0.9844400882720947,0.13839639723300934,0.0,0.06470762193202972,1.422175645828247,1.4271974563598633,0.09448525309562683,0.11016719043254852,0,True
177,0.9762082099914551,0.13629406690597534,0.0,0.06379397958517075,1.427445888519287,1.4323428869247437,0.08831353485584259,0.1008419319987297,0,True
178,0.9672415852546692,0.14469443261623383,0.0,0.06335113942623138,1.4360649585723877,1.440861701965332,0.08205432444810867,0.11297249794006348,0,True
179,0.9734894633293152,0.13342827558517456,0.0,0.06432095170021057,1.4309725761413574,1.4362150430679321,0.09021106362342834,0.09992974996566772,0,True
180,0.9710353016853333,0.12229273468255997,0.0,0.064299076795578,1.4351543188095093,1.4400999546051025,0.09006223827600479,0.10177312791347504,0,True
181,0.9769248962402344,0.13809940218925476,0.0,0.06457573920488358,1.4489753246307373,1.4537965059280396,0.095412477850914,0.09236142784357071,0,True
182,0.983688473701477,0.14188382029533386,0.0,0.06515499949455261,1.462280511856079,1.4676682949066162,0.0846870020031929,0.08369968086481094,0,True
183,0.9837122559547424,0.13494694232940674,0.0,0.06553153693675995,1.4392309188842773,1.4443092346191406,0.08769357949495316,0.08955501019954681,0,True
184,0.9828313589096069,0.13761618733406067,0.0,0.06540447473526001,1.4400612115859985,1.4453527927398682,0.08677657693624496,0.09450661391019821,0,True
185,0.9896183609962463,0.1327989101409912,0.0,0.06507658958435059,1.4219322204589844,1.4272410869598389,0.08956030011177063,0.10139170289039612,0,True
186,0.990587592124939,0.1343831866979599,0.0,0.06471024453639984,1.4219682216644287,1.427380084991455,0.08676327764987946,0.09951841086149216,0,True
187,0.9748736619949341,0.12558776140213013,0.0,0.0641668438911438,1.4373066425323486,1.441882848739624,0.08464322239160538,0.08964003622531891,0,True
188,0.9761821031570435,0.12268070131540298,0.0,0.06357589364051819,1.4199659824371338,1.4252417087554932,0.09642249345779419,0.09184695780277252,0,True
189,0.9735004901885986,0.13287349045276642,0.0,0.06411169469356537,1.4180727005004883,1.423025369644165,0.08731648325920105,0.0963607132434845,0,True
190,0.9762493371963501,0.1318988800048828,0.0,0.06407336890697479,1.4339598417282104,1.4391446113586426,0.09002980589866638,0.09865233302116394,0,True
191,0.9742562770843506,0.1303618848323822,0.0,0.06417877227067947,1.4386372566223145,1.4437406063079834,0.08452629297971725,0.08737492561340332,0,True
192,0.982168972492218,0.13718098402023315,0.0,0.0645536407828331,1.4602415561676025,1.4657477140426636,0.08270040899515152,0.08566104620695114,0,True
193,0.9851241111755371,0.12874072790145874,0.0,0.0659322440624237,1.4291534423828125,1.4344172477722168,0.08561453223228455,0.08891420811414719,0,True
194,0.9805452823638916,0.1332624852657318,0.0,0.06523976475000381,1.4452424049377441,1.4502480030059814,0.09922661632299423,0.08954398334026337,0,True
195,0.9930300712585449,0.13996365666389465,0.0,0.06572379171848297,1.4445714950561523,1.4499099254608154,0.0832354873418808,0.08471688628196716,0,True
196,0.9801697731018066,0.13218891620635986,0.0,0.06464020162820816,1.4437087774276733,1.4485509395599365,0.08452911674976349,0.07784441113471985,0,True
197,0.979482889175415,0.13107886910438538,0.0,0.06483520567417145,1.432990312576294,1.4378070831298828,0.08957217633724213,0.07768049836158752,0,True
198,0.9750964641571045,0.12357187271118164,0.0,0.06421765685081482,1.4264872074127197,1.4315094947814941,0.08269177377223969,0.0764719545841217,0,True
199,0.9707494378089905,0.12177173793315887,0.0,0.06453351676464081,1.4412751197814941,1.4461642503738403,0.08689654618501663,0.08206719160079956,0,True
200,0.9858161807060242,0.11638696491718292,0.0,0.0645272433757782,1.4250125885009766,1.4302719831466675,0.08718620240688324,0.09177498519420624,0,True
201,0.9961576461791992,0.11326055228710175,0.0,0.0651274025440216,1.4261538982391357,1.4313609600067139,0.09085914492607117,0.10588471591472626,0,True
202,0.9886210560798645,0.109285868704319,0.0,0.06597667932510376,1.434645652770996,1.4397187232971191,0.09324821829795837,0.09790961444377899,0,True
203,1.0013320446014404,0.13100798428058624,0.0,0.06532993167638779,1.4295196533203125,1.4348549842834473,0.09574539214372635,0.0890522226691246,0,True
204,0.9996367692947388,0.1365911364555359,0.0,0.06468912214040756,1.4166799783706665,1.4213367700576782,0.08546451479196548,0.09354004263877869,0,True
205,1.0005184412002563,0.1403106451034546,0.0,0.06488693505525589,1.4426543712615967,1.4476823806762695,0.08384253829717636,0.09389452636241913,0,True
206,0.9951528906822205,0.12995801866054535,0.0,0.06474034488201141,1.421573281288147,1.4267886877059937,0.08630477637052536,0.09127822518348694,0,True
207,0.9755029678344727,0.13639461994171143,0.0,0.06407040357589722,1.4292956590652466,1.4339134693145752,0.08817307651042938,0.08147396147251129,0,True
208,0.9873019456863403,0.1491439789533615,0.0,0.06364931911230087,1.4315803050994873,1.4369927644729614,0.08348259329795837,0.09243960678577423,0,True
209,0.9700391292572021,0.13081978261470795,0.0,0.06401138007640839,1.4333534240722656,1.4382843971252441,0.08225466310977936,0.08350042998790741,0,True
210,0.9665453433990479,0.1263485699892044,0.0,0.06403714418411255,1.4413000345230103,1.446162462234497,0.08311840146780014,0.09032930433750153,0,True
211,0.9749934673309326,0.12276044487953186,0.0,0.06461860239505768,1.4486583471298218,1.453998327255249,0.08750749379396439,0.09471269696950912,0,True
212,0.9758597612380981,0.1253681182861328,0.0,0.06563562899827957,1.4332548379898071,1.4382342100143433,0.08509447425603867,0.08252020180225372,0,True
213,0.9849086999893188,0.13347071409225464,0.0,0.06570304930210114,1.4433740377426147,1.4486279487609863,0.0895058810710907,0.07684525102376938,0,True
214,0.9869482517242432,0.13980047404766083,0.0,0.0656401589512825,1.4276175498962402,1.4325838088989258,0.08898483961820602,0.08868247270584106,0,True
215,0.989904522895813,0.1420726180076599,0.0,0.06564437597990036,1.4271293878555298,1.4322870969772339,0.08777354657649994,0.08667589724063873,0,True
216,0.9825974702835083,0.1354501098394394,0.0,0.06576623767614365,1.4296061992645264,1.434887409210205,0.08865088224411011,0.09117253124713898,0,True
217,0.9695887565612793,0.13464629650115967,0.0,0.0645776093006134,1.4221174716949463,1.42681884765625,0.08897323161363602,0.0824122354388237,0,True
218,0.9675555229187012,0.12971030175685883,0.0,0.06422291696071625,1.4295190572738647,1.4345698356628418,0.09500694274902344,0.08992089331150055,0,True
219,0.9713709950447083,0.13270536065101624,0.0,0.06483915448188782,1.4230844974517822,1.428238034248352,0.09761326014995575,0.09300803393125534,0,True
220,0.9769384264945984,0.13016866147518158,0.0,0.06492237001657486,1.4409403800964355,1.4462913274765015,0.09121852368116379,0.09319785237312317,0,True
221,0.9813840389251709,0.13168033957481384,0.0,0.06460567563772202,1.443834662437439,1.4489421844482422,0.08658444881439209,0.0933367908000946,0,True
222,0.9825354218482971,0.12423689663410187,0.0,0.06525830179452896,1.4470995664596558,1.4520678520202637,0.08284924179315567,0.07856546342372894,0,True
223,0.9892609119415283,0.12701693177223206,0.0,0.06492148339748383,1.4588059186935425,1.4639286994934082,0.08313106745481491,0.08781026303768158,0,True
224,0.9991158843040466,0.13604018092155457,0.0,0.06600192934274673,1.4505839347839355,1.4557102918624878,0.08825429528951645,0.09810934960842133,0,True
225,0.9949907660484314,0.12806805968284607,0.0,0.0656256228685379,1.4528461694717407,1.4580676555633545,0.09305249154567719,0.08028879761695862,0,True
226,0.9818636775016785,0.12719623744487762,0.0,0.06462378799915314,1.4236109256744385,1.4286491870880127,0.09706927835941315,0.08852937072515488,0,True
227,0.9666010141372681,0.1316511034965515,0.0,0.06379678100347519,1.4368274211883545,1.4411247968673706,0.08440013974905014,0.08363337814807892,0,True
228,0.9776602983474731,0.12610045075416565,0.0,0.0633937418460846,1.4322962760925293,1.4372345209121704,0.08582372963428497,0.09814342856407166,0,True
229,0.9770498275756836,0.1332588940858841,0.0,0.06415516138076782,1.4474552869796753,1.4525129795074463,0.08478297293186188,0.09417387843132019,0,True
230,0.9842473268508911,0.1258205771446228,0.0,0.065565325319767,1.4624574184417725,1.4676824808120728,0.09308809787034988,0.10567144304513931,0,True
231,0.9837674498558044,0.13058044016361237,0.0,0.06636069715023041,1.4525530338287354,1.4575581550598145,0.10240890085697174,0.10650642216205597,0,True
232,0.9772151112556458,0.1308225393295288,0.0,0.06531518697738647,1.4382742643356323,1.4431229829788208,0.09008751064538956,0.07773759961128235,0,True
233,0.9862562417984009,0.14322638511657715,0.0,0.06508377194404602,1.437801480293274,1.4427883625030518,0.09596212208271027,0.073582723736763,0,True
234,0.9929361343383789,0.1513245403766632,0.0,0.06560197472572327,1.44150972366333,1.446390986442566,0.09281314164400101,0.08989783376455307,0,True
235,1.0025687217712402,0.14633521437644958,0.0,0.06561325490474701,1.4226049184799194,1.4282348155975342,0.08938449621200562,0.10534924268722534,0,True
236,0.9807429313659668,0.13241353631019592,0.0,0.065457284450531,1.410209059715271,1.4152225255966187,0.10202084481716156,0.08493328094482422,0,True
237,0.9644491672515869,0.12517547607421875,0.0,0.06277229636907578,1.4190036058425903,1.4235782623291016,0.08288639038801193,0.08634181320667267,0,True
238,0.9650296568870544,0.12471560388803482,0.0,0.06272021681070328,1.4256842136383057,1.4303793907165527,0.08291810750961304,0.08236002177000046,0,True
239,0.97977215051651,0.13191577792167664,0.0,0.06399975717067719,1.4446535110473633,1.4499452114105225,0.08519849926233292,0.09218978136777878,0,True
240,0.9878415465354919,0.1236593946814537,0.0,0.06556515395641327,1.446793556213379,1.4523811340332031,0.08824575692415237,0.09153984487056732,0,True
241,0.9876406192779541,0.12400549650192261,0.0,0.06680261343717575,1.4401419162750244,1.4454326629638672,0.0957404300570488,0.08825172483921051,0,True
242,0.9951496124267578,0.12955093383789062,0.0,0.06544914096593857,1.4320430755615234,1.4372062683105469,0.08333360403776169,0.08026123046875,0,True
243,0.9947939515113831,0.13219252228736877,0.0,0.06470786035060883,1.4354157447814941,1.4401602745056152,0.08530281484127045,0.09499061107635498,0,True
244,0.9959428310394287,0.12827585637569427,0.0,0.06449387222528458,1.4322285652160645,1.4370511770248413,0.08899146318435669,0.0897413119673729,0,True
245,0.9935081005096436,0.13404002785682678,0.0,0.06514138728380203,1.4382801055908203,1.4435162544250488,0.0922364741563797,0.08999630063772202,0,True
246,0.9850336313247681,0.14069968461990356,0.0,0.06532897800207138,1.4225318431854248,1.427604079246521,0.08438930660486221,0.09184566140174866,0,True
247,0.9701615571975708,0.12936949729919434,0.0,0.06304473429918289,1.4208652973175049,1.42550528049469,0.08681177347898483,0.07740695774555206,0,True
248,0.9625164270401001,0.13299863040447235,0.0,0.06255543231964111,1.4354124069213867,1.4400391578674316,0.08491167426109314,0.0829000174999237,0,True
249,0.974716067314148,0.13649827241897583,0.0,0.06420252472162247,1.4531230926513672,1.4586364030838013,0.08261169493198395,0.089988574385643,0,True
250,0.9775573015213013,0.12568128108978271,0.0,0.06571990251541138,1.4401018619537354,1.4454209804534912,0.09852417558431625,0.08593583852052689,0,True
251,0.9829206466674805,0.12736459076404572,0.0,0.06657320261001587,1.4451934099197388,1.4504303932189941,0.09812136739492416,0.08448149263858795,0,True
252,0.9814962148666382,0.12428969144821167,0.0,0.06520552188158035,1.4463789463043213,1.4514949321746826,0.09786216169595718,0.07810087502002716,0,True
253,0.9853904247283936,0.1368255615234375,0.0,0.06493975222110748,1.4582757949829102,1.46299147605896,0.0960816890001297,0.08683111518621445,0,True
254,0.9949939846992493,0.14966753125190735,0.0,0.06599874794483185,1.4495868682861328,1.4544997215270996,0.10387666523456573,0.08118359744548798,0,True
255,0.9932291507720947,0.15085464715957642,0.0,0.06637940555810928,1.432529330253601,1.4378005266189575,0.10386958718299866,0.0826582983136177,0,True
256,0.9831099510192871,0.13597330451011658,0.0,0.0657857358455658,1.420926570892334,1.426265001296997,0.08633001148700714,0.08664700388908386,0,True
257,0.9691448211669922,0.13295164704322815,0.0,0.06376127898693085,1.4041354656219482,1.4086624383926392,0.08582155406475067,0.08017323911190033,0,True
258,0.9674378037452698,0.13502034544944763,0.0,0.062238048762083054,1.4158916473388672,1.420385718345642,0.08527329564094543,0.07934897392988205,0,True
259,0.9767457246780396,0.13553397357463837,0.0,0.06338618695735931,1.4370332956314087,1.4422740936279297,0.11835453659296036,0.10085827112197876,0,True
260,0.9767122268676758,0.13094523549079895,0.0,0.06596103310585022,1.4484617710113525,1.453783392906189,0.12495135515928268,0.08923374116420746,0,True
261,0.9862096309661865,0.13960319757461548,0.0,0.06640756130218506,1.4435169696807861,1.4489738941192627,0.0965917631983757,0.08212822675704956,0,True
262,0.9880602359771729,0.1384086012840271,0.0,0.0654522106051445,1.4493356943130493,1.4543066024780273,0.083009734749794,0.0975167527794838,0,True
263,0.9873794317245483,0.13343438506126404,0.0,0.06481528282165527,1.4576647281646729,1.4624402523040771,0.0879015251994133,0.07992227375507355,0,True
264,0.9923900961875916,0.13928405940532684,0.0,0.06476917862892151,1.4564027786254883,1.4614630937576294,0.08494453132152557,0.08616795390844345,0,True
265,1.0034979581832886,0.1444588005542755,0.0,0.06583309173583984,1.4396908283233643,1.445305347442627,0.08766696602106094,0.09756247699260712,0,True
266,0.9987326264381409,0.14201486110687256,0.0,0.06498751044273376,1.4099284410476685,1.4152097702026367,0.0898301973938942,0.09978154301643372,0,True
267,0.9785926342010498,0.13690197467803955,0.0,0.06498654931783676,1.4329614639282227,1.4375934600830078,0.11739686131477356,0.08884872496128082,0,True
268,0.970086932182312,0.13749951124191284,0.0,0.06300311535596848,1.440765380859375,1.4455127716064453,0.09085068851709366,0.0927845686674118,0,True
269,0.9704220294952393,0.14261065423488617,0.0,0.0640597939491272,1.448461651802063,1.4532513618469238,0.09032779186964035,0.09885784238576889,0,True
270,0.9724026918411255,0.13674204051494598,0.0,0.06523703038692474,1.4528865814208984,1.4580680131912231,0.08233674615621567,0.09223169088363647,0,True
271,0.9778773784637451,0.1413688063621521,0.0,0.0658244863152504,1.4454357624053955,1.4507496356964111,0.08572682738304138,0.08430787175893784,0,True
272,0.9876555800437927,0.13810744881629944,0.0,0.06577931344509125,1.4291367530822754,1.4343326091766357,0.09659136831760406,0.0960254967212677,0,True
273,0.9857756495475769,0.13519975543022156,0.0,0.06518152356147766,1.4441735744476318,1.4491885900497437,0.09111323207616806,0.10052701085805893,0,True
274,0.9945375919342041,0.14175575971603394,0.0,0.06505067646503448,1.4274805784225464,1.4327473640441895,0.10037054121494293,0.08485923707485199,0,True
275,0.9894057512283325,0.14845502376556396,0.0,0.06545393913984299,1.444347620010376,1.4494092464447021,0.12521199882030487,0.09327107667922974,0,True
276,0.9797683954238892,0.1365528106689453,0.0,0.06540324538946152,1.4351887702941895,1.440397024154663,0.08923232555389404,0.08807475864887238,0,True
277,0.9797574281692505,0.1486659049987793,0.0,0.06410902738571167,1.4336398839950562,1.4385520219802856,0.08767769485712051,0.1024426817893982,0,True
278,0.9772177338600159,0.12959754467010498,0.0,0.06382991373538971,1.4332135915756226,1.4381800889968872,0.08313046395778656,0.09907889366149902,0,True
279,0.9804602861404419,0.13429850339889526,0.0,0.06413131952285767,1.4388542175292969,1.4439321756362915,0.09887167066335678,0.08530837297439575,0,True
280,0.9739347100257874,0.12170262634754181,0.0,0.06538444757461548,1.4469431638717651,1.4522080421447754,0.11544214189052582,0.092078298330307,0,True
281,0.9738228917121887,0.1317461133003235,0.0,0.0658927857875824,1.4502753019332886,1.4555692672729492,0.10674029588699341,0.07774046063423157,0,True
282,0.9854671955108643,0.13242290914058685,0.0,0.06576283276081085,1.4432485103607178,1.448730707168579,0.10620477795600891,0.08581563085317612,0,True
283,0.9706275463104248,0.1358313262462616,0.0,0.06535108387470245,1.4364030361175537,1.4407763481140137,0.12014399468898773,0.08980906009674072,0,True
284,0.9779486060142517,0.14479230344295502,0.0,0.06499173492193222,1.4282433986663818,1.4330861568450928,0.08830873668193817,0.08448342978954315,0,True
285,0.9800759553909302,0.14869803190231323,0.0,0.06470123678445816,1.4326848983764648,1.4378684759140015,0.08877633512020111,0.07377015054225922,0,True
286,0.976199746131897,0.14465120434761047,0.0,0.06474675238132477,1.408897042274475,1.4140267372131348,0.09189058840274811,0.0854538232088089,0,True
287,0.9682255387306213,0.14820504188537598,0.0,0.0641518235206604,1.4393396377563477,1.4440628290176392,0.08721371740102768,0.08581389486789703,0,True
288,0.9770123958587646,0.13913321495056152,0.0,0.06394390761852264,1.4307708740234375,1.4359543323516846,0.08547970652580261,0.09988826513290405,0,True
289,0.9737421870231628,0.1310654878616333,0.0,0.06484080851078033,1.4361988306045532,1.4410343170166016,0.09589793533086777,0.09501656889915466,0,True
290,0.9772053956985474,0.1273564249277115,0.0,0.06473751366138458,1.4573948383331299,1.462397813796997,0.09251420944929123,0.08351548761129379,0,True
291,0.9895392060279846,0.13721314072608948,0.0,0.06510229408740997,1.445286512374878,1.4502239227294922,0.10765258967876434,0.09656146168708801,0,True
292,0.9947798252105713,0.13987870514392853,0.0,0.06632507592439651,1.463637351989746,1.4690024852752686,0.10906922072172165,0.07802341133356094,0,True
293,0.9966416358947754,0.13967275619506836,0.0,0.06615930795669556,1.4376425743103027,1.4427399635314941,0.10524975508451462,0.08147035539150238,0,True
294,0.9954211711883545,0.13939040899276733,0.0,0.06469978392124176,1.4433298110961914,1.4482717514038086,0.08867450058460236,0.08233168721199036,0,True
295,0.983561098575592,0.13079436123371124,0.0,0.0646866112947464,1.4289181232452393,1.4335230588912964,0.09212329983711243,0.08867959678173065,0,True
296,0.9798611402511597,0.14679592847824097,0.0,0.06408935785293579,1.4418294429779053,1.4467084407806396,0.10116074234247208,0.08026181906461716,0,True
297,0.9844280481338501,0.1375979781150818,0.0,0.06447283923625946,1.4367274045944214,1.4414255619049072,0.10925637185573578,0.10572466254234314,0,True
298,0.9848763942718506,0.13688334822654724,0.0,0.06437095254659653,1.4522427320480347,1.457497000694275,0.11748145520687103,0.10465923696756363,0,True
299,0.9784727096557617,0.12070409953594208,0.0,0.06520669162273407,1.4524973630905151,1.4575316905975342,0.12353410571813583,0.09638846665620804,0,True
300,0.990034818649292,0.12591512501239777,0.0,0.06461748480796814,1.4578617811203003,1.4629874229431152,0.09625007212162018,0.09976039826869965,0,True
301,1.001611351966858,0.1381700038909912,0.8984375,0.06551529467105865,1.459590196609497,1.4646642208099365,0.10444275289773941,0.09897705167531967,0,True
302,0.9988402128219604,0.14140117168426514,0.8984375,0.06536717712879181,1.4457988739013672,1.4506770372390747,0.086241215467453,0.09925709664821625,0,True
303,0.9936176538467407,0.13857167959213257,0.8984375,0.06547720730304718,1.4364639520645142,1.4412733316421509,0.08333930373191833,0.10074059665203094,0,True
304,0.9957297444343567,0.1522926390171051,0.8984375,0.06393018364906311,1.4135339260101318,1.4183886051177979,0.08762452751398087,0.09777019172906876,0,True
305,0.9935201406478882,0.1481311321258545,0.8984375,0.06363043189048767,1.4141123294830322,1.4187028408050537,0.08463927358388901,0.12380629777908325,0,True
306,0.9900487661361694,0.1425703763961792,0.8984375,0.06309936940670013,1.4203851222991943,1.4252866506576538,0.08608772605657578,0.13910210132598877,0,True
307,0.9798018336296082,0.14342579245567322,0.8984375,0.06360026448965073,1.4256515502929688,1.4299858808517456,0.10593187063932419,0.13669747114181519,0,True
308,0.9845839738845825,0.1481422632932663,0.8984375,0.06457970291376114,1.446523666381836,1.4514445066452026,0.12830686569213867,0.12739910185337067,0,True
309,0.9830548763275146,0.13481684029102325,0.8984375,0.06555286049842834,1.4159519672393799,1.4210922718048096,0.11683773994445801,0.156896710395813,0,True
310,0.965875506401062,0.12976719439029694,0.8984375,0.06443190574645996,1.4386396408081055,1.4432038068771362,0.0990358293056488,0.1249195858836174,0,True
311,0.979416012763977,0.12794086337089539,0.8984375,0.06432318687438965,1.449995517730713,1.454944133758545,0.08985891938209534,0.14015153050422668,0,True
312,0.990160346031189,0.13564236462116241,0.8984375,0.06492529809474945,1.443625569343567,1.4487566947937012,0.0898268073797226,0.12822836637496948,0,True
313,1.0022857189178467,0.1468553990125656,0.8984375,0.0660967007279396,1.4525543451309204,1.4576573371887207,0.09878477454185486,0.1242186576128006,0,True
314,1.0079586505889893,0.1473568081855774,0.8984375,0.06534093618392944,1.4393190145492554,1.4443433284759521,0.0835401862859726,0.1295841634273529,0,True
315,1.0062828063964844,0.14258360862731934,0.8984375,0.06457173824310303,1.4423308372497559,1.4471484422683716,0.08744112402200699,0.13853123784065247,0,True
316,1.006553292274475,0.14926621317863464,0.8984375,0.06312011182308197,1.4352283477783203,1.4396663904190063,0.09008185565471649,0.12450645864009857,0,True
317,1.0079104900360107,0.1527421921491623,0.8984375,0.063595712184906,1.4527614116668701,1.4575929641723633,0.11180850863456726,0.14883986115455627,0,True
318,1.012089729309082,0.1534390151500702,0.8984375,0.0657087191939354,1.4198393821716309,1.4248623847961426,0.12064314633607864,0.16241297125816345,0,True
319,1.0053056478500366,0.1512361764907837,0.8984375,0.06524696946144104,1.4398155212402344,1.4453129768371582,0.11629272997379303,0.16981607675552368,0,True
320,0.994598388671875,0.1393834948539734,0.8984375,0.06533042341470718,1.4318443536758423,1.4370253086090088,0.0885082259774208,0.16090179979801178,0,True
321,0.9759403467178345,0.13302451372146606,0.8984375,0.06433302164077759,1.4353058338165283,1.440171480178833,0.1166764423251152,0.17680881917476654,0,True
322,0.9667353630065918,0.1345384269952774,0.8984375,0.06306704878807068,1.4400794506072998,1.4447262287139893,0.09661834686994553,0.1499129831790924,0,True
323,0.9795279502868652,0.13919326663017273,0.8984375,0.06381817162036896,1.4463613033294678,1.451217532157898,0.09728653728961945,0.15167638659477234,0,True
324,0.9998319149017334,0.13807125389575958,0.8984375,0.06532080471515656,1.458280324935913,1.463868260383606,0.09579312056303024,0.16463012993335724,0,True
325,1.010740041732788,0.14323338866233826,0.8984375,0.06629438698291779,1.4399783611297607,1.4455082416534424,0.09676266461610794,0.13630616664886475,0,True
326,1.000709056854248,0.13878872990608215,0.8984375,0.06611109524965286,1.439480185508728,1.4442298412322998,0.12550047039985657,0.12655049562454224,0,True
327,1.0042555332183838,0.1426890641450882,0.8984375,0.06549610197544098,1.4279416799545288,1.4325878620147705,0.12235812097787857,0.1373070478439331,0,True
328,1.0002837181091309,0.1504082977771759,0.8984375,0.06530766189098358,1.4401037693023682,1.4446516036987305,0.09374678879976273,0.13265284895896912,0,True
329,1.0142524242401123,0.16444674134254456,0.8984375,0.06614921987056732,1.4187860488891602,1.4242961406707764,0.09053200483322144,0.1394970417022705,0,True
330,1.0031852722167969,0.15944936871528625,0.8984375,0.06603603065013885,1.4348704814910889,1.439943552017212,0.08985903859138489,0.15453901886940002,0,True
331,1.0019633769989014,0.13735443353652954,0.8984375,0.06528179347515106,1.4231451749801636,1.4287104606628418,0.09310489892959595,0.15462063252925873,0,True
332,0.9816592931747437,0.13299618661403656,0.8984375,0.06538175791501999,1.4090468883514404,1.4136710166931152,0.13419662415981293,0.17505690455436707,0,True
333,0.9699544906616211,0.14312368631362915,0.8984375,0.06448101997375488,1.4391398429870605,1.4438846111297607,0.1066708192229271,0.15328551828861237,0,True
334,0.9937489628791809,0.1485828161239624,0.8984375,0.06510035693645477,1.4428372383117676,1.4484267234802246,0.1091376319527626,0.15982812643051147,0,True
335,1.0015853643417358,0.13221997022628784,0.8984375,0.06694824248552322,1.4206452369689941,1.4262011051177979,0.0960514023900032,0.1824069321155548,0,True
336,0.9941375255584717,0.11878107488155365,0.8984375,0.06592642515897751,1.443359136581421,1.4481139183044434,0.0916009172797203,0.16734786331653595,0,True
337,1.000799536705017,0.12525135278701782,0.8984375,0.06568756699562073,1.454624891281128,1.4593112468719482,0.1075950562953949,0.12739133834838867,0,True
338,1.0077427625656128,0.13252238929271698,0.8984375,0.06577467918395996,1.438701868057251,1.443871021270752,0.11789307743310928,0.13008788228034973,0,True
339,1.0279529094696045,0.14713150262832642,0.8984375,0.0664215013384819,1.427833080291748,1.4331793785095215,0.08870680630207062,0.15697574615478516,0,True
340,1.0269498825073242,0.15059101581573486,0.8984375,0.06701897084712982,1.432023525238037,1.4371490478515625,0.09095766395330429,0.12660789489746094,0,True
341,1.0070387125015259,0.14596423506736755,0.90625,0.06676477193832397,1.4055092334747314,1.4104819297790527,0.09181715548038483,0.12742337584495544,0,True
342,0.9883211851119995,0.14065463840961456,0.90625,0.0645691454410553,1.4170515537261963,1.4218188524246216,0.0986003503203392,0.14409063756465912,0,True
343,0.992497980594635,0.13932502269744873,0.90625,0.06356342881917953,1.4056369066238403,1.4107292890548706,0.1030961275100708,0.15489792823791504,0,True
344,0.9945144653320312,0.1412649154663086,0.90625,0.06530201435089111,1.4457465410232544,1.4511184692382812,0.10625183582305908,0.16537734866142273,0,True
345,0.9992511868476868,0.12853296101093292,0.90625,0.06703967601060867,1.400493860244751,1.4064736366271973,0.10261572897434235,0.1680896282196045,0,True
346,0.9748775959014893,0.12171757221221924,0.90625,0.06588084995746613,1.4291326999664307,1.4335877895355225,0.09487371891736984,0.1338709592819214,0,True
347,0.9889712333679199,0.13413560390472412,0.90625,0.06454204022884369,1.436936378479004,1.4419984817504883,0.09793777018785477,0.13324883580207825,0,True
348,0.9919126033782959,0.13816732168197632,0.90625,0.06467261165380478,1.442178726196289,1.4470875263214111,0.09214876592159271,0.1285688579082489,0,True
349,0.9992796182632446,0.1375785917043686,0.90625,0.06615298986434937,1.4570841789245605,1.4619097709655762,0.09102888405323029,0.1336841881275177,0,True
350,1.0123263597488403,0.14203110337257385,0.90625,0.0672546923160553,1.445725679397583,1.451157808303833,0.09474042057991028,0.1417057067155838,0,True
351,1.0127016305923462,0.1488422453403473,0.90625,0.06750469654798508,1.422867774963379,1.4281527996063232,0.09594309329986572,0.14569948613643646,0,True
352,1.0030230283737183,0.14428669214248657,0.90625,0.06578148901462555,1.397513747215271,1.4023600816726685,0.10202209651470184,0.13401620090007782,0,True
353,0.9940462112426758,0.14904499053955078,0.90625,0.06362438201904297,1.4102927446365356,1.4151611328125,0.09314274042844772,0.15054181218147278,0,True
354,0.9905520677566528,0.14965097606182098,0.90625,0.06380678713321686,1.3844246864318848,1.3889919519424438,0.09111572802066803,0.15419135987758636,0,True
355,0.9803597331047058,0.14527560770511627,0.90625,0.06481640040874481,1.4379945993423462,1.443073034286499,0.09296467155218124,0.15062150359153748,0,True
356,0.9866595268249512,0.1352340430021286,0.90625,0.06511988490819931,1.4174067974090576,1.423075795173645,0.09934256970882416,0.16359153389930725,0,True
357,0.972420334815979,0.11934982240200043,0.90625,0.06440412998199463,1.4152908325195312,1.4203224182128906,0.10926953703165054,0.15064887702465057,0,True
358,0.973961353302002,0.12177914381027222,0.9140625,0.06429795175790787,1.4674209356307983,1.4725260734558105,0.10755575448274612,0.14905503392219543,0,True
359,0.9777970314025879,0.11668694019317627,0.9140625,0.06544432044029236,1.4650566577911377,1.4702157974243164,0.09661194682121277,0.1554180532693863,0,True
360,0.9966578483581543,0.12645357847213745,0.921875,0.06686793267726898,1.471208095550537,1.4764437675476074,0.10522361099720001,0.15842805802822113,0,True
361,1.0145747661590576,0.13950425386428833,0.921875,0.06813587993383408,1.4490940570831299,1.4546830654144287,0.09306684881448746,0.14796912670135498,0,True
362,1.0191082954406738,0.13802149891853333,0.921875,0.06795328855514526,1.421138882637024,1.426487684249878,0.11055124551057816,0.1458548754453659,0,True
363,1.004772424697876,0.14565400779247284,0.921875,0.06571256369352341,1.4276012182235718,1.4326703548431396,0.0985376313328743,0.12577944993972778,0,True
364,0.99505615234375,0.1444011628627777,0.921875,0.06477870792150497,1.4014174938201904,1.4056204557418823,0.0885327160358429,0.1369832158088684,0,True
365,0.9768589735031128,0.14817775785923004,0.9296875,0.06338775902986526,1.4317219257354736,1.4362866878509521,0.10028433054685593,0.1378525048494339,0,True
366,0.9673722982406616,0.1474730670452118,0.9296875,0.06363625824451447,1.415594220161438,1.4205958843231201,0.08620641380548477,0.15090890228748322,0,True
367,0.9673886299133301,0.13729405403137207,0.9296875,0.06433303654193878,1.4309086799621582,1.4356917142868042,0.09003618359565735,0.1626485288143158,0,True
368,0.9780404567718506,0.13655510544776917,0.9296875,0.06413207948207855,1.4328724145889282,1.4379925727844238,0.0923100933432579,0.16705213487148285,0,True
369,0.9894773960113525,0.13405650854110718,0.9296875,0.06492874026298523,1.440242052078247,1.4455370903015137,0.08580788969993591,0.15790030360221863,0,True
370,0.9880675077438354,0.1250644326210022,0.9375,0.06542862951755524,1.4515979290008545,1.456424593925476,0.09046109020709991,0.15794873237609863,0,True
371,1.0011826753616333,0.12902870774269104,0.9375,0.06626562029123306,1.453805685043335,1.4592649936676025,0.09640690684318542,0.15256258845329285,0,True
372,1.0022670030593872,0.1345536708831787,0.9375,0.06741221994161606,1.4392452239990234,1.4442429542541504,0.10819026827812195,0.12634441256523132,0,True
373,1.0116280317306519,0.13904671370983124,0.9453125,0.06762504577636719,1.432140588760376,1.4377813339233398,0.11410091817378998,0.14534315466880798,0,True
374,1.0200228691101074,0.1519911289215088,0.9453125,0.06656983494758606,1.3873101472854614,1.3926048278808594,0.11182917654514313,0.147157683968544,0,True
375,0.9924624562263489,0.14167511463165283,0.9453125,0.06480127573013306,1.4300079345703125,1.4343191385269165,0.08803717792034149,0.14504379034042358,0,True
376,0.9974538683891296,0.1461360603570938,0.9453125,0.06377953290939331,1.4129602909088135,1.4178273677825928,0.09004566818475723,0.1550562083721161,0,True
377,0.9899223446846008,0.1381319761276245,0.9453125,0.06400837004184723,1.423253059387207,1.4283714294433594,0.08830276131629944,0.16080838441848755,0,True
378,0.9894574284553528,0.13341152667999268,0.9453125,0.06388860195875168,1.428011417388916,1.4329860210418701,0.0879763588309288,0.17638379335403442,0,True
379,0.985905647277832,0.124095618724823,0.9453125,0.06420189142227173,1.448604702949524,1.4532606601715088,0.09082449972629547,0.17154884338378906,0,True
380,0.9950158596038818,0.12602369487285614,0.9453125,0.06439575552940369,1.4523203372955322,1.4576106071472168,0.08405253291130066,0.15389765799045563,0,True
381,0.9938443899154663,0.12178491801023483,0.953125,0.06500022113323212,1.4630157947540283,1.467580795288086,0.10998409241437912,0.13506865501403809,0,True
382,1.012171983718872,0.12340323626995087,0.953125,0.06619364023208618,1.4572465419769287,1.4626986980438232,0.09331392496824265,0.14942127466201782,0,True
383,1.0127102136611938,0.1233859658241272,0.9609375,0.06716974079608917,1.4296718835830688,1.4349281787872314,0.10227338969707489,0.15628734230995178,0,True
384,1.0067147016525269,0.12797626852989197,0.9609375,0.06669303774833679,1.456485390663147,1.4610397815704346,0.12025688588619232,0.14453431963920593,0,True
385,1.0179975032806396,0.14675389230251312,0.9609375,0.06687990576028824,1.4352290630340576,1.4405910968780518,0.11289774626493454,0.11782537400722504,0,True
386,1.023348093032837,0.1525861918926239,0.9609375,0.0662548691034317,1.3913664817810059,1.3966329097747803,0.10172303766012192,0.1309637725353241,0,True
387,1.014405608177185,0.13673269748687744,0.9609375,0.06568386405706406,1.4010088443756104,1.4059839248657227,0.09762702137231827,0.1400451809167862,0,True
388,1.0054795742034912,0.12598657608032227,0.9609375,0.06570331752300262,1.4141907691955566,1.4188768863677979,0.0997852012515068,0.13572022318840027,0,True
389,0.9923490285873413,0.14036038517951965,0.9609375,0.06404449045658112,1.3926656246185303,1.3977916240692139,0.09715332090854645,0.1271103024482727,0,True
390,1.0028419494628906,0.13697649538516998,0.9609375,0.06412918865680695,1.42146897315979,1.4267789125442505,0.08974171429872513,0.16219326853752136,0,True
391,0.9966188669204712,0.12475171685218811,0.9609375,0.0643310397863388,1.4309561252593994,1.4357740879058838,0.09460393339395523,0.17275644838809967,0,True
392,1.0021672248840332,0.12343138456344604,0.9609375,0.06521284580230713,1.429449200630188,1.434631109237671,0.09086218476295471,0.15235403180122375,0,True
393,1.001854419708252,0.12392748892307281,0.9609375,0.06606467813253403,1.4538812637329102,1.4593712091445923,0.09564676880836487,0.14543263614177704,0,True
394,1.0038912296295166,0.11564116179943085,0.96875,0.06599028408527374,1.4409384727478027,1.446138620376587,0.09574764221906662,0.15594369173049927,0,True
395,1.0003466606140137,0.12113736569881439,0.96875,0.06490948796272278,1.4642524719238281,1.469025731086731,0.0990103930234909,0.1491466760635376,0,True
396,1.01408851146698,0.126567542552948,0.96875,0.06631289422512054,1.4590787887573242,1.4638118743896484,0.09571639448404312,0.1543591469526291,0,True
397,1.0261249542236328,0.14085184037685394,0.96875,0.0661645233631134,1.4505362510681152,1.4558665752410889,0.09080405533313751,0.13589397072792053,0,True
398,1.0320179462432861,0.13968323171138763,0.96875,0.06655994057655334,1.4088938236236572,1.4141618013381958,0.09496286511421204,0.1371413916349411,0,True
399,1.005427360534668,0.13288810849189758,0.96875,0.0652683824300766,1.4355742931365967,1.4400694370269775,0.08951099961996078,0.15152278542518616,0,True
400,1.0018203258514404,0.13452687859535217,0.96875,0.06438545882701874,1.4260146617889404,1.4313786029815674,0.09439236670732498,0.14268311858177185,0,True
401,0.9923642873764038,0.1367824375629425,0.96875,0.06453663110733032,1.3978571891784668,1.4031343460083008,0.10194878280162811,0.13982391357421875,0,True
402,0.9846787452697754,0.1311725676059723,0.96875,0.0641932561993599,1.4027855396270752,1.4077050685882568,0.09542318433523178,0.15635673701763153,0,True
403,0.9899628162384033,0.12146435678005219,0.96875,0.0646684318780899,1.4332510232925415,1.438434362411499,0.09457603096961975,0.17301973700523376,0,True
404,0.9986925721168518,0.11596331745386124,0.96875,0.06518067419528961,1.4209210872650146,1.426499366760254,0.10260668396949768,0.15618324279785156,0,True
405,0.9887191653251648,0.11693102866411209,0.96875,0.06590752303600311,1.4542393684387207,1.4591217041015625,0.1070549264550209,0.13894116878509521,0,True
406,0.9977139830589294,0.1110854372382164,0.9765625,0.06539106369018555,1.439210057258606,1.4443720579147339,0.09399507939815521,0.1522465944290161,0,True
407,1.0059081315994263,0.11974507570266724,0.9765625,0.0655641257762909,1.439428448677063,1.444404125213623,0.0900542363524437,0.13886627554893494,0,True
408,1.0151077508926392,0.12695778906345367,0.9765625,0.06604112684726715,1.4417680501937866,1.4465556144714355,0.08823565393686295,0.12790727615356445,0,True
409,1.0273442268371582,0.141246035695076,0.984375,0.06566876173019409,1.4201515913009644,1.4257880449295044,0.09103018790483475,0.13160233199596405,0,True
410,1.0249229669570923,0.1435697376728058,0.984375,0.06620882451534271,1.4063477516174316,1.4116474390029907,0.09144937247037888,0.14315910637378693,0,True
411,1.0058047771453857,0.11957722902297974,0.984375,0.06501966714859009,1.4007105827331543,1.4055877923965454,0.09180773794651031,0.16832900047302246,0,True
412,0.9847900867462158,0.1244506984949112,0.984375,0.06293389201164246,1.4066081047058105,1.411132574081421,0.10508839040994644,0.13003993034362793,0,True
413,0.9811527729034424,0.11898048222064972,0.984375,0.06323350220918655,1.4205620288848877,1.4251012802124023,0.09582806378602982,0.1554015576839447,0,True
414,0.9978569746017456,0.12888380885124207,0.9921875,0.06452120095491409,1.4429680109024048,1.4484357833862305,0.09220946580171585,0.1708543449640274,0,True
415,1.0117261409759521,0.13796213269233704,0.9921875,0.0669829249382019,1.4245437383651733,1.4304842948913574,0.09827561676502228,0.1493036150932312,0,True
416,1.0104814767837524,0.12597861886024475,0.9921875,0.06717583537101746,1.450984239578247,1.456007957458496,0.09377922117710114,0.14132019877433777,0,True
417,0.9946227073669434,0.11800044775009155,0.9921875,0.0655159205198288,1.45296311378479,1.4574775695800781,0.09006047248840332,0.1201213151216507,0,True
418,0.9985271692276001,0.13286635279655457,0.9921875,0.06377359479665756,1.44259774684906,1.4474740028381348,0.08630061149597168,0.13560956716537476,0,True
419,1.0130678415298462,0.14081746339797974,0.9921875,0.06613317131996155,1.4212594032287598,1.4262895584106445,0.09064073115587234,0.14684732258319855,0,True
420,1.01607084274292,0.13882437348365784,0.9921875,0.06586378067731857,1.4272079467773438,1.4320154190063477,0.09725149720907211,0.13995327055454254,0,True
421,1.0042650699615479,0.13847872614860535,0.9921875,0.06585787981748581,1.420843243598938,1.4261959791183472,0.10114102065563202,0.13679182529449463,0,True
422,0.9880152344703674,0.14137861132621765,0.9921875,0.0637088492512703,1.3981313705444336,1.4029309749603271,0.08935322612524033,0.14840665459632874,0,True
423,0.9712883234024048,0.12922628223896027,0.9921875,0.062383342534303665,1.394289255142212,1.3987597227096558,0.08690092712640762,0.1631593555212021,0,True
424,0.960180401802063,0.12046417593955994,0.9921875,0.06228380277752876,1.4349722862243652,1.4394724369049072,0.09503201395273209,0.15754137933254242,0,True
425,0.975162923336029,0.13895580172538757,0.9921875,0.06550503522157669,1.4518800973892212,1.457283616065979,0.11824873834848404,0.15022875368595123,0,True
426,0.9979200959205627,0.1377965807914734,0.9921875,0.06771630048751831,1.4372775554656982,1.443236231803894,0.10489507764577866,0.18332049250602722,0,True
427,0.9988305568695068,0.1327565461397171,0.9921875,0.06701342761516571,1.4231263399124146,1.4285047054290771,0.09120041131973267,0.16412664949893951,0,True
428,0.9974292516708374,0.12715652585029602,0.9921875,0.06501767784357071,1.4217607975006104,1.4265707731246948,0.09143917262554169,0.13560783863067627,0,True
429,1.007738471031189,0.13334858417510986,0.9921875,0.06450299173593521,1.4029719829559326,1.4081356525421143,0.09019891172647476,0.1333429366350174,0,True
430,1.0070481300354004,0.12935765087604523,0.9921875,0.06520814448595047,1.4107050895690918,1.415322184562683,0.09197892993688583,0.14613661170005798,0,True
431,1.0025405883789062,0.14162026345729828,0.9921875,0.06548158824443817,1.4204185009002686,1.4253617525100708,0.11242098361253738,0.1608833372592926,0,True
432,1.005086898803711,0.14391937851905823,0.9921875,0.06484190374612808,1.4079008102416992,1.413402795791626,0.09110528230667114,0.14500713348388672,0,True
433,0.9963842034339905,0.14199090003967285,0.9921875,0.06385491788387299,1.4133316278457642,1.4184653759002686,0.08743724226951599,0.15155912935733795,0,True
434,0.9827513694763184,0.12867853045463562,0.9921875,0.06426004320383072,1.4207357168197632,1.4257789850234985,0.10438396781682968,0.15650804340839386,0,True
435,0.9703737497329712,0.1217540055513382,0.9921875,0.06272885203361511,1.4311368465423584,1.4355782270431519,0.08751725405454636,0.15267083048820496,0,True
436,0.9906558990478516,0.12680405378341675,0.9921875,0.06461499631404877,1.4661128520965576,1.471391201019287,0.09041725099086761,0.17597416043281555,0,True
437,1.004743218421936,0.13627348840236664,0.9921875,0.06644842028617859,1.4482860565185547,1.4541192054748535,0.09315601736307144,0.1670283079147339,0,True
438,0.9974851608276367,0.12889732420444489,0.9921875,0.06648915261030197,1.4348117113113403,1.4394867420196533,0.09302441775798798,0.16442598402500153,0,True
439,1.0013837814331055,0.13326913118362427,0.9921875,0.06515093892812729,1.465916395187378,1.4707671403884888,0.08945117145776749,0.14357206225395203,0,True
440,1.0097590684890747,0.13262417912483215,0.9921875,0.06548832356929779,1.4285727739334106,1.4338924884796143,0.09010114520788193,0.14330103993415833,0,True
441,1.0078389644622803,0.1375957578420639,0.9921875,0.06646440178155899,1.409084439277649,1.4135839939117432,0.11977942287921906,0.14554354548454285,0,True
442,1.0061273574829102,0.13273251056671143,0.9921875,0.06597062200307846,1.4164470434188843,1.4211978912353516,0.09408552944660187,0.15350933372974396,0,True
443,0.9940707683563232,0.1378888189792633,0.9921875,0.06588120758533478,1.4032999277114868,1.4085644483566284,0.09345091134309769,0.14616014063358307,0,True
444,0.9791018962860107,0.13586817681789398,0.9921875,0.06402041018009186,1.4033218622207642,1.4080455303192139,0.08741836994886398,0.16325527429580688,0,True
445,0.9762243032455444,0.12745437026023865,0.9921875,0.06383885443210602,1.408036470413208,1.4130041599273682,0.09036080539226532,0.17373500764369965,0,True
446,0.9888298511505127,0.12779995799064636,1.0,0.06361881643533707,1.4160575866699219,1.4211572408676147,0.0894501581788063,0.15913042426109314,0,True
447,0.9884673953056335,0.1264476478099823,1.0,0.06464478373527527,1.4251331090927124,1.4304990768432617,0.08917581290006638,0.14157332479953766,0,True
448,0.9918522238731384,0.13249370455741882,1.0,0.0652482658624649,1.4404594898223877,1.4458560943603516,0.1042044386267662,0.1398085504770279,0,True
449,0.9950703382492065,0.12888690829277039,1.0,0.06513188779354095,1.4190847873687744,1.4241747856140137,0.09036587178707123,0.1284482628107071,0,True
450,0.9926120042800903,0.12731701135635376,1.0,0.06492941081523895,1.4426414966583252,1.4475808143615723,0.08817823231220245,0.16335371136665344,0,True
451,0.996751606464386,0.1270143687725067,1.0,0.06585759669542313,1.450631022453308,1.4555652141571045,0.10436592996120453,0.15979677438735962,0,True
452,1.0103263854980469,0.14988523721694946,1.0,0.06724172830581665,1.440075397491455,1.4455327987670898,0.11653688549995422,0.15544673800468445,0,True
453,1.003356695175171,0.1457144021987915,1.0,0.06633007526397705,1.4125704765319824,1.4174118041992188,0.09096038341522217,0.1430908888578415,0,True
454,0.9787540435791016,0.14385196566581726,1.0,0.06401277333498001,1.4141411781311035,1.4189449548721313,0.08986759185791016,0.14773288369178772,0,True
455,0.9833387732505798,0.14378908276557922,1.0,0.06422321498394012,1.3917165994644165,1.3969976902008057,0.09309128671884537,0.1372651308774948,0,True
456,0.9784477949142456,0.13783583045005798,1.0,0.06417056918144226,1.4040884971618652,1.408921718597412,0.10150623321533203,0.16408458352088928,0,True
457,0.9791974425315857,0.13695648312568665,1.0,0.06436211615800858,1.4341354370117188,1.4395420551300049,0.10055418312549591,0.16345533728599548,0,True
458,0.9703741073608398,0.13933555781841278,1.0,0.06412192434072495,1.4150363206863403,1.4199168682098389,0.09230402857065201,0.1302601844072342,0,True
459,0.9730004072189331,0.13392922282218933,1.0,0.06406784057617188,1.4347740411758423,1.4394712448120117,0.09035979211330414,0.15048785507678986,0,True
460,1.0016803741455078,0.13459058105945587,1.0,0.06444571912288666,1.4444756507873535,1.4501615762710571,0.08807819336652756,0.17178763449192047,0,True
461,0.9952307343482971,0.13672247529029846,1.0,0.06549768149852753,1.4513143301010132,1.456350326538086,0.09335803240537643,0.1353876292705536,0,True
462,0.9983376860618591,0.13527823984622955,1.0,0.06506751477718353,1.4405577182769775,1.4455105066299438,0.09097350388765335,0.1613609790802002,0,True
463,1.0029850006103516,0.14261190593242645,1.0,0.0656280517578125,1.4508976936340332,1.4561933279037476,0.08984401077032089,0.13943339884281158,0,True
464,0.9943467378616333,0.14523667097091675,1.0,0.06478093564510345,1.41644287109375,1.4212329387664795,0.11418099701404572,0.14419054985046387,0,True
465,0.9963815212249756,0.14557208120822906,1.0,0.06468139588832855,1.4354475736618042,1.4404094219207764,0.1285295933485031,0.17815107107162476,0,True
466,0.9891054630279541,0.1467362642288208,1.0,0.06540000438690186,1.4350147247314453,1.4400312900543213,0.09908317774534225,0.1639130711555481,0,True
467,0.9837811589241028,0.1336825042963028,1.0,0.065218985080719,1.413654088973999,1.4184222221374512,0.08912874758243561,0.17143729329109192,0,True
468,0.9781228303909302,0.13364285230636597,1.0,0.06397590041160583,1.4364548921585083,1.4416223764419556,0.09316875040531158,0.17543315887451172,0,True
469,0.9822368621826172,0.1408277153968811,1.0,0.06491769850254059,1.43159019947052,1.4366315603256226,0.09271728992462158,0.15338890254497528,0,True
470,0.9825884103775024,0.13541075587272644,1.0,0.06528358161449432,1.4550244808197021,1.4599602222442627,0.09029991179704666,0.16539666056632996,0,True
471,1.0035959482192993,0.1483580470085144,1.0,0.06601719558238983,1.4318363666534424,1.437617301940918,0.09294121712446213,0.16549184918403625,0,True
472,0.9981256723403931,0.136697918176651,1.0,0.06574837118387222,1.4257166385650635,1.4304511547088623,0.09013868868350983,0.1493837833404541,0,True
473,0.9960128664970398,0.12259011715650558,1.0,0.06477518379688263,1.4368782043457031,1.44146728515625,0.0946449339389801,0.16303157806396484,0,True
474,1.0052547454833984,0.12531208992004395,1.0,0.06313636898994446,1.4195880889892578,1.4248425960540771,0.0919826552271843,0.17555470764636993,0,True
475,1.0004794597625732,0.12194174528121948,1.0,0.06444903463125229,1.436610221862793,1.4412355422973633,0.08886834233999252,0.17051595449447632,0,True
476,0.9953699111938477,0.1276341676712036,1.0,0.06512206792831421,1.4400479793548584,1.4450159072875977,0.13391272723674774,0.17096732556819916,0,True
477,0.9962409734725952,0.13229751586914062,1.0,0.06518559902906418,1.4305458068847656,1.4358396530151367,0.09466327726840973,0.1610521525144577,0,True
478,0.9888875484466553,0.12836167216300964,1.0,0.06595341861248016,1.4356014728546143,1.4404120445251465,0.10119639337062836,0.17157454788684845,0,True
479,0.9799405336380005,0.12308715283870697,1.0,0.06493276357650757,1.4453988075256348,1.4499576091766357,0.09025530517101288,0.1633748710155487,0,True
480,0.9860124588012695,0.1284005045890808,1.0,0.06434899568557739,1.4311774969100952,1.4360451698303223,0.0908127948641777,0.1433146595954895,0,True
481,0.9889846444129944,0.1342177391052246,1.0,0.06517638266086578,1.4356963634490967,1.4404962062835693,0.09325581789016724,0.14491330087184906,0,True
482,1.013258934020996,0.14596539735794067,1.0,0.0658528208732605,1.4168258905410767,1.4224939346313477,0.08631398528814316,0.15169177949428558,0,True
483,1.0043365955352783,0.14290432631969452,1.0,0.06595613062381744,1.406954050064087,1.4120893478393555,0.09264860302209854,0.15298183262348175,0,True
484,0.9870454668998718,0.12034286558628082,1.0,0.06410262733697891,1.4143540859222412,1.4189097881317139,0.09299900382757187,0.1421201229095459,0,True
485,0.979384183883667,0.1252916157245636,1.0,0.06404070556163788,1.4178082942962646,1.4225776195526123,0.12296948581933975,0.13546878099441528,0,True
486,0.978976845741272,0.12448388338088989,1.0,0.06396164000034332,1.430065393447876,1.4347871541976929,0.10250482708215714,0.1535036861896515,0,True
487,0.9880067706108093,0.12878967821598053,1.0,0.06454476714134216,1.434035062789917,1.439333438873291,0.09034810960292816,0.1720859706401825,0,True
488,0.994102418422699,0.1255941092967987,1.0,0.06569373607635498,1.4440956115722656,1.4494659900665283,0.09176711738109589,0.1516467034816742,0,True
489,0.9895443916320801,0.1102212518453598,1.0,0.06577689200639725,1.4556831121444702,1.4605226516723633,0.09392256289720535,0.1872282475233078,0,True
490,1.002016305923462,0.11877433955669403,1.0,0.06454360485076904,1.4404757022857666,1.445671796798706,0.11614221334457397,0.16732390224933624,0,True
491,0.9990843534469604,0.12110738456249237,1.0,0.06408403813838959,1.4254969358444214,1.4301033020019531,0.0924568623304367,0.15062811970710754,0,True
492,1.0067496299743652,0.12609156966209412,1.0,0.06486144661903381,1.4339959621429443,1.4388329982757568,0.09066441655158997,0.18061158061027527,0,True
493,1.0086199045181274,0.13529932498931885,1.0,0.06609198451042175,1.4356906414031982,1.4406623840332031,0.09456159174442291,0.1482102870941162,0,True
494,1.0076287984848022,0.14266739785671234,1.0,0.06567397713661194,1.396820306777954,1.4019033908843994,0.08679649978876114,0.13968366384506226,0,True
495,0.9973145723342896,0.13678249716758728,1.0,0.0648282915353775,1.4181686639785767,1.422667384147644,0.0917334258556366,0.16030758619308472,0,True
496,0.9869522452354431,0.12800270318984985,1.0,0.06317904591560364,1.4390337467193604,1.4437792301177979,0.08828794211149216,0.13618159294128418,0,True
497,0.9856654405593872,0.1262793242931366,1.0,0.06442028284072876,1.420088529586792,1.425201654434204,0.09151680022478104,0.14519891142845154,0,True
498,0.9899298548698425,0.1170814037322998,1.0,0.0652640163898468,1.4552171230316162,1.460279941558838,0.09698429703712463,0.16472022235393524,0,True
499,0.9992854595184326,0.11997467279434204,1.0,0.06677670776844025,1.443145513534546,1.448702096939087,0.09338286519050598,0.15039411187171936,0,True
500,1.0035213232040405,0.13307735323905945,1.0,0.06588789820671082,1.4349734783172607,1.4403201341629028,0.0889543667435646,0.153848797082901,0,True
501,1.0078747272491455,0.1327837109565735,1.0,0.06585191935300827,1.443907380104065,1.448969841003418,0.12012934684753418,0.1494138538837433,0,True
502,1.0153428316116333,0.13804225623607635,1.0,0.0653216540813446,1.418264389038086,1.4234850406646729,0.10665322840213776,0.14051029086112976,0,True
503,0.9953044652938843,0.13119709491729736,1.0,0.06458176672458649,1.4015798568725586,1.4060478210449219,0.11507096886634827,0.15113869309425354,0,True
504,0.9789218306541443,0.12586776912212372,1.0,0.06377162039279938,1.4190279245376587,1.4238965511322021,0.0928790345788002,0.1642991006374359,0,True
505,0.9772498607635498,0.1336260735988617,1.0,0.06440682709217072,1.4232532978057861,1.4286184310913086,0.09736882895231247,0.14038914442062378,0,True
506,0.9751242399215698,0.13410255312919617,1.0,0.06500750780105591,1.4170455932617188,1.422096848487854,0.09313122928142548,0.15276819467544556,0,True
507,0.978551983833313,0.13500258326530457,1.0,0.06497025489807129,1.4296715259552002,1.4347225427627563,0.08975246548652649,0.1817854642868042,0,True
508,0.9813454151153564,0.13379943370819092,1.0,0.06450358778238297,1.4543070793151855,1.459516167640686,0.09454728662967682,0.18450376391410828,0,True
509,0.9911746978759766,0.13178551197052002,1.0,0.06497162580490112,1.4514561891555786,1.456736445426941,0.09116706252098083,0.1557866930961609,0,True
510,0.9984019994735718,0.12473923712968826,1.0,0.06546376645565033,1.434997797012329,1.440148115158081,0.09050390124320984,0.1401284635066986,0,True
511,0.9988576173782349,0.12012526392936707,1.0,0.06577187031507492,1.4273018836975098,1.4321177005767822,0.09277906268835068,0.14194703102111816,0,True
512,0.9950882792472839,0.13780558109283447,1.0,0.06604554504156113,1.4323246479034424,1.4373092651367188,0.12343230098485947,0.15450039505958557,0,True
513,0.9909504652023315,0.1410943567752838,1.0,0.06472909450531006,1.4077768325805664,1.4124298095703125,0.0892939493060112,0.14692065119743347,0,True
514,0.9927736520767212,0.13617518544197083,1.0,0.06388024985790253,1.4232268333435059,1.4283232688903809,0.09095973521471024,0.1490657776594162,0,True
515,0.9793797731399536,0.13494282960891724,1.0,0.06404273211956024,1.401648759841919,1.406625747680664,0.0863298550248146,0.16112521290779114,0,True
516,0.9778347015380859,0.13457459211349487,1.0,0.06383706629276276,1.4158008098602295,1.4208709001541138,0.0894574373960495,0.14951470494270325,0,True
517,0.9679620265960693,0.117730051279068,1.0,0.06347084790468216,1.4182941913604736,1.4229552745819092,0.0928679034113884,0.15290316939353943,0,True
518,0.9782738089561462,0.1247941255569458,1.0,0.06359829753637314,1.448661208152771,1.453942060470581,0.09278050810098648,0.14341500401496887,0,True
519,0.9967182874679565,0.13345248997211456,1.0,0.06554920971393585,1.4154436588287354,1.4209480285644531,0.09396293759346008,0.14265672862529755,0,True
520,0.9872848987579346,0.11515256017446518,1.0,0.06561513245105743,1.431678056716919,1.4365862607955933,0.09136815369129181,0.14875441789627075,0,True
521,0.9886791706085205,0.11641199141740799,1.0,0.06496194005012512,1.4233131408691406,1.4283673763275146,0.09060519188642502,0.127496138215065,0,True
522,0.989577054977417,0.1142074391245842,1.0,0.06463220715522766,1.4430203437805176,1.4476521015167236,0.08723083883523941,0.13176816701889038,0,True
523,0.9969239234924316,0.1252581775188446,1.0,0.06525762379169464,1.4122967720031738,1.4176366329193115,0.08941517025232315,0.14367695152759552,0,True
524,1.0091001987457275,0.1363358348608017,1.0,0.06566204130649567,1.4162601232528687,1.4215846061706543,0.08954482525587082,0.14362823963165283,0,True
525,0.9929024577140808,0.12837089598178864,1.0,0.06554322689771652,1.4349215030670166,1.439611792564392,0.09756256639957428,0.12325751781463623,0,True
526,0.9949234127998352,0.1306248903274536,1.0,0.06436798721551895,1.4403870105743408,1.4457240104675293,0.09659332036972046,0.13864830136299133,0,True
527,0.9881550073623657,0.1309995949268341,1.0,0.06475399434566498,1.4120113849639893,1.4172992706298828,0.0877234935760498,0.13634195923805237,0,True
528,0.9869728088378906,0.10988371074199677,1.0,0.06390240043401718,1.4425678253173828,1.4472236633300781,0.08668868243694305,0.17134474217891693,0,True
529,0.9939361214637756,0.1181674376130104,1.0,0.06449464708566666,1.45524001121521,1.4603028297424316,0.0980033352971077,0.1564931869506836,0,True
530,1.0009939670562744,0.12020061910152435,1.0,0.06579165905714035,1.439382791519165,1.4447531700134277,0.09046199172735214,0.16166484355926514,0,True
531,1.0047483444213867,0.1190134584903717,1.0,0.0662773847579956,1.447603702545166,1.4529775381088257,0.10179360210895538,0.1689784824848175,0,True
532,1.0017929077148438,0.12439660727977753,1.0,0.06535878777503967,1.4258074760437012,1.4309263229370117,0.09642180055379868,0.15917648375034332,0,True
533,0.9960266947746277,0.12702803313732147,1.0,0.0653686448931694,1.4447579383850098,1.4496487379074097,0.09426833689212799,0.1279749870300293,0,True
534,0.9930590987205505,0.12110268324613571,1.0,0.06533727049827576,1.424492597579956,1.42934250831604,0.09395065158605576,0.1359199583530426,0,True
535,1.0013855695724487,0.12617547810077667,1.0,0.06543736159801483,1.4038457870483398,1.409226417541504,0.09050198644399643,0.15839511156082153,0,True
536,1.0008480548858643,0.12106414139270782,1.0,0.06512981653213501,1.4201695919036865,1.4251830577850342,0.08818147331476212,0.15176919102668762,0,True
537,1.0040059089660645,0.12730568647384644,1.0,0.06409938633441925,1.3850220441818237,1.3901727199554443,0.09010736644268036,0.13164782524108887,0,True
538,0.994379997253418,0.1191074326634407,1.0,0.0642000138759613,1.4064301252365112,1.4111251831054688,0.08779913187026978,0.14076873660087585,0,True
539,0.9923426508903503,0.11989593505859375,1.0,0.06365705281496048,1.4187190532684326,1.4235810041427612,0.09061039239168167,0.17171506583690643,0,True
540,0.9963302612304688,0.12385791540145874,1.0,0.06484777480363846,1.413353443145752,1.4186666011810303,0.09294527769088745,0.1598447859287262,0,True
541,0.9844460487365723,0.11944937705993652,1.0,0.06516416370868683,1.420312762260437,1.4253110885620117,0.08867804706096649,0.14566761255264282,0,True
542,0.9892264008522034,0.12057377398014069,1.0,0.06497061252593994,1.4378478527069092,1.4428513050079346,0.09306962043046951,0.15491677820682526,0,True
543,1.0035383701324463,0.13484859466552734,1.0,0.06585295498371124,1.447434902191162,1.4529680013656616,0.09548413008451462,0.13213226199150085,0,True
544,0.9944030046463013,0.13093020021915436,1.0,0.06670372188091278,1.4199565649032593,1.4251997470855713,0.09375978261232376,0.13265502452850342,0,True
545,0.9911541938781738,0.1180747002363205,1.0,0.06657473742961884,1.4390630722045898,1.4440274238586426,0.09865813702344894,0.14679715037345886,0,True
546,0.9921785593032837,0.12160594016313553,1.0,0.0658421441912651,1.4060708284378052,1.410789966583252,0.09596600383520126,0.12424080818891525,0,True
547,1.0087082386016846,0.12505117058753967,1.0,0.06596004962921143,1.435246229171753,1.4406332969665527,0.09068647027015686,0.14974121749401093,0,True
548,0.9995357394218445,0.1305844783782959,1.0,0.06550447642803192,1.4059946537017822,1.4110361337661743,0.09118855744600296,0.14193527400493622,0,True
549,0.9926701784133911,0.12167052924633026,1.0,0.06433925032615662,1.4075466394424438,1.412282943725586,0.094859279692173,0.1484905481338501,0,True
550,0.9966141581535339,0.12201216071844101,1.0,0.06437920033931732,1.4313318729400635,1.436445951461792,0.09697486460208893,0.16274869441986084,0,True
551,0.9961546063423157,0.12883329391479492,1.0,0.06473752856254578,1.4237964153289795,1.4298027753829956,0.0897008627653122,0.1340520828962326,0,True
552,0.9865390062332153,0.11535896360874176,1.0,0.06455087661743164,1.410905361175537,1.4160494804382324,0.10044797509908676,0.179487407207489,0,True
553,0.9852259755134583,0.11366499960422516,1.0,0.0651775598526001,1.4446487426757812,1.44948148727417,0.10510796308517456,0.18196329474449158,0,True
554,0.9938409924507141,0.12641839683055878,1.0,0.0656624436378479,1.4541689157485962,1.4593144655227661,0.092121422290802,0.15379856526851654,0,True
555,0.9989385604858398,0.12345954775810242,1.0,0.06565254926681519,1.4401750564575195,1.445326328277588,0.09026064723730087,0.1591881364583969,0,True
556,0.9998270273208618,0.11990994215011597,1.0,0.06580568850040436,1.449763298034668,1.4546014070510864,0.09121926873922348,0.16600359976291656,0,True
557,1.0143890380859375,0.1263289898633957,1.0,0.06629156321287155,1.4232287406921387,1.4287147521972656,0.09411395341157913,0.15786392986774445,0,True
558,1.0102300643920898,0.12045253813266754,1.0,0.06557482481002808,1.4206916093826294,1.425663709640503,0.09034081548452377,0.14393877983093262,0,True
559,1.0043573379516602,0.12348318099975586,1.0,0.06451597809791565,1.4306950569152832,1.435630440711975,0.09457973390817642,0.13415111601352692,0,True
560,1.0049790143966675,0.12449689954519272,1.0,0.06443700939416885,1.425114393234253,1.430061936378479,0.10573603212833405,0.12859772145748138,0,True
561,1.0001213550567627,0.12614522874355316,1.0,0.06372867524623871,1.4243173599243164,1.4291737079620361,0.09131592512130737,0.16202139854431152,0,True
562,0.9929608106613159,0.11086556315422058,1.0,0.06477680802345276,1.4201756715774536,1.4252724647521973,0.08871287107467651,0.16562345623970032,0,True
563,0.9829206466674805,0.10970810055732727,1.0,0.06383270025253296,1.4258617162704468,1.4304649829864502,0.09250644594430923,0.17930778861045837,0,True
564,0.9950470924377441,0.12084592878818512,1.0,0.06387043744325638,1.4483064413070679,1.4533284902572632,0.08698208630084991,0.17007090151309967,0,True
565,1.0023406744003296,0.11906635761260986,1.0,0.06489871442317963,1.4616672992706299,1.4672062397003174,0.08786240965127945,0.17224416136741638,0,True
566,0.9907692670822144,0.11694829165935516,1.0,0.0661376416683197,1.4472553730010986,1.4521775245666504,0.08668719232082367,0.1419418454170227,0,True
567,0.9893267154693604,0.10920912772417068,1.0,0.06512495875358582,1.4456474781036377,1.4503214359283447,0.09012013673782349,0.1513236165046692,0,True
568,0.9960594177246094,0.12098309397697449,1.0,0.06601846218109131,1.4406757354736328,1.4457331895828247,0.09650371223688126,0.14758476614952087,0,True
569,1.0054864883422852,0.12758249044418335,1.0,0.06703607738018036,1.4394419193267822,1.4446349143981934,0.09523441642522812,0.16098880767822266,0,True
570,1.0051623582839966,0.13096195459365845,1.0,0.0668584480881691,1.4147953987121582,1.4195390939712524,0.09400681406259537,0.16467685997486115,0,True
571,0.992477536201477,0.13449439406394958,1.0,0.06533139944076538,1.4159619808197021,1.4209197759628296,0.09993252903223038,0.1372843235731125,0,True
572,0.9691346883773804,0.1325463056564331,1.0,0.06480584293603897,1.4079681634902954,1.412644863128662,0.08952528238296509,0.13896220922470093,0,True
573,0.9709241390228271,0.12147217243909836,1.0,0.06250611692667007,1.393385887145996,1.398526906967163,0.0877871960401535,0.16199061274528503,0,True
574,0.967104434967041,0.12420263886451721,1.0,0.0629301518201828,1.397323489189148,1.4016773700714111,0.08600758761167526,0.14280802011489868,0,True
575,0.9730938673019409,0.1295337677001953,1.0,0.06341612339019775,1.4415265321731567,1.446723461151123,0.0953371450304985,0.14322708547115326,0,True
576,0.9838390350341797,0.12725205719470978,1.0,0.06533697247505188,1.4069360494613647,1.4124953746795654,0.09255103766918182,0.15695452690124512,0,True
577,0.9825974702835083,0.11076658964157104,1.0,0.06512656807899475,1.4321842193603516,1.4370243549346924,0.08948981016874313,0.13739709556102753,0,True
578,0.9832088351249695,0.10919319838285446,1.0,0.06492432206869125,1.4225066900253296,1.4274359941482544,0.0952913910150528,0.12968555092811584,0,True
579,0.9875109195709229,0.11769513040781021,1.0,0.06435543298721313,1.4350155591964722,1.4399051666259766,0.08890058845281601,0.14511635899543762,0,True
580,0.9944730401039124,0.11516013741493225,1.0,0.0666877031326294,1.4202722311019897,1.4251744747161865,0.09297870844602585,0.1514796018600464,0,True
581,1.0015217065811157,0.12293247878551483,1.0,0.06631845235824585,1.4338984489440918,1.4392449855804443,0.08977259695529938,0.14026209712028503,0,True
582,1.018148422241211,0.13779745995998383,1.0,0.06608137488365173,1.417250156402588,1.422561526298523,0.0884416401386261,0.13153815269470215,0,True
583,1.0051299333572388,0.12295503914356232,1.0,0.06568409502506256,1.3898465633392334,1.395127296447754,0.0920054018497467,0.1280568242073059,0,True
584,0.9861035346984863,0.12122341245412827,1.0,0.06391480565071106,1.3914883136749268,1.3965661525726318,0.09729340672492981,0.14070934057235718,0,True
585,0.9697849750518799,0.11374937742948532,1.0,0.06296084821224213,1.4205667972564697,1.4249334335327148,0.09251239895820618,0.14588433504104614,0,True
586,0.9705901741981506,0.1261475533246994,1.0,0.06284984201192856,1.4150450229644775,1.420495867729187,0.09189771860837936,0.1386031210422516,0,True
587,0.972228467464447,0.12606965005397797,1.0,0.06397999823093414,1.4329718351364136,1.4380501508712769,0.09161455184221268,0.16721735894680023,0,True
588,0.9926193952560425,0.1173972487449646,1.0,0.06533678621053696,1.4457178115844727,1.4513416290283203,0.0900992676615715,0.2001529484987259,0,True
589,0.9863122701644897,0.11990293115377426,1.0,0.06520949304103851,1.4609780311584473,1.466242790222168,0.09342257678508759,0.16031041741371155,0,True
590,0.9810677170753479,0.11896119266748428,1.0,0.06497476249933243,1.4521119594573975,1.4572335481643677,0.08969201147556305,0.13398700952529907,0,True
591,0.9831281900405884,0.12026195228099823,1.0,0.06483998894691467,1.4272018671035767,1.4321250915527344,0.08623242378234863,0.1435701549053192,0,True
592,0.9932217001914978,0.12790623307228088,1.0,0.06594344973564148,1.4339344501495361,1.4389064311981201,0.09777173399925232,0.14930054545402527,0,True
593,0.9892414808273315,0.12795475125312805,1.0,0.06613050401210785,1.4231101274490356,1.4283206462860107,0.0935179814696312,0.14965009689331055,0,True
594,0.998853325843811,0.1257278323173523,1.0,0.06598920375108719,1.4019198417663574,1.4071574211120605,0.09079883992671967,0.15118137001991272,0,True
595,0.9970186948776245,0.1309799998998642,1.0,0.06481343507766724,1.404590129852295,1.4097654819488525,0.09123419225215912,0.13320739567279816,0,True
596,0.9811556339263916,0.12358508259057999,1.0,0.06419883668422699,1.3932514190673828,1.3977363109588623,0.08987227082252502,0.1492236852645874,0,True
597,0.9695613384246826,0.1131376326084137,1.0,0.06337293982505798,1.4234281778335571,1.4279913902282715,0.09469270706176758,0.1471986025571823,0,True
598,0.9809697866439819,0.1197492927312851,1.0,0.06366904079914093,1.430802345275879,1.4360431432724,0.09435074031352997,0.14822086691856384,0,True
599,0.9806392192840576,0.1296224296092987,1.0,0.06533829867839813,1.4062938690185547,1.4119250774383545,0.10471067577600479,0.16011542081832886,0,True
600,0.9823859333992004,0.1210138201713562,1.0,0.06525514274835587,1.4233777523040771,1.4285842180252075,0.09136121720075607,0.1693679690361023,0,True
601,0.9813787937164307,0.12567086517810822,1.0,0.06453721225261688,1.4273467063903809,1.4323444366455078,0.08978965133428574,0.13619258999824524,0,True
602,0.9836783409118652,0.13141070306301117,1.0,0.06483621150255203,1.4362691640853882,1.441471815109253,0.09763894230127335,0.11450272798538208,0,True
603,0.9847658276557922,0.1265718638896942,1.0,0.06500326097011566,1.4188382625579834,1.4242818355560303,0.09042061120271683,0.13987691700458527,0,True
604,0.9812816381454468,0.13354462385177612,1.0,0.06513916701078415,1.4136219024658203,1.4183324575424194,0.08907654136419296,0.14269447326660156,0,True
605,0.9763723611831665,0.13554233312606812,1.0,0.06556370109319687,1.429766058921814,1.4345834255218506,0.09615131467580795,0.13772287964820862,0,True
606,0.989620566368103,0.1316855400800705,1.0,0.06597667932510376,1.4154689311981201,1.4208012819290161,0.09056508541107178,0.14229127764701843,0,True
607,0.9925161004066467,0.12791606783866882,1.0,0.06512756645679474,1.4196624755859375,1.425412654876709,0.09256955236196518,0.1664154827594757,0,True
608,0.980434238910675,0.11714379489421844,1.0,0.06503801047801971,1.4139659404754639,1.4188984632492065,0.09027588367462158,0.15231774747371674,0,True
609,0.9743191003799438,0.12315960228443146,1.0,0.06388789415359497,1.4271433353424072,1.4322075843811035,0.09345488250255585,0.11974392831325531,0,True
610,0.9829451441764832,0.1271352767944336,1.0,0.0644880086183548,1.4258296489715576,1.431077241897583,0.11010618507862091,0.12930962443351746,0,True
611,0.9818363785743713,0.12444134056568146,1.0,0.06528565287590027,1.4306929111480713,1.4356904029846191,0.09122653305530548,0.1573561131954193,0,True
612,0.9878606796264648,0.11958421766757965,1.0,0.06508386135101318,1.4049257040023804,1.4102789163589478,0.09280403703451157,0.14737221598625183,0,True
613,0.9772464036941528,0.12805284559726715,1.0,0.06423325836658478,1.4323126077651978,1.4372992515563965,0.08622805774211884,0.11982984095811844,0,True
614,0.9846233129501343,0.12816235423088074,1.0,0.0646413266658783,1.4200778007507324,1.425178050994873,0.0895870104432106,0.13878512382507324,0,True
615,0.9860507249832153,0.12708336114883423,1.0,0.06482760608196259,1.4291973114013672,1.434143304824829,0.0876496285200119,0.15624463558197021,0,True
616,0.9859949946403503,0.13351468741893768,1.0,0.06503114104270935,1.4551169872283936,1.4600470066070557,0.09495309740304947,0.13365215063095093,0,True
617,0.9854259490966797,0.13643613457679749,1.0,0.06635387241840363,1.4387147426605225,1.443886160850525,0.09338179975748062,0.10930629074573517,0,True
618,0.9796638488769531,0.12959910929203033,1.0,0.06556321680545807,1.4246728420257568,1.4295042753219604,0.09264004975557327,0.13608840107917786,0,True
619,0.9854405522346497,0.12709054350852966,1.0,0.06511296331882477,1.4254186153411865,1.4305663108825684,0.09128102660179138,0.14357757568359375,0,True
620,0.9813889265060425,0.1255549192428589,1.0,0.06440696865320206,1.4081156253814697,1.4131712913513184,0.09557905048131943,0.13878712058067322,0,True
621,0.9751052856445312,0.1243324801325798,1.0,0.06426360458135605,1.409651279449463,1.4145026206970215,0.09503494203090668,0.13924825191497803,0,True
622,0.9740114212036133,0.12907686829566956,1.0,0.0641835480928421,1.421539068222046,1.4263049364089966,0.10421337932348251,0.15339769423007965,0,True
623,0.9776757955551147,0.13483066856861115,1.0,0.06453756988048553,1.427271842956543,1.4325031042099,0.09091990441083908,0.13572970032691956,0,True
624,0.9763535261154175,0.13576647639274597,1.0,0.06484337151050568,1.4072892665863037,1.412569522857666,0.09114949405193329,0.13116183876991272,0,True
625,0.9824978113174438,0.12317398935556412,1.0,0.06473633646965027,1.4219926595687866,1.4271306991577148,0.08837337046861649,0.1663275957107544,0,True
626,0.9849929213523865,0.12939295172691345,1.0,0.06423099339008331,1.4277889728546143,1.433128833770752,0.09061652421951294,0.12769053876399994,0,True
627,0.9690723419189453,0.12022462487220764,1.0,0.06473124027252197,1.4395841360092163,1.4442603588104248,0.08948323130607605,0.12329233437776566,0,True
628,0.9754227995872498,0.12374504655599594,1.0,0.06400232017040253,1.4239227771759033,1.4291622638702393,0.0874948650598526,0.1497144252061844,0,True
629,0.9902539253234863,0.13579335808753967,1.0,0.06556221842765808,1.4316298961639404,1.4371589422225952,0.09117425978183746,0.12754076719284058,0,True
630,0.9925510883331299,0.12974852323532104,1.0,0.0661514401435852,1.4335232973098755,1.4384725093841553,0.09000633656978607,0.1637934148311615,0,True
631,0.9742393493652344,0.11688587069511414,1.0,0.06456349045038223,1.4212646484375,1.4263479709625244,0.09334736317396164,0.14815407991409302,0,True
632,0.9597622752189636,0.12612012028694153,1.0,0.06347616016864777,1.4359776973724365,1.4409422874450684,0.09810259938240051,0.13577750325202942,0,True
633,0.9669108390808105,0.1262117326259613,1.0,0.06398703157901764,1.4313762187957764,1.4363914728164673,0.09699537605047226,0.15841829776763916,0,True
634,0.9700824022293091,0.14392848312854767,1.0,0.06498153507709503,1.4555649757385254,1.4609663486480713,0.08958176523447037,0.1433030366897583,0,True
635,0.9784717559814453,0.14559665322303772,1.0,0.06573472917079926,1.4060757160186768,1.411797046661377,0.09215156733989716,0.14606809616088867,0,True
636,0.9836989641189575,0.13050267100334167,1.0,0.06618131697177887,1.4305702447891235,1.4360369443893433,0.09065108746290207,0.15217655897140503,0,True
637,0.9786566495895386,0.12949812412261963,1.0,0.06495024263858795,1.4368029832839966,1.4419212341308594,0.08911585062742233,0.13853175938129425,0,True
638,0.9747482538223267,0.11989465355873108,1.0,0.06404976546764374,1.4168121814727783,1.4215621948242188,0.08509573340415955,0.13770253956317902,0,True
639,0.9787182807922363,0.12598498165607452,1.0,0.06472598016262054,1.429391860961914,1.4343783855438232,0.09649516642093658,0.14781661331653595,0,True
640,0.979244589805603,0.1252884566783905,1.0,0.06517039984464645,1.4325029850006104,1.437471628189087,0.08946660906076431,0.16403910517692566,0,True
641,0.9821892380714417,0.12463945150375366,1.0,0.06542593240737915,1.4252090454101562,1.4303631782531738,0.0854591652750969,0.16545920073986053,0,True
642,0.9803842306137085,0.1292964518070221,1.0,0.06432466208934784,1.4151362180709839,1.420140027999878,0.09740227460861206,0.14318445324897766,0,True
643,0.9736282825469971,0.12231750041246414,1.0,0.0638626366853714,1.4274449348449707,1.4321506023406982,0.08960823714733124,0.1691017895936966,0,True
644,0.9641004800796509,0.11875997483730316,1.0,0.06364870071411133,1.4197852611541748,1.4246796369552612,0.09349619597196579,0.1550687551498413,0,True
645,0.9593697786331177,0.1283782720565796,1.0,0.0642557144165039,1.4205881357192993,1.425421118736267,0.09371963888406754,0.14061903953552246,0,True
646,0.973253607749939,0.1324022114276886,1.0,0.0661127120256424,1.4592797756195068,1.4649529457092285,0.09178683161735535,0.14958342909812927,0,True
647,0.9890762567520142,0.13942351937294006,1.0,0.06787648051977158,1.4345300197601318,1.440216302871704,0.09416733682155609,0.14788728952407837,0,True
648,0.9801861047744751,0.12809237837791443,1.0,0.06691701710224152,1.4229447841644287,1.4276360273361206,0.09006842225790024,0.14462292194366455,0,True
649,0.9791946411132812,0.1301059126853943,1.0,0.06519637256860733,1.4184744358062744,1.4234076738357544,0.08990506827831268,0.1342000961303711,0,True
650,0.9820526838302612,0.1363224983215332,1.0,0.06414046883583069,1.4134939908981323,1.4184538125991821,0.09189334511756897,0.16934418678283691,0,True
651,0.976345419883728,0.14063280820846558,1.0,0.06363037973642349,1.3957486152648926,1.4002957344055176,0.08605919033288956,0.1687813103199005,0,True
652,0.9632759094238281,0.12612345814704895,1.0,0.06413114070892334,1.4406604766845703,1.4457066059112549,0.09374832361936569,0.16196808218955994,0,True
653,0.9706147909164429,0.12519319355487823,1.0,0.06426234543323517,1.4192562103271484,1.4247875213623047,0.09028128534555435,0.15262548625469208,0,True
654,0.9645476341247559,0.12753549218177795,1.0,0.06543289124965668,1.4157003164291382,1.4208792448043823,0.08881723880767822,0.16000545024871826,0,True
655,0.9506080150604248,0.12454389035701752,1.0,0.0643104612827301,1.4402092695236206,1.4449448585510254,0.08807451277971268,0.16390308737754822,0,True
656,0.9549931287765503,0.13046829402446747,1.0,0.06432490050792694,1.4397696256637573,1.4451606273651123,0.08798781782388687,0.14116260409355164,0,True
657,0.9559988975524902,0.13319166004657745,1.0,0.06568872928619385,1.4404892921447754,1.445464849472046,0.08719690889120102,0.1280210316181183,0,True
658,0.9648498296737671,0.1402464210987091,1.0,0.0667092502117157,1.4514997005462646,1.4567348957061768,0.09710656851530075,0.1416739821434021,0,True
659,0.9732105731964111,0.12997522950172424,1.0,0.06645271927118301,1.4341480731964111,1.4395893812179565,0.09479556232690811,0.13704699277877808,0,True
660,0.9738874435424805,0.13524481654167175,1.0,0.06607687473297119,1.4122991561889648,1.4173226356506348,0.09539377689361572,0.13880003988742828,0,True
661,0.9752318859100342,0.13457655906677246,1.0,0.06532852351665497,1.4096400737762451,1.4148250818252563,0.0925295427441597,0.15046270191669464,0,True
662,0.9661328792572021,0.13474342226982117,1.0,0.0635923445224762,1.3943226337432861,1.3988912105560303,0.08954944461584091,0.14093290269374847,0,True
663,0.9594417810440063,0.1405440866947174,1.0,0.06274467706680298,1.4122978448867798,1.417231798171997,0.09158424288034439,0.13884158432483673,0,True
664,0.9655765891075134,0.1343725323677063,1.0,0.06334511935710907,1.4168413877487183,1.4223134517669678,0.08749601244926453,0.16716238856315613,0,True
665,0.969063401222229,0.13632351160049438,1.0,0.0647621899843216,1.434916377067566,1.4404981136322021,0.08736753463745117,0.15096133947372437,0,True
666,0.9605039358139038,0.1358249932527542,1.0,0.06418908387422562,1.4132822751998901,1.4184575080871582,0.09052421897649765,0.15005627274513245,0,True
667,0.9550662040710449,0.13608911633491516,1.0,0.06462974846363068,1.4301519393920898,1.434862732887268,0.09570346772670746,0.15473000705242157,0,True
668,0.9600350260734558,0.13450714945793152,1.0,0.06468308717012405,1.4287147521972656,1.4339479207992554,0.09263690561056137,0.16168628633022308,0,True
669,0.961368203163147,0.1291103959083557,1.0,0.06521926075220108,1.4347779750823975,1.43976891040802,0.09057080745697021,0.14484837651252747,0,True
670,0.9630780220031738,0.12445792555809021,1.0,0.06496654450893402,1.4393330812454224,1.4443447589874268,0.08441248536109924,0.14455941319465637,0,True
671,0.9639519453048706,0.1428123414516449,1.0,0.06446470320224762,1.4201340675354004,1.4252409934997559,0.08981667459011078,0.1438213288784027,0,True
672,0.9688431620597839,0.14318375289440155,1.0,0.06497421860694885,1.42730712890625,1.4325436353683472,0.08882720023393631,0.1504581868648529,0,True
673,0.9627254605293274,0.13224159181118011,1.0,0.0642210990190506,1.4134076833724976,1.4182090759277344,0.08687833696603775,0.1396550089120865,0,True
674,0.9667681455612183,0.13102494180202484,1.0,0.06432744860649109,1.4294137954711914,1.4342899322509766,0.08699570596218109,0.15079717338085175,0,True
675,0.9612390995025635,0.14103615283966064,1.0,0.06480781733989716,1.4271221160888672,1.4324146509170532,0.09441058337688446,0.15632584691047668,0,True
676,0.9551759958267212,0.1385481059551239,1.0,0.06473298370838165,1.4144628047943115,1.4196553230285645,0.0873108059167862,0.16036662459373474,0,True
677,0.9492170810699463,0.13745704293251038,1.0,0.06381906569004059,1.4091519117355347,1.4137341976165771,0.09036286920309067,0.16748829185962677,0,True
678,0.9437318444252014,0.13838228583335876,1.0,0.06319226324558258,1.4277069568634033,1.4325098991394043,0.08647379279136658,0.17183224856853485,0,True
679,0.9464752674102783,0.14203108847141266,1.0,0.06376250833272934,1.4417626857757568,1.4470469951629639,0.08832234889268875,0.14964769780635834,0,True
680,0.958409309387207,0.1359114795923233,1.0,0.0656895712018013,1.4306879043579102,1.4362757205963135,0.10931996256113052,0.13982337713241577,0,True
681,0.9632222056388855,0.13003726303577423,1.0,0.06566161662340164,1.4129836559295654,1.418245553970337,0.08758322894573212,0.14099884033203125,0,True
682,0.9502872228622437,0.13472861051559448,1.0,0.06552936136722565,1.4615612030029297,1.4665167331695557,0.09108240157365799,0.14417830109596252,0,True
683,0.964657187461853,0.14156010746955872,1.0,0.06540625542402267,1.4246394634246826,1.4300880432128906,0.08803258836269379,0.12413302063941956,0,True
684,0.9630368947982788,0.13784098625183105,1.0,0.06435852497816086,1.4067356586456299,1.4115383625030518,0.09018877148628235,0.12314796447753906,0,True
685,0.9710181951522827,0.13115715980529785,1.0,0.06435377150774002,1.4000539779663086,1.405304193496704,0.09455005824565887,0.1603291630744934,0,True
686,0.960914134979248,0.1257326304912567,1.0,0.06460098922252655,1.406256914138794,1.4114190340042114,0.08845947682857513,0.13217367231845856,0,True
687,0.9488128423690796,0.12919513881206512,1.0,0.06344683468341827,1.4066435098648071,1.4108891487121582,0.09495092928409576,0.13715648651123047,0,True
688,0.9554522037506104,0.14890316128730774,1.0,0.06345474720001221,1.437615156173706,1.443284034729004,0.0899537205696106,0.14040735363960266,0,True
689,0.9472317695617676,0.14686253666877747,1.0,0.06457138061523438,1.4094804525375366,1.4144210815429688,0.0977887287735939,0.1558215469121933,0,True
690,0.9399781227111816,0.14544162154197693,1.0,0.06396298110485077,1.4523613452911377,1.4575756788253784,0.08695048838853836,0.14701072871685028,0,True
691,0.9428257346153259,0.1378609985113144,1.0,0.06482656300067902,1.4265801906585693,1.4318774938583374,0.09555519372224808,0.1465945690870285,0,True
692,0.9433321952819824,0.1455211341381073,1.0,0.06562069803476334,1.4406183958053589,1.4455852508544922,0.09192849695682526,0.14404094219207764,0,True
693,0.9669084548950195,0.14450687170028687,1.0,0.06628873944282532,1.4292752742767334,1.4343550205230713,0.09164032340049744,0.1621484011411667,0,True
694,0.9643639326095581,0.14722412824630737,1.0,0.06594926863908768,1.4190813302993774,1.424546718597412,0.08908381313085556,0.13026918470859528,0,True
695,0.9649007320404053,0.13851813971996307,1.0,0.06607752293348312,1.4238383769989014,1.4285694360733032,0.09122198075056076,0.1312636435031891,0,True
696,0.9520330429077148,0.14662908017635345,1.0,0.06414125859737396,1.4368475675582886,1.4417855739593506,0.0911373496055603,0.1295853853225708,0,True
697,0.9547559022903442,0.13539859652519226,1.0,0.0646640807390213,1.4219131469726562,1.4268996715545654,0.08927781879901886,0.12536495923995972,0,True
698,0.9593618512153625,0.1366940438747406,1.0,0.0642690509557724,1.4090073108673096,1.4141273498535156,0.09357395768165588,0.1538664698600769,0,True
699,0.9655685424804688,0.14283931255340576,1.0,0.0643651932477951,1.4362003803253174,1.4414688348770142,0.088294118642807,0.15865927934646606,0,True
700,0.9613211154937744,0.14415444433689117,1.0,0.06434820592403412,1.4218361377716064,1.427152156829834,0.0911845788359642,0.13682487607002258,0,True
701,0.9627525806427002,0.1395009607076645,1.0,0.06422878801822662,1.4155704975128174,1.4205212593078613,0.09114868193864822,0.14171700179576874,0,True
702,0.9394775629043579,0.13599395751953125,1.0,0.06334240734577179,1.425660490989685,1.4302985668182373,0.09137961268424988,0.16760146617889404,0,True
703,0.948453962802887,0.14346803724765778,1.0,0.06332195550203323,1.4368314743041992,1.4418432712554932,0.08727437257766724,0.1687103807926178,0,True
704,0.9521592259407043,0.14621034264564514,1.0,0.06508135795593262,1.4397876262664795,1.4448473453521729,0.09346755594015121,0.1630648970603943,0,True
705,0.9464724659919739,0.15176169574260712,1.0,0.0653652623295784,1.450228214263916,1.4552807807922363,0.091055728495121,0.1436571180820465,0,True
706,0.9489700794219971,0.1489267349243164,1.0,0.06577697396278381,1.448222279548645,1.4534482955932617,0.08775493502616882,0.13630953431129456,0,True
707,0.9450633525848389,0.14407794177532196,1.0,0.0645768940448761,1.418822169303894,1.423547387123108,0.09038788080215454,0.13803863525390625,0,True
708,0.9388519525527954,0.1384393721818924,1.0,0.0649472177028656,1.4276005029678345,1.4327232837677002,0.09346682578325272,0.12839102745056152,0,True
709,0.9528400301933289,0.13673824071884155,1.0,0.06548523902893066,1.4161721467971802,1.4213006496429443,0.09180112928152084,0.15709196031093597,0,True
710,0.9499069452285767,0.13841980695724487,1.0,0.06514105945825577,1.4169273376464844,1.421949863433838,0.08758407086133957,0.13749933242797852,0,True
711,0.9557018280029297,0.14949142932891846,1.0,0.06467438489198685,1.4051281213760376,1.4103785753250122,0.09962912648916245,0.15603360533714294,0,True
712,0.9600377678871155,0.15002644062042236,1.0,0.06425897777080536,1.4212459325790405,1.4267041683197021,0.0905926302075386,0.14929145574569702,0,True
713,0.9457749724388123,0.13847582042217255,1.0,0.06386160850524902,1.4031195640563965,1.407651424407959,0.0855003148317337,0.14247989654541016,0,True
714,0.9409788846969604,0.1476273387670517,1.0,0.06315705180168152,1.435389757156372,1.4407119750976562,0.0927022248506546,0.1385589987039566,0,True
715,0.9405510425567627,0.14584702253341675,1.0,0.06442715972661972,1.4231531620025635,1.428516149520874,0.0896160900592804,0.13729886710643768,0,True
716,0.9384952783584595,0.1372697353363037,1.0,0.06445195525884628,1.4421343803405762,1.4474345445632935,0.09331012517213821,0.15166376531124115,0,True
717,0.9407408237457275,0.1365443915128708,1.0,0.06487057358026505,1.4456520080566406,1.45091712474823,0.08984916657209396,0.12673908472061157,0,True
718,0.9455348253250122,0.13499806821346283,1.0,0.06576961278915405,1.4447765350341797,1.4497746229171753,0.09238950908184052,0.12865804135799408,0,True
719,0.9572477340698242,0.14059479534626007,1.0,0.06686537712812424,1.4466876983642578,1.4520518779754639,0.09156785905361176,0.15610139071941376,0,True
720,0.9567365646362305,0.13609781861305237,1.0,0.06656207889318466,1.4181795120239258,1.4232003688812256,0.09084748476743698,0.14871901273727417,0,True
721,0.9491269588470459,0.14286181330680847,1.0,0.06476737558841705,1.4391719102859497,1.4442741870880127,0.08599495887756348,0.1342899650335312,0,True
722,0.9504648447036743,0.1509043276309967,1.0,0.06450406461954117,1.402424693107605,1.407325029373169,0.09106292575597763,0.15206101536750793,0,True
723,0.9441846013069153,0.15083876252174377,1.0,0.06419329345226288,1.4241254329681396,1.4286212921142578,0.09387674927711487,0.15078105032444,0,True
724,0.9411999583244324,0.15518856048583984,1.0,0.06357137858867645,1.4147980213165283,1.4199130535125732,0.08896555751562119,0.13681744039058685,0,True
725,0.9263839721679688,0.15363070368766785,1.0,0.06390492618083954,1.4040828943252563,1.409318208694458,0.09017493575811386,0.14155711233615875,0,True
726,0.919732928276062,0.14355915784835815,1.0,0.06312242150306702,1.4351418018341064,1.4402707815170288,0.09702742099761963,0.1849997639656067,0,True
727,0.9278045296669006,0.14300724864006042,1.0,0.0639156848192215,1.4273383617401123,1.4326673746109009,0.09444110840559006,0.14785447716712952,0,True
728,0.9324756860733032,0.13705924153327942,1.0,0.06480160355567932,1.4634110927581787,1.4682115316390991,0.08934639394283295,0.12933290004730225,0,True
729,0.9390261173248291,0.14128068089485168,1.0,0.06585891544818878,1.4434601068496704,1.4490458965301514,0.09806007891893387,0.13783547282218933,0,True
730,0.9434765577316284,0.14536070823669434,1.0,0.0670948177576065,1.435784101486206,1.441089391708374,0.09336187690496445,0.13010402023792267,0,True
731,0.9546511173248291,0.13603752851486206,1.0,0.06579216569662094,1.4343833923339844,1.439742088317871,0.09069313853979111,0.15543927252292633,0,True
732,0.9577561616897583,0.13804656267166138,1.0,0.06527531892061234,1.408118724822998,1.4127790927886963,0.09006738662719727,0.13823343813419342,0,True
733,0.9533188343048096,0.15226030349731445,1.0,0.06426266580820084,1.4114434719085693,1.4163767099380493,0.09234029054641724,0.14790144562721252,0,True
734,0.9549170732498169,0.14862221479415894,1.0,0.06523992121219635,1.3947478532791138,1.4000966548919678,0.09159526973962784,0.14760595560073853,0,True
735,0.9352641105651855,0.14268139004707336,1.0,0.06405483186244965,1.4102673530578613,1.4150789976119995,0.08970871567726135,0.13447242975234985,0,True
736,0.9349706768989563,0.1466686725616455,1.0,0.06340969353914261,1.4087191820144653,1.413731575012207,0.09213171899318695,0.17562688887119293,0,True
737,0.9273229837417603,0.14654746651649475,1.0,0.06352972239255905,1.4054145812988281,1.4107787609100342,0.09145400673151016,0.16132216155529022,0,True
738,0.9266668558120728,0.14487367868423462,1.0,0.06390233337879181,1.4203894138336182,1.4255534410476685,0.10233626514673233,0.151750847697258,0,True
739,0.936000645160675,0.14565704762935638,1.0,0.06484264880418777,1.4211935997009277,1.4261267185211182,0.09390968829393387,0.1668843775987625,0,True
740,0.9409313201904297,0.14749713242053986,1.0,0.06558182835578918,1.4443279504776,1.4495179653167725,0.09234339743852615,0.14156991243362427,0,True
741,0.9429177045822144,0.1521025449037552,1.0,0.06635721027851105,1.4560182094573975,1.4613697528839111,0.09397266805171967,0.13112127780914307,0,True
742,0.950768768787384,0.14488179981708527,1.0,0.06638707220554352,1.4260915517807007,1.4312150478363037,0.09061014652252197,0.14382128417491913,0,True
743,0.9537338018417358,0.14465247094631195,1.0,0.06589268893003464,1.4255921840667725,1.4304163455963135,0.09712286293506622,0.13283930718898773,0,True
744,0.9611377716064453,0.15647253394126892,1.0,0.06630358099937439,1.409473180770874,1.4147589206695557,0.0894244909286499,0.1333974152803421,0,True
745,0.9536291360855103,0.15539810061454773,1.0,0.06513145565986633,1.386554479598999,1.3918744325637817,0.09285200387239456,0.1293279081583023,0,True
746,0.9338058233261108,0.14098326861858368,1.0,0.06304123252630234,1.4061837196350098,1.4108304977416992,0.08728102594614029,0.1603122502565384,0,True
747,0.934599757194519,0.14774708449840546,1.0,0.062357231974601746,1.3991601467132568,1.404123067855835,0.09394125640392303,0.1516319364309311,0,True
748,0.9220384359359741,0.143923819065094,1.0,0.06282676011323929,1.4224731922149658,1.4275392293930054,0.08812905102968216,0.14788299798965454,0,True
749,0.9294657111167908,0.1362806260585785,1.0,0.063979372382164,1.428771734237671,1.4344801902770996,0.08694807440042496,0.17127415537834167,0,True
750,0.9269737005233765,0.15555186569690704,1.0,0.06506679952144623,1.436739206314087,1.441687822341919,0.08936727046966553,0.15806615352630615,0,True
751,0.9226073026657104,0.1622673124074936,1.0,0.06505371630191803,1.4452459812164307,1.4500236511230469,0.08717475086450577,0.1630483865737915,0,True
752,0.9268593192100525,0.16400136053562164,1.0,0.06562858819961548,1.4593216180801392,1.4647685289382935,0.09089825302362442,0.1441991925239563,0,True
753,0.9329745769500732,0.1513211727142334,1.0,0.06673850119113922,1.4468590021133423,1.4520349502563477,0.09589594602584839,0.1352207511663437,0,True
754,0.9555193185806274,0.15527522563934326,1.0,0.06715507805347443,1.4096863269805908,1.415360927581787,0.0892653688788414,0.15321087837219238,0,True
755,0.9507304430007935,0.14799943566322327,1.0,0.06657673418521881,1.413041114807129,1.4185528755187988,0.0926055759191513,0.15740066766738892,0,True
756,0.933006763458252,0.14665040373802185,1.0,0.0644952654838562,1.3747570514678955,1.3795392513275146,0.08906674385070801,0.14142251014709473,0,True
757,0.9251312017440796,0.14712536334991455,1.0,0.06225313991308212,1.4131184816360474,1.417874813079834,0.08757762610912323,0.1320093721151352,0,True
758,0.9226346015930176,0.13842669129371643,1.0,0.061416853219270706,1.3946017026901245,1.3994331359863281,0.08922743052244186,0.1521150767803192,0,True
759,0.927777886390686,0.14171189069747925,1.0,0.06359858065843582,1.4289849996566772,1.4340964555740356,0.0864335149526596,0.16665294766426086,0,True
760,0.9354598522186279,0.14741745591163635,1.0,0.06395255029201508,1.4210205078125,1.42678964138031,0.08884620666503906,0.15703174471855164,0,True
761,0.9352937936782837,0.15169261395931244,1.0,0.06509344279766083,1.4288158416748047,1.4340028762817383,0.08551081269979477,0.1478809118270874,0,True
762,0.9327586889266968,0.15257230401039124,1.0,0.06501884758472443,1.427147626876831,1.4321603775024414,0.09272973984479904,0.1431402862071991,0,True
763,0.9311668872833252,0.15507033467292786,1.0,0.06485506892204285,1.4212685823440552,1.4262542724609375,0.08903936296701431,0.12606284022331238,0,True
764,0.9321900010108948,0.15669205784797668,1.0,0.06512190401554108,1.4571430683135986,1.4620873928070068,0.0911828875541687,0.14489281177520752,0,True
765,0.9478500485420227,0.15526150166988373,1.0,0.06670317053794861,1.4383642673492432,1.4439172744750977,0.09498369693756104,0.1454133540391922,0,True
766,0.9400300979614258,0.1483325958251953,1.0,0.06606016308069229,1.4228792190551758,1.4277318716049194,0.09130900353193283,0.13505207002162933,0,True
767,0.9431949257850647,0.14149488508701324,1.0,0.06553231179714203,1.4040706157684326,1.4092121124267578,0.09327960014343262,0.16731858253479004,0,True
768,0.9471645355224609,0.13761308789253235,1.0,0.0645313486456871,1.4172563552856445,1.4224103689193726,0.0900682732462883,0.16481736302375793,0,True
769,0.9313098192214966,0.14661884307861328,1.0,0.06412084400653839,1.4362146854400635,1.4414029121398926,0.09624120593070984,0.14456972479820251,0,True
770,0.9298245906829834,0.1437625288963318,1.0,0.06443008780479431,1.4229176044464111,1.4277088642120361,0.09777605533599854,0.17182135581970215,0,True
771,0.9284433126449585,0.154218852519989,1.0,0.06418364495038986,1.421553134918213,1.426619291305542,0.09350375086069107,0.12669283151626587,0,True
772,0.9296948909759521,0.15586364269256592,1.0,0.06494824588298798,1.4441957473754883,1.4492172002792358,0.08991044759750366,0.139717236161232,0,True
773,0.9257334470748901,0.1526794135570526,1.0,0.06545612215995789,1.422101378440857,1.427750825881958,0.09610869735479355,0.14249759912490845,0,True
774,0.9302022457122803,0.15248504281044006,1.0,0.0659247487783432,1.4198641777038574,1.4250543117523193,0.08958826959133148,0.13268551230430603,0,True
775,0.9293724298477173,0.1566624790430069,1.0,0.06472839415073395,1.427943229675293,1.4332367181777954,0.09412876516580582,0.1427534967660904,0,True
776,0.9291242957115173,0.151662677526474,1.0,0.06495972722768784,1.4328347444534302,1.4378139972686768,0.08768192678689957,0.11680401861667633,0,True
777,0.9307348132133484,0.15363019704818726,1.0,0.06461998075246811,1.405678629875183,1.4103728532791138,0.08993571251630783,0.131147563457489,0,True
778,0.9371649026870728,0.15856698155403137,1.0,0.0650053471326828,1.417154312133789,1.4223358631134033,0.0894915983080864,0.13705533742904663,0,True
779,0.9343258142471313,0.15336643159389496,1.0,0.06502726674079895,1.412606954574585,1.4176995754241943,0.0888025313615799,0.14994004368782043,0,True
780,0.9261534214019775,0.1481829136610031,1.0,0.06383875012397766,1.406888723373413,1.411659598350525,0.09124317765235901,0.15308916568756104,0,True
781,0.929312527179718,0.14974553883075714,1.0,0.0639856606721878,1.4084887504577637,1.4135537147521973,0.08930496871471405,0.13765683770179749,0,True
782,0.9384031295776367,0.15774968266487122,1.0,0.06415100395679474,1.4116857051849365,1.4165394306182861,0.0906144380569458,0.1359662115573883,0,True
783,0.9318464994430542,0.15256255865097046,1.0,0.06506455689668655,1.4092857837677002,1.4144222736358643,0.09047549962997437,0.14779531955718994,0,True
784,0.9191702604293823,0.15154629945755005,1.0,0.06386948376893997,1.4199271202087402,1.4253194332122803,0.08869333565235138,0.12761902809143066,0,True
785,0.9212350845336914,0.15618762373924255,1.0,0.06394170224666595,1.4196279048919678,1.4249098300933838,0.0931682214140892,0.1382150948047638,0,True
786,0.9210247993469238,0.14809978008270264,1.0,0.0641247034072876,1.434659481048584,1.4393980503082275,0.0941307544708252,0.13880646228790283,0,True
787,0.9276600480079651,0.1480691134929657,1.0,0.06436649709939957,1.4251723289489746,1.43026602268219,0.08863440155982971,0.13003000617027283,0,True
788,0.9326547980308533,0.16208520531654358,1.0,0.0648612529039383,1.4289222955703735,1.4342453479766846,0.09158003330230713,0.1303364783525467,0,True
789,0.9269651174545288,0.1502176821231842,1.0,0.06467200070619583,1.4223077297210693,1.4275126457214355,0.08774907886981964,0.15061721205711365,0,True
790,0.9249956607818604,0.16206178069114685,1.0,0.06387601792812347,1.4118237495422363,1.417224645614624,0.09085192531347275,0.1519128829240799,0,True
791,0.9261735081672668,0.14540156722068787,1.0,0.06419232487678528,1.4214963912963867,1.4259486198425293,0.08892131596803665,0.15169700980186462,0,True
792,0.9273797869682312,0.15348821878433228,1.0,0.0636257603764534,1.4247472286224365,1.4300099611282349,0.09390908479690552,0.1509803980588913,0,True
793,0.9301836490631104,0.1566794365644455,1.0,0.06448760628700256,1.4266554117202759,1.4322131872177124,0.09010191261768341,0.16380003094673157,0,True
794,0.930220365524292,0.15783075988292694,1.0,0.06484422087669373,1.4054008722305298,1.4106806516647339,0.08800090849399567,0.14301495254039764,0,True
795,0.9093455076217651,0.1629445105791092,1.0,0.06436190009117126,1.4230585098266602,1.4276022911071777,0.08825981616973877,0.13217991590499878,0,True
796,0.9135581254959106,0.16056834161281586,1.0,0.06383898854255676,1.4189090728759766,1.4239518642425537,0.0923510193824768,0.14008547365665436,0,True
797,0.9110603332519531,0.1611388921737671,1.0,0.06388486921787262,1.4250284433364868,1.4301635026931763,0.09203659743070602,0.12837958335876465,0,True
798,0.9254851937294006,0.15696823596954346,1.0,0.06508100032806396,1.405473232269287,1.4108481407165527,0.10429628938436508,0.1341494619846344,0,True
799,0.9123167395591736,0.14922548830509186,1.0,0.06535932421684265,1.424051284790039,1.428901195526123,0.09305808693170547,0.14201393723487854,0,True
800,0.9136682748794556,0.15168744325637817,1.0,0.06386861205101013,1.4353652000427246,1.4402108192443848,0.08849991112947464,0.13746972382068634,0,True
801,0.9240763783454895,0.15503132343292236,1.0,0.06409262120723724,1.4078062772750854,1.4131907224655151,0.09087146073579788,0.13070403039455414,0,True
802,0.9305492639541626,0.15419213473796844,1.0,0.06473234295845032,1.4231359958648682,1.42765212059021,0.08978305757045746,0.16442663967609406,0,True
803,0.9297912120819092,0.16257421672344208,1.0,0.06434313207864761,1.4421080350875854,1.4471909999847412,0.08895501494407654,0.15102845430374146,0,True
804,0.9211357831954956,0.16017884016036987,1.0,0.06451906263828278,1.4255884885787964,1.431046724319458,0.08993019908666611,0.12628813087940216,0,True
805,0.9089160561561584,0.16338634490966797,1.0,0.06437624990940094,1.4014397859573364,1.4065625667572021,0.08927314728498459,0.13087613880634308,0,True
806,0.9107396602630615,0.16659504175186157,1.0,0.063088558614254,1.4001874923706055,1.4052419662475586,0.08704642951488495,0.1467122733592987,0,True
807,0.9119905233383179,0.1637611985206604,1.0,0.06273657828569412,1.3846549987792969,1.389735221862793,0.0876147598028183,0.1475449800491333,0,True
808,0.8998937010765076,0.16741622984409332,1.0,0.0635269284248352,1.4215346574783325,1.4263255596160889,0.09131959080696106,0.13380514085292816,0,True
809,0.9054585695266724,0.16041666269302368,1.0,0.06368021667003632,1.4271197319030762,1.4319393634796143,0.0937340259552002,0.13417212665081024,0,True
810,0.9144138097763062,0.15514834225177765,1.0,0.06392689049243927,1.4172947406768799,1.4228349924087524,0.087269626557827,0.14940285682678223,0,True
811,0.9139212369918823,0.14480361342430115,1.0,0.06475964933633804,1.4285696744918823,1.4336822032928467,0.0929853543639183,0.1535632461309433,0,True
812,0.923712968826294,0.14872252941131592,1.0,0.06546454131603241,1.4558852910995483,1.4611854553222656,0.08800572901964188,0.1474328339099884,0,True
813,0.9347608089447021,0.15635716915130615,1.0,0.0655720978975296,1.433949589729309,1.4394376277923584,0.09049078077077866,0.14440463483333588,0,True
814,0.9291926622390747,0.15860271453857422,1.0,0.06471339613199234,1.420093059539795,1.4252309799194336,0.08742072433233261,0.1470024436712265,0,True
815,0.9162803888320923,0.16992062330245972,1.0,0.06421873718500137,1.427438735961914,1.4324049949645996,0.09242318570613861,0.13966938853263855,0,True
816,0.9082239866256714,0.17099517583847046,1.0,0.0632660761475563,1.4104290008544922,1.4152746200561523,0.08848312497138977,0.13844114542007446,0,True
817,0.8978530168533325,0.16648514568805695,1.0,0.06340864300727844,1.4260542392730713,1.4311320781707764,0.08544504642486572,0.1475895345211029,0,True
818,0.912680983543396,0.1655971109867096,1.0,0.06409195065498352,1.4142704010009766,1.4200382232666016,0.08934467285871506,0.14772307872772217,0,True
819,0.9035601615905762,0.1624871790409088,1.0,0.06489523500204086,1.4205703735351562,1.4256854057312012,0.08928397297859192,0.15092359483242035,0,True
820,0.909003734588623,0.1649406999349594,1.0,0.06428898870944977,1.4359450340270996,1.441136360168457,0.08889095485210419,0.14074137806892395,0,True
821,0.9133188724517822,0.16352546215057373,1.0,0.06396295130252838,1.4112744331359863,1.4161124229431152,0.08925975114107132,0.1265261471271515,0,True
822,0.9090375304222107,0.16050173342227936,1.0,0.06372486799955368,1.451086401939392,1.4557533264160156,0.08468794822692871,0.12728473544120789,0,True
823,0.9137896299362183,0.1649482250213623,1.0,0.06478876620531082,1.4426014423370361,1.4477348327636719,0.09139250218868256,0.1412660777568817,0,True
824,0.9167975187301636,0.1573483943939209,1.0,0.0659460723400116,1.4351418018341064,1.440348505973816,0.09010178595781326,0.15145307779312134,0,True
825,0.9203629493713379,0.16299575567245483,1.0,0.06577526777982712,1.4492509365081787,1.4542241096496582,0.0950787290930748,0.13488541543483734,0,True
826,0.9118580222129822,0.16767175495624542,1.0,0.06432539969682693,1.4144855737686157,1.4195047616958618,0.09241040796041489,0.14109167456626892,0,True
827,0.8941041827201843,0.1759418100118637,1.0,0.06393124908208847,1.4342950582504272,1.4389417171478271,0.08653460443019867,0.1354777216911316,0,True
828,0.9031631350517273,0.18583571910858154,1.0,0.0646790862083435,1.4300543069839478,1.4353890419006348,0.08881540596485138,0.1243039220571518,0,True
829,0.8998472094535828,0.17273232340812683,1.0,0.06514501571655273,1.4229347705841064,1.4278333187103271,0.0937979444861412,0.13646091520786285,0,True
830,0.8959362506866455,0.1636582762002945,1.0,0.06576670706272125,1.4448754787445068,1.449811339378357,0.09174280613660812,0.15287378430366516,0,True
831,0.9035724997520447,0.15835091471672058,1.0,0.06477728486061096,1.4397380352020264,1.4448972940444946,0.09782280027866364,0.1305992603302002,0,True
832,0.9048576951026917,0.16780894994735718,1.0,0.06363517045974731,1.4211853742599487,1.426048755645752,0.0916789323091507,0.13289552927017212,0,True
833,0.9043588042259216,0.16231787204742432,1.0,0.06410442292690277,1.4274940490722656,1.432368278503418,0.09211196005344391,0.15163937211036682,0,True
834,0.9148210883140564,0.16610658168792725,1.0,0.0650656670331955,1.4447507858276367,1.4501107931137085,0.10496190935373306,0.16282235085964203,0,True
835,0.9180763959884644,0.16641812026500702,1.0,0.06528274714946747,1.426567792892456,1.4320886135101318,0.08977965265512466,0.14052250981330872,0,True
836,0.9177559614181519,0.16710203886032104,1.0,0.064483642578125,1.41579008102417,1.421034812927246,0.08660226315259933,0.13070335984230042,0,True
837,0.9124592542648315,0.16624510288238525,1.0,0.06335093826055527,1.398684024810791,1.403219223022461,0.0858561098575592,0.1342933475971222,0,True
838,0.9015489816665649,0.17087683081626892,1.0,0.06358186900615692,1.4322631359100342,1.4368808269500732,0.08505575358867645,0.13178704679012299,0,True
839,0.9044888019561768,0.17684602737426758,1.0,0.06470032036304474,1.4101016521453857,1.415360689163208,0.09299547970294952,0.14443635940551758,0,True
840,0.8986688256263733,0.1671394556760788,1.0,0.06460657715797424,1.4176467657089233,1.4228878021240234,0.0869705080986023,0.14678096771240234,0,True
841,0.8887825608253479,0.16432461142539978,1.0,0.06433312594890594,1.4423425197601318,1.4472579956054688,0.0963299348950386,0.1397150307893753,0,True
842,0.8973169922828674,0.17355696856975555,1.0,0.06418108940124512,1.4251278638839722,1.4302496910095215,0.08737176656723022,0.1444932222366333,0,True
843,0.8997343182563782,0.16806146502494812,1.0,0.06475422531366348,1.4395440816879272,1.4450130462646484,0.08830207586288452,0.1376175582408905,0,True
844,0.899989902973175,0.16405433416366577,1.0,0.0653044655919075,1.4305155277252197,1.4356164932250977,0.08883442729711533,0.1486145555973053,0,True
845,0.903459906578064,0.17679771780967712,1.0,0.06563355028629303,1.450817584991455,1.456127405166626,0.08976095914840698,0.12339763343334198,0,True
846,0.908911943435669,0.1783924549818039,1.0,0.06554780900478363,1.4100401401519775,1.4149703979492188,0.08978427946567535,0.14013713598251343,0,True
847,0.9159327149391174,0.18651045858860016,1.0,0.06481894105672836,1.4398388862609863,1.44478178024292,0.08932267129421234,0.15155190229415894,0,True
848,0.9102019667625427,0.17686700820922852,1.0,0.06447035074234009,1.408852219581604,1.4135100841522217,0.09112706035375595,0.13722503185272217,0,True
849,0.904107391834259,0.17307960987091064,1.0,0.06328684091567993,1.4170109033584595,1.4222664833068848,0.0950160101056099,0.12623775005340576,0,True
850,0.907678484916687,0.17213135957717896,1.0,0.06456246227025986,1.4106289148330688,1.4158992767333984,0.08829401433467865,0.13728272914886475,0,True
851,0.896827220916748,0.17256468534469604,1.0,0.06441114842891693,1.419177532196045,1.424156904220581,0.08817628026008606,0.1273173987865448,0,True
852,0.8935153484344482,0.16841194033622742,1.0,0.06322287023067474,1.4038268327713013,1.4088793992996216,0.08930912613868713,0.1287710815668106,0,True
853,0.8960214257240295,0.1695663332939148,1.0,0.06342688202857971,1.4199752807617188,1.4250743389129639,0.09165699779987335,0.12669160962104797,0,True
854,0.8950402736663818,0.1633756160736084,1.0,0.06421037018299103,1.428490161895752,1.4331655502319336,0.09149719774723053,0.13626283407211304,0,True
855,0.8995115756988525,0.16443490982055664,1.0,0.0650203600525856,1.4332878589630127,1.438653826713562,0.09065134823322296,0.1398046910762787,0,True
856,0.9114283323287964,0.16764035820960999,1.0,0.06502268463373184,1.4294462203979492,1.434755563735962,0.0874127596616745,0.14340746402740479,0,True
857,0.9202449321746826,0.17437496781349182,1.0,0.06567824631929398,1.4191508293151855,1.4245262145996094,0.09539096802473068,0.14634881913661957,0,True
858,0.9202893972396851,0.17876482009887695,1.0,0.06496728956699371,1.4227734804153442,1.427868366241455,0.08677513897418976,0.14711767435073853,0,True
859,0.9017291069030762,0.17567303776741028,1.0,0.063462033867836,1.4079831838607788,1.4125425815582275,0.08715449273586273,0.14266091585159302,0,True
860,0.8998351097106934,0.1707410216331482,1.0,0.06327977776527405,1.4120914936065674,1.4170832633972168,0.08896032720804214,0.13828003406524658,0,True
861,0.901518702507019,0.17330920696258545,1.0,0.0637630820274353,1.409377098083496,1.4142247438430786,0.0884919986128807,0.16150932013988495,0,True
862,0.907717227935791,0.17285311222076416,1.0,0.0643005222082138,1.4296398162841797,1.435162901878357,0.08867032080888748,0.1477072387933731,0,True
863,0.9084722995758057,0.17384663224220276,1.0,0.06497938185930252,1.407165765762329,1.4126429557800293,0.08665437996387482,0.1383342444896698,0,True
864,0.8989509344100952,0.17050835490226746,1.0,0.06420372426509857,1.4215800762176514,1.4263635873794556,0.09279759973287582,0.15444067120552063,0,True
865,0.8972965478897095,0.1714591383934021,1.0,0.06323526799678802,1.4321966171264648,1.4370815753936768,0.08927324414253235,0.13560853898525238,0,True
866,0.9004940986633301,0.16962674260139465,1.0,0.06405748426914215,1.436797857284546,1.4417452812194824,0.09001990407705307,0.14058266580104828,0,True
867,0.9035094380378723,0.17651128768920898,1.0,0.065460205078125,1.4376444816589355,1.4425369501113892,0.09205865114927292,0.13899096846580505,0,True
868,0.9088847637176514,0.1797879934310913,1.0,0.06615370512008667,1.4366308450698853,1.4421751499176025,0.08881679177284241,0.15030404925346375,0,True
869,0.909751296043396,0.17833669483661652,1.0,0.06615495681762695,1.419668197631836,1.4247493743896484,0.09165347367525101,0.15509888529777527,0,True
870,0.8923449516296387,0.17060160636901855,1.0,0.0645865872502327,1.4133894443511963,1.4182237386703491,0.0928061455488205,0.14109687507152557,0,True
871,0.8893538117408752,0.1827324628829956,1.0,0.06323477625846863,1.3976022005081177,1.4024989604949951,0.0885406956076622,0.12131503224372864,0,True
872,0.8894217610359192,0.18142178654670715,1.0,0.0625741183757782,1.3849871158599854,1.390127182006836,0.09276559948921204,0.14706233143806458,0,True
873,0.8950411081314087,0.17574964463710785,1.0,0.06390301883220673,1.3991711139678955,1.4043869972229004,0.08851843327283859,0.13482549786567688,0,True
874,0.8900949954986572,0.1626162827014923,1.0,0.06316883862018585,1.3969995975494385,1.402047872543335,0.09146219491958618,0.13133159279823303,0,True
875,0.8886008262634277,0.16370561718940735,1.0,0.06393934786319733,1.428452730178833,1.4337371587753296,0.09288811683654785,0.1317421942949295,0,True
876,0.8934215307235718,0.1649458408355713,1.0,0.06439699232578278,1.4189705848693848,1.4241998195648193,0.09017595648765564,0.13123643398284912,0,True
877,0.8981282711029053,0.16371330618858337,1.0,0.0640781819820404,1.4219363927841187,1.4270503520965576,0.09046176820993423,0.1563536524772644,0,True
878,0.8962684869766235,0.17412184178829193,1.0,0.0645996704697609,1.4321752786636353,1.4368133544921875,0.08970832079648972,0.1572684645652771,0,True
879,0.9014593362808228,0.1852453351020813,1.0,0.06503772735595703,1.4356086254119873,1.4411625862121582,0.08494582027196884,0.14159435033798218,0,True
880,0.9047664403915405,0.19182325899600983,1.0,0.06565386801958084,1.4023444652557373,1.4076809883117676,0.09239666163921356,0.13330914080142975,0,True
881,0.8936805725097656,0.18630573153495789,1.0,0.0643073320388794,1.4221290349960327,1.4272706508636475,0.09153120964765549,0.1419699490070343,0,True
882,0.9037542343139648,0.1831192970275879,1.0,0.065217524766922,1.431699275970459,1.4370962381362915,0.0999523401260376,0.11556040495634079,0,True
883,0.8915436863899231,0.18594515323638916,1.0,0.0643404871225357,1.4087190628051758,1.4136775732040405,0.08835778385400772,0.1321582943201065,0,True
884,0.8838788866996765,0.17834614217281342,1.0,0.06405996531248093,1.413299322128296,1.418198823928833,0.08989357948303223,0.12444904446601868,0,True
885,0.8711884617805481,0.1725074052810669,1.0,0.0627751424908638,1.4249835014343262,1.4296789169311523,0.09557058662176132,0.13606441020965576,0,True
886,0.8769587278366089,0.16926664113998413,1.0,0.06341727077960968,1.4290533065795898,1.4345390796661377,0.08869881927967072,0.14895248413085938,0,True
887,0.8958932161331177,0.16533707082271576,1.0,0.06504058837890625,1.417419195175171,1.4228882789611816,0.09018081426620483,0.15314631164073944,0,True
888,0.9080920219421387,0.17297664284706116,1.0,0.06654421985149384,1.4340664148330688,1.4389746189117432,0.08800937980413437,0.1316152811050415,0,True
889,0.9034045934677124,0.17451585829257965,1.0,0.06581398844718933,1.4575505256652832,1.46286940574646,0.08691400289535522,0.14419260621070862,0,True
890,0.8962826728820801,0.17617686092853546,1.0,0.06513508409261703,1.4080259799957275,1.4132425785064697,0.09579560905694962,0.12865431606769562,0,True
891,0.8905514478683472,0.1827579289674759,1.0,0.06434477865695953,1.421079158782959,1.42586350440979,0.09392125904560089,0.14317509531974792,0,True
892,0.9053171277046204,0.1888180673122406,1.0,0.0650777518749237,1.4126722812652588,1.4176764488220215,0.09537570923566818,0.147731751203537,0,True
893,0.9024830460548401,0.18270257115364075,1.0,0.06514899432659149,1.4088566303253174,1.4143214225769043,0.09381715208292007,0.12459670007228851,0,True
894,0.890684187412262,0.17515283823013306,1.0,0.06524185836315155,1.397700548171997,1.4029576778411865,0.08734438568353653,0.12931053340435028,0,True
895,0.8630714416503906,0.17580369114875793,1.0,0.06258778274059296,1.3946387767791748,1.3990546464920044,0.08913534134626389,0.15823744237422943,0,True
896,0.8632403612136841,0.18080079555511475,1.0,0.06176882982254028,1.4315979480743408,1.4366676807403564,0.0890498086810112,0.13895781338214874,0,True
897,0.8735260963439941,0.16997100412845612,1.0,0.06350164115428925,1.4283313751220703,1.4336774349212646,0.09494747221469879,0.1393367201089859,0,True
898,0.8796658515930176,0.1787295639514923,1.0,0.06586944311857224,1.439475655555725,1.4449853897094727,0.09522227942943573,0.1402345895767212,0,True
899,0.8961635828018188,0.1813385784626007,1.0,0.06624504923820496,1.4481045007705688,1.4539117813110352,0.0888650193810463,0.1400870382785797,0,True
900,0.8948487043380737,0.18897053599357605,1.0,0.06606528162956238,1.4465019702911377,1.4514755010604858,0.09059985727071762,0.12973825633525848,0,True
901,0.8916661739349365,0.20033180713653564,1.0,0.06545813381671906,1.4409456253051758,1.4456422328948975,0.08947565406560898,0.1353386789560318,0,True
902,0.8912599086761475,0.19767960906028748,1.0,0.06392836570739746,1.408754825592041,1.4138836860656738,0.08783179521560669,0.12339244782924652,0,True
903,0.8991102576255798,0.19637908041477203,1.0,0.0650135725736618,1.4168431758880615,1.4219036102294922,0.09086434543132782,0.12745940685272217,0,True
904,0.8864287734031677,0.1905512511730194,1.0,0.06507911533117294,1.3963426351547241,1.4011895656585693,0.0898633599281311,0.14294716715812683,0,True
905,0.8725616335868835,0.17894968390464783,1.0,0.06413369625806808,1.3956246376037598,1.4003362655639648,0.09849824011325836,0.11904021352529526,0,True
906,0.8701504468917847,0.17919251322746277,1.0,0.06215688958764076,1.4177671670913696,1.4229578971862793,0.09434139728546143,0.13428980112075806,0,True
907,0.8768877983093262,0.1784544289112091,1.0,0.06277644634246826,1.399888038635254,1.405155062675476,0.09317243099212646,0.14714720845222473,0,True
908,0.8777942657470703,0.17019405961036682,1.0,0.06323674321174622,1.428288459777832,1.4332730770111084,0.08479437977075577,0.15372270345687866,0,True
909,0.8954212069511414,0.17672473192214966,1.0,0.06549710035324097,1.453369379043579,1.4586024284362793,0.08932381123304367,0.14836055040359497,0,True
910,0.8983612060546875,0.1762058138847351,1.0,0.06629633158445358,1.4111416339874268,1.4164842367172241,0.09478013962507248,0.12687081098556519,0,True
911,0.8895087242126465,0.1755814254283905,1.0,0.0651572048664093,1.4234428405761719,1.427617073059082,0.08786244690418243,0.12876012921333313,0,True
912,0.9133721590042114,0.18284925818443298,1.0,0.06434525549411774,1.4332947731018066,1.4384715557098389,0.09166967123746872,0.13735352456569672,0,True
913,0.9181660413742065,0.18581868708133698,1.0,0.06631433963775635,1.402767539024353,1.4078752994537354,0.10316368192434311,0.1298666149377823,0,True
914,0.8992088437080383,0.1703820824623108,1.0,0.06599161773920059,1.4024629592895508,1.407168984413147,0.09891026467084885,0.13877445459365845,0,True
915,0.8931549787521362,0.170381098985672,1.0,0.0639447271823883,1.3997852802276611,1.404782772064209,0.10787057131528854,0.13818052411079407,0,True
916,0.8802396655082703,0.18090084195137024,1.0,0.06290385127067566,1.3910601139068604,1.3961174488067627,0.09040720015764236,0.12763991951942444,0,True
917,0.8775821924209595,0.1808440387248993,1.0,0.06234287470579147,1.4015878438949585,1.406795859336853,0.09451445192098618,0.14704352617263794,0,True
918,0.872733473777771,0.18354791402816772,1.0,0.0629001259803772,1.418694257736206,1.4235355854034424,0.09453059732913971,0.14686104655265808,0,True
919,0.8780862092971802,0.18326714634895325,1.0,0.06328971683979034,1.4252415895462036,1.4303545951843262,0.09314978867769241,0.1391572654247284,0,True
920,0.8789160847663879,0.1826271265745163,1.0,0.06482386589050293,1.451179027557373,1.4566845893859863,0.08689650148153305,0.1351083517074585,0,True
921,0.8850289583206177,0.18090352416038513,1.0,0.0652024894952774,1.4298887252807617,1.435335636138916,0.08941174298524857,0.14781315624713898,0,True
922,0.8949545621871948,0.19063137471675873,1.0,0.06582917273044586,1.4242650270462036,1.429168939590454,0.10452531278133392,0.12900838255882263,0,True
923,0.8987791538238525,0.19705995917320251,1.0,0.06609043478965759,1.4695725440979004,1.474503517150879,0.09717923402786255,0.13455688953399658,0,True
924,0.8951983451843262,0.19840681552886963,1.0,0.06573229283094406,1.4149937629699707,1.4201631546020508,0.08856715261936188,0.14818733930587769,0,True
925,0.8689522743225098,0.18631413578987122,1.0,0.06457582861185074,1.4178862571716309,1.4227356910705566,0.08804579824209213,0.13759902119636536,0,True
926,0.8781293630599976,0.18190684914588928,1.0,0.06404445320367813,1.3919880390167236,1.3967679738998413,0.08948466926813126,0.13066193461418152,0,True
927,0.8741887211799622,0.17478060722351074,1.0,0.06273454427719116,1.4032857418060303,1.4085297584533691,0.08807048946619034,0.13514170050621033,0,True
928,0.8807117938995361,0.1733289361000061,1.0,0.06393194943666458,1.3903559446334839,1.3954646587371826,0.09564457088708878,0.14779476821422577,0,True
929,0.8697760105133057,0.1860174834728241,1.0,0.06354905664920807,1.4022539854049683,1.4074409008026123,0.08838750422000885,0.14611996710300446,0,True
930,0.8610986471176147,0.19143784046173096,1.0,0.06314358115196228,1.4244465827941895,1.429344654083252,0.08766061067581177,0.1327439695596695,0,True
931,0.8677775263786316,0.19313132762908936,1.0,0.06385190784931183,1.430492639541626,1.4355664253234863,0.0978163331747055,0.11954844743013382,0,True
932,0.8698391914367676,0.19113682210445404,1.0,0.06513744592666626,1.4430747032165527,1.4482994079589844,0.09581772983074188,0.1464202105998993,0,True
933,0.8835996389389038,0.19974133372306824,1.0,0.066146120429039,1.431037425994873,1.436788558959961,0.09091293811798096,0.17048858106136322,0,True
934,0.8888602256774902,0.1937246173620224,1.0,0.06650681048631668,1.4228298664093018,1.4279756546020508,0.09365150332450867,0.1208169013261795,0,True
935,0.8776763677597046,0.19330884516239166,1.0,0.06514531373977661,1.401172161102295,1.405921459197998,0.08838613331317902,0.12377037107944489,0,True
936,0.8663030862808228,0.19971708953380585,1.0,0.06354645639657974,1.4126877784729004,1.4176123142242432,0.09119394421577454,0.12175215780735016,0,True
937,0.8703646659851074,0.19498446583747864,1.0,0.06337806582450867,1.3940954208374023,1.3992764949798584,0.08682134002447128,0.12810495495796204,0,True
938,0.8673752546310425,0.1909235566854477,1.0,0.06411466747522354,1.4013671875,1.406641960144043,0.08911319077014923,0.14483968913555145,0,True
939,0.8676650524139404,0.17656207084655762,1.0,0.06475621461868286,1.4008525609970093,1.406630039215088,0.09144626557826996,0.14823463559150696,0,True
940,0.865180253982544,0.1871439814567566,1.0,0.06329336762428284,1.399044394493103,1.4042860269546509,0.09293609857559204,0.13999080657958984,0,True
941,0.8677183389663696,0.19632211327552795,1.0,0.06357894837856293,1.4254299402236938,1.430375576019287,0.0889691635966301,0.12324805557727814,0,True
942,0.8690752983093262,0.20076191425323486,1.0,0.063907191157341,1.4315612316131592,1.4364969730377197,0.09559927135705948,0.13875803351402283,0,True
943,0.8739362955093384,0.1998223066329956,1.0,0.06545306742191315,1.4421707391738892,1.4472072124481201,0.09407547861337662,0.12642723321914673,0,True
944,0.8841543197631836,0.19994886219501495,1.0,0.06535448133945465,1.433126449584961,1.4386398792266846,0.09152495115995407,0.13201431930065155,0,True
945,0.8821244239807129,0.20217055082321167,1.0,0.06538501381874084,1.4225502014160156,1.4278855323791504,0.08522878587245941,0.1258423924446106,0,True
946,0.87800133228302,0.20143716037273407,1.0,0.06442002952098846,1.4245728254318237,1.4297646284103394,0.09146451205015182,0.1422843486070633,0,True
947,0.8705805540084839,0.20819158852100372,1.0,0.0637163445353508,1.407468318939209,1.4122140407562256,0.09071183949708939,0.1277933418750763,0,True
948,0.8596185445785522,0.20589274168014526,1.0,0.06305189430713654,1.4353382587432861,1.4401979446411133,0.08609163016080856,0.12270231544971466,0,True
949,0.861323356628418,0.19153544306755066,1.0,0.06403475999832153,1.4150573015213013,1.4203263521194458,0.08674229681491852,0.12249209731817245,0,True
950,0.8614967465400696,0.18341109156608582,1.0,0.06426038593053818,1.4093595743179321,1.41463303565979,0.08651723712682724,0.14778882265090942,0,True
951,0.8697985410690308,0.17910680174827576,1.0,0.06417495012283325,1.4141613245010376,1.4194530248641968,0.0883641168475151,0.15198534727096558,0,True
952,0.8827539086341858,0.18765711784362793,1.0,0.06428106129169464,1.427417278289795,1.432702660560608,0.09777934104204178,0.16278532147407532,0,True
953,0.8902251124382019,0.19114132225513458,1.0,0.06479085981845856,1.423561692237854,1.4285377264022827,0.09463449567556381,0.1492360532283783,0,True
954,0.8838085532188416,0.19064122438430786,1.0,0.06442052125930786,1.432510256767273,1.4375,0.09494411200284958,0.14583656191825867,0,True
955,0.8813832998275757,0.19963288307189941,1.0,0.06424762308597565,1.4281706809997559,1.4332743883132935,0.08625908195972443,0.13965573906898499,0,True
956,0.875697135925293,0.19343969225883484,1.0,0.06508542597293854,1.4356603622436523,1.4404377937316895,0.08838185667991638,0.13341353833675385,0,True
957,0.8706346750259399,0.19651475548744202,1.0,0.06468749791383743,1.4438509941101074,1.4489521980285645,0.09128962457180023,0.14472012221813202,0,True
958,0.8677083253860474,0.2072088122367859,1.0,0.06490965932607651,1.411293625831604,1.4171700477600098,0.0970497578382492,0.14651963114738464,0,True
959,0.8643677234649658,0.19064421951770782,1.0,0.0641804113984108,1.4012718200683594,1.4059247970581055,0.08738008141517639,0.128667414188385,0,True
960,0.09890640527009964,0.9073491096496582,1.0,0.06276294589042664,1.4099937677383423,1.4143506288528442,0.09947177767753601,0.015468810684978962,115,True
961,0.2569894790649414,0.7485364675521851,0.1015625,0.06362362205982208,0.7452934384346008,0.747347891330719,0.08312363922595978,0.6381595134735107,0,True
962,0.17716434597969055,0.8292646408081055,0.1015625,0.07454732805490494,1.3266956806182861,1.323042631149292,0.11991938203573227,0.6149396896362305,0,True
963,0.20130062103271484,0.8106303215026855,0.1015625,0.07278019189834595,1.0282567739486694,1.029158592224121,0.13486383855342865,0.6509726643562317,0,True
964,0.13474300503730774,0.8738070726394653,0.1015625,0.06020131707191467,0.9256647825241089,0.9253289699554443,0.09131243079900742,0.5067253708839417,0,True
965,0.09090878069400787,0.9117893576622009,0.1015625,0.059718284755945206,0.8223414421081543,0.8206943273544312,0.10572218894958496,0.5913106203079224,0,True
966,0.04722773656249046,0.9575710892677307,0.1015625,0.061700962483882904,0.857932448387146,0.8584019541740417,0.10171622037887573,0.7545146942138672,0,True
967,0.03388022631406784,0.9724080562591553,0.1015625,0.06383667141199112,0.8782367706298828,0.879149854183197,0.11263522505760193,0.988663911819458,0,True
968,0.05394284427165985,0.9560307264328003,0.1015625,0.06949415802955627,0.9661046266555786,0.9674074649810791,0.1322675347328186,1.0532478094100952,0,True
969,0.05899269878864288,0.9486923217773438,0.1015625,0.0743950605392456,0.9582659006118774,0.9604095220565796,0.12570051848888397,1.0478376150131226,0,True
970,0.09433834254741669,0.912021279335022,0.1015625,0.07028809934854507,1.0168113708496094,1.0176159143447876,0.11259157955646515,1.1478922367095947,0,True
971,0.09123559296131134,0.9123945832252502,0.1015625,0.0668434351682663,1.0734443664550781,1.0734162330627441,0.12340187281370163,0.9268441200256348,0,True
972,0.1446336954832077,0.86339271068573,0.1015625,0.0602593719959259,1.09330415725708,1.0923446416854858,0.11269953101873398,0.8246340751647949,0,True
973,0.1895727515220642,0.8173181414604187,0.1015625,0.0602671355009079,1.156196117401123,1.1567866802215576,0.11970501393079758,0.70065838098526,0,True
974,0.21941450238227844,0.7917653322219849,0.1015625,0.06184597685933113,1.2489205598831177,1.2501909732818604,0.12319055944681168,0.5602701902389526,0,True
975,0.248389333486557,0.7552690505981445,0.1015625,0.0613262839615345,1.3453420400619507,1.3456485271453857,0.10537388920783997,0.44187450408935547,0,True
976,0.26802682876586914,0.7349650859832764,0.1015625,0.061092525720596313,1.3681731224060059,1.3687422275543213,0.09861245006322861,0.3653367757797241,0,True
977,0.2974311113357544,0.7054717540740967,0.1015625,0.057017482817173004,1.4487587213516235,1.450318455696106,0.09937817603349686,0.34931108355522156,0,True
978,0.3356657028198242,0.6697787046432495,0.1015625,0.05403316393494606,1.4532837867736816,1.455292820930481,0.10587149858474731,0.313954621553421,0,True
979,0.3864259123802185,0.6297135353088379,0.1015625,0.054645683616399765,1.4601616859436035,1.4625871181488037,0.13010276854038239,0.31904590129852295,0,True
980,0.4218246340751648,0.6012148857116699,0.1015625,0.05401546135544777,1.4612336158752441,1.4639999866485596,0.09314237534999847,0.30886393785476685,0,True
981,0.43584343791007996,0.5863665342330933,0.1015625,0.05356993153691292,1.4349486827850342,1.4380953311920166,0.09049338102340698,0.28115585446357727,0,True
982,0.4585467576980591,0.5629464387893677,0.1015625,0.05206766724586487,1.4466145038604736,1.4500941038131714,0.10432536900043488,0.30098432302474976,0,True
983,0.46966177225112915,0.5582890510559082,0.1015625,0.051724717020988464,1.446738839149475,1.4504551887512207,0.088947594165802,0.28080451488494873,0,True
984,0.48702272772789,0.544170618057251,0.1015625,0.05433601886034012,1.4352459907531738,1.4400606155395508,0.11224368214607239,0.30865567922592163,0,True
985,0.4812156856060028,0.5479268431663513,0.1015625,0.053748391568660736,1.4257452487945557,1.4294626712799072,0.09661813825368881,0.3722788691520691,0,True
986,0.46354371309280396,0.5602136850357056,0.1015625,0.055807195603847504,1.4759306907653809,1.479366660118103,0.1101168617606163,0.38907480239868164,0,True
987,0.4625253677368164,0.5510545969009399,0.1015625,0.053927432745695114,1.4630389213562012,1.466469407081604,0.09999202191829681,0.3659589886665344,0,True
988,0.4698615074157715,0.5390742421150208,0.1015625,0.05420071631669998,1.4730606079101562,1.4768072366714478,0.09327540546655655,0.3522005081176758,0,True
989,0.48379841446876526,0.5283593535423279,0.1015625,0.05809014290571213,1.485255479812622,1.4893490076065063,0.1060938686132431,0.3728433847427368,0,True
990,0.5035995244979858,0.5072470307350159,0.1015625,0.0597321055829525,1.4941236972808838,1.4984290599822998,0.10369721055030823,0.3785688877105713,0,True
991,0.5363355875015259,0.48115459084510803,0.1015625,0.059950944036245346,1.4881786108016968,1.4928812980651855,0.10753476619720459,0.35524895787239075,0,True
992,0.5765998363494873,0.44232141971588135,0.1015625,0.06041549891233444,1.449790596961975,1.453863501548767,0.10653502494096756,0.3135761320590973,0,True
993,0.5899391770362854,0.4266389012336731,0.1015625,0.061246685683727264,1.4246110916137695,1.4284570217132568,0.1055210530757904,0.2572459280490875,0,True
994,0.6110544204711914,0.41015684604644775,0.1015625,0.061998747289180756,1.4711363315582275,1.474980354309082,0.10782323032617569,0.3032045364379883,0,True
995,0.6183662414550781,0.42086124420166016,0.1015625,0.06063486635684967,1.4405937194824219,1.4451467990875244,0.09655468165874481,0.3005879521369934,0,True
996,0.6190223693847656,0.4170078933238983,0.1015625,0.06080508977174759,1.3515126705169678,1.3556147813796997,0.15812630951404572,0.2933024764060974,0,True
997,0.621907114982605,0.4216124415397644,0.1015625,0.060161277651786804,1.3907029628753662,1.3950992822647095,0.1022956371307373,0.3041383922100067,0,True
998,0.6421653032302856,0.41990959644317627,0.1015625,0.05981887876987457,1.3912779092788696,1.396092414855957,0.12959687411785126,0.3278071880340576,0,True
999,0.6232789158821106,0.42253464460372925,0.1015625,0.05873711779713631,1.4230568408966064,1.4277279376983643,0.09926069527864456,0.32117316126823425,0,True
1000,0.5980253219604492,0.4299103021621704,0.1015625,0.05967579036951065,1.420009970664978,1.4246289730072021,0.09647437930107117,0.2891146242618561,1,True
