step,mean_vel_x,mean_abs_vx_error,p2_fault_active_mean,residual_action_mean_norm,final_action_mean_norm,base_action_mean_norm,residual_action_max_norm,mean_abs_yaw_error,done_count,no_nan_inf
1,0.12658099830150604,0.8734190464019775,0.0,0.06625653803348541,0.6453126668930054,0.6459068059921265,0.0816497877240181,0.7751844525337219,0,True
2,-0.02650134637951851,1.0265012979507446,0.0,0.07764512300491333,1.452480673789978,1.4374516010284424,0.12092479318380356,0.7248612642288208,0,True
3,0.0020848531275987625,0.9979150891304016,0.0,0.06919652223587036,1.0211503505706787,1.0183649063110352,0.14880871772766113,0.7647948861122131,0,True
4,-0.10861612856388092,1.1086161136627197,0.0,0.05655335634946823,0.8092713356018066,0.8066083192825317,0.11976448446512222,0.566074550151825,0,True
5,-0.14634039998054504,1.1463403701782227,0.0,0.05746794492006302,0.7384271621704102,0.7353272438049316,0.10145674645900726,0.7382508516311646,0,True
6,-0.1935015320777893,1.1935014724731445,0.0,0.0655537024140358,0.8362452387809753,0.8361773490905762,0.137477844953537,1.0142021179199219,0,True
7,-0.18374451994895935,1.1837445497512817,0.0,0.06667697429656982,0.9084064960479736,0.9077929258346558,0.12980131804943085,1.167272686958313,0,True
8,-0.13971421122550964,1.1418359279632568,0.0,0.07235781848430634,0.9868900775909424,0.9871599674224854,0.13356806337833405,1.258643627166748,0,True
9,-0.09676383435726166,1.0967638492584229,0.0,0.07330609858036041,1.0547618865966797,1.0556068420410156,0.1277897208929062,1.2161080837249756,0,True
10,-0.051352716982364655,1.0513527393341064,0.0,0.06700274348258972,1.1061046123504639,1.1051080226898193,0.11654890328645706,1.037184715270996,0,True
11,0.0054672835394740105,0.9953048229217529,0.0,0.0652891993522644,1.2069447040557861,1.206539511680603,0.13030070066452026,1.030679702758789,0,True
12,0.0593474879860878,0.9408866167068481,0.0,0.06227404624223709,1.265503168106079,1.267318844795227,0.10795039683580399,0.780078649520874,0,True
13,0.0947326272726059,0.9056304693222046,0.0,0.05854073166847229,1.3033006191253662,1.3044254779815674,0.12674760818481445,0.6696077585220337,0,True
14,0.15372179448604584,0.8466331362724304,0.0,0.05811621621251106,1.4603936672210693,1.4621020555496216,0.1310807317495346,0.549369215965271,0,True
15,0.20595191419124603,0.7969869375228882,0.0,0.058765798807144165,1.4633562564849854,1.4647513628005981,0.11168514937162399,0.44916394352912903,0,True
16,0.23059692978858948,0.772215723991394,0.0,0.05764041095972061,1.510865569114685,1.5109610557556152,0.11243206262588501,0.3835565447807312,0,True
17,0.24112921953201294,0.7647581100463867,0.0,0.056444115936756134,1.500736951828003,1.5037940740585327,0.10656162351369858,0.3432415723800659,0,True
18,0.2727835774421692,0.730247974395752,0.0,0.05190114304423332,1.4995789527893066,1.503820776939392,0.10569468885660172,0.3177775740623474,0,True
19,0.3015977144241333,0.7095545530319214,0.0,0.05267420783638954,1.4754645824432373,1.4800353050231934,0.12442287057638168,0.3016882836818695,0,True
20,0.34515509009361267,0.678010106086731,0.0,0.05246291309595108,1.4762719869613647,1.4821072816848755,0.09141821414232254,0.2721360921859741,0,True
21,0.37284189462661743,0.6403130888938904,0.0,0.05107935145497322,1.474654197692871,1.4821555614471436,0.09110300987958908,0.299422025680542,0,True
22,0.3956245183944702,0.6138076782226562,0.0,0.04811343923211098,1.499443531036377,1.5062793493270874,0.08605410158634186,0.2835778594017029,0,True
23,0.39630377292633057,0.6171120405197144,0.0,0.0492301806807518,1.4836664199829102,1.4905133247375488,0.09374747425317764,0.2972279191017151,0,True
24,0.39768925309181213,0.610210657119751,0.0,0.04914594069123268,1.4919602870941162,1.4974255561828613,0.10366300493478775,0.3289393186569214,0,True
25,0.40894562005996704,0.6093131303787231,0.0,0.05070427432656288,1.5230345726013184,1.5306618213653564,0.11753367632627487,0.3375082015991211,0,True
26,0.3940889835357666,0.6176168918609619,0.0,0.052681900560855865,1.5214025974273682,1.5283170938491821,0.10993489623069763,0.3453189730644226,0,True
27,0.3828900456428528,0.6307616233825684,0.0,0.05406537652015686,1.5300514698028564,1.538362741470337,0.09838274121284485,0.325167179107666,0,True
28,0.3795146346092224,0.636483371257782,0.0,0.05694367736577988,1.5403847694396973,1.5488840341567993,0.13740208745002747,0.3452439606189728,0,True
29,0.3879098892211914,0.627933919429779,0.0,0.05759374797344208,1.5172066688537598,1.5257246494293213,0.11955710500478745,0.33491751551628113,0,True
30,0.40851086378097534,0.6088571548461914,0.0,0.05789125710725784,1.5265884399414062,1.5352872610092163,0.11268077045679092,0.31615203619003296,0,True
31,0.45059046149253845,0.5679440498352051,0.0078125,0.057444922626018524,1.5195448398590088,1.5289700031280518,0.1293133646249771,0.2770586609840393,0,True
32,0.5006349086761475,0.5241783261299133,0.0078125,0.05983734130859375,1.5116448402404785,1.522128939628601,0.10463178902864456,0.32507795095443726,0,True
33,0.518013060092926,0.5232774019241333,0.0234375,0.060651279985904694,1.4437191486358643,1.4543945789337158,0.09675943851470947,0.288788378238678,0,True
34,0.5404947996139526,0.5070662498474121,0.0234375,0.05786074325442314,1.4227901697158813,1.4324090480804443,0.11185728758573532,0.2705644369125366,0,True
35,0.527294933795929,0.5232189297676086,0.03125,0.05639716237783432,1.413406491279602,1.4207007884979248,0.09686124324798584,0.2631896138191223,0,True
36,0.5082322955131531,0.525223970413208,0.0390625,0.05580734461545944,1.429849624633789,1.4369629621505737,0.13152554631233215,0.2842596173286438,0,True
37,0.4966537356376648,0.538111686706543,0.046875,0.055722035467624664,1.4155875444412231,1.4232724905014038,0.10547207295894623,0.27516332268714905,0,True
38,0.5131563544273376,0.5314715504646301,0.0625,0.05642107501626015,1.446975588798523,1.4559326171875,0.11007848381996155,0.2937893867492676,0,True
39,0.5180819034576416,0.5153585076332092,0.0703125,0.057849712669849396,1.496018648147583,1.5043913125991821,0.17488084733486176,0.2957867383956909,0,True
40,0.5289707183837891,0.5104420185089111,0.0859375,0.05749993026256561,1.4861924648284912,1.4956939220428467,0.0974389985203743,0.2890163064002991,0,True
41,0.5396394729614258,0.5042312741279602,0.09375,0.06029964238405228,1.4651589393615723,1.4748525619506836,0.1028832197189331,0.29040902853012085,0,True
42,0.5690174102783203,0.4783300459384918,0.09375,0.06056554988026619,1.464232325553894,1.474172830581665,0.11662756651639938,0.29903870820999146,1,True
43,0.5866961479187012,0.4513687193393707,0.109375,0.06110734865069389,1.447202444076538,1.4571647644042969,0.0988081693649292,0.2772814631462097,0,True
44,0.5983474254608154,0.45137083530426025,0.1171875,0.061120279133319855,1.4291181564331055,1.4393956661224365,0.10871773958206177,0.28011438250541687,0,True
45,0.6256162524223328,0.427460253238678,0.125,0.06018512323498726,1.4019246101379395,1.4108235836029053,0.11165213584899902,0.22872832417488098,0,True
46,0.6285884380340576,0.4294482469558716,0.125,0.057981938123703,1.4280027151107788,1.436664342880249,0.12809598445892334,0.20513784885406494,0,True
47,0.6284379959106445,0.4132041931152344,0.125,0.05681806430220604,1.4135193824768066,1.422576665878296,0.11809142678976059,0.27474313974380493,0,True
48,0.6342094540596008,0.39902251958847046,0.1328125,0.05968610197305679,1.417884349822998,1.4273874759674072,0.24719084799289703,0.26088234782218933,0,True
49,0.6568930745124817,0.3773387670516968,0.140625,0.059045128524303436,1.4265189170837402,1.4362622499465942,0.11649636179208755,0.2771525979042053,0,True
50,0.6640022993087769,0.3759382963180542,0.140625,0.05915340781211853,1.4183067083358765,1.4279634952545166,0.12693969905376434,0.2703939378261566,0,True
51,0.670317530632019,0.3700513541698456,0.140625,0.06068383902311325,1.460212230682373,1.4691448211669922,0.11746392399072647,0.2628447115421295,0,True
52,0.6813455820083618,0.36736756563186646,0.140625,0.06129126995801926,1.4690258502960205,1.4794666767120361,0.1144813746213913,0.25973498821258545,0,True
53,0.6801527738571167,0.3630352020263672,0.1640625,0.060982368886470795,1.4722316265106201,1.4810045957565308,0.1100403368473053,0.2639620900154114,0,True
54,0.6812431812286377,0.3559432625770569,0.1796875,0.06061936914920807,1.5149869918823242,1.5243395566940308,0.11269091069698334,0.2663957178592682,1,True
55,0.7048235535621643,0.3359262943267822,0.1953125,0.060712747275829315,1.5014374256134033,1.5116511583328247,0.13288575410842896,0.269212007522583,0,True
56,0.7170182466506958,0.32442355155944824,0.203125,0.0590367466211319,1.5298569202423096,1.5389673709869385,0.09229312092065811,0.2503931224346161,0,True
57,0.7278090119361877,0.3063437044620514,0.2109375,0.06104705110192299,1.5437712669372559,1.5528895854949951,0.14128902554512024,0.2893386781215668,0,True
58,0.722092866897583,0.31150999665260315,0.21875,0.061517972499132156,1.552241325378418,1.5621426105499268,0.12981587648391724,0.2847978174686432,0,True
59,0.7136547565460205,0.3161865472793579,0.21875,0.06283294409513474,1.5694968700408936,1.5779131650924683,0.12945590913295746,0.22618363797664642,1,True
60,0.7115593552589417,0.3162056505680084,0.2109375,0.06222233176231384,1.542011022567749,1.5502474308013916,0.117729552090168,0.23196697235107422,0,True
61,0.722296416759491,0.33190056681632996,0.21875,0.062318168580532074,1.559701919555664,1.56854248046875,0.11622890084981918,0.22899329662322998,0,True
62,0.7465872764587402,0.31821826100349426,0.2265625,0.06434130668640137,1.5318565368652344,1.541968584060669,0.11030798405408859,0.2708333134651184,0,True
63,0.7382252216339111,0.31657320261001587,0.234375,0.06598876416683197,1.5183844566345215,1.5293828248977661,0.1410299390554428,0.23971906304359436,0,True
64,0.7521430850028992,0.3082125186920166,0.234375,0.06440898776054382,1.5226356983184814,1.533461570739746,0.11611297726631165,0.2441350817680359,0,True
65,0.7273852825164795,0.32108211517333984,0.2578125,0.06364792585372925,1.4847514629364014,1.4940305948257446,0.1262587159872055,0.2359498143196106,1,True
66,0.7612974643707275,0.2934701144695282,0.25,0.06291448324918747,1.4587597846984863,1.4677374362945557,0.1086731031537056,0.26764291524887085,0,True
67,0.7463592290878296,0.29989469051361084,0.2578125,0.06347611546516418,1.50020170211792,1.50844407081604,0.1057334765791893,0.2441038340330124,0,True
68,0.7657198309898376,0.29431116580963135,0.265625,0.06478119641542435,1.4956822395324707,1.5054123401641846,0.14903812110424042,0.23190192878246307,0,True
69,0.7625867128372192,0.29351019859313965,0.265625,0.06467268615961075,1.468273401260376,1.4779235124588013,0.13355669379234314,0.24754580855369568,0,True
70,0.7494248151779175,0.30942726135253906,0.265625,0.0647495910525322,1.4625630378723145,1.4722392559051514,0.17386184632778168,0.2227436751127243,2,True
71,0.7493338584899902,0.312214195728302,0.2578125,0.06463731825351715,1.462422251701355,1.4715769290924072,0.14139078557491302,0.22367365658283234,0,True
72,0.7546303868293762,0.3098514676094055,0.265625,0.06511615216732025,1.4689269065856934,1.4784841537475586,0.12408407777547836,0.22101888060569763,0,True
73,0.7685304880142212,0.29285740852355957,0.2734375,0.06515927612781525,1.4497497081756592,1.4594066143035889,0.11927614361047745,0.267194926738739,0,True
74,0.7557343244552612,0.2971409857273102,0.2734375,0.06492267549037933,1.456115484237671,1.4655600786209106,0.11478690803050995,0.22384792566299438,0,True
75,0.7711907625198364,0.29283928871154785,0.28125,0.06312774121761322,1.4390422105789185,1.4495627880096436,0.1180601716041565,0.24810273945331573,0,True
76,0.7703219652175903,0.29689228534698486,0.296875,0.0637008547782898,1.4178996086120605,1.4284789562225342,0.10010536015033722,0.2369997352361679,0,True
77,0.7516813278198242,0.309548020362854,0.3046875,0.06500187516212463,1.4484107494354248,1.4576252698898315,0.15629686415195465,0.22851458191871643,0,True
78,0.74518883228302,0.3078497648239136,0.3046875,0.06430171430110931,1.4513309001922607,1.460700511932373,0.13503317534923553,0.23481133580207825,0,True
79,0.7402573823928833,0.3129137456417084,0.3203125,0.06246695667505264,1.4232932329177856,1.4321287870407104,0.14298675954341888,0.22863513231277466,0,True
80,0.7570489645004272,0.29286685585975647,0.3203125,0.06318975985050201,1.441156029701233,1.4505300521850586,0.15106287598609924,0.21950486302375793,1,True
81,0.78679358959198,0.27714860439300537,0.328125,0.06610579043626785,1.442899465560913,1.4534333944320679,0.15144756436347961,0.23158694803714752,0,True
82,0.7991504669189453,0.2655179798603058,0.3359375,0.06544499099254608,1.4571280479431152,1.4683231115341187,0.1494196653366089,0.19946366548538208,0,True
83,0.8155823945999146,0.24511656165122986,0.3515625,0.06520935893058777,1.4311424493789673,1.4413431882858276,0.11532224714756012,0.19725637137889862,1,True
84,0.8104845881462097,0.24473124742507935,0.3515625,0.06420136988162994,1.433197021484375,1.442284345626831,0.11211998015642166,0.1971891075372696,0,True
85,0.8213603496551514,0.24471840262413025,0.359375,0.06301754713058472,1.4464502334594727,1.4554394483566284,0.09385553747415543,0.18895459175109863,0,True
86,0.8218681812286377,0.2491452693939209,0.359375,0.06386199593544006,1.4381544589996338,1.4476854801177979,0.18170858919620514,0.21429097652435303,0,True
87,0.7984151840209961,0.2664703130722046,0.3828125,0.06308652460575104,1.4634582996368408,1.4734268188476562,0.09569993615150452,0.19696827232837677,0,True
88,0.7865667343139648,0.27160555124282837,0.3828125,0.06315548717975616,1.4724496603012085,1.4829506874084473,0.10448497533798218,0.1736380159854889,0,True
89,0.7920560836791992,0.2505604922771454,0.3828125,0.06299860030412674,1.476527452468872,1.485543966293335,0.1294384002685547,0.19079509377479553,0,True
90,0.8105663061141968,0.2508646249771118,0.40625,0.062345631420612335,1.5005168914794922,1.5108294486999512,0.11343424767255783,0.19152076542377472,0,True
91,0.8328949213027954,0.24620890617370605,0.40625,0.06470032036304474,1.473487138748169,1.4840396642684937,0.13303065299987793,0.19619226455688477,0,True
92,0.8654033541679382,0.22049395740032196,0.421875,0.06712610274553299,1.4761295318603516,1.486771821975708,0.15067844092845917,0.16850422322750092,1,True
93,0.8727139234542847,0.20963796973228455,0.4296875,0.06560731679201126,1.4485177993774414,1.458575963973999,0.13910862803459167,0.14985451102256775,0,True
94,0.8456792831420898,0.21044617891311646,0.4375,0.06390108168125153,1.4253814220428467,1.4342142343521118,0.15582993626594543,0.12566877901554108,1,True
95,0.8561721444129944,0.218764066696167,0.4296875,0.06300941854715347,1.3987843990325928,1.4078960418701172,0.1715603470802307,0.14106899499893188,0,True
96,0.8572418689727783,0.23643144965171814,0.453125,0.06366020441055298,1.4196935892105103,1.4289095401763916,0.1577308177947998,0.1625802367925644,0,True
97,0.8453490734100342,0.2303488403558731,0.4609375,0.06354475021362305,1.3983557224273682,1.4077959060668945,0.14078772068023682,0.17557492852210999,0,True
98,0.842299222946167,0.22458255290985107,0.4609375,0.06291158497333527,1.4176793098449707,1.4282586574554443,0.1311514526605606,0.15988042950630188,0,True
99,0.834507942199707,0.22802969813346863,0.46875,0.0626198798418045,1.4113134145736694,1.4212126731872559,0.15436263382434845,0.12713606655597687,0,True
100,0.8283523321151733,0.22327549755573273,0.4921875,0.06350784003734589,1.4376575946807861,1.4477475881576538,0.13680514693260193,0.14237192273139954,0,True
101,0.8656127452850342,0.2214425504207611,0.5,0.0650431215763092,1.4659497737884521,1.477151870727539,0.152739018201828,0.1658172905445099,0,True
102,0.8933618664741516,0.2167632281780243,0.5234375,0.06651336699724197,1.4451204538345337,1.456294298171997,0.10367723554372787,0.1550477296113968,0,True
103,0.8820590376853943,0.18776178359985352,0.53125,0.06612525880336761,1.4514567852020264,1.4616167545318604,0.12654316425323486,0.1604597568511963,0,True
104,0.8870148658752441,0.200933575630188,0.5390625,0.06307169795036316,1.4273713827133179,1.4364640712738037,0.163153737783432,0.13837164640426636,0,True
105,0.8754527568817139,0.20861518383026123,0.5390625,0.06197873502969742,1.44597327709198,1.4550716876983643,0.12414520233869553,0.13934162259101868,0,True
106,0.8629995584487915,0.22163313627243042,0.5390625,0.06300738453865051,1.4153434038162231,1.4252097606658936,0.15711985528469086,0.151838481426239,0,True
107,0.8488625288009644,0.21782681345939636,0.5625,0.06262141466140747,1.4259096384048462,1.4352366924285889,0.11380383372306824,0.14857643842697144,0,True
108,0.8627302646636963,0.21559645235538483,0.5703125,0.062424495816230774,1.4571318626403809,1.4671790599822998,0.12324532121419907,0.13724209368228912,0,True
109,0.8626382350921631,0.21177589893341064,0.5703125,0.06361878663301468,1.4793206453323364,1.4895262718200684,0.10582412779331207,0.13093715906143188,1,True
110,0.8611652851104736,0.20537811517715454,0.5703125,0.06380463391542435,1.4678077697753906,1.4777816534042358,0.12246311455965042,0.14720626175403595,0,True
111,0.8770852088928223,0.20630687475204468,0.578125,0.06501148641109467,1.474527359008789,1.4849439859390259,0.10107322037220001,0.14874187111854553,0,True
112,0.894903302192688,0.19935771822929382,0.578125,0.06556815654039383,1.452797770500183,1.4640469551086426,0.09765376895666122,0.13398124277591705,0,True
113,0.8916552066802979,0.18763205409049988,0.6015625,0.06516299396753311,1.4168000221252441,1.4265220165252686,0.08627025783061981,0.1277250349521637,0,True
114,0.8811988830566406,0.20749005675315857,0.6015625,0.06279259920120239,1.3968455791473389,1.4059725999832153,0.09345081448554993,0.14328515529632568,0,True
115,0.8901476263999939,0.2070782482624054,0.609375,0.06228453665971756,1.4373371601104736,1.4474927186965942,0.08929071575403214,0.15831266343593597,0,True
116,0.903209924697876,0.1911831945180893,0.609375,0.06251432001590729,1.3989750146865845,1.409515619277954,0.09159653633832932,0.1926269382238388,0,True
117,0.8970234394073486,0.19908404350280762,0.609375,0.06221744418144226,1.403862714767456,1.4140682220458984,0.09009378403425217,0.1860332489013672,0,True
118,0.8842117190361023,0.1857771873474121,0.625,0.062022268772125244,1.4098563194274902,1.4188964366912842,0.09841859340667725,0.17355379462242126,0,True
119,0.8850271105766296,0.18447698652744293,0.6328125,0.06178876757621765,1.4438127279281616,1.4535658359527588,0.1024399995803833,0.1660708636045456,0,True
120,0.8921826481819153,0.18737941980361938,0.6328125,0.06223400682210922,1.4369293451309204,1.4475942850112915,0.1021825298666954,0.14987033605575562,0,True
121,0.8958108425140381,0.18790310621261597,0.640625,0.06453818827867508,1.4480059146881104,1.4578548669815063,0.11026330292224884,0.14378274977207184,0,True
122,0.911943793296814,0.18965217471122742,0.6640625,0.06528574973344803,1.4553325176239014,1.4655201435089111,0.09042001515626907,0.11438462883234024,0,True
123,0.9193626642227173,0.1824321746826172,0.671875,0.06638035923242569,1.4270840883255005,1.437932014465332,0.1286570280790329,0.13998892903327942,0,True
124,0.9155017733573914,0.1706773340702057,0.671875,0.06424154341220856,1.415456771850586,1.4250681400299072,0.08327369391918182,0.11908866465091705,0,True
125,0.9190484285354614,0.17141038179397583,0.6796875,0.0631108209490776,1.4076881408691406,1.417137622833252,0.09106433391571045,0.11323337256908417,0,True
126,0.9326528906822205,0.16843962669372559,0.6953125,0.06303949654102325,1.4086241722106934,1.4195754528045654,0.08442717790603638,0.13692381978034973,0,True
127,0.9142088890075684,0.18124841153621674,0.7265625,0.06364348530769348,1.3863093852996826,1.394966959953308,0.09142095595598221,0.11096832156181335,0,True
128,0.9067348837852478,0.1822178065776825,0.7265625,0.06165265291929245,1.399998664855957,1.4092509746551514,0.0889068990945816,0.11175832897424698,0,True
129,0.9076122641563416,0.17476382851600647,0.734375,0.06225704029202461,1.4016228914260864,1.4116123914718628,0.09063113480806351,0.10960406064987183,0,True
130,0.9073675870895386,0.17480504512786865,0.7421875,0.0626685693860054,1.4115281105041504,1.422694444656372,0.09173314273357391,0.12141527235507965,0,True
131,0.9102286100387573,0.17211481928825378,0.7578125,0.06367354094982147,1.4122258424758911,1.4219416379928589,0.09118318557739258,0.1224934384226799,0,True
132,0.913119375705719,0.1674622893333435,0.78125,0.06412887573242188,1.4395105838775635,1.4498426914215088,0.09476346522569656,0.12454433739185333,0,True
133,0.921868085861206,0.1843733787536621,0.7890625,0.06425866484642029,1.4325311183929443,1.4432916641235352,0.08439354598522186,0.1161387711763382,0,True
134,0.917994499206543,0.17236968874931335,0.796875,0.06471801549196243,1.426167368888855,1.435852289199829,0.08763676881790161,0.12536366283893585,0,True
135,0.9310389757156372,0.17736896872520447,0.796875,0.06370186060667038,1.4200283288955688,1.4303364753723145,0.09088056534528732,0.11731776595115662,0,True
136,0.9423750042915344,0.18038584291934967,0.8125,0.06446783989667892,1.420202374458313,1.4309905767440796,0.09248034656047821,0.14289000630378723,0,True
137,0.9241225719451904,0.16191241145133972,0.8203125,0.06461770832538605,1.4079197645187378,1.4168949127197266,0.08565504103899002,0.11229375004768372,0,True
138,0.9190406799316406,0.15711167454719543,0.828125,0.06287836283445358,1.4358099699020386,1.4450156688690186,0.09387412667274475,0.13993270695209503,0,True
139,0.9276642799377441,0.15959815680980682,0.828125,0.06279006600379944,1.4348660707473755,1.4450761079788208,0.09672394394874573,0.10145674645900726,0,True
140,0.9449595808982849,0.16461259126663208,0.828125,0.06404595077037811,1.437328815460205,1.4477391242980957,0.09071630239486694,0.11852090805768967,0,True
141,0.9620645046234131,0.15425458550453186,0.84375,0.06481647491455078,1.430285930633545,1.440888524055481,0.09298309683799744,0.12646923959255219,0,True
142,0.9669575691223145,0.1505318284034729,0.8515625,0.0654725432395935,1.4197372198104858,1.431114673614502,0.16432826220989227,0.15101543068885803,0,True
143,0.9598298668861389,0.1558550000190735,0.8671875,0.06461659073829651,1.4207402467727661,1.4308110475540161,0.08974301069974899,0.12468050420284271,0,True
144,0.9454326033592224,0.15367838740348816,0.875,0.06372516602277756,1.4236483573913574,1.4330298900604248,0.08926132321357727,0.13192030787467957,0,True
145,0.9420408010482788,0.15406695008277893,0.8828125,0.0626753717660904,1.43986976146698,1.4492712020874023,0.08591490983963013,0.14883962273597717,0,True
146,0.9419902563095093,0.16056063771247864,0.90625,0.06390078365802765,1.4417091608047485,1.451730728149414,0.08838731795549393,0.1452321708202362,0,True
147,0.9355679750442505,0.1564701348543167,0.90625,0.06426597386598587,1.437571406364441,1.4477145671844482,0.0933462455868721,0.15739941596984863,0,True
148,0.9366868734359741,0.150780588388443,0.90625,0.06446415185928345,1.4356008768081665,1.4461517333984375,0.09042410552501678,0.1685943752527237,0,True
149,0.946331262588501,0.14762650430202484,0.921875,0.06421276926994324,1.4283603429794312,1.4386413097381592,0.08773540705442429,0.1577722132205963,0,True
150,0.9449918270111084,0.14524762332439423,0.9296875,0.0644947960972786,1.4331005811691284,1.4427974224090576,0.09850136190652847,0.13549865782260895,0,True
151,0.9542660713195801,0.1476106196641922,0.953125,0.0648949146270752,1.4445075988769531,1.4548211097717285,0.09014850854873657,0.13097882270812988,0,True
152,0.9538653492927551,0.15521672368049622,0.953125,0.06544682383537292,1.4412994384765625,1.4515430927276611,0.09804626554250717,0.12285242229700089,0,True
153,0.9484602212905884,0.15933722257614136,0.953125,0.0648903101682663,1.4398131370544434,1.449795126914978,0.09231634438037872,0.13318747282028198,0,True
154,0.955830991268158,0.16646291315555573,0.953125,0.0648895651102066,1.4459279775619507,1.4566394090652466,0.09838271886110306,0.13246360421180725,0,True
155,0.9597282409667969,0.157438725233078,0.953125,0.06418188661336899,1.4250391721725464,1.4351823329925537,0.09191533923149109,0.13765019178390503,0,True
156,0.9546463489532471,0.15736694633960724,0.953125,0.06378531455993652,1.4494898319244385,1.4601244926452637,0.0900266021490097,0.14869485795497894,0,True
157,0.9402496814727783,0.15854185819625854,0.953125,0.06428613513708115,1.4468743801116943,1.456876516342163,0.09173586219549179,0.1405891627073288,1,True
158,0.934575080871582,0.157500222325325,0.953125,0.06283018738031387,1.4165551662445068,1.426413655281067,0.09110308438539505,0.1367948353290558,0,True
159,0.9454326629638672,0.1460350751876831,0.953125,0.06404397636651993,1.415892481803894,1.425036072731018,0.0915602296590805,0.17687354981899261,0,True
160,0.943486213684082,0.1445923149585724,0.953125,0.06442561745643616,1.415385365486145,1.4251163005828857,0.0861782357096672,0.15558168292045593,0,True
161,0.9503771066665649,0.1483258754014969,0.953125,0.06440691649913788,1.4110790491104126,1.4215419292449951,0.09061335772275925,0.15489447116851807,0,True
162,0.962783694267273,0.14695855975151062,0.953125,0.0643371120095253,1.395351767539978,1.4061049222946167,0.09243264049291611,0.15569019317626953,0,True
163,0.9585899710655212,0.14699575304985046,0.953125,0.06418053805828094,1.3950934410095215,1.4048254489898682,0.08946067839860916,0.13361094892024994,0,True
164,0.9482263922691345,0.15113258361816406,0.953125,0.06422579288482666,1.409566879272461,1.4192290306091309,0.09027993679046631,0.13603703677654266,0,True
165,0.9483150839805603,0.1651959866285324,0.953125,0.06442228704690933,1.4041903018951416,1.4139788150787354,0.08648888766765594,0.12632405757904053,0,True
166,0.9521678686141968,0.16878347098827362,0.953125,0.06413590908050537,1.4144448041915894,1.4242992401123047,0.08672996610403061,0.14742401242256165,0,True
167,0.9467288255691528,0.1576775312423706,0.953125,0.06411204487085342,1.4020767211914062,1.4124422073364258,0.09148679673671722,0.1459677517414093,0,True
168,0.9392572641372681,0.15723806619644165,0.953125,0.06378927826881409,1.423742651939392,1.4330193996429443,0.08694733679294586,0.15165160596370697,0,True
169,0.9491106271743774,0.16031163930892944,0.9609375,0.0641634464263916,1.422393560409546,1.4328168630599976,0.0978100448846817,0.16120167076587677,0,True
170,0.943227231502533,0.15465594828128815,0.9609375,0.06455651670694351,1.3999595642089844,1.4098377227783203,0.08662557601928711,0.16442643105983734,0,True
171,0.9424740076065063,0.14739790558815002,0.9609375,0.06500326097011566,1.4114627838134766,1.4217045307159424,0.08784352988004684,0.13854974508285522,0,True
172,0.9440809488296509,0.15219897031784058,0.9609375,0.06510437279939651,1.4057033061981201,1.4159058332443237,0.08824331313371658,0.13462305068969727,0,True
173,0.9325337409973145,0.15179309248924255,0.9609375,0.06402333080768585,1.4091393947601318,1.418520212173462,0.08889663964509964,0.13472115993499756,0,True
174,0.9439252018928528,0.14948202669620514,0.9609375,0.06257781386375427,1.4137749671936035,1.4239479303359985,0.09667845815420151,0.1189788430929184,0,True
175,0.9536264538764954,0.15423816442489624,0.9609375,0.06399308890104294,1.4195668697357178,1.4294025897979736,0.08906438201665878,0.13780926167964935,0,True
176,0.965656578540802,0.16566896438598633,0.9609375,0.06524670124053955,1.4050828218460083,1.415611743927002,0.09254029393196106,0.13492682576179504,0,True
177,0.962020993232727,0.16459333896636963,0.9609375,0.06486403942108154,1.4162249565124512,1.4264073371887207,0.09034321457147598,0.12440818548202515,0,True
178,0.9518479108810425,0.1529989242553711,0.9609375,0.0641859918832779,1.412092924118042,1.421506643295288,0.09357044845819473,0.14232662320137024,0,True
179,0.9483603835105896,0.153034508228302,0.96875,0.06406548619270325,1.4219211339950562,1.4320824146270752,0.08865983039140701,0.12466374039649963,0,True
180,0.948930025100708,0.15241551399230957,0.96875,0.0637126937508583,1.4109997749328613,1.420562982559204,0.08949948102235794,0.18231607973575592,0,True
181,0.9558908343315125,0.1519351303577423,0.96875,0.06426747888326645,1.4290941953659058,1.4393965005874634,0.10100436210632324,0.169484943151474,0,True
182,0.9512100219726562,0.14405052363872528,0.96875,0.06512588262557983,1.423748254776001,1.4344494342803955,0.08938155323266983,0.1496574878692627,0,True
183,0.9506762623786926,0.14712725579738617,0.96875,0.06440699100494385,1.4092594385147095,1.4191057682037354,0.09144885092973709,0.14146098494529724,0,True
184,0.9475631713867188,0.14752978086471558,0.96875,0.06344296038150787,1.4169957637786865,1.4267936944961548,0.08636565506458282,0.13118824362754822,0,True
185,0.943327009677887,0.15589222311973572,0.96875,0.06468593329191208,1.4220216274261475,1.4318190813064575,0.09711890667676926,0.16287192702293396,0,True
186,0.9414902925491333,0.15577656030654907,0.96875,0.06491237878799438,1.4233156442642212,1.4338653087615967,0.09675654023885727,0.1391962319612503,0,True
187,0.9379495978355408,0.1553722321987152,0.96875,0.06410165131092072,1.4072418212890625,1.4172675609588623,0.08982675522565842,0.14942516386508942,0,True
188,0.9463003873825073,0.15292894840240479,0.96875,0.06388843804597855,1.4093992710113525,1.4188909530639648,0.08885741978883743,0.1422370821237564,0,True
189,0.9554535746574402,0.1572347730398178,0.96875,0.06533462554216385,1.4209537506103516,1.4313881397247314,0.09041925519704819,0.14737960696220398,0,True
190,0.9678256511688232,0.15401040017604828,0.96875,0.06608343124389648,1.4076669216156006,1.4187707901000977,0.09692203253507614,0.14622844755649567,0,True
191,0.957924485206604,0.15503104031085968,0.96875,0.06614010035991669,1.4116685390472412,1.4222381114959717,0.09745988994836807,0.1458175629377365,0,True
192,0.9505744576454163,0.15101493895053864,0.96875,0.0653756856918335,1.4034264087677002,1.4126732349395752,0.08688187599182129,0.1411789208650589,0,True
193,0.9550832509994507,0.15860696136951447,0.96875,0.06304718554019928,1.4050859212875366,1.4149444103240967,0.09236131608486176,0.152039036154747,0,True
194,0.9524129033088684,0.15222686529159546,0.96875,0.06295233964920044,1.3954651355743408,1.405279278755188,0.090269073843956,0.14197003841400146,0,True
195,0.9480980634689331,0.14953631162643433,0.96875,0.0628567785024643,1.4309163093566895,1.4404587745666504,0.08803095668554306,0.16208244860172272,0,True
196,0.9493917226791382,0.14823856949806213,0.96875,0.06310204416513443,1.4222241640090942,1.432350754737854,0.08790180087089539,0.16634446382522583,0,True
197,0.9402912855148315,0.15189051628112793,0.96875,0.06421902030706406,1.4319558143615723,1.442033290863037,0.09954220056533813,0.15023934841156006,0,True
198,0.9525153636932373,0.1454758197069168,0.96875,0.06467441469430923,1.4316729307174683,1.4420709609985352,0.09129054844379425,0.14225886762142181,0,True
199,0.9613956809043884,0.14895516633987427,0.96875,0.06505253911018372,1.439936637878418,1.4495095014572144,0.09084296971559525,0.1439647078514099,0,True
200,0.9752492904663086,0.150730162858963,0.96875,0.06687160581350327,1.4362308979034424,1.4472215175628662,0.0909523293375969,0.13835564255714417,0,True
201,0.9778246283531189,0.1578153818845749,0.96875,0.06815458834171295,1.4051787853240967,1.4155844449996948,0.09941122680902481,0.12819698452949524,0,True
202,0.970311164855957,0.16378727555274963,0.9765625,0.06676547229290009,1.414602279663086,1.4241352081298828,0.1064114049077034,0.1512705385684967,0,True
203,0.9659525752067566,0.1641523838043213,0.9765625,0.06514382362365723,1.3888390064239502,1.3992397785186768,0.0904213935136795,0.13555268943309784,0,True
204,0.9402022361755371,0.15361852943897247,0.9765625,0.06341839581727982,1.3934643268585205,1.4024384021759033,0.09098269045352936,0.1471259891986847,0,True
205,0.9372257590293884,0.1571369618177414,0.984375,0.06289266049861908,1.3997423648834229,1.4093198776245117,0.08745734393596649,0.14754897356033325,0,True
206,0.939228355884552,0.15666137635707855,0.984375,0.06236179918050766,1.4016956090927124,1.4115761518478394,0.08724147826433182,0.1543622761964798,0,True
207,0.931369423866272,0.1496918797492981,0.984375,0.06339506804943085,1.4023066759109497,1.4126574993133545,0.09196517616510391,0.14154723286628723,0,True
208,0.9340444207191467,0.15093372762203217,0.984375,0.06417388468980789,1.4294291734695435,1.43967866897583,0.08904248476028442,0.1370682269334793,0,True
209,0.9483634829521179,0.14240950345993042,0.984375,0.06508518755435944,1.4179192781448364,1.4282721281051636,0.09021946787834167,0.12339195609092712,0,True
210,0.9616690278053284,0.1489972174167633,0.984375,0.06607849150896072,1.4266793727874756,1.4380935430526733,0.09058918058872223,0.13562896847724915,0,True
211,0.963118314743042,0.14306877553462982,0.984375,0.06711365282535553,1.4237110614776611,1.433592438697815,0.09604278951883316,0.14886361360549927,0,True
212,0.9739067554473877,0.15567684173583984,0.984375,0.06611929088830948,1.421698808670044,1.4320579767227173,0.09445375949144363,0.14035937190055847,0,True
213,0.9800293445587158,0.15528146922588348,0.984375,0.06548316031694412,1.409155249595642,1.419475793838501,0.0904194563627243,0.1404835283756256,0,True
214,0.9673019647598267,0.15119332075119019,0.984375,0.06501913070678711,1.3923416137695312,1.4015083312988281,0.09161193668842316,0.14357145130634308,0,True
215,0.9562544822692871,0.15017613768577576,0.984375,0.06414832174777985,1.401658535003662,1.4127076864242554,0.0947246178984642,0.13575251400470734,0,True
216,0.9505636692047119,0.14873263239860535,0.984375,0.0632590651512146,1.380064845085144,1.3896470069885254,0.09508246183395386,0.15563197433948517,0,True
217,0.9345126152038574,0.1493605673313141,0.984375,0.06301549822092056,1.4088129997253418,1.4176836013793945,0.088704913854599,0.14325416088104248,0,True
218,0.9477843642234802,0.1427326202392578,0.984375,0.06355934590101242,1.442282795906067,1.4526433944702148,0.08988042920827866,0.19095689058303833,0,True
219,0.9556691646575928,0.14528653025627136,0.984375,0.06476682424545288,1.4252674579620361,1.435492753982544,0.09079622477293015,0.19714173674583435,0,True
220,0.9634325504302979,0.13977032899856567,0.984375,0.06515268981456757,1.438812017440796,1.4492523670196533,0.09345352649688721,0.16456837952136993,0,True
221,0.9574028253555298,0.14266163110733032,0.984375,0.06606318801641464,1.4522998332977295,1.4620428085327148,0.09658131003379822,0.153756245970726,0,True
222,0.9606029987335205,0.15646862983703613,0.984375,0.0656760036945343,1.4498592615127563,1.4595980644226074,0.11047639697790146,0.15045827627182007,0,True
223,0.9584043025970459,0.1551402062177658,0.984375,0.06517322361469269,1.4249589443206787,1.4340300559997559,0.08692437410354614,0.1235303208231926,0,True
224,0.9675149917602539,0.16045105457305908,0.984375,0.06471431255340576,1.4307658672332764,1.439892292022705,0.09050652384757996,0.14847636222839355,0,True
225,0.9765278697013855,0.16011770069599152,0.984375,0.06522706151008606,1.4115209579467773,1.4227499961853027,0.08714578300714493,0.1365927904844284,0,True
226,0.9730985164642334,0.1605207622051239,0.984375,0.06619806587696075,1.401082992553711,1.4110525846481323,0.093008853495121,0.1379435956478119,0,True
227,0.9649844169616699,0.14753630757331848,0.984375,0.06434202194213867,1.3815810680389404,1.3909838199615479,0.09253794699907303,0.1424475908279419,0,True
228,0.9493796825408936,0.14309656620025635,0.984375,0.06284277141094208,1.3925354480743408,1.4020814895629883,0.09695136547088623,0.1477866768836975,0,True
229,0.9455499649047852,0.14929358661174774,0.984375,0.06357546150684357,1.4125173091888428,1.4227243661880493,0.09624683856964111,0.15683463215827942,0,True
230,0.937749981880188,0.13888543844223022,0.984375,0.06499332934617996,1.4353967905044556,1.445021629333496,0.09173784404993057,0.15838974714279175,0,True
231,0.9519009590148926,0.1368795782327652,0.984375,0.06451736390590668,1.4293829202651978,1.4395509958267212,0.09351394325494766,0.15973874926567078,0,True
232,0.9648067951202393,0.15171614289283752,0.984375,0.06562745571136475,1.4461071491241455,1.457564115524292,0.09569502621889114,0.15417318046092987,0,True
233,0.9613713622093201,0.15346920490264893,0.984375,0.06632216274738312,1.4150371551513672,1.4255820512771606,0.09656407684087753,0.15998879075050354,0,True
234,0.9563653469085693,0.15076647698879242,0.984375,0.0647919774055481,1.4241943359375,1.4330979585647583,0.09778542816638947,0.1579543948173523,0,True
235,0.9589751362800598,0.16220010817050934,0.984375,0.06563147902488708,1.4447495937347412,1.4538458585739136,0.09296703338623047,0.11034656316041946,0,True
236,0.9607422351837158,0.17132219672203064,0.984375,0.06560510396957397,1.415130376815796,1.4258289337158203,0.09350793063640594,0.12694095075130463,0,True
237,0.9487622976303101,0.15567070245742798,0.984375,0.06580279767513275,1.4315521717071533,1.4409972429275513,0.092607781291008,0.15786273777484894,0,True
238,0.9528452754020691,0.15965989232063293,0.984375,0.06452806293964386,1.4157079458236694,1.4249972105026245,0.0883883684873581,0.14573507010936737,0,True
239,0.9504643678665161,0.1567181944847107,0.984375,0.06405402719974518,1.4069323539733887,1.4173214435577393,0.09193415939807892,0.13224074244499207,0,True
240,0.9403879046440125,0.1551884412765503,0.984375,0.06470787525177002,1.410557508468628,1.419616937637329,0.09899935126304626,0.13959187269210815,0,True
241,0.9431979656219482,0.14063555002212524,0.984375,0.06359654664993286,1.4061092138290405,1.415998935699463,0.10166425257921219,0.15549686551094055,0,True
242,0.9358893036842346,0.1452542543411255,0.984375,0.06420804560184479,1.433393120765686,1.4430487155914307,0.09106974303722382,0.14992570877075195,0,True
243,0.9536360502243042,0.14815309643745422,0.984375,0.06498824805021286,1.430962085723877,1.4404523372650146,0.09753140062093735,0.16374194622039795,0,True
244,0.9643369317054749,0.1549803614616394,0.984375,0.06570835411548615,1.4417386054992676,1.4521093368530273,0.10277210175991058,0.14436399936676025,0,True
245,0.9683257341384888,0.15827664732933044,0.984375,0.06648822128772736,1.4302825927734375,1.440514087677002,0.10409325361251831,0.15640588104724884,0,True
246,0.9660592675209045,0.16094182431697845,0.984375,0.06674405932426453,1.4335633516311646,1.4432940483093262,0.0913442000746727,0.13780450820922852,0,True
247,0.96391761302948,0.1675475537776947,0.984375,0.06559740006923676,1.4186222553253174,1.4285035133361816,0.10233801603317261,0.13997244834899902,0,True
248,0.9647138714790344,0.17427383363246918,0.984375,0.06539937853813171,1.4094271659851074,1.4192124605178833,0.08704622834920883,0.1468864381313324,0,True
249,0.9596723318099976,0.16416586935520172,0.984375,0.06461301445960999,1.3884199857711792,1.3985811471939087,0.08864308148622513,0.14273157715797424,0,True
250,0.9399865865707397,0.15699410438537598,0.984375,0.06339415162801743,1.4066270589828491,1.4152876138687134,0.0955289676785469,0.13810966908931732,0,True
251,0.9358594417572021,0.15844842791557312,0.984375,0.06223214045166969,1.3944164514541626,1.4041454792022705,0.09298723191022873,0.12968489527702332,0,True
252,0.9392287731170654,0.15175586938858032,0.984375,0.06325721740722656,1.420534610748291,1.4304978847503662,0.1012885645031929,0.14260289072990417,0,True
253,0.9349068999290466,0.1490478515625,0.984375,0.06384111940860748,1.4438505172729492,1.453446626663208,0.09618726372718811,0.1453092098236084,0,True
254,0.9381487369537354,0.13892319798469543,0.9921875,0.06537910550832748,1.4615228176116943,1.4710416793823242,0.1009163036942482,0.17299295961856842,0,True
255,0.9596821665763855,0.15105774998664856,0.9921875,0.06623202562332153,1.4489492177963257,1.459202766418457,0.08608672022819519,0.1590890735387802,0,True
256,0.9702637791633606,0.15014004707336426,0.9921875,0.06684168428182602,1.444711685180664,1.4548817873001099,0.09533610939979553,0.15633006393909454,0,True
257,0.9796841144561768,0.1596895009279251,0.9921875,0.0677008181810379,1.450167179107666,1.4601330757141113,0.09229955822229385,0.14978036284446716,0,True
258,0.974885106086731,0.16087913513183594,0.9921875,0.06592601537704468,1.4074852466583252,1.4168134927749634,0.09821145236492157,0.1495407223701477,0,True
259,0.9573778510093689,0.16275747120380402,0.9921875,0.06517650932073593,1.4189972877502441,1.4285025596618652,0.0912541076540947,0.1259841024875641,0,True
260,0.9497920274734497,0.1626734435558319,0.9921875,0.06412193924188614,1.3771283626556396,1.3878085613250732,0.0939619168639183,0.13342605531215668,0,True
261,0.926496684551239,0.16676592826843262,0.9921875,0.06296737492084503,1.395533800125122,1.4042398929595947,0.09189066290855408,0.1468239277601242,0,True
262,0.9409694671630859,0.1559779942035675,0.9921875,0.06352654844522476,1.4001495838165283,1.4101247787475586,0.09862201660871506,0.15789082646369934,0,True
263,0.9446336030960083,0.15413257479667664,0.9921875,0.06357094645500183,1.4203664064407349,1.4310661554336548,0.08688099682331085,0.15865670144557953,0,True
264,0.9430104494094849,0.15227648615837097,0.9921875,0.06563307344913483,1.4293107986450195,1.4392194747924805,0.09716588258743286,0.15347009897232056,0,True
265,0.943863034248352,0.15041008591651917,0.9921875,0.06452725827693939,1.434448480606079,1.4442434310913086,0.092965267598629,0.1445835530757904,0,True
266,0.9520853757858276,0.14302268624305725,1.0,0.0646248459815979,1.434852123260498,1.4441883563995361,0.09606745839118958,0.15557505190372467,0,True
267,0.961776614189148,0.1584887057542801,1.0,0.06591898202896118,1.4444191455841064,1.4547004699707031,0.10034633427858353,0.13832977414131165,0,True
268,0.9728298187255859,0.17283901572227478,1.0,0.06727361679077148,1.3933203220367432,1.40464186668396,0.10075007379055023,0.14038805663585663,0,True
269,0.9538059830665588,0.1587618887424469,1.0,0.06628741323947906,1.4049897193908691,1.4136892557144165,0.1016150414943695,0.16721132397651672,0,True
270,0.9454554319381714,0.16472914814949036,1.0,0.06378650665283203,1.4329373836517334,1.4419000148773193,0.09185755252838135,0.1510523557662964,0,True
271,0.9389297962188721,0.16807261109352112,1.0,0.06335557997226715,1.4023733139038086,1.4129493236541748,0.09565170854330063,0.15126995742321014,0,True
272,0.9376218318939209,0.16071371734142303,1.0,0.0636211559176445,1.4041794538497925,1.413835048675537,0.10157259553670883,0.17483505606651306,0,True
273,0.9358315467834473,0.1516827642917633,1.0,0.06422071158885956,1.4306468963623047,1.4399731159210205,0.09598387032747269,0.15886522829532623,0,True
274,0.9426426291465759,0.1485556960105896,1.0,0.06564494222402573,1.4203975200653076,1.4308772087097168,0.1066516637802124,0.1424744725227356,0,True
275,0.9434005618095398,0.15337619185447693,1.0,0.06570827960968018,1.4322482347488403,1.4425404071807861,0.09990521520376205,0.14757677912712097,0,True
276,0.9475817680358887,0.14840444922447205,1.0,0.06544636189937592,1.4253208637237549,1.4348475933074951,0.09344293177127838,0.15623223781585693,0,True
277,0.9501820206642151,0.15507304668426514,1.0,0.06475237756967545,1.4358381032943726,1.4454927444458008,0.09698259085416794,0.15480197966098785,0,True
278,0.9455826282501221,0.16019561886787415,1.0,0.06661719083786011,1.4164528846740723,1.4265944957733154,0.09375354647636414,0.16051125526428223,0,True
279,0.9482147693634033,0.16602103412151337,1.0,0.06624262779951096,1.4057445526123047,1.4160529375076294,0.10692110657691956,0.15239325165748596,0,True
280,0.9478955864906311,0.15904460847377777,1.0,0.06452108919620514,1.3909043073654175,1.4002227783203125,0.10398410260677338,0.1445075273513794,0,True
281,0.9332984685897827,0.15297196805477142,1.0,0.06377881020307541,1.414400577545166,1.4230031967163086,0.09709227085113525,0.13542374968528748,0,True
282,0.9377886056900024,0.14882075786590576,1.0,0.06469135731458664,1.4375874996185303,1.4472708702087402,0.09709874540567398,0.13565194606781006,0,True
283,0.9466030597686768,0.14944526553153992,1.0,0.06551717221736908,1.4081133604049683,1.4187041521072388,0.10137107223272324,0.1347663551568985,0,True
284,0.9570143222808838,0.15221844613552094,1.0,0.06651701033115387,1.4150502681732178,1.4256577491760254,0.09795298427343369,0.15568125247955322,0,True
285,0.9546563625335693,0.14266496896743774,1.0,0.06682085245847702,1.4361737966537476,1.4461685419082642,0.0970112532377243,0.15696662664413452,0,True
286,0.9596160650253296,0.1587754189968109,1.0,0.06573429703712463,1.4230031967163086,1.4332163333892822,0.09661077708005905,0.15736445784568787,0,True
287,0.9532676935195923,0.15622329711914062,1.0,0.06476636230945587,1.4310296773910522,1.439774513244629,0.09411489218473434,0.1438198834657669,0,True
288,0.9665011167526245,0.15257591009140015,1.0,0.06522370874881744,1.4358608722686768,1.4453582763671875,0.09279850125312805,0.15729057788848877,0,True
289,0.9681257009506226,0.16617552936077118,1.0,0.0656583234667778,1.414060354232788,1.4250082969665527,0.09617732465267181,0.12407425045967102,0,True
290,0.9637439846992493,0.1662324070930481,1.0,0.06562405824661255,1.3786821365356445,1.3888022899627686,0.09975611418485641,0.13855428993701935,0,True
291,0.9528312087059021,0.15168926119804382,1.0,0.06396226584911346,1.3997712135314941,1.4101492166519165,0.09550998359918594,0.1581929624080658,0,True
292,0.9410308599472046,0.1494220495223999,1.0,0.06266962736845016,1.4045897722244263,1.412447452545166,0.09531030058860779,0.14734284579753876,0,True
293,0.947873592376709,0.15000970661640167,1.0,0.062438517808914185,1.4399884939193726,1.4498794078826904,0.09164207428693771,0.15440773963928223,0,True
294,0.946982204914093,0.1499055027961731,1.0,0.06509344279766083,1.4268428087234497,1.4366600513458252,0.094751738011837,0.15213842689990997,0,True
295,0.9616090655326843,0.15411394834518433,1.0,0.06565390527248383,1.433706521987915,1.4447880983352661,0.10077383369207382,0.15510961413383484,0,True
296,0.970902681350708,0.14736121892929077,1.0,0.06718137860298157,1.4298145771026611,1.4408543109893799,0.10423535108566284,0.15733036398887634,0,True
297,0.9651881456375122,0.15296269953250885,1.0,0.06742820143699646,1.4115437269210815,1.4218535423278809,0.1015569418668747,0.14669981598854065,0,True
298,0.9613344669342041,0.16357958316802979,1.0,0.06579060107469559,1.4218134880065918,1.4313104152679443,0.09138047695159912,0.12676003575325012,0,True
299,0.9524961709976196,0.17082014679908752,1.0,0.06464493274688721,1.4098148345947266,1.4193811416625977,0.09125375002622604,0.13808739185333252,0,True
300,0.947761058807373,0.1566178798675537,1.0,0.06511779874563217,1.4115198850631714,1.4212743043899536,0.0901418998837471,0.15230843424797058,0,True
301,0.9427613019943237,0.15950070321559906,1.0,0.06432514637708664,1.3946495056152344,1.4043570756912231,0.096339650452137,0.15135222673416138,0,True
302,0.9459006786346436,0.16744360327720642,1.0,0.06326182186603546,1.394289255142212,1.4038053750991821,0.09402310103178024,0.15330423414707184,0,True
303,0.9433074593544006,0.1512182205915451,1.0,0.06378006935119629,1.4229967594146729,1.4331166744232178,0.09113849699497223,0.17788952589035034,0,True
304,0.9386862516403198,0.1550658941268921,1.0,0.0645640641450882,1.4201676845550537,1.4301830530166626,0.09649951756000519,0.13921287655830383,0,True
305,0.9367937445640564,0.15589675307273865,1.0,0.06537361443042755,1.441925048828125,1.4510679244995117,0.08643408119678497,0.13106271624565125,0,True
306,0.9526323676109314,0.14763662219047546,1.0,0.06623540818691254,1.448028802871704,1.4584532976150513,0.09516842663288116,0.13288569450378418,0,True
307,0.9526770114898682,0.14300164580345154,1.0,0.06672393530607224,1.4290399551391602,1.4387788772583008,0.10272054374217987,0.1431184709072113,0,True
308,0.9466648101806641,0.1491370052099228,1.0,0.06565217673778534,1.4295251369476318,1.4389393329620361,0.10331003367900848,0.1396225094795227,0,True
309,0.9478123188018799,0.163036048412323,1.0,0.0654429942369461,1.4223899841308594,1.4323463439941406,0.09936628490686417,0.13550755381584167,0,True
310,0.9627261161804199,0.1657271683216095,1.0,0.06565982103347778,1.4034286737442017,1.4136662483215332,0.09674613177776337,0.1511707305908203,0,True
311,0.9541546106338501,0.1591283082962036,1.0,0.06542239338159561,1.409872055053711,1.4197242259979248,0.10289894044399261,0.15900011360645294,0,True
312,0.9447678327560425,0.16584378480911255,1.0,0.06514522433280945,1.4128395318984985,1.4224793910980225,0.0895187184214592,0.13068591058254242,0,True
313,0.9570777416229248,0.16532421112060547,1.0,0.06460227072238922,1.4022760391235352,1.4124271869659424,0.09461308270692825,0.18675744533538818,0,True
314,0.9401078820228577,0.1563633382320404,1.0,0.06452490389347076,1.4187464714050293,1.4284964799880981,0.09225399047136307,0.1734747588634491,0,True
315,0.938977837562561,0.1507318913936615,1.0,0.06502208113670349,1.4204366207122803,1.4305222034454346,0.08998491615056992,0.17312872409820557,0,True
316,0.9334901571273804,0.14867836236953735,1.0,0.06466560065746307,1.4215320348739624,1.4313080310821533,0.09279739856719971,0.15629693865776062,0,True
317,0.9385891556739807,0.14898574352264404,1.0,0.06421492993831635,1.4364995956420898,1.4462027549743652,0.10561829805374146,0.15764495730400085,0,True
318,0.9329056739807129,0.14891549944877625,1.0,0.06484182178974152,1.402290940284729,1.4118152856826782,0.10684708505868912,0.15131887793540955,0,True
319,0.9337061643600464,0.15867769718170166,1.0,0.06450039148330688,1.4235663414001465,1.4327164888381958,0.0891503393650055,0.13802282512187958,0,True
320,0.9421887397766113,0.1591636687517166,1.0,0.06466369330883026,1.4532878398895264,1.4632058143615723,0.095633864402771,0.13878804445266724,0,True
321,0.947409451007843,0.15724298357963562,1.0,0.06550763547420502,1.4153172969818115,1.4256759881973267,0.09334859997034073,0.136299729347229,0,True
322,0.9460669755935669,0.15796738862991333,1.0,0.06601771712303162,1.440458059310913,1.4499895572662354,0.09132984280586243,0.1268078088760376,0,True
323,0.9560232162475586,0.17004171013832092,1.0,0.06623607873916626,1.419921875,1.4303536415100098,0.09124881774187088,0.1301245242357254,0,True
324,0.9530381560325623,0.1544857919216156,1.0,0.06604679673910141,1.4210619926452637,1.4313430786132812,0.09566272795200348,0.15156087279319763,0,True
325,0.9515857696533203,0.15571515262126923,1.0,0.06524212658405304,1.4161112308502197,1.4267075061798096,0.11155945062637329,0.14547832310199738,0,True
326,0.9439445734024048,0.14708687365055084,1.0,0.06496009975671768,1.399945616722107,1.4086661338806152,0.09870299696922302,0.16262784600257874,0,True
327,0.945349931716919,0.15579241514205933,1.0,0.06423816084861755,1.4254252910614014,1.4347803592681885,0.09249354898929596,0.16798022389411926,0,True
328,0.9462315440177917,0.1517125368118286,1.0,0.06427034735679626,1.4165997505187988,1.42652428150177,0.09500597417354584,0.17125862836837769,0,True
329,0.9387797713279724,0.15676362812519073,1.0,0.06432248651981354,1.4168972969055176,1.4261640310287476,0.08823699504137039,0.17040473222732544,0,True
330,0.9311989545822144,0.15590138733386993,1.0,0.06383880227804184,1.4225313663482666,1.4323668479919434,0.09120233356952667,0.15206246078014374,0,True
331,0.9352487921714783,0.16266411542892456,1.0,0.06417424976825714,1.4298083782196045,1.4390743970870972,0.09049296379089355,0.15665322542190552,0,True
332,0.9323659539222717,0.1700553596019745,1.0,0.06463558971881866,1.439500331878662,1.449537992477417,0.08996299654245377,0.13975906372070312,0,True
333,0.945344865322113,0.17005455493927002,1.0,0.06538637727499008,1.4244599342346191,1.4346733093261719,0.09085663408041,0.14056062698364258,0,True
334,0.9457433223724365,0.17400848865509033,1.0,0.06491132080554962,1.4203627109527588,1.4302369356155396,0.09042522311210632,0.14369699358940125,0,True
335,0.9400618076324463,0.15610669553279877,1.0,0.06549838185310364,1.4362813234329224,1.445469617843628,0.09379510581493378,0.15772858262062073,0,True
336,0.9520953297615051,0.1626938134431839,1.0,0.0651327595114708,1.4176008701324463,1.4274455308914185,0.0936102345585823,0.1560676246881485,0,True
337,0.9557486176490784,0.1596423089504242,1.0,0.06554755568504333,1.4235315322875977,1.4331958293914795,0.09880762547254562,0.15522927045822144,0,True
338,0.9533950090408325,0.1558847278356552,1.0,0.06573981046676636,1.4132204055786133,1.4233460426330566,0.10208842903375626,0.16662248969078064,0,True
339,0.9566444158554077,0.1602390855550766,1.0,0.06511515378952026,1.3936229944229126,1.4035027027130127,0.10813932865858078,0.1450589895248413,0,True
340,0.9352626800537109,0.15401892364025116,1.0,0.06413768231868744,1.4055204391479492,1.4148962497711182,0.10144562274217606,0.15413078665733337,0,True
341,0.9336895942687988,0.14092910289764404,1.0,0.06427587568759918,1.413059949874878,1.4231590032577515,0.10942267626523972,0.1489187777042389,0,True
342,0.928013026714325,0.15128442645072937,1.0,0.06373608112335205,1.4092844724655151,1.4182484149932861,0.1101529598236084,0.14376166462898254,0,True
343,0.9415786266326904,0.15680967271327972,1.0,0.06503032147884369,1.4259681701660156,1.436585783958435,0.08975499123334885,0.17580603063106537,0,True
344,0.9579694867134094,0.15713156759738922,1.0,0.06585575640201569,1.4353318214416504,1.4460868835449219,0.09328322857618332,0.17444424331188202,0,True
345,0.9559104442596436,0.1392841339111328,1.0,0.06657317280769348,1.4384130239486694,1.4472113847732544,0.0920943170785904,0.15639352798461914,0,True
346,0.9543840885162354,0.15390139818191528,1.0,0.06491559743881226,1.4635976552963257,1.4727778434753418,0.09082725644111633,0.13540449738502502,0,True
347,0.9704188108444214,0.1760006546974182,1.0,0.06549061089754105,1.4328582286834717,1.4433823823928833,0.09353366494178772,0.12109816074371338,0,True
348,0.9633886814117432,0.15992924571037292,1.0,0.06611578166484833,1.408189296722412,1.4160492420196533,0.09856364876031876,0.16290470957756042,0,True
349,0.9551501274108887,0.1626223921775818,1.0,0.0649687796831131,1.431441068649292,1.4410858154296875,0.090056873857975,0.16319262981414795,0,True
350,0.9422513246536255,0.17621135711669922,1.0,0.06460531800985336,1.3948712348937988,1.4046392440795898,0.10533188283443451,0.13958010077476501,1,True
351,0.9338865280151367,0.1569232940673828,0.9921875,0.06366103887557983,1.3986749649047852,1.407844066619873,0.10186611860990524,0.17802637815475464,0,True
352,0.9317492246627808,0.15487457811832428,0.9921875,0.062244564294815063,1.4102964401245117,1.4197964668273926,0.10065381973981857,0.1717791110277176,0,True
353,0.927148699760437,0.15256205201148987,0.9921875,0.06340198218822479,1.4207862615585327,1.4305208921432495,0.10825253278017044,0.15740860998630524,0,True
354,0.931861162185669,0.14740213751792908,0.9921875,0.06530745327472687,1.4579299688339233,1.4675899744033813,0.09412721544504166,0.16095250844955444,0,True
355,0.9542360305786133,0.16034872829914093,0.9921875,0.06620802730321884,1.466903805732727,1.4784667491912842,0.09602866321802139,0.16378435492515564,0,True
356,0.9597768783569336,0.16468611359596252,0.9921875,0.06704860925674438,1.4276549816131592,1.4379892349243164,0.08966150879859924,0.14404098689556122,0,True
357,0.9592818021774292,0.17049160599708557,0.9921875,0.066522978246212,1.4684703350067139,1.4775035381317139,0.09292042255401611,0.15918774902820587,0,True
358,0.954293966293335,0.16839566826820374,0.9921875,0.0663624107837677,1.4377763271331787,1.447653889656067,0.10453047603368759,0.15600305795669556,0,True
359,0.9479219317436218,0.17234528064727783,0.9921875,0.06502005457878113,1.4042004346847534,1.4132373332977295,0.09149147570133209,0.13424119353294373,0,True
360,0.9570437073707581,0.17365941405296326,0.9921875,0.06494997441768646,1.3784759044647217,1.3880661725997925,0.09131043404340744,0.14262202382087708,0,True
361,0.9407992959022522,0.17086663842201233,0.9921875,0.06343278288841248,1.3632309436798096,1.3723690509796143,0.09339969605207443,0.16175150871276855,0,True
362,0.9375731945037842,0.15992917120456696,0.9921875,0.06429076194763184,1.3878517150878906,1.397834062576294,0.10951397567987442,0.14879053831100464,0,True
363,0.9352703094482422,0.1650671660900116,0.9921875,0.06338696926832199,1.396024465560913,1.406184196472168,0.10763982683420181,0.14986935257911682,0,True
364,0.9160625338554382,0.15697306394577026,0.9921875,0.06333992630243301,1.4249091148376465,1.4348745346069336,0.11193761974573135,0.15690912306308746,0,True
365,0.9272390604019165,0.14637082815170288,0.9921875,0.06385765969753265,1.4275686740875244,1.4370534420013428,0.1047285795211792,0.18005099892616272,0,True
366,0.9368000626564026,0.14731532335281372,0.9921875,0.0650675892829895,1.466707706451416,1.4762215614318848,0.09706143289804459,0.18188032507896423,0,True
367,0.9640055894851685,0.160161554813385,0.9921875,0.06730692088603973,1.4730408191680908,1.482769250869751,0.09447982907295227,0.16264760494232178,0,True
368,0.990636944770813,0.1739972084760666,0.9921875,0.06844200193881989,1.4499773979187012,1.4609564542770386,0.09590797126293182,0.15774005651474,0,True
369,0.984257698059082,0.17405319213867188,0.9921875,0.06803137063980103,1.4246430397033691,1.434369444847107,0.09506832808256149,0.1602921187877655,0,True
370,0.9634894728660583,0.1745488941669464,0.9921875,0.06597369909286499,1.39237380027771,1.4015007019042969,0.09800548851490021,0.13666269183158875,0,True
371,0.9419087171554565,0.1730763018131256,0.9921875,0.06293675303459167,1.3779501914978027,1.3863153457641602,0.10763894766569138,0.143082857131958,0,True
372,0.9253784418106079,0.16588927805423737,0.9921875,0.06145133078098297,1.3797495365142822,1.387939453125,0.09158577024936676,0.15626071393489838,0,True
373,0.9174799919128418,0.1691925823688507,0.9921875,0.06303507834672928,1.3927056789398193,1.4019719362258911,0.09584183990955353,0.1477840542793274,0,True
374,0.9267145991325378,0.15833637118339539,0.9921875,0.06365782022476196,1.4191348552703857,1.4296610355377197,0.09107743203639984,0.1586064100265503,0,True
375,0.9247578382492065,0.14212533831596375,0.9921875,0.06471148133277893,1.4146636724472046,1.4246299266815186,0.09072954207658768,0.1434836983680725,0,True
376,0.9276610016822815,0.13844852149486542,0.9921875,0.06519664824008942,1.449345350265503,1.4590954780578613,0.09493888914585114,0.14184165000915527,0,True
377,0.9332705736160278,0.14782248437404633,0.9921875,0.06517335772514343,1.4497792720794678,1.4590460062026978,0.10484625399112701,0.1362299621105194,0,True
378,0.9573298692703247,0.1602252721786499,0.9921875,0.06665124744176865,1.4416937828063965,1.4520015716552734,0.09061234444379807,0.15273821353912354,0,True
379,0.9672291278839111,0.17101842164993286,0.9921875,0.06823812425136566,1.4293081760406494,1.4401205778121948,0.10590542107820511,0.13975760340690613,0,True
380,0.9571496844291687,0.16417130827903748,0.9921875,0.0675772950053215,1.4101660251617432,1.4187406301498413,0.09688391536474228,0.1276242882013321,0,True
381,0.9503337144851685,0.1755487471818924,0.9921875,0.06454893946647644,1.4225761890411377,1.4324100017547607,0.08921752125024796,0.1501467078924179,0,True
382,0.9489291906356812,0.18572114408016205,0.9921875,0.06418256461620331,1.3776068687438965,1.3878347873687744,0.09757277369499207,0.14217090606689453,0,True
383,0.9202908873558044,0.17536035180091858,0.9921875,0.06355805695056915,1.3846354484558105,1.3922033309936523,0.08912960439920425,0.16278371214866638,0,True
384,0.9122544527053833,0.16249635815620422,0.9921875,0.06263726204633713,1.4150400161743164,1.4241496324539185,0.09124291688203812,0.16249051690101624,0,True
385,0.9157088398933411,0.16693666577339172,0.9921875,0.06289094686508179,1.4110915660858154,1.4216554164886475,0.09232158213853836,0.15420828759670258,0,True
386,0.9096526503562927,0.1507701277732849,0.9921875,0.06279350817203522,1.4161791801452637,1.4252169132232666,0.08428677916526794,0.1763879358768463,0,True
387,0.916775107383728,0.14000537991523743,0.9921875,0.06320276856422424,1.448089361190796,1.458031177520752,0.10904649645090103,0.17346566915512085,0,True
388,0.9268206357955933,0.14339956641197205,0.9921875,0.06426991522312164,1.458890676498413,1.4681005477905273,0.09683755040168762,0.14856240153312683,0,True
389,0.950699508190155,0.1568717062473297,0.9921875,0.06621120870113373,1.4509280920028687,1.461970329284668,0.10139147192239761,0.15178218483924866,0,True
390,0.9696875810623169,0.15634487569332123,0.9921875,0.06781944632530212,1.4262464046478271,1.436866044998169,0.13343572616577148,0.15774279832839966,0,True
391,0.9517091512680054,0.1606590300798416,0.9921875,0.06713557243347168,1.4401168823242188,1.4489128589630127,0.09458564966917038,0.1367432326078415,0,True
392,0.9439277052879333,0.16235856711864471,0.9921875,0.06486144661903381,1.417803406715393,1.4265377521514893,0.0915762186050415,0.1149875819683075,0,True
393,0.9434691071510315,0.17338858544826508,0.9921875,0.06424298137426376,1.399271011352539,1.4090607166290283,0.09700347483158112,0.14073911309242249,0,True
394,0.9477159380912781,0.17239023745059967,0.9921875,0.0635119304060936,1.392203688621521,1.4030430316925049,0.10722607374191284,0.16858115792274475,0,True
395,0.9313099384307861,0.15189701318740845,0.9921875,0.0641741156578064,1.4117000102996826,1.4212079048156738,0.11263488978147507,0.17290674149990082,0,True
396,0.9292250871658325,0.1430855691432953,0.9921875,0.06378211081027985,1.4092392921447754,1.4195804595947266,0.10555253177881241,0.15935459733009338,0,True
397,0.9355157613754272,0.14383792877197266,0.9921875,0.06368415057659149,1.4361869096755981,1.4463694095611572,0.09767261147499084,0.15747983753681183,0,True
398,0.9468803405761719,0.14000646770000458,0.9921875,0.06501810252666473,1.4425894021987915,1.4531407356262207,0.08887350559234619,0.17727379500865936,0,True
399,0.9398365020751953,0.13608582317829132,0.9921875,0.06629021465778351,1.4612512588500977,1.4705380201339722,0.09138520807027817,0.16464608907699585,0,True
400,0.9453283548355103,0.1441590040922165,0.9921875,0.06576649844646454,1.4708666801452637,1.4808073043823242,0.11513701826334,0.16097387671470642,0,True
401,0.9625241160392761,0.1507561206817627,0.9921875,0.06619886308908463,1.4199957847595215,1.4304022789001465,0.11905855685472488,0.1543143093585968,0,True
402,0.9544074535369873,0.1639460027217865,0.9921875,0.06573443114757538,1.4166193008422852,1.425586462020874,0.0992976725101471,0.15035785734653473,0,True
403,0.9497497081756592,0.1646209955215454,0.9921875,0.06469134986400604,1.3971858024597168,1.4064831733703613,0.10471531748771667,0.1401551067829132,0,True
404,0.9451728463172913,0.149959534406662,0.9921875,0.0645996481180191,1.406017541885376,1.4156874418258667,0.11170751601457596,0.13329483568668365,0,True
405,0.9365006685256958,0.15500229597091675,0.9921875,0.06477811187505722,1.4046733379364014,1.414607286453247,0.10959251970052719,0.14665329456329346,0,True
406,0.9307081699371338,0.14757883548736572,0.9921875,0.06325644254684448,1.411956787109375,1.4211316108703613,0.09891873598098755,0.14090649783611298,0,True
407,0.9327062368392944,0.14562270045280457,0.9921875,0.06323713064193726,1.4362555742263794,1.445806622505188,0.1010236069560051,0.13646653294563293,0,True
408,0.9450581073760986,0.1476573497056961,0.9921875,0.06520816683769226,1.4447307586669922,1.4549415111541748,0.09864360094070435,0.1400327980518341,0,True
409,0.9530724287033081,0.14094984531402588,0.9921875,0.06654586642980576,1.4262452125549316,1.4372211694717407,0.09225241094827652,0.14780467748641968,0,True
410,0.9441426992416382,0.14557962119579315,0.9921875,0.06685610115528107,1.4130282402038574,1.4226644039154053,0.10390432178974152,0.13321951031684875,0,True
411,0.9459458589553833,0.15096032619476318,0.9921875,0.06566700339317322,1.423100233078003,1.4326226711273193,0.09797454625368118,0.13226306438446045,0,True
412,0.9513949155807495,0.15313124656677246,0.9921875,0.06478805840015411,1.3855035305023193,1.3958497047424316,0.09367243200540543,0.14505892992019653,0,True
413,0.9453125596046448,0.16292952001094818,0.9921875,0.06390746682882309,1.4064431190490723,1.4150691032409668,0.09546130895614624,0.16850847005844116,0,True
414,0.9429207444190979,0.1652599275112152,0.9921875,0.06403902173042297,1.43184232711792,1.4420864582061768,0.09457240253686905,0.14339879155158997,0,True
415,0.9278875589370728,0.15970128774642944,0.9921875,0.06491202116012573,1.4161767959594727,1.4259917736053467,0.13751375675201416,0.1504613608121872,1,True
416,0.9325928688049316,0.15273304283618927,0.984375,0.06313416361808777,1.430518388748169,1.4404226541519165,0.08716551959514618,0.1251927763223648,0,True
417,0.9354190826416016,0.14909349381923676,0.984375,0.06415188312530518,1.43599271774292,1.445713996887207,0.09310519695281982,0.1586391031742096,0,True
418,0.9440595507621765,0.14736399054527283,0.984375,0.06465538591146469,1.419088363647461,1.4285273551940918,0.08922825008630753,0.14520198106765747,0,True
419,0.9444176554679871,0.1419214904308319,0.984375,0.06475888192653656,1.4573076963424683,1.4669536352157593,0.09242742508649826,0.13911683857440948,0,True
420,0.9551233053207397,0.13744361698627472,0.984375,0.06704877316951752,1.4218113422393799,1.4325387477874756,0.10657580196857452,0.13433657586574554,0,True
421,0.9549480676651001,0.14540325105190277,0.984375,0.06590244174003601,1.4101907014846802,1.4197717905044556,0.11267760396003723,0.1445443034172058,0,True
422,0.9491589665412903,0.15354643762111664,0.984375,0.06536287814378738,1.4206666946411133,1.4303590059280396,0.08960715681314468,0.1435326337814331,0,True
423,0.9473385810852051,0.15892410278320312,0.984375,0.06452692300081253,1.4114645719528198,1.4210376739501953,0.09395550936460495,0.11856407672166824,0,True
424,0.9400981664657593,0.16336669027805328,0.984375,0.06483635306358337,1.3958406448364258,1.4055416584014893,0.09217675775289536,0.14055518805980682,0,True
425,0.9364758729934692,0.1558036059141159,0.984375,0.0641128420829773,1.4182404279708862,1.4286744594573975,0.10268749296665192,0.1455322951078415,0,True
426,0.9325134754180908,0.15646949410438538,0.984375,0.06402501463890076,1.3843456506729126,1.3935847282409668,0.0920092761516571,0.1434778869152069,0,True
427,0.9270818829536438,0.15002673864364624,0.984375,0.06391783803701401,1.41770601272583,1.4272418022155762,0.09612621366977692,0.13306084275245667,0,True
428,0.9328822493553162,0.15812361240386963,0.984375,0.06395246088504791,1.4144682884216309,1.4242937564849854,0.09100404381752014,0.14709708094596863,0,True
429,0.9376298785209656,0.1491038203239441,0.984375,0.06516844034194946,1.415035605430603,1.4251785278320312,0.10123653709888458,0.14404669404029846,0,True
430,0.9457716941833496,0.1455967277288437,0.984375,0.06570667028427124,1.4111526012420654,1.4213557243347168,0.10114569962024689,0.14909836649894714,0,True
431,0.9438737630844116,0.15135836601257324,0.984375,0.06593884527683258,1.4168788194656372,1.4261871576309204,0.09415846318006516,0.1431111991405487,0,True
432,0.9495304822921753,0.16161419451236725,0.984375,0.06459885835647583,1.414445161819458,1.424462080001831,0.09081081300973892,0.14850851893424988,0,True
433,0.9466832876205444,0.16026777029037476,0.984375,0.06452228873968124,1.4214200973510742,1.4313338994979858,0.08825600147247314,0.13978543877601624,0,True
434,0.9353882074356079,0.1602638065814972,0.984375,0.06417220830917358,1.4273953437805176,1.4360253810882568,0.08589174598455429,0.15271490812301636,0,True
435,0.9403381943702698,0.16563349962234497,0.984375,0.06457415223121643,1.4200201034545898,1.4305944442749023,0.0921250432729721,0.13909927010536194,0,True
436,0.9343196153640747,0.15618658065795898,0.984375,0.06490114331245422,1.4286975860595703,1.4388692378997803,0.08801525831222534,0.15069988369941711,0,True
437,0.9344903230667114,0.15950267016887665,0.984375,0.06416507065296173,1.4081876277923584,1.4176881313323975,0.08599923551082611,0.155953511595726,0,True
438,0.927629828453064,0.1397428810596466,0.984375,0.06254949420690536,1.444139003753662,1.453188419342041,0.08838874846696854,0.14134730398654938,0,True
439,0.9332772493362427,0.14441882073879242,0.984375,0.06394679844379425,1.4407012462615967,1.450158953666687,0.09520275145769119,0.11347509920597076,0,True
440,0.9384489059448242,0.13903455436229706,0.984375,0.06519965827465057,1.4455711841583252,1.4551187753677368,0.09086013585329056,0.1371457725763321,0,True
441,0.9413012862205505,0.13622604310512543,0.984375,0.0655287653207779,1.4281508922576904,1.4378786087036133,0.09414127469062805,0.15164496004581451,0,True
442,0.9470409154891968,0.14927011728286743,0.984375,0.06473299860954285,1.4366928339004517,1.446092128753662,0.08859050273895264,0.13927222788333893,0,True
443,0.9607369303703308,0.1571214199066162,0.984375,0.06519995629787445,1.4251189231872559,1.4352329969406128,0.08942791074514389,0.1382174789905548,0,True
444,0.9510840773582458,0.15504403412342072,0.984375,0.06570430845022202,1.4351013898849487,1.4435906410217285,0.10285825282335281,0.12938591837882996,1,True
445,0.9638634920120239,0.155101478099823,0.9765625,0.06605857610702515,1.4242396354675293,1.4347110986709595,0.09098504483699799,0.13394993543624878,0,True
446,0.9639710187911987,0.14995373785495758,0.9765625,0.06651055067777634,1.3984500169754028,1.409130334854126,0.10093765705823898,0.14504587650299072,0,True
447,0.9475201964378357,0.1440552920103073,0.9765625,0.06504414975643158,1.391545295715332,1.400892734527588,0.09662250429391861,0.1407725214958191,0,True
448,0.9471760392189026,0.1407785564661026,0.9765625,0.06357830762863159,1.3950517177581787,1.4042667150497437,0.10378915071487427,0.16113413870334625,0,True
449,0.9467386603355408,0.1535761058330536,0.9765625,0.0630386546254158,1.42849600315094,1.4379016160964966,0.08729003369808197,0.15195292234420776,0,True
450,0.9519487619400024,0.15019169449806213,0.9765625,0.0645768865942955,1.4252253770828247,1.4361560344696045,0.09395238012075424,0.17774011194705963,0,True
451,0.9377074837684631,0.14800041913986206,0.9765625,0.06525158882141113,1.4220740795135498,1.4317169189453125,0.08746986091136932,0.1671341359615326,0,True
452,0.930641233921051,0.14767557382583618,0.9765625,0.06464885175228119,1.4456846714019775,1.454950213432312,0.09444928914308548,0.14387843012809753,0,True
453,0.9457659721374512,0.14972703158855438,0.9765625,0.06580445170402527,1.4490629434585571,1.458951711654663,0.0968569740653038,0.16481372714042664,0,True
454,0.9563206434249878,0.16576692461967468,0.9765625,0.06585074961185455,1.435582160949707,1.445276141166687,0.0937674418091774,0.15151579678058624,1,True
455,0.9556320905685425,0.16466352343559265,0.96875,0.06731395423412323,1.438877820968628,1.447648525238037,0.1464201658964157,0.15016287565231323,0,True
456,0.9492647051811218,0.16718246042728424,0.96875,0.06652273237705231,1.4111173152923584,1.4206582307815552,0.09526795893907547,0.16607317328453064,0,True
457,0.9236652851104736,0.15837986767292023,0.96875,0.06448397040367126,1.3877415657043457,1.396592140197754,0.09419268369674683,0.1564987301826477,0,True
458,0.9083420038223267,0.15772974491119385,0.96875,0.06269529461860657,1.4058829545974731,1.4131327867507935,0.08906286209821701,0.19349628686904907,0,True
459,0.9129739999771118,0.18135657906532288,0.96875,0.06210097298026085,1.4092459678649902,1.4194002151489258,0.08743276447057724,0.16271060705184937,0,True
460,0.9194859266281128,0.1791418492794037,0.96875,0.06502050161361694,1.3916537761688232,1.4011144638061523,0.121213398873806,0.14109614491462708,0,True
461,0.9211962223052979,0.16773386299610138,0.96875,0.0655905082821846,1.4176360368728638,1.4276540279388428,0.13125455379486084,0.17048746347427368,0,True
462,0.9135996699333191,0.16089938580989838,0.96875,0.06632579118013382,1.425209879875183,1.4351069927215576,0.18028856813907623,0.1431393325328827,0,True
463,0.9211306571960449,0.1635977029800415,0.96875,0.06508120894432068,1.4165680408477783,1.426271677017212,0.1200684979557991,0.13657718896865845,0,True
464,0.9341645836830139,0.15500330924987793,0.96875,0.06524171680212021,1.4147284030914307,1.4244801998138428,0.12580043077468872,0.15149128437042236,0,True
465,0.9274145364761353,0.15028272569179535,0.96875,0.06606260687112808,1.4307904243469238,1.4391835927963257,0.09565360844135284,0.15439638495445251,0,True
466,0.9454782009124756,0.16654521226882935,0.96875,0.06549469381570816,1.4233993291854858,1.434419870376587,0.09441094845533371,0.15556292235851288,0,True
467,0.9554582834243774,0.1636333465576172,0.96875,0.06619834899902344,1.4096829891204834,1.4203028678894043,0.08872315287590027,0.15828531980514526,0,True
468,0.9386367201805115,0.15374325215816498,0.96875,0.06471966207027435,1.4001142978668213,1.4095582962036133,0.09310203045606613,0.144883394241333,0,True
469,0.9271712899208069,0.1581925004720688,0.96875,0.06238982081413269,1.3882325887680054,1.3969486951828003,0.08747036010026932,0.14432880282402039,0,True
470,0.9158408641815186,0.15471415221691132,0.96875,0.06214302405714989,1.427870512008667,1.43699049949646,0.09392376244068146,0.1340547502040863,0,True
471,0.9309003949165344,0.1584104299545288,0.96875,0.06316416710615158,1.3971478939056396,1.4081131219863892,0.08726054430007935,0.1426382213830948,0,True
472,0.9258767366409302,0.1468328982591629,0.9765625,0.06458282470703125,1.4276188611984253,1.4366025924682617,0.08782090991735458,0.1461266279220581,0,True
473,0.9263803958892822,0.1505800485610962,0.9765625,0.06408091634511948,1.426783561706543,1.4370635747909546,0.09163537621498108,0.15598270297050476,0,True
474,0.9262551069259644,0.14847420156002045,0.9765625,0.06493213027715683,1.432281732559204,1.441972255706787,0.09071952849626541,0.1474379450082779,0,True
475,0.9409748911857605,0.14935095608234406,0.9765625,0.064273402094841,1.4378728866577148,1.4476826190948486,0.09188961982727051,0.16304218769073486,0,True
476,0.9397653341293335,0.1488417387008667,0.9765625,0.06537353992462158,1.4370975494384766,1.4459950923919678,0.08873742818832397,0.1477910578250885,0,True
477,0.9499956369400024,0.1597098559141159,0.9765625,0.06534579396247864,1.436750054359436,1.4467580318450928,0.09370896965265274,0.15980902314186096,0,True
478,0.9586859941482544,0.16412761807441711,0.984375,0.06552603840827942,1.3999221324920654,1.4103622436523438,0.10174444317817688,0.14649540185928345,0,True
479,0.9391663670539856,0.15572011470794678,0.984375,0.06486021727323532,1.4027519226074219,1.4120802879333496,0.09703896194696426,0.14868073165416718,0,True
480,0.9376589059829712,0.16204193234443665,0.984375,0.06315837800502777,1.39039945602417,1.3998019695281982,0.08785144239664078,0.1500832736492157,0,True
481,0.9311667680740356,0.15803036093711853,0.984375,0.06309578567743301,1.4087976217269897,1.4192084074020386,0.0935034304857254,0.151838481426239,0,True
482,0.9299824237823486,0.1565435826778412,0.984375,0.06395463645458221,1.3991856575012207,1.4089946746826172,0.09559877961874008,0.15684276819229126,0,True
483,0.9199177026748657,0.13952623307704926,0.9921875,0.0634269267320633,1.4279085397720337,1.437229871749878,0.08744127303361893,0.15890294313430786,0,True
484,0.9290112853050232,0.13952228426933289,0.9921875,0.0638456866145134,1.4465882778167725,1.456528663635254,0.08995694667100906,0.15162216126918793,0,True
485,0.937171459197998,0.14260393381118774,0.9921875,0.06496043503284454,1.4363445043563843,1.4468402862548828,0.09582319110631943,0.15926668047904968,0,True
486,0.9459118843078613,0.13558995723724365,0.9921875,0.06661982089281082,1.4488000869750977,1.4585233926773071,0.09433339536190033,0.1613655537366867,0,True
487,0.9503999352455139,0.1336517632007599,1.0,0.06579313427209854,1.4358491897583008,1.4456849098205566,0.09127936512231827,0.14985987544059753,0,True
488,0.953086256980896,0.13757868111133575,1.0,0.06568212062120438,1.41382896900177,1.4233627319335938,0.0988716334104538,0.12870773673057556,0,True
489,0.9557982683181763,0.1477699726819992,1.0,0.06518734991550446,1.4139597415924072,1.4236366748809814,0.1035158783197403,0.14863544702529907,0,True
490,0.9634866714477539,0.1606164574623108,1.0,0.06494034081697464,1.4151941537857056,1.4254875183105469,0.10294733941555023,0.15702542662620544,0,True
491,0.9589617252349854,0.16312478482723236,1.0,0.06451182067394257,1.379460096359253,1.389190673828125,0.09877092391252518,0.15175391733646393,0,True
492,0.9330925941467285,0.1535639762878418,1.0,0.06318297237157822,1.4171533584594727,1.426306962966919,0.09504741430282593,0.1592370867729187,0,True
493,0.937984049320221,0.150143563747406,1.0,0.06255695223808289,1.4097939729690552,1.4202910661697388,0.09838207066059113,0.1305786818265915,0,True
494,0.937340497970581,0.14816072583198547,1.0,0.0624258890748024,1.4338438510894775,1.44357168674469,0.09390504658222198,0.14551395177841187,0,True
495,0.9376075863838196,0.1274213194847107,1.0,0.06418366730213165,1.4424312114715576,1.4517407417297363,0.09039530158042908,0.15576811134815216,0,True
496,0.9435142874717712,0.13652658462524414,1.0,0.06514520943164825,1.451042890548706,1.46099054813385,0.09015674889087677,0.14873601496219635,0,True
497,0.9625263214111328,0.13221974670886993,1.0,0.0668431967496872,1.4368846416473389,1.447554111480713,0.09196355938911438,0.1320537030696869,0,True
498,0.9576718807220459,0.14215528964996338,1.0,0.0659879744052887,1.4239839315414429,1.43312406539917,0.08761230111122131,0.13270674645900726,0,True
499,0.9537140130996704,0.14833754301071167,1.0,0.0650089681148529,1.436152696609497,1.444822072982788,0.10212484747171402,0.12376567721366882,0,True
500,0.9524489641189575,0.15493325889110565,1.0,0.06536328047513962,1.4246975183486938,1.4347233772277832,0.09821110218763351,0.11479644477367401,0,True
501,0.9590232372283936,0.16421914100646973,1.0,0.06593184173107147,1.3892689943313599,1.3992998600006104,0.09194161742925644,0.1325126588344574,0,True
502,0.9426294565200806,0.16395528614521027,1.0,0.06531158089637756,1.3895390033721924,1.399165391921997,0.12523925304412842,0.1441548764705658,1,True
503,0.9263159036636353,0.1596636176109314,0.9921875,0.06336656212806702,1.390903115272522,1.400503158569336,0.09890826046466827,0.14162510633468628,0,True
504,0.9280694127082825,0.15200267732143402,0.9921875,0.062350187450647354,1.406159520149231,1.4161893129348755,0.12551665306091309,0.16469725966453552,0,True
505,0.937401294708252,0.14824432134628296,0.9921875,0.06368741393089294,1.4206680059432983,1.4313585758209229,0.09791437536478043,0.16219207644462585,0,True
506,0.9372068643569946,0.14350710809230804,0.9921875,0.0644654855132103,1.3948701620101929,1.4046881198883057,0.09269392490386963,0.16335636377334595,0,True
507,0.9316901564598083,0.13714227080345154,0.9921875,0.06446461379528046,1.43178129196167,1.4419035911560059,0.08725591003894806,0.1601279377937317,0,True
508,0.9411332011222839,0.14191928505897522,0.9921875,0.06503257155418396,1.4202529191970825,1.43086576461792,0.08658269047737122,0.15695545077323914,0,True
509,0.9379560947418213,0.14391393959522247,0.9921875,0.06466394662857056,1.404951572418213,1.4144799709320068,0.09240330755710602,0.1404181271791458,0,True
510,0.9455779194831848,0.1644611358642578,0.9921875,0.06469690799713135,1.4152547121047974,1.4254164695739746,0.10099924355745316,0.1530827283859253,0,True
511,0.955498456954956,0.16839420795440674,0.9921875,0.06514549255371094,1.4124975204467773,1.422731876373291,0.09110797196626663,0.155208021402359,0,True
512,0.9422054886817932,0.16030991077423096,0.9921875,0.06602239608764648,1.401075839996338,1.4106194972991943,0.10748258978128433,0.15289586782455444,0,True
513,0.9489655494689941,0.1525600552558899,0.9921875,0.0638890266418457,1.390489101409912,1.4004290103912354,0.08985760807991028,0.12879621982574463,0,True
514,0.9403994083404541,0.14381366968154907,0.9921875,0.0633947104215622,1.4012353420257568,1.4115960597991943,0.09048359841108322,0.14107494056224823,0,True
515,0.9396532773971558,0.13489626348018646,0.9921875,0.06325056403875351,1.4016879796981812,1.4101678133010864,0.08677535504102707,0.15015769004821777,0,True
516,0.9409279823303223,0.13198935985565186,0.9921875,0.06297994405031204,1.4241549968719482,1.4341011047363281,0.08897855877876282,0.14250986278057098,0,True
517,0.9427883625030518,0.1426350176334381,0.9921875,0.06444990634918213,1.4379353523254395,1.4481005668640137,0.09095560759305954,0.14028164744377136,0,True
518,0.939193844795227,0.13143353164196014,0.9921875,0.06504049152135849,1.449697494506836,1.459898591041565,0.0877891257405281,0.156581312417984,0,True
519,0.9400109052658081,0.13394103944301605,0.9921875,0.0648193359375,1.4413074254989624,1.45074462890625,0.10043388605117798,0.1493721604347229,0,True
520,0.9405239224433899,0.1480446457862854,0.9921875,0.06546848267316818,1.448380708694458,1.4569791555404663,0.10289902985095978,0.12796038389205933,0,True
521,0.9505347609519958,0.14912225306034088,0.9921875,0.06644682586193085,1.4466296434402466,1.45745050907135,0.11039883643388748,0.1363552212715149,0,True
522,0.9460159540176392,0.1545424610376358,0.9921875,0.06670449674129486,1.4212725162506104,1.4302103519439697,0.0915512964129448,0.14015249907970428,0,True
523,0.9451805949211121,0.16037708520889282,0.9921875,0.06518077850341797,1.4352883100509644,1.4454967975616455,0.10840202867984772,0.13633625209331512,0,True
524,0.934119462966919,0.1472155898809433,0.9921875,0.06457873433828354,1.4108479022979736,1.4202760457992554,0.09883823990821838,0.12242745608091354,0,True
525,0.93421471118927,0.1451520323753357,0.9921875,0.06377357989549637,1.4129157066345215,1.4225717782974243,0.10551920533180237,0.1605255901813507,0,True
526,0.9456449747085571,0.15171340107917786,0.9921875,0.06429833918809891,1.39919114112854,1.410418152809143,0.11328581720590591,0.16734382510185242,0,True
527,0.938109815120697,0.14782965183258057,0.9921875,0.06399770081043243,1.4079437255859375,1.41837739944458,0.0853608027100563,0.16007879376411438,0,True
528,0.931205689907074,0.13459981977939606,0.9921875,0.06345508992671967,1.4184675216674805,1.4284758567810059,0.09102188795804977,0.1495506763458252,0,True
529,0.9431942701339722,0.13666602969169617,0.9921875,0.06308414041996002,1.4043645858764648,1.4142751693725586,0.08741287142038345,0.13759773969650269,0,True
530,0.942310094833374,0.13701018691062927,0.9921875,0.06385992467403412,1.4152591228485107,1.424593210220337,0.09272602945566177,0.14592307806015015,0,True
531,0.9449849128723145,0.14684149622917175,0.9921875,0.06466154754161835,1.4196372032165527,1.4296729564666748,0.0914071649312973,0.14133191108703613,0,True
532,0.9584177732467651,0.1564379632472992,0.9921875,0.06528622657060623,1.414369821548462,1.4258403778076172,0.08901519328355789,0.14197362959384918,0,True
533,0.9416847229003906,0.14640261232852936,0.9921875,0.06540542840957642,1.3742233514785767,1.3837270736694336,0.09147954732179642,0.12911933660507202,0,True
534,0.9407802820205688,0.15423479676246643,0.9921875,0.06333895772695541,1.4144783020019531,1.4243429899215698,0.10047119855880737,0.1309003233909607,0,True
535,0.9324930906295776,0.14763517677783966,0.9921875,0.0621919184923172,1.395726203918457,1.4043309688568115,0.0960494726896286,0.13064584136009216,0,True
536,0.9110251665115356,0.15229344367980957,0.9921875,0.06280764937400818,1.4310686588287354,1.440162181854248,0.09409493952989578,0.1433199644088745,0,True
537,0.9178388118743896,0.14597420394420624,0.9921875,0.06365959346294403,1.4218769073486328,1.432328701019287,0.08963195234537125,0.15792813897132874,0,True
538,0.9193341732025146,0.1510142982006073,0.9921875,0.06445790827274323,1.436302900314331,1.4462155103683472,0.09892801940441132,0.1440161168575287,0,True
539,0.9215261340141296,0.14904341101646423,0.9921875,0.06480094790458679,1.4249567985534668,1.4354968070983887,0.10075385868549347,0.13344448804855347,0,True
540,0.9243960380554199,0.1406007707118988,0.9921875,0.06477266550064087,1.4216058254241943,1.4313992261886597,0.10237787663936615,0.11722466349601746,0,True
541,0.9205994606018066,0.14974871277809143,0.9921875,0.06449760496616364,1.4277477264404297,1.4369429349899292,0.08854515105485916,0.12121868133544922,0,True
542,0.9290337562561035,0.16030113399028778,0.9921875,0.06504468619823456,1.428681492805481,1.4383938312530518,0.09270354360342026,0.11715102940797806,0,True
543,0.9287104606628418,0.15641966462135315,0.9921875,0.06535452604293823,1.416739583015442,1.4262120723724365,0.097252756357193,0.12992355227470398,0,True
544,0.9331637620925903,0.16614626348018646,0.9921875,0.06482091546058655,1.42012619972229,1.4304838180541992,0.09171118587255478,0.13450846076011658,0,True
545,0.9332056641578674,0.1665017008781433,0.9921875,0.06428897380828857,1.401979923248291,1.4122483730316162,0.10200636088848114,0.13549315929412842,0,True
546,0.9264442920684814,0.15132437646389008,0.9921875,0.06320569664239883,1.3941683769226074,1.403651475906372,0.09218495339155197,0.15289121866226196,0,True
547,0.9205076694488525,0.15454936027526855,0.9921875,0.06347019225358963,1.4352967739105225,1.4449243545532227,0.09126196056604385,0.1355494111776352,0,True
548,0.9206075668334961,0.1515265256166458,0.9921875,0.06418528407812119,1.4002671241760254,1.410775065422058,0.09424535930156708,0.12500277161598206,0,True
549,0.9148769974708557,0.1430119276046753,0.9921875,0.06494719535112381,1.4122315645217896,1.4225728511810303,0.0951337218284607,0.1518906056880951,0,True
550,0.9297987222671509,0.14082413911819458,0.9921875,0.06505070626735687,1.4066669940948486,1.4168086051940918,0.09317965805530548,0.16877344250679016,1,True
551,0.9366106390953064,0.14052364230155945,0.984375,0.06496969610452652,1.4119466543197632,1.4227184057235718,0.08914272487163544,0.15602318942546844,0,True
552,0.9385561943054199,0.15502020716667175,0.984375,0.06485950946807861,1.4167085886001587,1.425912857055664,0.09369184076786041,0.12743040919303894,0,True
553,0.9345074892044067,0.14865514636039734,0.984375,0.06334596872329712,1.4230903387069702,1.4322803020477295,0.09637609124183655,0.1513599157333374,0,True
554,0.9343973398208618,0.14967121183872223,0.984375,0.06371212005615234,1.4359670877456665,1.4451541900634766,0.08706171810626984,0.1449696123600006,0,True
555,0.943320095539093,0.14758600294589996,0.984375,0.06426721811294556,1.4339346885681152,1.444038987159729,0.08889997005462646,0.1353718340396881,0,True
556,0.9439631700515747,0.14537961781024933,0.984375,0.06453751027584076,1.408028483390808,1.4182050228118896,0.08586308360099792,0.15351960062980652,0,True
557,0.9379605054855347,0.1453160047531128,0.984375,0.06474088877439499,1.430769920349121,1.4406534433364868,0.09637342393398285,0.15770159661769867,0,True
558,0.9327437877655029,0.13926072418689728,0.984375,0.0643623024225235,1.4088351726531982,1.4187536239624023,0.11711986362934113,0.1483088731765747,0,True
559,0.9241825342178345,0.13178303837776184,0.984375,0.06398024410009384,1.4361079931259155,1.4454400539398193,0.09264249354600906,0.15340028703212738,0,True
560,0.9450002908706665,0.1339763104915619,0.984375,0.0646272674202919,1.4185473918914795,1.4289621114730835,0.10870685428380966,0.1384720653295517,0,True
561,0.9590004682540894,0.13432440161705017,0.984375,0.0672149658203125,1.4200373888015747,1.4302963018417358,0.10431241989135742,0.14014382660388947,0,True
562,0.9688574075698853,0.14240002632141113,0.984375,0.06674320995807648,1.42890465259552,1.4394371509552002,0.10095524042844772,0.13065984845161438,0,True
563,0.9511345624923706,0.14525984227657318,0.984375,0.06626446545124054,1.3900052309036255,1.4009629487991333,0.09314799308776855,0.1374029964208603,0,True
564,0.9387699365615845,0.1468774974346161,0.984375,0.06443957984447479,1.39432692527771,1.402587890625,0.0864417627453804,0.12320350855588913,0,True
565,0.9290852546691895,0.14092068374156952,0.984375,0.06330310553312302,1.4297288656234741,1.4383940696716309,0.08639363944530487,0.13128669559955597,0,True
566,0.9368817210197449,0.1421063095331192,0.984375,0.06388777494430542,1.420738697052002,1.430356502532959,0.08635062724351883,0.14888963103294373,0,True
567,0.9443634152412415,0.1460171937942505,0.984375,0.06440316885709763,1.4210503101348877,1.43254816532135,0.09293128550052643,0.15642490983009338,0,True
568,0.9360815286636353,0.13919612765312195,0.984375,0.06473909318447113,1.4202046394348145,1.4302904605865479,0.09278731793165207,0.1489608883857727,0,True
569,0.9231923818588257,0.1398308277130127,0.984375,0.06332269310951233,1.3934612274169922,1.402665376663208,0.09253402054309845,0.1275564432144165,0,True
570,0.9258489608764648,0.14238949120044708,0.984375,0.06263284385204315,1.4186041355133057,1.4278976917266846,0.09180458635091782,0.13826653361320496,0,True
571,0.9371308088302612,0.1507314294576645,0.984375,0.0641271322965622,1.4248074293136597,1.4352846145629883,0.08618137985467911,0.14941826462745667,0,True
572,0.9375390410423279,0.1513921171426773,0.984375,0.06563526391983032,1.4332737922668457,1.442706823348999,0.09312717616558075,0.14257711172103882,0,True
573,0.9493077993392944,0.15438732504844666,0.984375,0.06552368402481079,1.4267981052398682,1.4376018047332764,0.09009792655706406,0.13368664681911469,0,True
574,0.9450764656066895,0.1495470106601715,0.984375,0.06518612802028656,1.3995885848999023,1.4095356464385986,0.08759377151727676,0.1405688226222992,0,True
575,0.9280655384063721,0.15029317140579224,0.984375,0.06446731090545654,1.3910781145095825,1.4005167484283447,0.09093200415372849,0.10943737626075745,0,True
576,0.9306246638298035,0.1503102034330368,0.984375,0.06350426375865936,1.4016729593276978,1.4109941720962524,0.08758848160505295,0.1227060928940773,0,True
577,0.9348922967910767,0.16063402593135834,0.984375,0.06375320255756378,1.4030609130859375,1.413238525390625,0.09594995528459549,0.11213459819555283,0,True
578,0.9243640899658203,0.13623787462711334,0.984375,0.06458479911088943,1.401098370552063,1.411158800125122,0.09863610565662384,0.1413896381855011,0,True
579,0.925523042678833,0.1376739740371704,0.984375,0.06352104991674423,1.4194285869598389,1.4292792081832886,0.09094201773405075,0.15050910413265228,0,True
580,0.928909182548523,0.14295580983161926,0.984375,0.06341437250375748,1.4270689487457275,1.437053918838501,0.08843448758125305,0.1483641117811203,0,True
581,0.9355301856994629,0.14672933518886566,0.984375,0.06468767672777176,1.4132095575332642,1.4238126277923584,0.09291969984769821,0.14868882298469543,0,True
582,0.9410130977630615,0.14203757047653198,0.984375,0.06523934006690979,1.4374295473098755,1.4471969604492188,0.09047804027795792,0.1441100835800171,0,True
583,0.9514997005462646,0.14460085332393646,0.984375,0.06593219935894012,1.4183520078659058,1.429253101348877,0.08944841474294662,0.1313108503818512,0,True
584,0.9530137777328491,0.14150863885879517,0.984375,0.0656430572271347,1.404373288154602,1.414388656616211,0.08521910756826401,0.13103912770748138,0,True
585,0.9496355056762695,0.15304818749427795,0.984375,0.06428281962871552,1.3811702728271484,1.3908476829528809,0.09001239389181137,0.12629897892475128,0,True
586,0.9380826354026794,0.16077229380607605,0.984375,0.0632416233420372,1.407781720161438,1.4171533584594727,0.09030944108963013,0.12865190207958221,0,True
587,0.9321706295013428,0.14733542501926422,0.984375,0.06364689022302628,1.4052938222885132,1.4147546291351318,0.09453731775283813,0.13306190073490143,0,True
588,0.9317270517349243,0.13908366858959198,0.984375,0.06316874921321869,1.4183449745178223,1.4287443161010742,0.08663136512041092,0.1333606243133545,0,True
589,0.9206784963607788,0.13727858662605286,0.984375,0.06348425149917603,1.4155372381210327,1.4249215126037598,0.0864601731300354,0.12961646914482117,0,True
590,0.9192906618118286,0.13124987483024597,0.984375,0.06383414566516876,1.4193707704544067,1.4297553300857544,0.10041319578886032,0.14228740334510803,0,True
591,0.9296197295188904,0.1393490582704544,0.984375,0.0640399158000946,1.4112389087677002,1.4222042560577393,0.08903221040964127,0.13545966148376465,0,True
592,0.9321984052658081,0.13748469948768616,0.984375,0.06470693647861481,1.421329140663147,1.431584119796753,0.1075303852558136,0.15931910276412964,0,True
593,0.9433537721633911,0.13912267982959747,0.984375,0.06550979614257812,1.4160550832748413,1.4259583950042725,0.1106838583946228,0.16335445642471313,0,True
594,0.9496875405311584,0.14643268287181854,0.984375,0.0649726390838623,1.4339300394058228,1.444792628288269,0.10575293004512787,0.15272854268550873,0,True
595,0.9425653219223022,0.1572098731994629,0.984375,0.06516622751951218,1.3918509483337402,1.4018926620483398,0.09402165561914444,0.14683318138122559,0,True
596,0.9284708499908447,0.14816738665103912,0.984375,0.06398345530033112,1.4330788850784302,1.4416146278381348,0.08937294781208038,0.13990306854248047,0,True
597,0.9222961664199829,0.1444024294614792,0.984375,0.06342178583145142,1.4185006618499756,1.4280529022216797,0.09159893542528152,0.1203014925122261,0,True
598,0.921040415763855,0.14573884010314941,0.984375,0.06420513242483139,1.4015973806381226,1.411311149597168,0.09764629602432251,0.14562314748764038,0,True
599,0.9149399995803833,0.15372811257839203,0.984375,0.06431030482053757,1.4100782871246338,1.4201467037200928,0.10889684408903122,0.13950634002685547,0,True
600,0.9212800860404968,0.14841239154338837,0.984375,0.06437313556671143,1.412887454032898,1.4235917329788208,0.08949592709541321,0.12435970455408096,0,True
601,0.9215675592422485,0.14725026488304138,0.984375,0.06488329917192459,1.4161784648895264,1.4265152215957642,0.09117880463600159,0.1234346255660057,0,True
602,0.926354169845581,0.14340192079544067,0.984375,0.0654042512178421,1.4036107063293457,1.4138035774230957,0.09017793834209442,0.13181985914707184,0,True
603,0.9348158240318298,0.13955074548721313,0.984375,0.06489642709493637,1.4086918830871582,1.4186780452728271,0.10023654252290726,0.14053425192832947,0,True
604,0.9330303072929382,0.14611031115055084,0.984375,0.06508573144674301,1.4214258193969727,1.4314290285110474,0.08753439038991928,0.14710041880607605,0,True
605,0.9277133941650391,0.1499447524547577,0.984375,0.06430716812610626,1.3960157632827759,1.4055758714675903,0.08588696271181107,0.14595700800418854,0,True
606,0.9198168516159058,0.15936708450317383,0.984375,0.06341692805290222,1.4189512729644775,1.42793607711792,0.08812828361988068,0.14725548028945923,0,True
607,0.9280704259872437,0.1600426733493805,0.984375,0.06337402760982513,1.4098252058029175,1.4208550453186035,0.08724019676446915,0.12789371609687805,0,True
608,0.9176830649375916,0.15318644046783447,0.984375,0.06419031322002411,1.4104294776916504,1.4193625450134277,0.09165541082620621,0.12989582121372223,0,True
609,0.919493556022644,0.15340577065944672,0.984375,0.06391385942697525,1.4184950590133667,1.4285621643066406,0.0897040143609047,0.12075574696063995,0,True
610,0.9071989059448242,0.1481967717409134,0.984375,0.06395500898361206,1.4324557781219482,1.4428441524505615,0.09319427609443665,0.13210269808769226,0,True
611,0.9172003269195557,0.14904963970184326,0.984375,0.06455729901790619,1.4255309104919434,1.436033844947815,0.08570292592048645,0.1343332976102829,0,True
612,0.9213073253631592,0.14275524020195007,0.984375,0.06547634303569794,1.4292771816253662,1.4393036365509033,0.09321434050798416,0.12585541605949402,0,True
613,0.9209574460983276,0.14783328771591187,0.984375,0.06556173413991928,1.4354811906814575,1.4452104568481445,0.08823801577091217,0.1321459710597992,0,True
614,0.9293971061706543,0.15052500367164612,0.984375,0.06543558090925217,1.422841191291809,1.4344029426574707,0.09518692642450333,0.1213652491569519,0,True
615,0.9356178641319275,0.15366235375404358,0.984375,0.0646594911813736,1.3940269947052002,1.4034125804901123,0.08611690998077393,0.12981610000133514,0,True
616,0.9297511577606201,0.1602441966533661,0.984375,0.06284703314304352,1.4001820087432861,1.4094748497009277,0.08976802974939346,0.14715518057346344,0,True
617,0.9206207990646362,0.1669621765613556,0.984375,0.062268104404211044,1.4086735248565674,1.418778896331787,0.08517635613679886,0.1330205500125885,0,True
618,0.9107245206832886,0.15697622299194336,0.984375,0.06354378908872604,1.3845491409301758,1.3936731815338135,0.09317093342542648,0.1532750129699707,0,True
619,0.9083383679389954,0.16077159345149994,0.984375,0.06262463331222534,1.4130936861038208,1.4230139255523682,0.10427272319793701,0.1379452645778656,0,True
620,0.9017367362976074,0.16398096084594727,0.984375,0.06384250521659851,1.4073872566223145,1.4176993370056152,0.1053929403424263,0.12874020636081696,0,True
621,0.9008677005767822,0.15986424684524536,0.984375,0.06376960873603821,1.419809103012085,1.4293919801712036,0.10420631617307663,0.14625829458236694,0,True
622,0.9080853462219238,0.1482708752155304,0.984375,0.06466017663478851,1.4334144592285156,1.44413161277771,0.11397251486778259,0.15307077765464783,0,True
623,0.924228310585022,0.1542835533618927,0.984375,0.06564828753471375,1.4193333387374878,1.4298101663589478,0.09806632995605469,0.13759784400463104,0,True
624,0.9291983842849731,0.149232879281044,0.984375,0.06666427850723267,1.4360277652740479,1.446285367012024,0.10448964685201645,0.11952461302280426,0,True
625,0.9297024011611938,0.16043788194656372,0.984375,0.06652097404003143,1.419773817062378,1.4305150508880615,0.10547220706939697,0.11819642782211304,0,True
626,0.9396833777427673,0.16023468971252441,0.984375,0.06586543470621109,1.4046226739883423,1.4143400192260742,0.09970642626285553,0.11977522820234299,1,True
627,0.9457298517227173,0.1636020839214325,0.9765625,0.06487755477428436,1.3763906955718994,1.385818362236023,0.11994453519582748,0.11429473757743835,0,True
628,0.9348613619804382,0.15513044595718384,0.9765625,0.06290403753519058,1.4045565128326416,1.4141212701797485,0.10822857916355133,0.14485833048820496,0,True
629,0.9259189367294312,0.14537620544433594,0.9765625,0.06346018612384796,1.3956594467163086,1.4064884185791016,0.09215059876441956,0.14696641266345978,0,True
630,0.922963559627533,0.1493351310491562,0.9765625,0.06395334005355835,1.3797485828399658,1.390040397644043,0.09004058688879013,0.14327912032604218,0,True
631,0.9097789525985718,0.14767837524414062,0.9765625,0.06301563233137131,1.4296149015426636,1.4395980834960938,0.08719452470541,0.1444629579782486,0,True
632,0.9101189970970154,0.14711008965969086,0.9765625,0.06348729878664017,1.448972463607788,1.4594758749008179,0.08651179820299149,0.15603308379650116,0,True
633,0.925868570804596,0.14561471343040466,0.9765625,0.06434884667396545,1.4133765697479248,1.423559308052063,0.09260160475969315,0.12094035744667053,0,True
634,0.9254661202430725,0.14233985543251038,0.9765625,0.0647960752248764,1.4362339973449707,1.4460935592651367,0.09911647439002991,0.136143296957016,0,True
635,0.9493406414985657,0.14005881547927856,0.984375,0.06612758338451385,1.443206787109375,1.4538078308105469,0.09309718757867813,0.15154317021369934,0,True
636,0.948068380355835,0.13930758833885193,0.984375,0.06633730232715607,1.4259061813354492,1.4357209205627441,0.08925662189722061,0.1293041706085205,0,True
637,0.956489086151123,0.15565578639507294,0.984375,0.06538515537977219,1.4037694931030273,1.4137938022613525,0.08682511746883392,0.13794030249118805,0,True
638,0.9565708637237549,0.14955763518810272,0.984375,0.0644666850566864,1.390347957611084,1.399911880493164,0.08972235769033432,0.13991113007068634,0,True
639,0.9457248449325562,0.14729103446006775,0.984375,0.06336361169815063,1.3969502449035645,1.4065494537353516,0.08755645155906677,0.14072230458259583,0,True
640,0.935207724571228,0.13357052206993103,0.984375,0.0627933144569397,1.3887972831726074,1.3987131118774414,0.09240186214447021,0.15524667501449585,0,True
641,0.9242847561836243,0.14264123141765594,0.984375,0.062120843678712845,1.4047601222991943,1.415413498878479,0.08941377699375153,0.14138557016849518,0,True
642,0.9328469038009644,0.13631278276443481,0.984375,0.0630917027592659,1.4118869304656982,1.422641396522522,0.08502880483865738,0.1420038789510727,0,True
643,0.9305019378662109,0.13955998420715332,0.984375,0.06401391327381134,1.4244370460510254,1.4334523677825928,0.08811157941818237,0.1298036277294159,0,True
644,0.9235089421272278,0.13880746066570282,0.984375,0.0635061264038086,1.430467128753662,1.4406933784484863,0.08651769161224365,0.13369011878967285,0,True
645,0.9254432916641235,0.13780677318572998,0.984375,0.0644669458270073,1.4475665092468262,1.4577977657318115,0.09635372459888458,0.13175508379936218,0,True
646,0.9330093860626221,0.14335617423057556,0.984375,0.06522011756896973,1.4364275932312012,1.4459686279296875,0.09357572346925735,0.12951090931892395,0,True
647,0.9426486492156982,0.14702311158180237,0.984375,0.06487443298101425,1.4323927164077759,1.4422634840011597,0.0859258770942688,0.14317739009857178,0,True
648,0.9563093185424805,0.1471000462770462,0.984375,0.06643901020288467,1.429215908050537,1.4401435852050781,0.0896589532494545,0.14604811370372772,0,True
649,0.9428682327270508,0.14651748538017273,0.984375,0.06573924422264099,1.4115155935287476,1.420649528503418,0.09339290112257004,0.11929916590452194,0,True
650,0.9367896318435669,0.15691614151000977,0.984375,0.06379503011703491,1.4030438661575317,1.4125052690505981,0.08998852968215942,0.14343523979187012,0,True
651,0.9281113147735596,0.1545594334602356,0.984375,0.06279969215393066,1.402228593826294,1.4120638370513916,0.0892278328537941,0.13741570711135864,0,True
652,0.9222666025161743,0.15036357939243317,0.984375,0.06276758015155792,1.3937304019927979,1.4029723405838013,0.09266329556703568,0.13296204805374146,0,True
653,0.9198718070983887,0.14519670605659485,0.984375,0.06250151246786118,1.4252755641937256,1.4347031116485596,0.08952119201421738,0.1210923045873642,0,True
654,0.9332385063171387,0.1376904845237732,0.984375,0.06303226947784424,1.4147378206253052,1.425947666168213,0.08723098039627075,0.1574779748916626,0,True
655,0.9179551601409912,0.1398007869720459,0.984375,0.06302081793546677,1.430332899093628,1.4397473335266113,0.08829623460769653,0.14432644844055176,0,True
656,0.919269323348999,0.14740869402885437,0.984375,0.06314676254987717,1.4355552196502686,1.445441484451294,0.08748721331357956,0.13937616348266602,0,True
657,0.9266692996025085,0.14879299700260162,0.984375,0.06388257443904877,1.4295734167099,1.4391306638717651,0.09136299788951874,0.12230705469846725,0,True
658,0.9321992993354797,0.15600520372390747,0.984375,0.06549680233001709,1.43152916431427,1.4414087533950806,0.08998541533946991,0.13724753260612488,0,True
659,0.9493317604064941,0.15236590802669525,0.984375,0.06622855365276337,1.3979747295379639,1.4090073108673096,0.08925530314445496,0.1313914954662323,0,True
660,0.9348493218421936,0.13425467908382416,0.984375,0.06466269493103027,1.3987975120544434,1.4082618951797485,0.09951981902122498,0.12141263484954834,0,True
661,0.9387335777282715,0.13173934817314148,0.984375,0.06360149383544922,1.3889966011047363,1.398279070854187,0.08640659600496292,0.12369995564222336,0,True
662,0.9329898953437805,0.140392005443573,0.984375,0.06247895583510399,1.373544692993164,1.3824310302734375,0.09004835784435272,0.136522114276886,0,True
663,0.9367485046386719,0.14340730011463165,0.984375,0.0628746896982193,1.3853650093078613,1.3949708938598633,0.09063633531332016,0.14372703433036804,0,True
664,0.9261113405227661,0.13918635249137878,0.984375,0.0634453296661377,1.3970832824707031,1.4067354202270508,0.08942283689975739,0.13463398814201355,0,True
665,0.9313247203826904,0.13973020017147064,0.984375,0.06249698996543884,1.4053044319152832,1.4157309532165527,0.08524902909994125,0.16082903742790222,0,True
666,0.9253870844841003,0.14416489005088806,0.984375,0.06285218894481659,1.408149003982544,1.4174373149871826,0.08532063663005829,0.14453642070293427,0,True
667,0.9398260116577148,0.1346692144870758,0.984375,0.06361199915409088,1.4469494819641113,1.4560338258743286,0.0894165113568306,0.15399721264839172,0,True
668,0.9476171731948853,0.13837355375289917,0.9921875,0.06522635370492935,1.4345877170562744,1.4455492496490479,0.08869320899248123,0.1366834193468094,0,True
669,0.9469574689865112,0.14946891367435455,0.9921875,0.06606936454772949,1.431818962097168,1.4426836967468262,0.08815649151802063,0.13792365789413452,0,True
670,0.9322825074195862,0.14455300569534302,0.9921875,0.06645507365465164,1.4186408519744873,1.4285519123077393,0.09459608793258667,0.13919340074062347,0,True
671,0.9115999341011047,0.14593654870986938,0.9921875,0.06323845684528351,1.3973723649978638,1.4061691761016846,0.0870247557759285,0.12426057457923889,0,True
672,0.9214149117469788,0.14235244691371918,0.9921875,0.062063828110694885,1.397547960281372,1.4073514938354492,0.09232615679502487,0.12924309074878693,0,True
673,0.9185305833816528,0.13570640981197357,0.9921875,0.0640772134065628,1.3986403942108154,1.4092364311218262,0.10277969390153885,0.14769764244556427,0,True
674,0.9211139678955078,0.14075854420661926,0.9921875,0.06534427404403687,1.4013549089431763,1.4112653732299805,0.10873638838529587,0.15104612708091736,0,True
675,0.9214129447937012,0.1406574845314026,0.9921875,0.06430196762084961,1.4077785015106201,1.418041467666626,0.08891768753528595,0.12740486860275269,0,True
676,0.9186813235282898,0.14706295728683472,0.9921875,0.06278043985366821,1.4149343967437744,1.424683928489685,0.09509003907442093,0.132997065782547,0,True
677,0.9295626878738403,0.1515524685382843,0.9921875,0.06431418657302856,1.4265600442886353,1.4363551139831543,0.09204836189746857,0.13791781663894653,0,True
678,0.9404400587081909,0.15046004951000214,0.9921875,0.06514337658882141,1.4182031154632568,1.4285402297973633,0.09285391867160797,0.1458035409450531,0,True
679,0.9273030161857605,0.14131398499011993,0.9921875,0.06636789441108704,1.4342124462127686,1.4442813396453857,0.0895678773522377,0.12443403154611588,0,True
680,0.9425023198127747,0.15329483151435852,0.9921875,0.06509776413440704,1.4147388935089111,1.4251165390014648,0.08841601014137268,0.14614364504814148,0,True
681,0.9280556440353394,0.14952848851680756,0.9921875,0.06401839852333069,1.3789902925491333,1.3889501094818115,0.09147529304027557,0.11071515083312988,0,True
682,0.9083516597747803,0.14402168989181519,0.9921875,0.06267344951629639,1.401271939277649,1.4095940589904785,0.1017291247844696,0.1358792930841446,0,True
683,0.9033605456352234,0.1423942595720291,0.9921875,0.06267258524894714,1.3904367685317993,1.4000884294509888,0.10454989224672318,0.12351027131080627,0,True
684,0.9065761566162109,0.14892281591892242,0.9921875,0.06366324424743652,1.3998782634735107,1.4108037948608398,0.09451255947351456,0.14206816256046295,0,True
685,0.9134352207183838,0.15202772617340088,0.9921875,0.064250148832798,1.4002273082733154,1.41094970703125,0.0860123336315155,0.1487354189157486,0,True
686,0.9158801436424255,0.14515499770641327,0.9921875,0.06459847837686539,1.415054202079773,1.4248311519622803,0.0921754240989685,0.15408508479595184,0,True
687,0.9216348528862,0.16025808453559875,0.9921875,0.06371501088142395,1.4317201375961304,1.4417386054992676,0.08899447321891785,0.15609052777290344,0,True
688,0.926203727722168,0.14850986003875732,0.9921875,0.06455457210540771,1.4333348274230957,1.4437140226364136,0.08928219228982925,0.12732696533203125,0,True
689,0.9210407137870789,0.15254923701286316,0.9921875,0.06531012058258057,1.4189198017120361,1.427846908569336,0.08610058575868607,0.10385371744632721,0,True
690,0.9316595792770386,0.15192997455596924,0.9921875,0.06494538486003876,1.4341232776641846,1.4446252584457397,0.08634615689516068,0.13542254269123077,0,True
691,0.9285550117492676,0.14992278814315796,0.9921875,0.06496049463748932,1.3850185871124268,1.396036148071289,0.09112828969955444,0.1405944675207138,0,True
692,0.9047344923019409,0.15758034586906433,0.9921875,0.06354966014623642,1.4084254503250122,1.4175450801849365,0.09024951606988907,0.13366717100143433,0,True
693,0.9053181409835815,0.153993159532547,0.9921875,0.06262241303920746,1.403393268585205,1.4133538007736206,0.08563721179962158,0.13596224784851074,0,True
694,0.8972703218460083,0.15777286887168884,0.9921875,0.06228024512529373,1.4083372354507446,1.417700171470642,0.09365417808294296,0.12396122515201569,0,True
695,0.9093588590621948,0.15539321303367615,0.9921875,0.06426379084587097,1.4116857051849365,1.4225218296051025,0.09557357430458069,0.14858852326869965,0,True
696,0.9278348684310913,0.14294414222240448,0.9921875,0.0654710903763771,1.4255375862121582,1.4360084533691406,0.09055624157190323,0.13320203125476837,0,True
697,0.9393194913864136,0.1386391818523407,0.9921875,0.06557337939739227,1.4153767824172974,1.426177978515625,0.09445367753505707,0.13418616354465485,0,True
698,0.935198187828064,0.13377045094966888,0.9921875,0.06478773802518845,1.4063687324523926,1.4169800281524658,0.09006602317094803,0.14111961424350739,0,True
699,0.9361475706100464,0.13524185121059418,0.9921875,0.06390882283449173,1.4013440608978271,1.410902500152588,0.09553837031126022,0.11232489347457886,0,True
700,0.9344973564147949,0.1389988511800766,0.9921875,0.06279920041561127,1.4041054248809814,1.413015365600586,0.08999603241682053,0.13785555958747864,0,True
701,0.9222906231880188,0.1439036726951599,0.9921875,0.06283324956893921,1.393775463104248,1.4028589725494385,0.08587106317281723,0.1276652216911316,0,True
702,0.9160637855529785,0.1596067249774933,0.9921875,0.06285661458969116,1.4133509397506714,1.4235293865203857,0.09232617914676666,0.13932469487190247,0,True
703,0.9205738306045532,0.1614672988653183,0.9921875,0.06376856565475464,1.4169213771820068,1.4274406433105469,0.0945514589548111,0.15534859895706177,0,True
704,0.908597469329834,0.16406553983688354,0.9921875,0.06402159482240677,1.422750473022461,1.4326341152191162,0.08778262883424759,0.15736311674118042,0,True
705,0.9080303907394409,0.15514153242111206,0.9921875,0.06333903968334198,1.4399272203445435,1.4498562812805176,0.08837784081697464,0.14338228106498718,0,True
706,0.90669184923172,0.14880980551242828,0.9921875,0.0647769421339035,1.4247626066207886,1.4345186948776245,0.099768728017807,0.1221822202205658,0,True
707,0.9213203191757202,0.14134839177131653,0.9921875,0.06551717221736908,1.432724118232727,1.4415887594223022,0.08997020125389099,0.14263340830802917,0,True
708,0.9345158338546753,0.14418427646160126,0.9921875,0.06573465466499329,1.430221438407898,1.4416961669921875,0.08945397287607193,0.1329585611820221,0,True
709,0.9461983442306519,0.1415211260318756,0.9921875,0.06611399352550507,1.4141459465026855,1.424128532409668,0.09645238518714905,0.1336001455783844,0,True
710,0.9404308795928955,0.13813164830207825,0.9921875,0.06600000709295273,1.3967461585998535,1.4068892002105713,0.09842734783887863,0.12225335091352463,0,True
711,0.9229452610015869,0.1419389545917511,0.9921875,0.0633416399359703,1.381221055984497,1.3903043270111084,0.087521493434906,0.13859915733337402,0,True
712,0.9006334543228149,0.1565227210521698,0.9921875,0.06122374162077904,1.392137050628662,1.4001884460449219,0.08707956224679947,0.12954843044281006,0,True
713,0.907717227935791,0.16607201099395752,0.9921875,0.06146690621972084,1.4041156768798828,1.4141042232513428,0.08647150546312332,0.1347377449274063,0,True
714,0.9027608633041382,0.16658620536327362,0.9921875,0.06291380524635315,1.409048080444336,1.41938316822052,0.08846469223499298,0.1335001140832901,0,True
715,0.894184947013855,0.15704110264778137,0.9921875,0.06414870917797089,1.4301881790161133,1.4403817653656006,0.0880202054977417,0.13256146013736725,0,True
716,0.9019706845283508,0.14630523324012756,0.9921875,0.06319283694028854,1.438123106956482,1.448500394821167,0.08498557657003403,0.14765405654907227,0,True
717,0.9106820821762085,0.1463944911956787,0.9921875,0.06354561448097229,1.4438945055007935,1.454186201095581,0.08674175292253494,0.14863377809524536,0,True
718,0.924677312374115,0.14821986854076385,0.9921875,0.06558286398649216,1.4386907815933228,1.4493317604064941,0.09363951534032822,0.15313437581062317,0,True
719,0.9362303018569946,0.14570745825767517,0.9921875,0.06562161445617676,1.4356184005737305,1.4452285766601562,0.0882071703672409,0.12168121337890625,0,True
720,0.9329801201820374,0.1413976550102234,0.9921875,0.066768117249012,1.428830623626709,1.4394224882125854,0.0945277065038681,0.11829375475645065,0,True
721,0.930337131023407,0.15013238787651062,0.9921875,0.06543931365013123,1.390271782875061,1.401172161102295,0.09698259830474854,0.12045130133628845,0,True
722,0.9161264896392822,0.15277418494224548,0.9921875,0.06359690427780151,1.3886668682098389,1.397308588027954,0.09205891191959381,0.12154760211706161,0,True
723,0.9137191772460938,0.1562178134918213,0.9921875,0.061820581555366516,1.399850606918335,1.4087414741516113,0.09947474300861359,0.143451988697052,0,True
724,0.9195826053619385,0.1569177657365799,0.9921875,0.06298976391553879,1.4112169742584229,1.4218727350234985,0.09525400400161743,0.12316152453422546,0,True
725,0.9287686944007874,0.14881883561611176,0.9921875,0.0644494965672493,1.3998005390167236,1.4101738929748535,0.08655361086130142,0.13156066834926605,0,True
726,0.9212859869003296,0.1420980542898178,0.9921875,0.06496767699718475,1.41379976272583,1.4233918190002441,0.08692868053913116,0.1402292549610138,0,True
727,0.918996274471283,0.1522156149148941,0.9921875,0.06386236846446991,1.4284261465072632,1.4387246370315552,0.08641038089990616,0.12015374004840851,0,True
728,0.9207301735877991,0.14395645260810852,0.9921875,0.06422455608844757,1.4184802770614624,1.4281659126281738,0.09192252904176712,0.1204095184803009,0,True
729,0.9271359443664551,0.14313799142837524,0.9921875,0.06402421742677689,1.412595510482788,1.4224969148635864,0.09088632464408875,0.11102858930826187,0,True
730,0.9325926303863525,0.14281310141086578,0.9921875,0.06507523357868195,1.4154452085494995,1.4254252910614014,0.08818209171295166,0.13228625059127808,0,True
731,0.9208773374557495,0.1456174999475479,0.9921875,0.06516061723232269,1.406355857849121,1.4164142608642578,0.08539246022701263,0.14741510152816772,0,True
732,0.916113555431366,0.16049467027187347,0.9921875,0.06421720236539841,1.3866009712219238,1.3971476554870605,0.09190499782562256,0.13157539069652557,0,True
733,0.9107041358947754,0.15799260139465332,0.9921875,0.06342310458421707,1.405336618423462,1.4144171476364136,0.09221184253692627,0.13378611207008362,0,True
734,0.9209522604942322,0.1589464247226715,0.9921875,0.06290316581726074,1.399698257446289,1.4098773002624512,0.09462288022041321,0.13931091129779816,0,True
735,0.9205292463302612,0.1545400619506836,0.9921875,0.0651874989271164,1.4170838594436646,1.4267544746398926,0.09496206790208817,0.11753137409687042,0,True
736,0.9213632345199585,0.1482468694448471,0.9921875,0.06521531194448471,1.4368325471878052,1.4475096464157104,0.09540704637765884,0.13921716809272766,0,True
737,0.9202252626419067,0.146812304854393,0.9921875,0.06408116966485977,1.4138916730880737,1.423924446105957,0.0842013955116272,0.1723705232143402,0,True
738,0.9124895334243774,0.14230214059352875,0.9921875,0.06331805884838104,1.4346132278442383,1.4445780515670776,0.09100059419870377,0.16412562131881714,0,True
739,0.9201008081436157,0.13642092049121857,0.9921875,0.0649639144539833,1.4502832889556885,1.460198998451233,0.09476366639137268,0.15313401818275452,0,True
740,0.9258496761322021,0.14361129701137543,0.9921875,0.06435050070285797,1.4381102323532104,1.4484293460845947,0.09355723112821579,0.1410367339849472,0,True
741,0.9081293344497681,0.1533576101064682,0.9921875,0.06507432460784912,1.4350121021270752,1.4452133178710938,0.08895159512758255,0.12507963180541992,1,True
742,0.8991205096244812,0.1642020344734192,0.9921875,0.06474750488996506,1.419572114944458,1.4283347129821777,0.084976926445961,0.14573240280151367,0,True
743,0.8954633474349976,0.16970056295394897,0.9921875,0.06325297057628632,1.4293949604034424,1.4392262697219849,0.09405321627855301,0.12324550747871399,0,True
744,0.8943228125572205,0.18032099306583405,0.9921875,0.06393496692180634,1.4058969020843506,1.4154610633850098,0.09159351885318756,0.1430918276309967,0,True
745,0.9128240346908569,0.17254886031150818,0.9921875,0.06440693885087967,1.4190152883529663,1.429746150970459,0.10097754001617432,0.1353815346956253,0,True
746,0.9093846082687378,0.16534370183944702,0.9921875,0.06500311195850372,1.3887808322906494,1.3989002704620361,0.09015841782093048,0.1299150288105011,0,True
747,0.8989002704620361,0.16129253804683685,0.9921875,0.06403468549251556,1.411402940750122,1.4217270612716675,0.09441082924604416,0.12117212265729904,0,True
748,0.9077913761138916,0.15199679136276245,0.9921875,0.06439627707004547,1.4033052921295166,1.4126429557800293,0.09552508592605591,0.1480640470981598,0,True
749,0.9016748666763306,0.14706788957118988,0.9921875,0.06308790296316147,1.4082984924316406,1.4177742004394531,0.09013505280017853,0.15093913674354553,0,True
750,0.9137459993362427,0.1434333622455597,0.9921875,0.06466694176197052,1.421525478363037,1.432295322418213,0.08871883898973465,0.16282792389392853,0,True
751,0.910696268081665,0.14427095651626587,0.9921875,0.06541500240564346,1.4013296365737915,1.412230134010315,0.11208892613649368,0.15380889177322388,0,True
752,0.8936388492584229,0.16603994369506836,0.9921875,0.06411198526620865,1.4186434745788574,1.4285151958465576,0.1111682653427124,0.147497296333313,0,True
753,0.9023560285568237,0.1691611409187317,0.9921875,0.0630379170179367,1.418745994567871,1.4282476902008057,0.08855145424604416,0.13327457010746002,0,True
754,0.905220627784729,0.1634497195482254,0.9921875,0.06355945765972137,1.4257960319519043,1.4350757598876953,0.09080620855093002,0.13183081150054932,0,True
755,0.9082779884338379,0.1708918958902359,0.9921875,0.06488405168056488,1.4362051486968994,1.4462730884552002,0.08830144256353378,0.14124339818954468,0,True
756,0.919671893119812,0.1620553433895111,0.9921875,0.06536471843719482,1.4096834659576416,1.420302391052246,0.09131527692079544,0.14076043665409088,0,True
757,0.9165206551551819,0.16297303140163422,0.9921875,0.06568315625190735,1.420437216758728,1.4296905994415283,0.10671189427375793,0.12177859246730804,0,True
758,0.9055705070495605,0.15889765322208405,0.9921875,0.06365415453910828,1.4141756296157837,1.4235115051269531,0.09721473604440689,0.12068965286016464,0,True
759,0.9011656045913696,0.1583484262228012,0.9921875,0.06314965337514877,1.4128217697143555,1.422623872756958,0.09577484428882599,0.11884769797325134,0,True
760,0.9046310186386108,0.153482586145401,0.9921875,0.06359119713306427,1.406536340713501,1.4162237644195557,0.08545086532831192,0.12858837842941284,0,True
761,0.9037660360336304,0.1502344012260437,0.9921875,0.06451326608657837,1.4098608493804932,1.4196176528930664,0.09974537789821625,0.14845754206180573,0,True
762,0.890807032585144,0.1606859415769577,0.9921875,0.06416146457195282,1.4193557500839233,1.4288355112075806,0.09391669183969498,0.14286532998085022,0,True
763,0.8936192989349365,0.16603592038154602,0.9921875,0.06308942288160324,1.4003649950027466,1.4107983112335205,0.08779677748680115,0.15571826696395874,0,True
764,0.8937191367149353,0.16713975369930267,0.9921875,0.06384453177452087,1.4238214492797852,1.4327815771102905,0.0881635770201683,0.14875563979148865,0,True
765,0.901636004447937,0.16141840815544128,0.9921875,0.06382456421852112,1.4481995105743408,1.457655906677246,0.08607939630746841,0.1522325575351715,0,True
766,0.9247879981994629,0.16340167820453644,0.9921875,0.06573984026908875,1.4145591259002686,1.425440788269043,0.087462417781353,0.14171308279037476,0,True
767,0.9217570424079895,0.1637706160545349,0.9921875,0.06679777801036835,1.4260377883911133,1.4364712238311768,0.09031227976083755,0.12336258590221405,0,True
768,0.9219557046890259,0.15593764185905457,0.9921875,0.06499132513999939,1.3895623683929443,1.3989461660385132,0.0889941155910492,0.12423837184906006,0,True
769,0.902114987373352,0.16181617975234985,0.9921875,0.0632459968328476,1.3842874765396118,1.3941216468811035,0.09083577245473862,0.11416628956794739,0,True
770,0.8957747220993042,0.15412084758281708,0.9921875,0.06301265954971313,1.386062741279602,1.3960669040679932,0.09317824989557266,0.13413596153259277,0,True
771,0.8995960354804993,0.14792338013648987,0.9921875,0.06387893855571747,1.4125003814697266,1.4230740070343018,0.0917307510972023,0.1322096288204193,0,True
772,0.9005035161972046,0.14961501955986023,0.9921875,0.06397704780101776,1.4069470167160034,1.416698694229126,0.09783083945512772,0.1294257640838623,0,True
773,0.8979876041412354,0.15861807763576508,0.9921875,0.06321517378091812,1.4149857759475708,1.4249212741851807,0.08805276453495026,0.12146957218647003,0,True
774,0.8919016122817993,0.1751520335674286,0.9921875,0.06332612037658691,1.4216744899749756,1.4314172267913818,0.08459228277206421,0.1215762346982956,0,True
775,0.8959023356437683,0.1668863296508789,0.9921875,0.06382722407579422,1.436827301979065,1.4463825225830078,0.09399132430553436,0.13575167953968048,0,True
776,0.9001464247703552,0.16808433830738068,0.9921875,0.06495137512683868,1.4439523220062256,1.453680157661438,0.09235455095767975,0.13016824424266815,0,True
777,0.9196692705154419,0.1699003130197525,0.9921875,0.0675354152917862,1.4384737014770508,1.4498934745788574,0.09229346364736557,0.14564776420593262,0,True
778,0.9151555299758911,0.16207760572433472,0.9921875,0.06668620556592941,1.3947443962097168,1.4051299095153809,0.09119218587875366,0.10468583554029465,0,True
779,0.897425651550293,0.16755074262619019,0.9921875,0.06455963850021362,1.4199230670928955,1.428680658340454,0.08807197213172913,0.11490529030561447,0,True
780,0.8893051743507385,0.1632494032382965,0.9921875,0.06329849362373352,1.396928071975708,1.406740665435791,0.09151344746351242,0.11735888570547104,0,True
781,0.8773295283317566,0.1648104339838028,0.9921875,0.06322135776281357,1.3773725032806396,1.3875898122787476,0.10133960843086243,0.1430562138557434,0,True
782,0.8693984746932983,0.1658170521259308,0.9921875,0.06354272365570068,1.4007221460342407,1.4106154441833496,0.09019788354635239,0.11977103352546692,0,True
783,0.8789676427841187,0.17078226804733276,0.9921875,0.06436342000961304,1.4086029529571533,1.4192521572113037,0.09090949594974518,0.11574976146221161,0,True
784,0.8879067897796631,0.17338548600673676,0.9921875,0.06362789869308472,1.4122314453125,1.42216157913208,0.08946051448583603,0.11593146622180939,0,True
785,0.8966424465179443,0.16852925717830658,0.9921875,0.06419512629508972,1.4224426746368408,1.4333655834197998,0.08955492079257965,0.13011842966079712,0,True
786,0.9114145040512085,0.1714537888765335,0.9921875,0.06451520323753357,1.4266633987426758,1.4364227056503296,0.08943857997655869,0.12731727957725525,0,True
787,0.9088796973228455,0.17095178365707397,0.9921875,0.06467676162719727,1.4255080223083496,1.4357104301452637,0.09026958048343658,0.11549481749534607,0,True
788,0.9172004461288452,0.16679182648658752,0.9921875,0.06549634039402008,1.4145910739898682,1.4250805377960205,0.08911604434251785,0.12713947892189026,0,True
789,0.9214076995849609,0.16587220132350922,0.9921875,0.06459648907184601,1.4005630016326904,1.4107739925384521,0.0958254262804985,0.1332191526889801,0,True
790,0.9143564701080322,0.15561211109161377,0.9921875,0.06377238780260086,1.3943499326705933,1.4048123359680176,0.09523317217826843,0.13496221601963043,0,True
791,0.9003803730010986,0.15018250048160553,0.9921875,0.06329663097858429,1.3961741924285889,1.4059455394744873,0.09590090811252594,0.13737791776657104,0,True
792,0.8882328867912292,0.1548890322446823,0.9921875,0.061816971749067307,1.3900320529937744,1.3994708061218262,0.08931924402713776,0.14989732205867767,0,True
793,0.8776474595069885,0.1512654572725296,0.9921875,0.06234489381313324,1.3949894905090332,1.4048006534576416,0.09946902096271515,0.13769838213920593,0,True
794,0.8819856643676758,0.16185729205608368,0.9921875,0.0629439502954483,1.4293230772018433,1.4398165941238403,0.09257835894823074,0.13453730940818787,0,True
795,0.8958667516708374,0.1611921787261963,0.9921875,0.06460457295179367,1.4327853918075562,1.4432168006896973,0.08932462334632874,0.1432332992553711,0,True
796,0.9102124571800232,0.16006453335285187,0.9921875,0.06550513207912445,1.4324734210968018,1.443002462387085,0.0921151265501976,0.14405924081802368,0,True
797,0.9155610799789429,0.1622222661972046,0.9921875,0.06607776135206223,1.4196043014526367,1.4298956394195557,0.08965713530778885,0.1285490244626999,0,True
798,0.9145287871360779,0.16020295023918152,0.9921875,0.06611618399620056,1.422224521636963,1.4320281744003296,0.11055833846330643,0.12852843105793,0,True
799,0.913476288318634,0.1669526994228363,0.9921875,0.06517504155635834,1.4187530279159546,1.4283031225204468,0.10086334496736526,0.11539634317159653,0,True
800,0.9049022197723389,0.17267969250679016,0.9921875,0.06434410065412521,1.3992505073547363,1.4093488454818726,0.08690701425075531,0.11724554002285004,0,True
801,0.8945074081420898,0.1632900983095169,0.9921875,0.06345389783382416,1.3913404941558838,1.4009160995483398,0.09534624963998795,0.13399098813533783,0,True
802,0.8874958157539368,0.15590974688529968,0.9921875,0.06255554407835007,1.3986135721206665,1.4088146686553955,0.08334977179765701,0.12906597554683685,0,True
803,0.8812335729598999,0.1536257266998291,0.9921875,0.06282920390367508,1.4029476642608643,1.4128921031951904,0.08933106809854507,0.1209115982055664,0,True
804,0.8793867230415344,0.1510104238986969,0.9921875,0.0635799989104271,1.4256006479263306,1.4357922077178955,0.08681730926036835,0.13904041051864624,0,True
805,0.8869259357452393,0.1597929298877716,0.9921875,0.0643298551440239,1.4442524909973145,1.4549143314361572,0.09843302518129349,0.15433023869991302,0,True
806,0.9056193828582764,0.159513458609581,0.9921875,0.06529126316308975,1.4316226243972778,1.4423799514770508,0.08997765928506851,0.13533402979373932,0,True
807,0.9037799835205078,0.16325992345809937,0.9921875,0.06573076546192169,1.4253889322280884,1.434812068939209,0.0893179178237915,0.14275208115577698,0,True
808,0.9147697687149048,0.16186213493347168,0.9921875,0.06501911580562592,1.4275729656219482,1.4375380277633667,0.08566820621490479,0.12599574029445648,0,True
809,0.918948769569397,0.17084798216819763,0.9921875,0.06495313346385956,1.3941147327423096,1.403799295425415,0.09217821061611176,0.11159242689609528,0,True
810,0.9140255451202393,0.1739102602005005,0.9921875,0.06412574648857117,1.3920857906341553,1.4021072387695312,0.08595897257328033,0.12855908274650574,0,True
811,0.8978610038757324,0.1648680418729782,0.9921875,0.06323528289794922,1.3878110647201538,1.3976013660430908,0.08920060843229294,0.12558214366436005,0,True
812,0.8877907991409302,0.156879261136055,0.9921875,0.062138237059116364,1.3868601322174072,1.3966867923736572,0.09677889198064804,0.14645296335220337,0,True
813,0.8777377605438232,0.1537502259016037,0.9921875,0.06292061507701874,1.4095903635025024,1.4190967082977295,0.10561135411262512,0.14362278580665588,0,True
814,0.874565839767456,0.16155408322811127,0.9921875,0.06345470249652863,1.4179019927978516,1.4282877445220947,0.09067773818969727,0.139068603515625,0,True
815,0.8835653066635132,0.1561962068080902,0.9921875,0.06411786377429962,1.444377064704895,1.4550230503082275,0.08780176937580109,0.13515937328338623,0,True
816,0.8863034248352051,0.16121721267700195,0.9921875,0.06542276591062546,1.4373254776000977,1.4481260776519775,0.09453172981739044,0.13666923344135284,0,True
817,0.8994489908218384,0.15932881832122803,0.9921875,0.065721794962883,1.4397484064102173,1.4499740600585938,0.08641928434371948,0.13117730617523193,0,True
818,0.9148818254470825,0.15739424526691437,0.9921875,0.06557954102754593,1.4119318723678589,1.4227215051651,0.08686921745538712,0.14092469215393066,0,True
819,0.9124783277511597,0.1629370152950287,0.9921875,0.0655064731836319,1.4125053882598877,1.4227869510650635,0.09009793400764465,0.10988861322402954,0,True
820,0.9115104675292969,0.17173263430595398,0.9921875,0.06514889001846313,1.4165568351745605,1.4262669086456299,0.08703658729791641,0.11748716980218887,0,True
821,0.8971160054206848,0.1718292385339737,0.9921875,0.0637822151184082,1.386612057685852,1.3962699174880981,0.09642129391431808,0.12794744968414307,0,True
822,0.8759313821792603,0.16469627618789673,0.9921875,0.0627017393708229,1.3963077068328857,1.4053194522857666,0.09446732699871063,0.12803813815116882,0,True
823,0.8769505023956299,0.15419065952301025,0.9921875,0.0623723603785038,1.4165258407592773,1.4257867336273193,0.08934536576271057,0.1351659595966339,0,True
824,0.8792030811309814,0.15755607187747955,0.9921875,0.062256403267383575,1.4147591590881348,1.4256303310394287,0.08820237964391708,0.1434619426727295,0,True
825,0.8936607241630554,0.1551045924425125,1.0,0.06432788074016571,1.4295520782470703,1.440560221672058,0.0948740616440773,0.1210508793592453,0,True
826,0.8925470113754272,0.15280357003211975,1.0,0.06473433971405029,1.4237375259399414,1.4330322742462158,0.08408418297767639,0.14335718750953674,0,True
827,0.891511082649231,0.16753312945365906,1.0,0.06408877670764923,1.4460468292236328,1.4559062719345093,0.09174084663391113,0.13301867246627808,0,True
828,0.9012977480888367,0.16700810194015503,1.0,0.06523877382278442,1.4444879293441772,1.4548407793045044,0.09206494688987732,0.12396499514579773,0,True
829,0.90093594789505,0.16705286502838135,1.0,0.06600736081600189,1.4290902614593506,1.4382400512695312,0.08988878130912781,0.1389014720916748,0,True
830,0.9030842185020447,0.16808320581912994,1.0,0.06548309326171875,1.4322185516357422,1.441859245300293,0.08672956377267838,0.14837384223937988,0,True
831,0.8986694812774658,0.18017682433128357,1.0,0.06451849639415741,1.400316834449768,1.4101802110671997,0.10018473118543625,0.13347211480140686,0,True
832,0.8934646248817444,0.16526788473129272,1.0,0.0635790303349495,1.390178918838501,1.4002060890197754,0.08686918020248413,0.14706538617610931,0,True
833,0.8831262588500977,0.17043909430503845,1.0,0.0615571066737175,1.398983359336853,1.4079774618148804,0.09022752195596695,0.15132218599319458,0,True
834,0.874422550201416,0.16129416227340698,1.0,0.06217431277036667,1.407350778579712,1.4170012474060059,0.09370256215333939,0.12833715975284576,0,True
835,0.8748946189880371,0.17049427330493927,1.0,0.06351497769355774,1.425018548965454,1.4355385303497314,0.10096169263124466,0.13345733284950256,0,True
836,0.8863705992698669,0.15839391946792603,1.0,0.06494377553462982,1.435964584350586,1.4468148946762085,0.09014472365379333,0.14200833439826965,0,True
837,0.8952098488807678,0.16079792380332947,1.0,0.0640845075249672,1.404298186302185,1.4142345190048218,0.08408398926258087,0.12594714760780334,0,True
838,0.8938649892807007,0.16469570994377136,1.0,0.06492651998996735,1.4533522129058838,1.4629743099212646,0.08758211135864258,0.13204912841320038,0,True
839,0.9033695459365845,0.1797301471233368,1.0,0.06482122093439102,1.4144948720932007,1.424687147140503,0.08840777724981308,0.1304653435945511,0,True
840,0.9001527428627014,0.1808670610189438,1.0,0.06540098786354065,1.393746018409729,1.403658151626587,0.08667805790901184,0.14080026745796204,0,True
841,0.9015357494354248,0.17421434819698334,1.0,0.06477022171020508,1.4022798538208008,1.412898063659668,0.09183290600776672,0.12597650289535522,0,True
842,0.9013829231262207,0.1585375964641571,1.0,0.06441853940486908,1.382201075553894,1.3920848369598389,0.08827432245016098,0.12207476794719696,0,True
843,0.8801038265228271,0.15846534073352814,1.0,0.06283862888813019,1.3696917295455933,1.3785476684570312,0.09219976514577866,0.11439303308725357,0,True
844,0.8866106867790222,0.1558929681777954,1.0,0.06224118173122406,1.400066614151001,1.409798264503479,0.09011571854352951,0.1375933289527893,0,True
845,0.8878130912780762,0.16532698273658752,1.0,0.06246267259120941,1.3967556953430176,1.4069305658340454,0.09094385802745819,0.14530117809772491,0,True
846,0.886710524559021,0.16846561431884766,1.0,0.0639166608452797,1.4196817874908447,1.4305901527404785,0.10903975367546082,0.1364862024784088,0,True
847,0.886371374130249,0.1613617241382599,1.0,0.06439106911420822,1.422215223312378,1.4321197271347046,0.10037844628095627,0.13316847383975983,0,True
848,0.8895751237869263,0.17256294190883636,1.0,0.06418496370315552,1.4456427097320557,1.456261396408081,0.09267249703407288,0.1372598111629486,0,True
849,0.8919016718864441,0.1774042546749115,1.0,0.06472103297710419,1.428863763809204,1.4387257099151611,0.08747685700654984,0.13790223002433777,0,True
850,0.8972241878509521,0.18535324931144714,1.0,0.06446929275989532,1.4284956455230713,1.4375953674316406,0.08717893064022064,0.13876973092556,0,True
851,0.89980149269104,0.1847592145204544,1.0,0.06536702811717987,1.412365436553955,1.422194004058838,0.08739491552114487,0.13391707837581635,0,True
852,0.8844562768936157,0.17928914725780487,1.0,0.06501556932926178,1.430753469467163,1.440550446510315,0.0953722670674324,0.1254463791847229,0,True
853,0.8810888528823853,0.17762765288352966,1.0,0.0639326423406601,1.3949682712554932,1.40549898147583,0.09053975343704224,0.14399974048137665,0,True
854,0.8762214183807373,0.16590526700019836,1.0,0.06425779312849045,1.3759691715240479,1.3862223625183105,0.10645091533660889,0.13019870221614838,0,True
855,0.8819713592529297,0.15758848190307617,1.0,0.06285227090120316,1.4073891639709473,1.4165235757827759,0.09532219171524048,0.15506026148796082,0,True
856,0.8841121196746826,0.16204999387264252,1.0,0.06310349702835083,1.4215031862258911,1.431082844734192,0.09174082428216934,0.13038071990013123,0,True
857,0.8823758363723755,0.17232343554496765,1.0,0.06337446719408035,1.4182240962982178,1.4287312030792236,0.09101488441228867,0.13005751371383667,0,True
858,0.8903424739837646,0.1700989305973053,1.0,0.06475090980529785,1.433445692062378,1.4443156719207764,0.09109126031398773,0.12173068523406982,0,True
859,0.9053913950920105,0.15971419215202332,1.0,0.06585493683815002,1.422724962234497,1.433163046836853,0.09005642682313919,0.1472844034433365,0,True
860,0.9039381742477417,0.1719072163105011,1.0,0.06506822258234024,1.4245796203613281,1.434312105178833,0.08789083361625671,0.1269179880619049,0,True
861,0.905469536781311,0.17539547383785248,1.0,0.06496842205524445,1.4142850637435913,1.4245880842208862,0.08928215503692627,0.1312336027622223,0,True
862,0.8964609503746033,0.1829645335674286,1.0,0.06425067037343979,1.4074232578277588,1.4165940284729004,0.08946692943572998,0.1281179040670395,0,True
863,0.8916123509407043,0.1831223964691162,1.0,0.06285450607538223,1.4178543090820312,1.426801323890686,0.09276791661977768,0.14418813586235046,0,True
864,0.8898501992225647,0.17919233441352844,1.0,0.06397287547588348,1.4253337383270264,1.4355506896972656,0.0870027169585228,0.13954021036624908,0,True
865,0.8892940282821655,0.16897812485694885,1.0,0.06428693234920502,1.4085416793823242,1.4191977977752686,0.08904603868722916,0.13462872803211212,0,True
866,0.8855064511299133,0.16020017862319946,1.0,0.06451500207185745,1.399317741394043,1.4097332954406738,0.09227841347455978,0.17670629918575287,0,True
867,0.8760442733764648,0.16438782215118408,1.0,0.06431028991937637,1.4137009382247925,1.423203706741333,0.08712393790483475,0.1377624273300171,0,True
868,0.8735795617103577,0.17381668090820312,1.0,0.06327469646930695,1.4336203336715698,1.4433228969573975,0.08532771468162537,0.12165302038192749,0,True
869,0.8822734355926514,0.18433067202568054,1.0,0.06391719728708267,1.437903881072998,1.448227882385254,0.08750154078006744,0.12523844838142395,0,True
870,0.8872174024581909,0.17983824014663696,1.0,0.06486351788043976,1.4197310209274292,1.4297138452529907,0.0863042101264,0.14344239234924316,0,True
871,0.8848716616630554,0.18317532539367676,1.0,0.06508855521678925,1.4407435655593872,1.4499599933624268,0.08666344732046127,0.12550771236419678,0,True
872,0.8899499177932739,0.1845894157886505,1.0,0.06545907258987427,1.4251224994659424,1.4361565113067627,0.08943558484315872,0.12395742535591125,0,True
873,0.8825851678848267,0.18366509675979614,1.0,0.06449643522500992,1.4042021036148071,1.414665699005127,0.08865777403116226,0.12405507266521454,0,True
874,0.8828876614570618,0.18505653738975525,1.0,0.06386358290910721,1.395545482635498,1.4043667316436768,0.10573020577430725,0.11966027319431305,0,True
875,0.8760945796966553,0.1851663887500763,1.0,0.0634777694940567,1.3991661071777344,1.408362627029419,0.09378459304571152,0.11606931686401367,0,True
876,0.8782070875167847,0.17300619184970856,1.0,0.06377200782299042,1.4014172554016113,1.4116990566253662,0.09790749847888947,0.13651640713214874,0,True
877,0.8727691769599915,0.16238033771514893,1.0,0.06418600678443909,1.4151842594146729,1.4253811836242676,0.09209278970956802,0.13797923922538757,0,True
878,0.8813154697418213,0.1574634313583374,1.0,0.06390728056430817,1.399856686592102,1.40944242477417,0.08813303709030151,0.12989020347595215,0,True
879,0.8791769742965698,0.17055310308933258,1.0,0.06384971737861633,1.4196085929870605,1.4295258522033691,0.08601485192775726,0.11722376942634583,0,True
880,0.8806452751159668,0.17110440135002136,1.0,0.06361855566501617,1.4076578617095947,1.417673110961914,0.09624248743057251,0.13483992218971252,0,True
881,0.879759669303894,0.18853560090065002,1.0,0.06342042982578278,1.4250171184539795,1.434558391571045,0.09188918024301529,0.14853498339653015,0,True
882,0.888237714767456,0.19257208704948425,1.0,0.06475500762462616,1.414315938949585,1.4240772724151611,0.09222476929426193,0.12415283918380737,0,True
883,0.8994607925415039,0.18880026042461395,1.0,0.06496421247720718,1.4354450702667236,1.4465330839157104,0.09644440561532974,0.15222816169261932,0,True
884,0.8995349407196045,0.18066683411598206,1.0,0.06658457964658737,1.407820463180542,1.4184942245483398,0.09401915222406387,0.11972817033529282,0,True
885,0.8815226554870605,0.173553928732872,1.0,0.06458435952663422,1.4210501909255981,1.4301297664642334,0.09074755012989044,0.1457478404045105,0,True
886,0.8795374631881714,0.17488640546798706,1.0,0.06317219138145447,1.3893022537231445,1.3995440006256104,0.09404926747083664,0.12137238681316376,0,True
887,0.8650242686271667,0.18536223471164703,1.0,0.06260949373245239,1.4019255638122559,1.4108762741088867,0.1093301922082901,0.13572975993156433,0,True
888,0.8659546375274658,0.17339123785495758,1.0,0.0635518729686737,1.41969633102417,1.4297924041748047,0.09843907505273819,0.14264540374279022,0,True
889,0.8654314875602722,0.17203012108802795,1.0,0.06378418207168579,1.4057657718658447,1.4158488512039185,0.08986958861351013,0.1341407597064972,0,True
890,0.8737455606460571,0.1654409021139145,1.0,0.06377288699150085,1.4192163944244385,1.4288808107376099,0.08492542803287506,0.15674911439418793,0,True
891,0.8733383417129517,0.17064689099788666,1.0,0.06341561675071716,1.4291305541992188,1.439043641090393,0.09194798767566681,0.14279675483703613,0,True
892,0.8796833157539368,0.1749950349330902,1.0,0.06439735740423203,1.4502489566802979,1.4596061706542969,0.08652092516422272,0.13670988380908966,0,True
893,0.8760954141616821,0.17983032763004303,1.0,0.0656614750623703,1.4456605911254883,1.4563075304031372,0.09186622500419617,0.13451755046844482,0,True
894,0.8951411247253418,0.18257327377796173,1.0,0.0662737786769867,1.4145169258117676,1.4246835708618164,0.08879218250513077,0.12552276253700256,0,True
895,0.8981524705886841,0.182709202170372,1.0,0.06530942022800446,1.4181268215179443,1.4277558326721191,0.09248576313257217,0.145263671875,0,True
896,0.8927289247512817,0.1723129153251648,1.0,0.06476135551929474,1.409523367881775,1.4198195934295654,0.08735235035419464,0.12218128889799118,0,True
897,0.8883974552154541,0.17750582098960876,1.0,0.06399890780448914,1.3948643207550049,1.4041846990585327,0.09194973856210709,0.13732196390628815,0,True
898,0.8690946102142334,0.18055459856987,1.0,0.061679013073444366,1.3784207105636597,1.3877086639404297,0.09192967414855957,0.1346021592617035,0,True
899,0.8625503778457642,0.18170872330665588,1.0,0.06188613176345825,1.3778762817382812,1.3871922492980957,0.08172613382339478,0.1230524331331253,0,True
900,0.8612139225006104,0.18520072102546692,1.0,0.06275211274623871,1.411360740661621,1.4214684963226318,0.09320787340402603,0.13659685850143433,0,True
901,0.8685528039932251,0.18169724941253662,1.0,0.06357407569885254,1.4226832389831543,1.4329464435577393,0.09229326993227005,0.1458919644355774,0,True
902,0.8740212917327881,0.17806275188922882,1.0,0.06460211426019669,1.4229321479797363,1.4333970546722412,0.10631044209003448,0.1287747621536255,0,True
903,0.879452109336853,0.18091295659542084,1.0,0.06537532061338425,1.4170386791229248,1.4262709617614746,0.09837934374809265,0.13018184900283813,0,True
904,0.8886217474937439,0.1833130419254303,1.0,0.06448522210121155,1.436334252357483,1.4465663433074951,0.10121750831604004,0.14779132604599,0,True
905,0.8921642303466797,0.18401697278022766,1.0,0.06556027382612228,1.425922155380249,1.4352084398269653,0.09373980760574341,0.12116770446300507,0,True
906,0.8816211819648743,0.18429526686668396,1.0,0.0650603324174881,1.426761269569397,1.4368202686309814,0.10177230834960938,0.13924700021743774,0,True
907,0.8922275304794312,0.1924026608467102,1.0,0.06548912823200226,1.4130501747131348,1.4243247509002686,0.0934731513261795,0.14068837463855743,0,True
908,0.8813784122467041,0.19654592871665955,1.0,0.06532213091850281,1.3857251405715942,1.3955837488174438,0.08726631850004196,0.13800020515918732,0,True
909,0.8565494418144226,0.1958560347557068,1.0,0.06268654763698578,1.4000170230865479,1.4090152978897095,0.09007421135902405,0.12450188398361206,0,True
910,0.8476766347885132,0.18543386459350586,1.0,0.06217995658516884,1.4128735065460205,1.4221391677856445,0.08984248340129852,0.11993434280157089,0,True
911,0.8480885028839111,0.18830972909927368,1.0,0.06272239983081818,1.3980696201324463,1.4084469079971313,0.09687481820583344,0.141569122672081,0,True
912,0.8541271090507507,0.18426191806793213,1.0,0.06447718292474747,1.4083149433135986,1.4191491603851318,0.08902288973331451,0.15134185552597046,0,True
913,0.8644822239875793,0.1820007711648941,1.0,0.06468243896961212,1.4185503721237183,1.428329348564148,0.08838158845901489,0.13224190473556519,0,True
914,0.8720968961715698,0.1867533028125763,1.0,0.0642024427652359,1.440685510635376,1.4505056142807007,0.08667188137769699,0.1238885447382927,0,True
915,0.8831981420516968,0.1848268061876297,1.0,0.06424184143543243,1.4234650135040283,1.4347354173660278,0.08767052739858627,0.1342853456735611,0,True
916,0.8857640624046326,0.1817709505558014,1.0,0.06505884975194931,1.4167265892028809,1.4267019033432007,0.09059451520442963,0.13212937116622925,0,True
917,0.8788853883743286,0.17803601920604706,1.0,0.06490768492221832,1.4362666606903076,1.4451899528503418,0.09291113913059235,0.12936334311962128,0,True
918,0.8764620423316956,0.19297358393669128,1.0,0.06414797157049179,1.4085969924926758,1.4189002513885498,0.09360595047473907,0.11909714341163635,0,True
919,0.8711339235305786,0.19052034616470337,1.0,0.06519807875156403,1.399025321006775,1.4091750383377075,0.0935046374797821,0.12959125638008118,0,True
920,0.8584332466125488,0.19119110703468323,1.0,0.06422149389982224,1.3950450420379639,1.4049277305603027,0.08999252319335938,0.14226064085960388,0,True
921,0.8485928177833557,0.1843770444393158,1.0,0.06333152204751968,1.408138394355774,1.417300820350647,0.08507558703422546,0.1406119465827942,0,True
922,0.8492581844329834,0.18612854182720184,1.0,0.06318750977516174,1.4108421802520752,1.4206321239471436,0.08545132726430893,0.12995515763759613,0,True
923,0.8426594734191895,0.18637995421886444,1.0,0.06374092400074005,1.3926259279251099,1.4023168087005615,0.09180670231580734,0.13823804259300232,0,True
924,0.8533080220222473,0.1858099102973938,1.0,0.06346625089645386,1.4260451793670654,1.4365965127944946,0.11036566644906998,0.13283012807369232,0,True
925,0.872770369052887,0.1815001368522644,1.0,0.06464590132236481,1.402467131614685,1.4121909141540527,0.08915915340185165,0.1372755467891693,0,True
926,0.8728506565093994,0.1841324120759964,1.0,0.06553396582603455,1.4346086978912354,1.4447393417358398,0.08452259749174118,0.11871781945228577,0,True
927,0.8780492544174194,0.19706258177757263,1.0,0.06475932896137238,1.4050498008728027,1.4155147075653076,0.08762704581022263,0.10666067153215408,0,True
928,0.870789647102356,0.20278798043727875,1.0,0.06379065662622452,1.4033340215682983,1.412463665008545,0.08496376127004623,0.13237082958221436,0,True
929,0.8635355234146118,0.2040034383535385,1.0,0.06335236877202988,1.4176844358444214,1.4273746013641357,0.08939565718173981,0.13453392684459686,0,True
930,0.858454704284668,0.18933196365833282,1.0,0.0637703537940979,1.4039853811264038,1.4136106967926025,0.0874059870839119,0.13499465584754944,0,True
931,0.8472023010253906,0.19082742929458618,1.0,0.06418495625257492,1.4184370040893555,1.4278424978256226,0.09393846243619919,0.130021333694458,0,True
932,0.8542705774307251,0.18752390146255493,1.0,0.06410321593284607,1.411694884300232,1.4222631454467773,0.09365909546613693,0.13586845993995667,0,True
933,0.8529335260391235,0.18444180488586426,1.0,0.06398537755012512,1.3980740308761597,1.4068927764892578,0.08271846920251846,0.13202223181724548,0,True
934,0.8543499708175659,0.1891070008277893,1.0,0.06367672979831696,1.4252982139587402,1.4339916706085205,0.0878961831331253,0.14227788150310516,0,True
935,0.8657881021499634,0.18994110822677612,1.0,0.06470627337694168,1.4185590744018555,1.4289679527282715,0.09303940087556839,0.12471647560596466,0,True
936,0.8673771619796753,0.1822890341281891,1.0,0.06522601842880249,1.4228553771972656,1.4331543445587158,0.09466934949159622,0.1372602880001068,0,True
937,0.857408881187439,0.19516441226005554,1.0,0.06394435465335846,1.4067109823226929,1.4165589809417725,0.08496347814798355,0.11754855513572693,0,True
938,0.8589516282081604,0.19403687119483948,1.0,0.06283247470855713,1.410341501235962,1.419393539428711,0.08780202269554138,0.1281198412179947,0,True
939,0.8569743633270264,0.20791111886501312,1.0,0.062152210623025894,1.4169166088104248,1.4262466430664062,0.09785980731248856,0.12268726527690887,0,True
940,0.8590288162231445,0.21214330196380615,1.0,0.06329254806041718,1.4336364269256592,1.444512128829956,0.0831296443939209,0.12650711834430695,0,True
941,0.8562095761299133,0.20413368940353394,1.0,0.06400343775749207,1.3893542289733887,1.3995181322097778,0.08559634536504745,0.14437761902809143,0,True
942,0.8463805317878723,0.19475096464157104,1.0,0.06399489939212799,1.4241819381713867,1.4334602355957031,0.08459878712892532,0.14629624783992767,0,True
943,0.840129017829895,0.19471381604671478,1.0,0.06321337074041367,1.4253273010253906,1.4353548288345337,0.08838857710361481,0.12827056646347046,0,True
944,0.8399063348770142,0.1995614469051361,1.0,0.0632341131567955,1.4120774269104004,1.4215116500854492,0.08890333771705627,0.12650051712989807,0,True
945,0.8537734150886536,0.19369719922542572,1.0,0.06416836380958557,1.434914469718933,1.4438793659210205,0.08562393486499786,0.1500222086906433,0,True
946,0.8520025610923767,0.19027841091156006,1.0,0.06572916358709335,1.4349123239517212,1.4449141025543213,0.08857579529285431,0.14215220510959625,0,True
947,0.8616049289703369,0.1931917369365692,1.0,0.06481413543224335,1.4278762340545654,1.438305377960205,0.08867409080266953,0.12183664739131927,0,True
948,0.8643394112586975,0.1903795599937439,1.0,0.06459791958332062,1.3913688659667969,1.4014256000518799,0.0887996256351471,0.13005214929580688,0,True
949,0.8622598648071289,0.1929442584514618,1.0,0.06365446746349335,1.411832571029663,1.4213201999664307,0.09290163218975067,0.1345754861831665,0,True
950,0.8573887944221497,0.2070457637310028,1.0,0.061996087431907654,1.403254747390747,1.4125556945800781,0.08563864976167679,0.1329626739025116,0,True
951,0.8345581293106079,0.2058054357767105,1.0,0.06288330256938934,1.3983538150787354,1.4084031581878662,0.09140536189079285,0.1278103142976761,0,True
952,0.8356942534446716,0.21323147416114807,1.0,0.062207140028476715,1.405916452407837,1.4166157245635986,0.09423711895942688,0.1355355978012085,0,True
953,0.8312546014785767,0.20497994124889374,1.0,0.06245514005422592,1.410663366317749,1.4199461936950684,0.09265851974487305,0.12595941126346588,0,True
954,0.826674222946167,0.2009601891040802,1.0,0.06299316883087158,1.4176125526428223,1.4268863201141357,0.09187424182891846,0.12600445747375488,0,True
955,0.8390049934387207,0.20169100165367126,1.0,0.06393453478813171,1.4405019283294678,1.4508891105651855,0.0900658443570137,0.13202239573001862,0,True
956,0.8515924215316772,0.19571149349212646,1.0,0.06608150899410248,1.4305384159088135,1.4411784410476685,0.08773554116487503,0.12829509377479553,0,True
957,0.8566915988922119,0.1893829107284546,1.0,0.06559927761554718,1.3982086181640625,1.4074195623397827,0.09330622851848602,0.12708330154418945,0,True
958,0.8586465120315552,0.19974887371063232,1.0,0.06450053304433823,1.4125311374664307,1.4224092960357666,0.10198157280683517,0.12983623147010803,1,True
959,0.8699709177017212,0.19441071152687073,0.9921875,0.06430907547473907,1.3944835662841797,1.4046316146850586,0.08452107757329941,0.14300593733787537,0,True
960,0.13389287889003754,0.883569598197937,0.9921875,0.06282655894756317,1.3880863189697266,1.3972764015197754,0.08901999890804291,0.015616126358509064,109,True
961,0.21776525676250458,0.7970761060714722,0.140625,0.06295903027057648,0.7521616220474243,0.7570822238922119,0.09189780801534653,0.5760518312454224,0,True
962,0.09352058172225952,0.9183458089828491,0.140625,0.07468666136264801,1.3935449123382568,1.384002685546875,0.11629557609558105,0.7041221857070923,0,True
963,0.13912729918956757,0.8703488707542419,0.140625,0.07170628011226654,1.0417883396148682,1.0422332286834717,0.12371784448623657,0.63913893699646,0,True
964,0.067536860704422,0.9454283714294434,0.140625,0.060927290469408035,0.9130104780197144,0.9117791056632996,0.12029953300952911,0.5052008628845215,0,True
965,0.059579938650131226,0.9627312421798706,0.140625,0.05880109220743179,0.8123375177383423,0.811654806137085,0.10444742441177368,0.6425836086273193,0,True
966,0.01570708118379116,1.0002820491790771,0.140625,0.06504789739847183,0.8764063119888306,0.8797664642333984,0.12053289264440536,0.7223700284957886,0,True
967,0.002995423972606659,1.010456919670105,0.140625,0.06689640879631042,0.904155969619751,0.9076359868049622,0.11949021369218826,0.9685983657836914,0,True
968,0.018842101097106934,1.001908779144287,0.140625,0.07136645168066025,1.0167782306671143,1.0195410251617432,0.11895716190338135,0.9800835847854614,0,True
969,0.03308030590415001,0.9923155307769775,0.140625,0.07203733921051025,1.0592352151870728,1.0620503425598145,0.13583794236183167,0.9582340717315674,0,True
970,0.06343253701925278,0.9718557000160217,0.140625,0.06702680885791779,1.1629931926727295,1.1640201807022095,0.11884276568889618,0.9653780460357666,0,True
971,0.09110062569379807,0.9377795457839966,0.140625,0.06586913764476776,1.184384822845459,1.1859707832336426,0.11306855827569962,0.9282172322273254,0,True
972,0.14898483455181122,0.8715068697929382,0.140625,0.06313033401966095,1.217138648033142,1.218851089477539,0.11950363963842392,0.7197244763374329,0,True
973,0.18386885523796082,0.8429796695709229,0.140625,0.06112455949187279,1.2726439237594604,1.2744853496551514,0.1356629580259323,0.6426595449447632,0,True
974,0.23886188864707947,0.7891509532928467,0.140625,0.061845436692237854,1.2854814529418945,1.2880754470825195,0.11934497952461243,0.6146387457847595,0,True
975,0.25486838817596436,0.7660729289054871,0.140625,0.0611756257712841,1.3102344274520874,1.3130385875701904,0.12343005836009979,0.5007023215293884,0,True
976,0.27635425329208374,0.7498030066490173,0.140625,0.060504619032144547,1.3574059009552002,1.3599529266357422,0.11496617645025253,0.4340633749961853,0,True
977,0.29838940501213074,0.7228212952613831,0.140625,0.05738574266433716,1.4008821249008179,1.4052006006240845,0.1069415733218193,0.3885965049266815,0,True
978,0.3309856653213501,0.7019810676574707,0.140625,0.05629104748368263,1.38776695728302,1.3931282758712769,0.11562278121709824,0.41585445404052734,0,True
979,0.3538012206554413,0.6880134344100952,0.140625,0.05482472851872444,1.342993140220642,1.348897933959961,0.12596331536769867,0.3867744207382202,0,True
980,0.3696458339691162,0.6673902273178101,0.140625,0.05318962782621384,1.4271663427352905,1.4319872856140137,0.11563725024461746,0.37885814905166626,0,True
981,0.37115681171417236,0.6564652919769287,0.140625,0.05275885388255119,1.4357417821884155,1.4413032531738281,0.10507038980722427,0.31870436668395996,0,True
982,0.38998186588287354,0.6324914693832397,0.140625,0.05066124349832535,1.4777350425720215,1.4838427305221558,0.0927659124135971,0.3044689893722534,0,True
983,0.426758348941803,0.5911585092544556,0.140625,0.05150952190160751,1.4642860889434814,1.4717720746994019,0.09465055167675018,0.3152981996536255,0,True
984,0.45361408591270447,0.5798656940460205,0.140625,0.052932631224393845,1.4521887302398682,1.4597619771957397,0.11033941060304642,0.30776292085647583,0,True
985,0.4599665403366089,0.5748528242111206,0.140625,0.053855955600738525,1.44840407371521,1.4564756155014038,0.09977880865335464,0.31143325567245483,0,True
986,0.4769578278064728,0.5567567348480225,0.140625,0.05372357368469238,1.4881407022476196,1.4965592622756958,0.10340502858161926,0.30985233187675476,0,True
987,0.47215598821640015,0.5576434135437012,0.140625,0.0553971603512764,1.4881861209869385,1.495548963546753,0.10165397822856903,0.32305774092674255,0,True
988,0.4882441759109497,0.5405690670013428,0.140625,0.05381610989570618,1.4637300968170166,1.4702692031860352,0.11665192246437073,0.3530702292919159,0,True
989,0.5062940716743469,0.5351495742797852,0.140625,0.053967222571372986,1.4642503261566162,1.4720090627670288,0.09802787005901337,0.36350017786026,0,True
990,0.5311638116836548,0.511346161365509,0.140625,0.05764656141400337,1.4609100818634033,1.469290018081665,0.1091829463839531,0.34430912137031555,0,True
991,0.5436575412750244,0.5007020831108093,0.140625,0.05886976793408394,1.462195873260498,1.471053123474121,0.10264814645051956,0.358645498752594,0,True
992,0.5348576307296753,0.49585363268852234,0.1484375,0.058267634361982346,1.4479458332061768,1.4555506706237793,0.10609002411365509,0.34490060806274414,0,True
993,0.5261680483818054,0.49710509181022644,0.15625,0.05831894278526306,1.4828031063079834,1.4895161390304565,0.10527557879686356,0.3407069742679596,0,True
994,0.5162520408630371,0.505465030670166,0.15625,0.05761761963367462,1.4683597087860107,1.475522518157959,0.11146154254674911,0.32490888237953186,0,True
995,0.5435972213745117,0.48937690258026123,0.1640625,0.056675802916288376,1.474562168121338,1.4829680919647217,0.10396354645490646,0.32313138246536255,1,True
996,0.5753269195556641,0.4618905782699585,0.1875,0.06032077223062515,1.455863118171692,1.4648566246032715,0.11617668718099594,0.3171176314353943,0,True
997,0.5984424352645874,0.4545530080795288,0.1875,0.06012234836816788,1.4594004154205322,1.4698190689086914,0.09843333065509796,0.2780255377292633,0,True
998,0.6265419125556946,0.4176751971244812,0.1953125,0.061106711626052856,1.4211783409118652,1.4312987327575684,0.12068652361631393,0.27829205989837646,0,True
999,0.6222552061080933,0.4158281087875366,0.203125,0.05910440534353256,1.386610746383667,1.3946630954742432,0.09854095429182053,0.26598498225212097,0,True
1000,0.6061310172080994,0.43730348348617554,0.2109375,0.05669984966516495,1.3812832832336426,1.3891513347625732,0.1108434870839119,0.253426730632782,1,True
