step,mean_vel_x,mean_abs_vx_error,p2_fault_active_mean,residual_action_mean_norm,final_action_mean_norm,base_action_mean_norm,residual_action_max_norm,mean_abs_yaw_error,done_count,no_nan_inf
1,0.13142696022987366,0.8685730695724487,0.0,0.06625653803348541,0.6459068059921265,0.6459068059921265,0.0816497877240181,0.7708640098571777,0,True
2,-0.015639018267393112,1.015639066696167,0.0,0.07814931869506836,1.4421048164367676,1.4421048164367676,0.12067730724811554,0.7196643948554993,0,True
3,0.014589421451091766,0.9854105710983276,0.0,0.07027972489595413,1.0185036659240723,1.0185036659240723,0.14939051866531372,0.7418196201324463,0,True
4,-0.08473449945449829,1.084734559059143,0.0,0.05740667134523392,0.8099914789199829,0.8099914789199829,0.13640885055065155,0.5730959177017212,0,True
5,-0.12068130820989609,1.1206812858581543,0.0,0.057885948568582535,0.750750720500946,0.750750720500946,0.09880902618169785,0.69902503490448,0,True
6,-0.17148828506469727,1.1714882850646973,0.0,0.06584399938583374,0.8505392670631409,0.8505392670631409,0.13727176189422607,0.9592368006706238,0,True
7,-0.1681835949420929,1.1681835651397705,0.0,0.06598679721355438,0.8989254236221313,0.8989254236221313,0.12918859720230103,1.1329255104064941,0,True
8,-0.13589048385620117,1.1358904838562012,0.0,0.0706295520067215,0.9662079811096191,0.9662079811096191,0.1334967017173767,1.2003600597381592,0,True
9,-0.0880873054265976,1.0894612073898315,0.0,0.07476910203695297,1.0390479564666748,1.0390479564666748,0.1392025500535965,1.2772811651229858,0,True
10,-0.04761360585689545,1.0476136207580566,0.0,0.06848274916410446,1.1013312339782715,1.1013312339782715,0.11705842614173889,1.0736136436462402,0,True
11,-0.0017094071954488754,1.0019195079803467,0.0,0.06765610724687576,1.2126331329345703,1.2126331329345703,0.12206264585256577,1.0000073909759521,0,True
12,0.06332887709140778,0.9373552203178406,0.0,0.06293846666812897,1.237959384918213,1.237959384918213,0.11782164871692657,0.8373671770095825,0,True
13,0.1050906702876091,0.8959216475486755,0.0,0.05935503542423248,1.2920808792114258,1.2920808792114258,0.11422377079725266,0.6306706666946411,0,True
14,0.16439595818519592,0.8356236219406128,0.0,0.05845072865486145,1.432935357093811,1.432935357093811,0.10924796760082245,0.560245156288147,0,True
15,0.21676966547966003,0.7836378812789917,0.0,0.058677710592746735,1.4928369522094727,1.4928369522094727,0.10831161588430405,0.4314139485359192,0,True
16,0.2480960488319397,0.7523707151412964,0.0,0.05874324589967728,1.4821147918701172,1.4821147918701172,0.09887669235467911,0.430323988199234,0,True
17,0.25608909130096436,0.7496654987335205,0.0,0.056591928005218506,1.4675887823104858,1.4675887823104858,0.10705919563770294,0.3366633653640747,0,True
18,0.278062641620636,0.7381409406661987,0.0,0.054367803037166595,1.5232864618301392,1.5232864618301392,0.10843140631914139,0.3267657160758972,0,True
19,0.29669684171676636,0.7250329256057739,0.0,0.054170191287994385,1.4886962175369263,1.4886962175369263,0.10700371116399765,0.36002111434936523,0,True
20,0.3091793358325958,0.7106001377105713,0.0,0.0519685260951519,1.4887187480926514,1.4887187480926514,0.08775219321250916,0.3105800747871399,0,True
21,0.3183634877204895,0.6862537860870361,0.0,0.05012571066617966,1.5539599657058716,1.5539599657058716,0.0919312983751297,0.32302534580230713,0,True
22,0.34083572030067444,0.6643790006637573,0.0,0.048907943069934845,1.5513606071472168,1.5513606071472168,0.0891040712594986,0.2947222590446472,0,True
23,0.37166810035705566,0.6311641931533813,0.0,0.05074028670787811,1.5203659534454346,1.5203659534454346,0.09856847673654556,0.3340100049972534,0,True
24,0.3781530261039734,0.6318721771240234,0.0,0.051983341574668884,1.4981575012207031,1.4981575012207031,0.09399018436670303,0.3324226438999176,0,True
25,0.37777894735336304,0.6309820413589478,0.0,0.05207163095474243,1.5259225368499756,1.5259225368499756,0.10355720669031143,0.3722192049026489,0,True
26,0.3692794740200043,0.6406396627426147,0.0,0.053652070462703705,1.565284252166748,1.565284252166748,0.1059146597981453,0.3468706011772156,0,True
27,0.37049272656440735,0.6390392184257507,0.0,0.05519510433077812,1.554014801979065,1.554014801979065,0.12344411760568619,0.3167985677719116,0,True
28,0.37549394369125366,0.6370617151260376,0.0,0.05668821185827255,1.5603678226470947,1.5603678226470947,0.10939688980579376,0.3110628128051758,0,True
29,0.38652366399765015,0.6323546171188354,0.0,0.05930180475115776,1.525174617767334,1.525174617767334,0.10111545771360397,0.3445782959461212,0,True
30,0.3893333673477173,0.6280881762504578,0.0,0.059537678956985474,1.5284967422485352,1.5284967422485352,0.11071068793535233,0.3336154818534851,0,True
31,0.40314429998397827,0.6179854869842529,0.0078125,0.058416396379470825,1.4819796085357666,1.4819796085357666,0.10335487127304077,0.3187059760093689,0,True
32,0.43361911177635193,0.5929470062255859,0.0078125,0.05939792841672897,1.4888079166412354,1.4888079166412354,0.10387235134840012,0.3164599537849426,0,True
33,0.43732815980911255,0.5942712426185608,0.0234375,0.05991900712251663,1.4725360870361328,1.4725360870361328,0.10863606631755829,0.3027854561805725,0,True
34,0.4653276801109314,0.5684984922409058,0.0234375,0.057861171662807465,1.4450409412384033,1.4450409412384033,0.11119958758354187,0.30078303813934326,0,True
35,0.4865291118621826,0.5429879426956177,0.03125,0.05747412517666817,1.4501328468322754,1.4501328468322754,0.11486712098121643,0.33635377883911133,0,True
36,0.4953283667564392,0.5209122896194458,0.0390625,0.058188557624816895,1.4297237396240234,1.4297237396240234,0.10541079193353653,0.3164777159690857,0,True
37,0.496170312166214,0.5249853730201721,0.046875,0.05878675356507301,1.439892053604126,1.439892053604126,0.12195421755313873,0.30695563554763794,0,True
38,0.5198002457618713,0.520340621471405,0.0625,0.05804774910211563,1.4567158222198486,1.4567158222198486,0.11770951002836227,0.3024958074092865,0,True
39,0.5377676486968994,0.5073367357254028,0.0703125,0.05943993106484413,1.4858546257019043,1.4858546257019043,0.10810510069131851,0.323105126619339,1,True
40,0.5523631572723389,0.4851527810096741,0.0859375,0.059905752539634705,1.4711248874664307,1.4711248874664307,0.11497064679861069,0.3297107517719269,0,True
41,0.5490012168884277,0.48941224813461304,0.09375,0.059946201741695404,1.4595749378204346,1.4595749378204346,0.10008089989423752,0.28337547183036804,0,True
42,0.5720041990280151,0.4684932231903076,0.09375,0.05834385007619858,1.4448221921920776,1.4448221921920776,0.09420020878314972,0.30756261944770813,0,True
43,0.580690324306488,0.44533276557922363,0.109375,0.05923495441675186,1.4573307037353516,1.4573307037353516,0.10965322703123093,0.27424100041389465,0,True
44,0.6013532876968384,0.4347766637802124,0.1171875,0.060349658131599426,1.4522128105163574,1.4522128105163574,0.10447662323713303,0.29649248719215393,0,True
45,0.6058762073516846,0.43827736377716064,0.125,0.06118885427713394,1.4360504150390625,1.4360504150390625,0.11685426533222198,0.2893485724925995,0,True
46,0.6346274614334106,0.4147123396396637,0.125,0.060466062277555466,1.4348256587982178,1.4348256587982178,0.1199859082698822,0.26696252822875977,0,True
47,0.6593612432479858,0.3943347632884979,0.125,0.06000925973057747,1.4392242431640625,1.4392242431640625,0.09104800969362259,0.27108287811279297,0,True
48,0.6873522996902466,0.3622083067893982,0.1328125,0.0638740062713623,1.4433131217956543,1.4433131217956543,0.248150035738945,0.2804649770259857,0,True
49,0.692180335521698,0.36451980471611023,0.140625,0.0630628764629364,1.4305925369262695,1.4305925369262695,0.1139339804649353,0.2785881757736206,0,True
50,0.6824706196784973,0.38259270787239075,0.140625,0.062398187816143036,1.466912865638733,1.466912865638733,0.12779583036899567,0.2753515839576721,0,True
51,0.6716922521591187,0.39125871658325195,0.140625,0.06179288774728775,1.4675672054290771,1.4675672054290771,0.11054801195859909,0.2662169337272644,0,True
52,0.6750382781028748,0.39219483733177185,0.140625,0.06246662139892578,1.4978842735290527,1.4978842735290527,0.12037104368209839,0.2775718569755554,0,True
53,0.6824987530708313,0.3691709041595459,0.1640625,0.06289824843406677,1.5067381858825684,1.5067381858825684,0.09394525736570358,0.31341657042503357,0,True
54,0.6989120841026306,0.3572269082069397,0.1796875,0.06278705596923828,1.5165315866470337,1.5165315866470337,0.09374170750379562,0.32039356231689453,0,True
55,0.7021098732948303,0.36744508147239685,0.1953125,0.06250234693288803,1.5232839584350586,1.5232839584350586,0.09984983503818512,0.28258371353149414,0,True
56,0.7105944752693176,0.34219497442245483,0.203125,0.06206192076206207,1.5331602096557617,1.5331602096557617,0.12483533471822739,0.36498284339904785,0,True
57,0.6973960995674133,0.34840089082717896,0.2109375,0.06285646557807922,1.5634136199951172,1.5634136199951172,0.14171281456947327,0.29855018854141235,1,True
58,0.6991089582443237,0.32880842685699463,0.21875,0.062200602144002914,1.5746548175811768,1.5746548175811768,0.12233878672122955,0.26744240522384644,0,True
59,0.7125914096832275,0.3309592604637146,0.21875,0.06360088288784027,1.5641491413116455,1.5641491413116455,0.13049602508544922,0.22843745350837708,1,True
60,0.7035830020904541,0.33732032775878906,0.2109375,0.06428788602352142,1.5265915393829346,1.5265915393829346,0.11667033284902573,0.2440345287322998,0,True
61,0.7183548212051392,0.34425002336502075,0.21875,0.06449320167303085,1.5573482513427734,1.5573482513427734,0.12105023860931396,0.23539191484451294,0,True
62,0.7397490739822388,0.32367992401123047,0.2265625,0.06385789066553116,1.537280797958374,1.537280797958374,0.09860298782587051,0.2526979446411133,0,True
63,0.7455506324768066,0.3000541627407074,0.234375,0.06573228538036346,1.535658836364746,1.535658836364746,0.1440882384777069,0.23374313116073608,0,True
64,0.7642719149589539,0.29713141918182373,0.234375,0.06601078808307648,1.49997878074646,1.49997878074646,0.15122756361961365,0.25293615460395813,0,True
65,0.734546959400177,0.31540894508361816,0.2578125,0.06579582393169403,1.4697757959365845,1.4697757959365845,0.132581889629364,0.2411772757768631,1,True
66,0.7173693180084229,0.33933648467063904,0.25,0.06387557834386826,1.4697946310043335,1.4697946310043335,0.11155223101377487,0.23967237770557404,0,True
67,0.717192530632019,0.34477683901786804,0.2578125,0.06289148330688477,1.4921238422393799,1.4921238422393799,0.11016867309808731,0.25278520584106445,0,True
68,0.7183077931404114,0.33420243859291077,0.265625,0.06442998349666595,1.505626916885376,1.505626916885376,0.14731019735336304,0.20402492582798004,0,True
69,0.713545560836792,0.3423597812652588,0.265625,0.06527025997638702,1.4999897480010986,1.4999897480010986,0.13531725108623505,0.24124276638031006,1,True
70,0.7376806735992432,0.3286997079849243,0.265625,0.06565270572900772,1.4692890644073486,1.4692890644073486,0.16691254079341888,0.26290079951286316,0,True
71,0.7464550733566284,0.3228323459625244,0.265625,0.0684620812535286,1.523436188697815,1.523436188697815,0.13134819269180298,0.2378668338060379,1,True
72,0.7589449286460876,0.3229444622993469,0.265625,0.06799142062664032,1.4968312978744507,1.4968312978744507,0.11564546078443527,0.2630329728126526,0,True
73,0.7711611986160278,0.3186976909637451,0.2734375,0.06717850267887115,1.4933902025222778,1.4933902025222778,0.11300291121006012,0.2523437738418579,0,True
74,0.7509602308273315,0.31035691499710083,0.2734375,0.06638303399085999,1.4588954448699951,1.4588954448699951,0.14513318240642548,0.25185367465019226,0,True
75,0.7436292767524719,0.3089984059333801,0.28125,0.06432189047336578,1.4425101280212402,1.4425101280212402,0.1063293069601059,0.2571902573108673,0,True
76,0.7381669282913208,0.31119853258132935,0.296875,0.06390059739351273,1.4679577350616455,1.4679577350616455,0.1266295313835144,0.22504782676696777,0,True
77,0.7426736354827881,0.31065481901168823,0.3046875,0.06374835968017578,1.463441014289856,1.463441014289856,0.1364356428384781,0.22120477259159088,0,True
78,0.7526111006736755,0.3088735044002533,0.3046875,0.06533332914113998,1.4663015604019165,1.4663015604019165,0.15148620307445526,0.20738276839256287,0,True
79,0.7571857571601868,0.30621302127838135,0.3203125,0.06677673757076263,1.4836673736572266,1.4836673736572266,0.15690888464450836,0.18905073404312134,0,True
80,0.759505033493042,0.29387933015823364,0.3203125,0.06745557487010956,1.464707374572754,1.464707374572754,0.17096641659736633,0.19774223864078522,1,True
81,0.7809395790100098,0.2943747639656067,0.328125,0.06640959531068802,1.4455671310424805,1.4455671310424805,0.13764500617980957,0.17395269870758057,1,True
82,0.7931118011474609,0.28607872128486633,0.3359375,0.06677109003067017,1.4551668167114258,1.4551668167114258,0.1397179663181305,0.20729409158229828,0,True
83,0.8006798028945923,0.2791685461997986,0.3515625,0.06722754240036011,1.4692118167877197,1.4692118167877197,0.10625049471855164,0.19023337960243225,0,True
84,0.812256932258606,0.2753697335720062,0.3515625,0.06594181805849075,1.442556619644165,1.442556619644165,0.09846288710832596,0.2006348967552185,0,True
85,0.8073832392692566,0.28330644965171814,0.359375,0.06413152068853378,1.4308655261993408,1.4308655261993408,0.10630132257938385,0.18990133702754974,0,True
86,0.7925891280174255,0.2867514491081238,0.359375,0.06462229788303375,1.4303884506225586,1.4303884506225586,0.10842226445674896,0.17775335907936096,0,True
87,0.7690966725349426,0.28942832350730896,0.3828125,0.06339451670646667,1.4353179931640625,1.4353179931640625,0.10237034410238266,0.1657366305589676,0,True
88,0.7565553188323975,0.2901242971420288,0.3828125,0.06347589194774628,1.462341547012329,1.462341547012329,0.10448870062828064,0.2012418508529663,0,True
89,0.7650929689407349,0.2790036201477051,0.3828125,0.0645524188876152,1.4692919254302979,1.4692919254302979,0.1369643211364746,0.19268807768821716,0,True
90,0.7826509475708008,0.27286669611930847,0.40625,0.06484517455101013,1.4844263792037964,1.4844263792037964,0.10458854585886002,0.2060636579990387,0,True
91,0.8030406832695007,0.2627429962158203,0.40625,0.06565070897340775,1.497796893119812,1.497796893119812,0.1427236944437027,0.2311745136976242,0,True
92,0.8129441738128662,0.2633579969406128,0.421875,0.06799986213445663,1.4956718683242798,1.4956718683242798,0.18608419597148895,0.21203875541687012,0,True
93,0.813423752784729,0.2802276611328125,0.4453125,0.06694595515727997,1.463555097579956,1.463555097579956,0.18200278282165527,0.20282942056655884,1,True
94,0.8254701495170593,0.28054308891296387,0.4453125,0.06559766083955765,1.4444142580032349,1.4444142580032349,0.14278411865234375,0.2059078812599182,0,True
95,0.824201226234436,0.28206008672714233,0.4453125,0.06685429811477661,1.454115390777588,1.454115390777588,0.1935155838727951,0.18877266347408295,0,True
96,0.8301652669906616,0.2664715051651001,0.4609375,0.06579859554767609,1.4208476543426514,1.4208476543426514,0.17839066684246063,0.18242430686950684,1,True
97,0.827141523361206,0.2539415955543518,0.4609375,0.06450802087783813,1.4288883209228516,1.4288883209228516,0.15961849689483643,0.17551551759243011,0,True
98,0.819635272026062,0.24740718305110931,0.4609375,0.0642148032784462,1.4312968254089355,1.4312968254089355,0.12684909999370575,0.18359321355819702,0,True
99,0.8176549077033997,0.24802209436893463,0.46875,0.06302737444639206,1.4420907497406006,1.4420907497406006,0.10642383992671967,0.20021936297416687,0,True
100,0.8359957337379456,0.23135343194007874,0.5,0.0635281503200531,1.4758195877075195,1.4758195877075195,0.08990740776062012,0.18596631288528442,0,True
101,0.8473491072654724,0.22432538866996765,0.5,0.06587818264961243,1.4928022623062134,1.4928022623062134,0.10955657064914703,0.1776479184627533,0,True
102,0.8534844517707825,0.22213709354400635,0.5234375,0.06558778136968613,1.486893653869629,1.486893653869629,0.10496416687965393,0.16333557665348053,0,True
103,0.8510247468948364,0.2366560697555542,0.53125,0.06652495265007019,1.5138959884643555,1.5138959884643555,0.12675319612026215,0.18016168475151062,0,True
104,0.8599226474761963,0.24170225858688354,0.5390625,0.06838405132293701,1.5132122039794922,1.5132122039794922,0.13034459948539734,0.16028369963169098,0,True
105,0.8643447160720825,0.2534864544868469,0.5390625,0.0676770955324173,1.4886231422424316,1.4886231422424316,0.11839993298053741,0.1502101719379425,0,True
106,0.8605268001556396,0.24434299767017365,0.5390625,0.06669570505619049,1.470171332359314,1.470171332359314,0.12050386518239975,0.1847349852323532,0,True
107,0.8482920527458191,0.24741870164871216,0.5625,0.06538413465023041,1.4694530963897705,1.4694530963897705,0.10693871229887009,0.1788981705904007,0,True
108,0.8438380360603333,0.243163600564003,0.5703125,0.06389429420232773,1.4360580444335938,1.4360580444335938,0.10376956313848495,0.1586524248123169,1,True
109,0.8337258100509644,0.2311796396970749,0.5625,0.06315690279006958,1.413910984992981,1.413910984992981,0.09648009389638901,0.1731424182653427,0,True
110,0.840343177318573,0.2227569967508316,0.5703125,0.0641220211982727,1.4382673501968384,1.4382673501968384,0.10480237007141113,0.18071426451206207,0,True
111,0.8458964824676514,0.224010169506073,0.578125,0.06408775597810745,1.4502315521240234,1.4502315521240234,0.10773833096027374,0.15642200410366058,0,True
112,0.8638341426849365,0.21860940754413605,0.578125,0.06446938216686249,1.4649821519851685,1.4649821519851685,0.09705263376235962,0.16571933031082153,0,True
113,0.8739585876464844,0.2118898630142212,0.6015625,0.06502768397331238,1.451555609703064,1.451555609703064,0.08968254923820496,0.1852533519268036,0,True
114,0.881285548210144,0.19881118834018707,0.6015625,0.06555650383234024,1.4624888896942139,1.4624888896942139,0.09863273799419403,0.1706518530845642,0,True
115,0.8869577646255493,0.20861530303955078,0.609375,0.06563372910022736,1.4562627077102661,1.4562627077102661,0.08699338138103485,0.14912748336791992,0,True
116,0.9030876159667969,0.21858277916908264,0.609375,0.06605736911296844,1.4413944482803345,1.4413944482803345,0.09221093356609344,0.14561650156974792,0,True
117,0.9026105999946594,0.22740969061851501,0.609375,0.06524497270584106,1.4251065254211426,1.4251065254211426,0.08932191133499146,0.1517246663570404,0,True
118,0.8823608160018921,0.22009916603565216,0.6171875,0.06507184356451035,1.4157350063323975,1.4157350063323975,0.12743976712226868,0.15378135442733765,0,True
119,0.8670811057090759,0.2067626416683197,0.625,0.062456268817186356,1.4075846672058105,1.4075846672058105,0.09832286089658737,0.16592128574848175,0,True
120,0.8560247421264648,0.21182893216609955,0.625,0.06164160370826721,1.4176549911499023,1.4176549911499023,0.10717180371284485,0.16143594682216644,0,True
121,0.8673760890960693,0.20842425525188446,0.640625,0.06276719272136688,1.4365981817245483,1.4365981817245483,0.08397101610898972,0.16318616271018982,0,True
122,0.8802607655525208,0.1994866579771042,0.6640625,0.06470322608947754,1.4437456130981445,1.4437456130981445,0.09072870016098022,0.1703633964061737,0,True
123,0.9064335227012634,0.19527918100357056,0.671875,0.06570080667734146,1.4883970022201538,1.4883970022201538,0.08747962862253189,0.18518656492233276,0,True
124,0.907127857208252,0.19362321496009827,0.671875,0.0663055032491684,1.4621756076812744,1.4621756076812744,0.11138108372688293,0.15913578867912292,0,True
125,0.8983824253082275,0.18708613514900208,0.6796875,0.06522959470748901,1.4944862127304077,1.4944862127304077,0.09026023745536804,0.14209914207458496,0,True
126,0.9106152653694153,0.19515883922576904,0.6953125,0.06657928973436356,1.480158805847168,1.480158805847168,0.09833177924156189,0.14250367879867554,0,True
127,0.9168014526367188,0.20208679139614105,0.7265625,0.06762927770614624,1.4364278316497803,1.4364278316497803,0.12133989483118057,0.12108360230922699,0,True
128,0.9264425039291382,0.20409426093101501,0.7265625,0.06749889999628067,1.4429385662078857,1.4429385662078857,0.09584864228963852,0.18234778940677643,0,True
129,0.9091790914535522,0.20136819779872894,0.734375,0.0660167932510376,1.4249533414840698,1.4249533414840698,0.09211256355047226,0.15100441873073578,0,True
130,0.8873300552368164,0.19142964482307434,0.7421875,0.06378377974033356,1.4191739559173584,1.4191739559173584,0.12711480259895325,0.1461624652147293,0,True
131,0.8777782917022705,0.19869881868362427,0.7578125,0.06207781285047531,1.4320034980773926,1.4320034980773926,0.09369467198848724,0.12495021522045135,0,True
132,0.9034014940261841,0.18408359587192535,0.78125,0.06363171339035034,1.4235999584197998,1.4235999584197998,0.10017476230859756,0.16563616693019867,0,True
133,0.9123517274856567,0.17478430271148682,0.7890625,0.06630828976631165,1.4534921646118164,1.4534921646118164,0.0890384316444397,0.1864718645811081,0,True
134,0.9203189611434937,0.17561282217502594,0.796875,0.06719900667667389,1.453777551651001,1.453777551651001,0.09324514865875244,0.17533132433891296,0,True
135,0.9150223135948181,0.1731240153312683,0.796875,0.0663478672504425,1.4638549089431763,1.4638549089431763,0.09331285953521729,0.13399510085582733,0,True
136,0.912320613861084,0.18331274390220642,0.8125,0.06523977220058441,1.4519407749176025,1.4519407749176025,0.09878623485565186,0.12587696313858032,0,True
137,0.9226837158203125,0.1881829798221588,0.828125,0.06593887507915497,1.4435830116271973,1.4435830116271973,0.08851860463619232,0.1262228935956955,0,True
138,0.9360626935958862,0.17833489179611206,0.8359375,0.06679140031337738,1.4346027374267578,1.4346027374267578,0.09721915423870087,0.15886230766773224,0,True
139,0.9276713132858276,0.18434879183769226,0.84375,0.06588603556156158,1.4149258136749268,1.4149258136749268,0.09149254858493805,0.14709487557411194,0,True
140,0.9195479154586792,0.18606111407279968,0.84375,0.0644129291176796,1.416046142578125,1.416046142578125,0.09277404844760895,0.1572456657886505,0,True
141,0.9068607091903687,0.17415371537208557,0.859375,0.0638364851474762,1.4059174060821533,1.4059174060821533,0.12180361151695251,0.16927972435951233,0,True
142,0.9079862833023071,0.15876370668411255,0.8671875,0.062301743775606155,1.4466946125030518,1.4466946125030518,0.08632977306842804,0.16295045614242554,0,True
143,0.9293757081031799,0.15955716371536255,0.8828125,0.0645953118801117,1.450364112854004,1.450364112854004,0.09072814136743546,0.17613473534584045,0,True
144,0.9452041983604431,0.16620133817195892,0.890625,0.06694968044757843,1.4741177558898926,1.4741177558898926,0.09474001824855804,0.17894384264945984,0,True
145,0.9462546706199646,0.1557721495628357,0.8984375,0.06724277138710022,1.4666104316711426,1.4666104316711426,0.0862225890159607,0.16077613830566406,0,True
146,0.9433448314666748,0.15496402978897095,0.9140625,0.06555623561143875,1.4437919855117798,1.4437919855117798,0.08673521131277084,0.13638705015182495,0,True
147,0.9451842904090881,0.15581807494163513,0.9140625,0.06515336781740189,1.472327709197998,1.472327709197998,0.0873585045337677,0.11933541297912598,0,True
148,0.9586014151573181,0.1577913463115692,0.9140625,0.06662383675575256,1.4576458930969238,1.4576458930969238,0.08898448944091797,0.13577891886234283,0,True
149,0.9615392684936523,0.16699135303497314,0.9296875,0.06693177670240402,1.4508249759674072,1.4508249759674072,0.09153534471988678,0.13896042108535767,0,True
150,0.9620742797851562,0.1629103422164917,0.9296875,0.06572823971509933,1.4387534856796265,1.4387534856796265,0.09811858087778091,0.13310396671295166,0,True
151,0.9598739147186279,0.1661374866962433,0.953125,0.06536358594894409,1.4183192253112793,1.4183192253112793,0.09445064514875412,0.1603875756263733,0,True
152,0.9430811405181885,0.16522707045078278,0.953125,0.06433719396591187,1.4446966648101807,1.4446966648101807,0.09678526967763901,0.1528880000114441,0,True
153,0.9270516633987427,0.16082170605659485,0.953125,0.06338517367839813,1.465814471244812,1.465814471244812,0.0918910801410675,0.14084088802337646,0,True
154,0.9417709708213806,0.15876807272434235,0.953125,0.06506604701280594,1.4842365980148315,1.4842365980148315,0.09426868706941605,0.13428157567977905,0,True
155,0.9466216564178467,0.15177011489868164,0.953125,0.06565540283918381,1.4689981937408447,1.4689981937408447,0.08888512849807739,0.16010616719722748,1,True
156,0.9622572660446167,0.14552029967308044,0.953125,0.0670057013630867,1.4613933563232422,1.4613933563232422,0.10050882399082184,0.18484319746494293,0,True
157,0.9642895460128784,0.15032221376895905,0.953125,0.06659094989299774,1.4416519403457642,1.4416519403457642,0.08960486948490143,0.14755329489707947,0,True
158,0.9580318927764893,0.15772008895874023,0.953125,0.06684200465679169,1.4496705532073975,1.4496705532073975,0.09868934750556946,0.12902133166790009,0,True
159,0.9663159847259521,0.16391639411449432,0.953125,0.06544020771980286,1.4128077030181885,1.4128077030181885,0.09576846659183502,0.14698438346385956,0,True
160,0.9558830261230469,0.1569657176733017,0.953125,0.06515350937843323,1.4034218788146973,1.4034218788146973,0.08794169127941132,0.15970340371131897,0,True
161,0.9463854432106018,0.16554127633571625,0.953125,0.0640760138630867,1.4241443872451782,1.4241443872451782,0.08757397532463074,0.1595465987920761,0,True
162,0.9484684467315674,0.16699567437171936,0.953125,0.06433624029159546,1.4081815481185913,1.4081815481185913,0.09735969454050064,0.16683590412139893,0,True
163,0.9385080337524414,0.161387100815773,0.953125,0.06447634100914001,1.4287655353546143,1.4287655353546143,0.09487756341695786,0.16391462087631226,0,True
164,0.9496819376945496,0.16167467832565308,0.953125,0.0648733451962471,1.431944727897644,1.431944727897644,0.09917249530553818,0.15947633981704712,0,True
165,0.9593320488929749,0.16049188375473022,0.953125,0.06598343700170517,1.4210882186889648,1.4210882186889648,0.09611625969409943,0.148147851228714,0,True
166,0.956070065498352,0.15604490041732788,0.953125,0.06668312847614288,1.438352108001709,1.438352108001709,0.0919027104973793,0.16269110143184662,0,True
167,0.9554004669189453,0.1615312248468399,0.953125,0.06609056890010834,1.4393823146820068,1.4393823146820068,0.09720420837402344,0.15323923528194427,0,True
168,0.9536875486373901,0.16126525402069092,0.953125,0.06581491976976395,1.420747995376587,1.420747995376587,0.09143002331256866,0.17254939675331116,0,True
169,0.9498859643936157,0.1648825854063034,0.953125,0.064358651638031,1.4189252853393555,1.4189252853393555,0.08791673183441162,0.1650773584842682,0,True
170,0.9501303434371948,0.1687719225883484,0.953125,0.06441538780927658,1.4210846424102783,1.4210846424102783,0.08986003696918488,0.15882468223571777,0,True
171,0.9431873559951782,0.16048204898834229,0.953125,0.06394162029027939,1.4289767742156982,1.4289767742156982,0.09576877951622009,0.17785672843456268,0,True
172,0.9432984590530396,0.16238269209861755,0.953125,0.06460227817296982,1.4154736995697021,1.4154736995697021,0.09154065698385239,0.1700943410396576,0,True
173,0.9329127073287964,0.14612391591072083,0.953125,0.06419190764427185,1.4487813711166382,1.4487813711166382,0.08767443895339966,0.1629127562046051,0,True
174,0.9325734376907349,0.15515810251235962,0.953125,0.06411512196063995,1.4424853324890137,1.4424853324890137,0.08814354985952377,0.12554442882537842,0,True
175,0.9570447206497192,0.1685350388288498,0.953125,0.06627101451158524,1.4447788000106812,1.4447788000106812,0.09605459868907928,0.12521444261074066,0,True
176,0.9745563864707947,0.15735846757888794,0.953125,0.06787414103746414,1.4468250274658203,1.4468250274658203,0.09309951961040497,0.1549244374036789,0,True
177,0.9680105447769165,0.14768144488334656,0.953125,0.06776396930217743,1.4611307382583618,1.4611307382583618,0.10113740712404251,0.15191887319087982,0,True
178,0.9732480049133301,0.1581723988056183,0.953125,0.06689804792404175,1.4555788040161133,1.4555788040161133,0.09797316044569016,0.1391800045967102,0,True
179,0.9776967763900757,0.15094172954559326,0.9609375,0.06572766602039337,1.4141498804092407,1.4141498804092407,0.08818711340427399,0.13257598876953125,0,True
180,0.9631679058074951,0.1506146490573883,0.9609375,0.0658135712146759,1.413338303565979,1.413338303565979,0.09393042325973511,0.1672932505607605,0,True
181,0.9690971970558167,0.15601076185703278,0.9609375,0.06538404524326324,1.4117143154144287,1.4117143154144287,0.09054681658744812,0.15700528025627136,0,True
182,0.9646115303039551,0.15934601426124573,0.9609375,0.06534098833799362,1.4111104011535645,1.4111104011535645,0.09913348406553268,0.15992778539657593,0,True
183,0.9547009468078613,0.15929636359214783,0.9609375,0.0648612454533577,1.4268743991851807,1.4268743991851807,0.09611784666776657,0.16564738750457764,0,True
184,0.9446431994438171,0.15341821312904358,0.9609375,0.0637034922838211,1.4273881912231445,1.4273881912231445,0.09706888347864151,0.17532746493816376,0,True
185,0.9441854357719421,0.1495012491941452,0.9609375,0.06499399244785309,1.436640739440918,1.436640739440918,0.09290795773267746,0.1566542387008667,0,True
186,0.9570066332817078,0.15511584281921387,0.9609375,0.0661662369966507,1.4590933322906494,1.4590933322906494,0.09477803856134415,0.15352267026901245,0,True
187,0.9683234691619873,0.16678637266159058,0.9609375,0.06748147308826447,1.4423298835754395,1.4423298835754395,0.09439694881439209,0.15293976664543152,0,True
188,0.9729053974151611,0.17206111550331116,0.9609375,0.06572411954402924,1.4135046005249023,1.4135046005249023,0.09119492024183273,0.14567570388317108,0,True
189,0.972268283367157,0.1641397774219513,0.9609375,0.06566974520683289,1.4434497356414795,1.4434497356414795,0.09707482159137726,0.1549679934978485,0,True
190,0.9674712419509888,0.1539345383644104,0.9609375,0.06628674268722534,1.4220316410064697,1.4220316410064697,0.10402306169271469,0.16395293176174164,0,True
191,0.9502035975456238,0.1528894007205963,0.9609375,0.06564094126224518,1.4423686265945435,1.4423686265945435,0.09214647859334946,0.15462681651115417,0,True
192,0.9487075805664062,0.15667341649532318,0.9609375,0.06556152552366257,1.4226794242858887,1.4226794242858887,0.09422227740287781,0.1801026165485382,0,True
193,0.9607827663421631,0.16312377154827118,0.9609375,0.06529019773006439,1.4279009103775024,1.4279009103775024,0.09640895575284958,0.18753188848495483,0,True
194,0.9681999683380127,0.15127773582935333,0.9609375,0.06612032651901245,1.425255537033081,1.425255537033081,0.09392263740301132,0.16526100039482117,0,True
195,0.9730030298233032,0.14799444377422333,0.9609375,0.06710393726825714,1.430715799331665,1.430715799331665,0.0897422805428505,0.17247557640075684,0,True
196,0.9713752865791321,0.1510220617055893,0.9609375,0.06652383506298065,1.4288015365600586,1.4288015365600586,0.09221497923135757,0.14820823073387146,0,True
197,0.9637150764465332,0.1462109088897705,0.9609375,0.0654853954911232,1.4527872800827026,1.4527872800827026,0.0929398313164711,0.15835237503051758,0,True
198,0.9634422659873962,0.14532160758972168,0.9609375,0.06499531120061874,1.4277660846710205,1.4277660846710205,0.08994646370410919,0.1553092747926712,0,True
199,0.9755359292030334,0.16174709796905518,0.96875,0.06625296920537949,1.4367258548736572,1.4367258548736572,0.0935879647731781,0.16274231672286987,0,True
200,0.9801356792449951,0.16160964965820312,0.96875,0.06678467988967896,1.4421136379241943,1.4421136379241943,0.09735938906669617,0.18255296349525452,0,True
201,0.9703764915466309,0.15305157005786896,0.96875,0.06638137996196747,1.4147679805755615,1.4147679805755615,0.08952260762453079,0.16624173521995544,0,True
202,0.9601316452026367,0.14064326882362366,0.96875,0.06489813327789307,1.397308349609375,1.397308349609375,0.08784395456314087,0.16518425941467285,0,True
203,0.9508726596832275,0.1500595659017563,0.96875,0.06483915448188782,1.431455135345459,1.431455135345459,0.0911131426692009,0.14561139047145844,0,True
204,0.9655609130859375,0.1637382209300995,0.96875,0.06603765487670898,1.3962509632110596,1.3962509632110596,0.09283489733934402,0.14046138525009155,0,True
205,0.9735107421875,0.16401618719100952,0.9765625,0.06697586923837662,1.4083014726638794,1.4083014726638794,0.09556996822357178,0.13980036973953247,0,True
206,0.9757096767425537,0.15729551017284393,0.9765625,0.06752081215381622,1.4123386144638062,1.4123386144638062,0.09637739509344101,0.15632304549217224,0,True
207,0.9657784104347229,0.15702873468399048,0.9765625,0.0664522796869278,1.4295505285263062,1.4295505285263062,0.09795083850622177,0.13922074437141418,0,True
208,0.9655231237411499,0.15575970709323883,0.9765625,0.06502392888069153,1.4264309406280518,1.4264309406280518,0.09359700977802277,0.1333351582288742,0,True
209,0.9767151474952698,0.1572243869304657,0.9765625,0.06549881398677826,1.418450117111206,1.418450117111206,0.09630132466554642,0.16613441705703735,0,True
210,0.9713653326034546,0.15163961052894592,0.9765625,0.06700287759304047,1.425889492034912,1.425889492034912,0.10577462613582611,0.1771947294473648,0,True
211,0.9604200720787048,0.14962279796600342,0.9765625,0.06591644883155823,1.4264484643936157,1.4264484643936157,0.09619971364736557,0.1739838868379593,0,True
212,0.9540565609931946,0.15057410299777985,0.9765625,0.06542733311653137,1.423945665359497,1.423945665359497,0.09548863768577576,0.16144514083862305,0,True
213,0.9485813975334167,0.15074022114276886,0.9765625,0.0642155259847641,1.4320619106292725,1.4320619106292725,0.09097979217767715,0.18309366703033447,0,True
214,0.9464379549026489,0.15896673500537872,0.9765625,0.06530450284481049,1.4548239707946777,1.4548239707946777,0.1067330539226532,0.17627188563346863,0,True
215,0.9625040888786316,0.1617991328239441,0.9765625,0.06674503535032272,1.4260575771331787,1.4260575771331787,0.09229715913534164,0.13337555527687073,0,True
216,0.9608569145202637,0.14931881427764893,0.9765625,0.06687235832214355,1.443493127822876,1.443493127822876,0.09540000557899475,0.14073048532009125,0,True
217,0.9633619785308838,0.14785784482955933,0.984375,0.06712940335273743,1.433558464050293,1.433558464050293,0.09707240015268326,0.13942308723926544,0,True
218,0.9668063521385193,0.15359359979629517,0.984375,0.06697429716587067,1.4457721710205078,1.4457721710205078,0.09500464051961899,0.1348327398300171,0,True
219,0.9721043705940247,0.15677466988563538,0.984375,0.06711500883102417,1.436375379562378,1.436375379562378,0.10021506994962692,0.1309254765510559,0,True
220,0.9728111624717712,0.16552762687206268,0.984375,0.06706716865301132,1.455761432647705,1.455761432647705,0.09403980523347855,0.13653531670570374,0,True
221,0.9926348924636841,0.16657611727714539,0.984375,0.06694336980581284,1.4272915124893188,1.4272915124893188,0.09325891733169556,0.14803746342658997,0,True
222,0.9814679622650146,0.14273938536643982,0.984375,0.06698867678642273,1.4017565250396729,1.4017565250396729,0.09806783497333527,0.16164717078208923,0,True
223,0.9528487324714661,0.14652498066425323,0.984375,0.0651867687702179,1.4180095195770264,1.4180095195770264,0.10643190145492554,0.1426175832748413,0,True
224,0.957646369934082,0.15472745895385742,0.984375,0.06397169828414917,1.4205429553985596,1.4205429553985596,0.08945351094007492,0.15091922879219055,0,True
225,0.9538255929946899,0.16819123923778534,0.984375,0.06602644920349121,1.4465924501419067,1.4465924501419067,0.08999476581811905,0.1696053445339203,0,True
226,0.966501772403717,0.17110148072242737,0.984375,0.06658640503883362,1.4270601272583008,1.4270601272583008,0.09227679669857025,0.16916993260383606,0,True
227,0.9534048438072205,0.16406720876693726,0.984375,0.06639617681503296,1.4420349597930908,1.4420349597930908,0.08741112798452377,0.1505400538444519,0,True
228,0.9632434248924255,0.1648416817188263,0.984375,0.06583872437477112,1.4405620098114014,1.4405620098114014,0.088473841547966,0.16683094203472137,0,True
229,0.9527853727340698,0.16013909876346588,0.984375,0.06551298499107361,1.4389793872833252,1.4389793872833252,0.09624414145946503,0.1861633062362671,0,True
230,0.9535706043243408,0.15445908904075623,0.984375,0.06633874773979187,1.4476473331451416,1.4476473331451416,0.10502146184444427,0.176961287856102,0,True
231,0.9643592834472656,0.14600348472595215,0.984375,0.06658202409744263,1.4372272491455078,1.4372272491455078,0.09316322207450867,0.16855162382125854,0,True
232,0.978384256362915,0.1505585014820099,0.984375,0.0669451355934143,1.4258513450622559,1.4258513450622559,0.10204904526472092,0.16078130900859833,0,True
233,0.9753454327583313,0.15204331278800964,0.984375,0.06790262460708618,1.4154695272445679,1.4154695272445679,0.11637372523546219,0.14391431212425232,0,True
234,0.9728559255599976,0.15664023160934448,0.984375,0.06654094159603119,1.4333512783050537,1.4333512783050537,0.10162506252527237,0.144594207406044,0,True
235,0.9584215879440308,0.1546865999698639,0.984375,0.06539110839366913,1.4259591102600098,1.4259591102600098,0.08963891118764877,0.1256372332572937,0,True
236,0.9554128050804138,0.15770524740219116,0.984375,0.0654388815164566,1.4369192123413086,1.4369192123413086,0.10271742939949036,0.15489283204078674,0,True
237,0.963979959487915,0.15469709038734436,0.984375,0.06657982617616653,1.4636733531951904,1.4636733531951904,0.09084770083427429,0.1675240397453308,0,True
238,0.9620429277420044,0.1574961543083191,0.984375,0.0663466602563858,1.447481393814087,1.447481393814087,0.08895206451416016,0.15089385211467743,0,True
239,0.9679585695266724,0.16892294585704803,0.984375,0.06616922467947006,1.4599504470825195,1.4599504470825195,0.09699223190546036,0.1524076759815216,0,True
240,0.9725896716117859,0.1781848967075348,0.984375,0.06684082746505737,1.4414743185043335,1.4414743185043335,0.09193963557481766,0.14424699544906616,0,True
241,0.9563987255096436,0.16513784229755402,0.9921875,0.06686586141586304,1.4554167985916138,1.4554167985916138,0.08801361918449402,0.1550123393535614,0,True
242,0.9562686681747437,0.1619284301996231,0.9921875,0.0669567734003067,1.4301471710205078,1.4301471710205078,0.09466361999511719,0.15948136150836945,0,True
243,0.9517701268196106,0.16637574136257172,0.9921875,0.06568066775798798,1.4555261135101318,1.4555261135101318,0.09373205900192261,0.15707910060882568,0,True
244,0.9581326246261597,0.1683395355939865,0.9921875,0.06660334765911102,1.4307204484939575,1.4307204484939575,0.09637116640806198,0.18073993921279907,0,True
245,0.9535552263259888,0.16036802530288696,0.9921875,0.0667044073343277,1.4367915391921997,1.4367915391921997,0.10371670126914978,0.17760053277015686,0,True
246,0.9462981820106506,0.16482320427894592,0.9921875,0.0663546472787857,1.4277071952819824,1.4277071952819824,0.10362737625837326,0.15396970510482788,0,True
247,0.9531282782554626,0.1738094985485077,0.9921875,0.0658702403306961,1.446507453918457,1.446507453918457,0.09782858192920685,0.1667584776878357,0,True
248,0.962864100933075,0.16595931351184845,0.9921875,0.06538718938827515,1.434920310974121,1.434920310974121,0.09121730178594589,0.18125271797180176,0,True
249,0.9696148037910461,0.16850145161151886,0.9921875,0.06663906574249268,1.4319798946380615,1.4319798946380615,0.1076086089015007,0.19429120421409607,0,True
250,0.9699021577835083,0.17656119167804718,0.9921875,0.06689487397670746,1.4195315837860107,1.4195315837860107,0.09056730568408966,0.1648651510477066,0,True
251,0.9504251480102539,0.15985159575939178,0.9921875,0.06600281596183777,1.4274308681488037,1.4274308681488037,0.09026183187961578,0.1595737338066101,0,True
252,0.9339883923530579,0.15079069137573242,0.9921875,0.06377753615379333,1.4326717853546143,1.4326717853546143,0.09971173107624054,0.161245658993721,0,True
253,0.945629358291626,0.15771988034248352,0.9921875,0.06456087529659271,1.4399476051330566,1.4399476051330566,0.09565313160419464,0.17098486423492432,0,True
254,0.9577240943908691,0.15404683351516724,0.9921875,0.06648083031177521,1.4543652534484863,1.4543652534484863,0.0956132635474205,0.18247206509113312,0,True
255,0.9570246934890747,0.15750499069690704,0.9921875,0.06687106937170029,1.439639925956726,1.439639925956726,0.0879313051700592,0.18978917598724365,0,True
256,0.9510092735290527,0.15228764712810516,0.9921875,0.06779316067695618,1.443112850189209,1.443112850189209,0.10445947200059891,0.16398020088672638,0,True
257,0.9629141092300415,0.17713579535484314,0.9921875,0.06708190590143204,1.4251569509506226,1.4251569509506226,0.09759941697120667,0.1436484158039093,0,True
258,0.9701517224311829,0.18314078450202942,0.9921875,0.06647062301635742,1.4154841899871826,1.4154841899871826,0.10128777474164963,0.14758139848709106,0,True
259,0.9657046794891357,0.1592089831829071,0.9921875,0.06637649238109589,1.4386398792266846,1.4386398792266846,0.10620724409818649,0.17032082378864288,0,True
260,0.964540958404541,0.17735300958156586,0.9921875,0.06607633084058762,1.4276692867279053,1.4276692867279053,0.11447875201702118,0.13340209424495697,0,True
261,0.9655388593673706,0.17126545310020447,0.9921875,0.06552284955978394,1.4391801357269287,1.4391801357269287,0.09734655171632767,0.1676599234342575,0,True
262,0.9625810980796814,0.1627461314201355,0.9921875,0.06456045806407928,1.4208440780639648,1.4208440780639648,0.10261474549770355,0.19148054718971252,0,True
263,0.9516221284866333,0.14903493225574493,0.9921875,0.06349284946918488,1.4449257850646973,1.4449257850646973,0.11338686943054199,0.20496800541877747,0,True
264,0.9506333470344543,0.16095268726348877,0.9921875,0.06465262919664383,1.445540189743042,1.445540189743042,0.10784528404474258,0.1662626564502716,0,True
265,0.9572901129722595,0.1592024564743042,0.9921875,0.06561741232872009,1.4454586505889893,1.4454586505889893,0.09996683895587921,0.16546639800071716,0,True
266,0.9709247946739197,0.1538027822971344,0.9921875,0.06720378994941711,1.4440689086914062,1.4440689086914062,0.08990085124969482,0.17996837198734283,0,True
267,0.9618293046951294,0.15081682801246643,0.9921875,0.06762538105249405,1.4564458131790161,1.4564458131790161,0.10485267639160156,0.15789860486984253,0,True
268,0.9541918039321899,0.1713140904903412,0.9921875,0.06505946815013885,1.4518961906433105,1.4518961906433105,0.10083476454019547,0.13329210877418518,0,True
269,0.9627243876457214,0.16575349867343903,0.9921875,0.0661497712135315,1.4339145421981812,1.4339145421981812,0.09936622530221939,0.14281690120697021,0,True
270,0.9695033431053162,0.18333226442337036,0.9921875,0.06647679209709167,1.424212098121643,1.424212098121643,0.09694453328847885,0.15621766448020935,0,True
271,0.9626410007476807,0.18281292915344238,0.9921875,0.06666542589664459,1.4374792575836182,1.4374792575836182,0.0897943302989006,0.16187407076358795,0,True
272,0.9400596022605896,0.17061132192611694,0.9921875,0.06559999287128448,1.4354108572006226,1.4354108572006226,0.09467228502035141,0.1398891806602478,0,True
273,0.9344366788864136,0.16887220740318298,0.9921875,0.06433907896280289,1.4339611530303955,1.4339611530303955,0.11403952538967133,0.17392264306545258,0,True
274,0.9470784664154053,0.16594278812408447,0.9921875,0.0649740993976593,1.4271445274353027,1.4271445274353027,0.09555618464946747,0.18891490995883942,0,True
275,0.9509301781654358,0.1639406532049179,0.9921875,0.06657979637384415,1.4331458806991577,1.4331458806991577,0.09273742884397507,0.18800392746925354,0,True
276,0.9546953439712524,0.15537850558757782,0.9921875,0.06790400296449661,1.4529688358306885,1.4529688358306885,0.10045266151428223,0.15707619488239288,0,True
277,0.9620739817619324,0.1624145805835724,0.9921875,0.0673590898513794,1.440055012702942,1.440055012702942,0.11040212213993073,0.1664292812347412,0,True
278,0.9607070684432983,0.15639474987983704,0.9921875,0.06658481061458588,1.4482097625732422,1.4482097625732422,0.08922478556632996,0.15841782093048096,0,True
279,0.9607061743736267,0.15266075730323792,0.9921875,0.06605330854654312,1.4547988176345825,1.4547988176345825,0.09235436469316483,0.14885053038597107,0,True
280,0.9693125486373901,0.16131919622421265,0.9921875,0.06767851859331131,1.438941240310669,1.438941240310669,0.1320103257894516,0.15713825821876526,0,True
281,0.9707467555999756,0.1663760095834732,0.9921875,0.06713104993104935,1.425731897354126,1.425731897354126,0.10398048907518387,0.1356370449066162,0,True
282,0.9625276327133179,0.15898367762565613,0.9921875,0.06728395819664001,1.4094009399414062,1.4094009399414062,0.08949683606624603,0.15864801406860352,0,True
283,0.9493919610977173,0.16388548910617828,1.0,0.0656675398349762,1.4202184677124023,1.4202184677124023,0.09250696003437042,0.1602407991886139,0,True
284,0.9394643902778625,0.1599179357290268,1.0,0.06545693427324295,1.413482904434204,1.413482904434204,0.10129177570343018,0.16430842876434326,0,True
285,0.9434172511100769,0.16323921084403992,1.0,0.06469878554344177,1.4347724914550781,1.4347724914550781,0.10126477479934692,0.1905864179134369,0,True
286,0.9417754411697388,0.1675059199333191,1.0,0.06619470566511154,1.4425463676452637,1.4425463676452637,0.09015695005655289,0.17039692401885986,0,True
287,0.9473927021026611,0.1613909900188446,1.0,0.06682661175727844,1.44637131690979,1.44637131690979,0.09474147856235504,0.18047963082790375,0,True
288,0.9523266553878784,0.16735470294952393,1.0,0.06706467270851135,1.4282829761505127,1.4282829761505127,0.10062933713197708,0.1737568974494934,0,True
289,0.948868453502655,0.166861891746521,1.0,0.0665404424071312,1.43777596950531,1.43777596950531,0.10768288373947144,0.14752477407455444,0,True
290,0.9438977837562561,0.17472714185714722,1.0,0.06559737026691437,1.4218615293502808,1.4218615293502808,0.10869203507900238,0.14289650321006775,0,True
291,0.948965311050415,0.16439026594161987,1.0,0.0661192461848259,1.425933837890625,1.425933837890625,0.10665642470121384,0.16948169469833374,0,True
292,0.9479857683181763,0.1716223657131195,1.0,0.06529009342193604,1.4306749105453491,1.4306749105453491,0.09965739399194717,0.18219755589962006,0,True
293,0.9554122686386108,0.1686221957206726,1.0,0.06595901399850845,1.4302042722702026,1.4302042722702026,0.09623708575963974,0.18225780129432678,0,True
294,0.9559823274612427,0.16047073900699615,1.0,0.06497801840305328,1.4464703798294067,1.4464703798294067,0.11841504275798798,0.17783939838409424,0,True
295,0.9550797939300537,0.16514457762241364,1.0,0.06547598540782928,1.4285061359405518,1.4285061359405518,0.10627184808254242,0.14884132146835327,0,True
296,0.9565732479095459,0.16068890690803528,1.0,0.06655009090900421,1.4221985340118408,1.4221985340118408,0.10894004255533218,0.14452135562896729,0,True
297,0.9498269557952881,0.14718517661094666,1.0,0.06643328070640564,1.44608473777771,1.44608473777771,0.09382832050323486,0.16066953539848328,0,True
298,0.9545021653175354,0.1634727418422699,1.0,0.06597363203763962,1.4408921003341675,1.4408921003341675,0.09732480347156525,0.14284652471542358,0,True
299,0.9582892656326294,0.1737920194864273,1.0,0.06647311896085739,1.4379276037216187,1.4379276037216187,0.09034760296344757,0.13517899811267853,0,True
300,0.9446337223052979,0.17234688997268677,1.0,0.06643490493297577,1.4265772104263306,1.4265772104263306,0.09807760268449783,0.15824458003044128,0,True
301,0.9368534088134766,0.16929033398628235,1.0,0.06538661569356918,1.4424647092819214,1.4424647092819214,0.09617158025503159,0.15799933671951294,0,True
302,0.9417351484298706,0.1813918948173523,1.0,0.06538422405719757,1.4338117837905884,1.4338117837905884,0.08983823657035828,0.15812227129936218,0,True
303,0.9309463500976562,0.16657796502113342,1.0,0.06513521075248718,1.4332195520401,1.4332195520401,0.10192910581827164,0.14484524726867676,0,True
304,0.9298499822616577,0.17036253213882446,1.0,0.06524278223514557,1.4544851779937744,1.4544851779937744,0.09193924814462662,0.16583478450775146,0,True
305,0.9424476623535156,0.16316214203834534,1.0,0.06644871085882187,1.4418100118637085,1.4418100118637085,0.0924195796251297,0.14573395252227783,0,True
306,0.9442243576049805,0.16542330384254456,1.0,0.06630735844373703,1.4270248413085938,1.4270248413085938,0.08943168073892593,0.15565311908721924,0,True
307,0.9625598788261414,0.1789432168006897,1.0,0.06652127206325531,1.4389188289642334,1.4389188289642334,0.09937579929828644,0.1777147501707077,0,True
308,0.9573922157287598,0.18155036866664886,1.0,0.06615227460861206,1.4348700046539307,1.4348700046539307,0.08818300068378448,0.1740393489599228,0,True
309,0.9459254145622253,0.16602851450443268,1.0,0.06591896712779999,1.4354361295700073,1.4354361295700073,0.08966389298439026,0.16600251197814941,0,True
310,0.937655508518219,0.16896376013755798,1.0,0.0649525597691536,1.441577434539795,1.441577434539795,0.09278137236833572,0.16330644488334656,0,True
311,0.9458801746368408,0.16677594184875488,1.0,0.06515975296497345,1.4183337688446045,1.4183337688446045,0.09011393785476685,0.1664808690547943,0,True
312,0.9485858678817749,0.16758081316947937,1.0,0.0656319260597229,1.4476537704467773,1.4476537704467773,0.09447472542524338,0.1945778876543045,0,True
313,0.9462218880653381,0.15889309346675873,1.0,0.06573136895895004,1.4528069496154785,1.4528069496154785,0.09623154252767563,0.1781420111656189,0,True
314,0.9595659375190735,0.16996805369853973,1.0,0.06602934747934341,1.4690334796905518,1.4690334796905518,0.09949389845132828,0.16894879937171936,0,True
315,0.961057186126709,0.15671265125274658,1.0,0.0675400048494339,1.4450924396514893,1.4450924396514893,0.10311400890350342,0.15772905945777893,0,True
316,0.947991132736206,0.1566917598247528,1.0,0.06665682047605515,1.4448320865631104,1.4448320865631104,0.10285833477973938,0.1491623818874359,0,True
317,0.947746992111206,0.1549985557794571,1.0,0.06592876464128494,1.4439520835876465,1.4439520835876465,0.09212187677621841,0.15726789832115173,0,True
318,0.9563953876495361,0.17472456395626068,1.0,0.06630959361791611,1.4303960800170898,1.4303960800170898,0.09592341631650925,0.15573275089263916,0,True
319,0.9663111567497253,0.18384867906570435,1.0,0.06763335317373276,1.4037625789642334,1.4037625789642334,0.10151509195566177,0.16871607303619385,0,True
320,0.9600406885147095,0.17449478805065155,1.0,0.06672003120183945,1.4062566757202148,1.4062566757202148,0.09058105200529099,0.17458808422088623,0,True
321,0.9348348379135132,0.17728519439697266,1.0,0.06405214965343475,1.4160377979278564,1.4160377979278564,0.08850523084402084,0.16141369938850403,0,True
322,0.9255909323692322,0.16704589128494263,1.0,0.06375615298748016,1.4304172992706299,1.4304172992706299,0.09116829186677933,0.14405521750450134,0,True
323,0.9354069232940674,0.16395917534828186,1.0,0.06493788957595825,1.435776948928833,1.435776948928833,0.09827739745378494,0.1791919320821762,0,True
324,0.947685718536377,0.16090533137321472,1.0,0.0665069967508316,1.470697283744812,1.470697283744812,0.10171453654766083,0.1863967925310135,0,True
325,0.9509583115577698,0.16176612675189972,1.0,0.06716929376125336,1.4588743448257446,1.4588743448257446,0.09174486249685287,0.1844651848077774,0,True
326,0.9478987455368042,0.15386277437210083,1.0,0.0663435310125351,1.424224615097046,1.424224615097046,0.09053964912891388,0.1769985854625702,0,True
327,0.9467508792877197,0.1583511382341385,1.0,0.0655907541513443,1.462746024131775,1.462746024131775,0.09267324954271317,0.15628720819950104,0,True
328,0.9651235938072205,0.1652544140815735,1.0,0.06560360640287399,1.4357738494873047,1.4357738494873047,0.10349061340093613,0.1568610668182373,0,True
329,0.9625892639160156,0.1593795120716095,1.0,0.06713268160820007,1.4195913076400757,1.4195913076400757,0.10497160255908966,0.15236800909042358,0,True
330,0.9644039273262024,0.1606648564338684,1.0,0.06716826558113098,1.4300932884216309,1.4300932884216309,0.10990084707736969,0.1680450141429901,0,True
331,0.9684064388275146,0.17879176139831543,1.0,0.06643301993608475,1.4287798404693604,1.4287798404693604,0.09157836437225342,0.14629466831684113,0,True
332,0.9619152545928955,0.1754029095172882,1.0,0.06604944169521332,1.4184564352035522,1.4184564352035522,0.09256544709205627,0.1512388437986374,0,True
333,0.9387829303741455,0.15462805330753326,1.0,0.06437328457832336,1.4418383836746216,1.4418383836746216,0.08896850049495697,0.15548816323280334,0,True
334,0.9273639917373657,0.1539502888917923,1.0,0.06431786715984344,1.4537181854248047,1.4537181854248047,0.09319964051246643,0.16497847437858582,0,True
335,0.935605525970459,0.17060522735118866,1.0,0.06543644517660141,1.4439071416854858,1.4439071416854858,0.08755766600370407,0.1840648055076599,0,True
336,0.941152811050415,0.1674129068851471,1.0,0.0667058527469635,1.4357292652130127,1.4357292652130127,0.0906212106347084,0.16625644266605377,0,True
337,0.9462102055549622,0.16533434391021729,1.0,0.06636931002140045,1.4535841941833496,1.4535841941833496,0.09215645492076874,0.1678064614534378,0,True
338,0.9543910026550293,0.1653418391942978,1.0,0.06649713218212128,1.4478877782821655,1.4478877782821655,0.09737836569547653,0.13029378652572632,0,True
339,0.9538111686706543,0.16915585100650787,1.0,0.06710565835237503,1.4513055086135864,1.4513055086135864,0.11202874779701233,0.1450066715478897,0,True
340,0.9435921311378479,0.16330388188362122,1.0,0.06668855249881744,1.4286597967147827,1.4286597967147827,0.10112395137548447,0.17335958778858185,0,True
341,0.9456295967102051,0.17376437783241272,1.0,0.06689754128456116,1.451947808265686,1.451947808265686,0.09089702367782593,0.15579438209533691,0,True
342,0.9518803358078003,0.17653200030326843,1.0,0.06701710820198059,1.4427385330200195,1.4427385330200195,0.10022986680269241,0.1830497682094574,0,True
343,0.9496854543685913,0.17811039090156555,1.0,0.06626519560813904,1.4297311305999756,1.4297311305999756,0.08987133204936981,0.18194296956062317,0,True
344,0.9488091468811035,0.18262910842895508,1.0,0.06564809381961823,1.4469006061553955,1.4469006061553955,0.10092111676931381,0.18110725283622742,0,True
345,0.9350049495697021,0.17710000276565552,1.0,0.06497518718242645,1.4241276979446411,1.4241276979446411,0.09328024089336395,0.1437893807888031,0,True
346,0.9266728758811951,0.17321689426898956,1.0,0.06526617705821991,1.429023265838623,1.429023265838623,0.0896812379360199,0.16052380204200745,0,True
347,0.9310279488563538,0.17780233919620514,1.0,0.06542107462882996,1.435699224472046,1.435699224472046,0.0966116413474083,0.15178778767585754,0,True
348,0.9244627952575684,0.16582836210727692,1.0,0.06609445810317993,1.4411742687225342,1.4411742687225342,0.10564544796943665,0.15222975611686707,0,True
349,0.93131023645401,0.16666370630264282,1.0,0.06588420271873474,1.4500703811645508,1.4500703811645508,0.09897559881210327,0.1510724127292633,0,True
350,0.9384539127349854,0.16865363717079163,1.0,0.0655822604894638,1.4471067190170288,1.4471067190170288,0.10125682502985,0.1714935302734375,0,True
351,0.9353939890861511,0.16749465465545654,1.0,0.06617617607116699,1.4605287313461304,1.4605287313461304,0.10043368488550186,0.1595149040222168,0,True
352,0.9480626583099365,0.1788150668144226,1.0,0.06696806102991104,1.4624049663543701,1.4624049663543701,0.11303654313087463,0.14751246571540833,1,True
353,0.960526704788208,0.17461857199668884,0.9921875,0.0673387199640274,1.431674838066101,1.431674838066101,0.10868539661169052,0.15833351016044617,0,True
354,0.9442974328994751,0.16186195611953735,0.9921875,0.06735469400882721,1.428926706314087,1.428926706314087,0.11335050314664841,0.14944958686828613,0,True
355,0.9329402446746826,0.16626790165901184,0.9921875,0.0657716765999794,1.4306474924087524,1.4306474924087524,0.10687853395938873,0.15657681226730347,0,True
356,0.9261597394943237,0.17376160621643066,0.9921875,0.06488438695669174,1.407058596611023,1.407058596611023,0.0959261804819107,0.15639401972293854,0,True
357,0.9266293048858643,0.1824977695941925,0.9921875,0.06451492011547089,1.409532070159912,1.409532070159912,0.0971589982509613,0.15682125091552734,0,True
358,0.9298665523529053,0.18281221389770508,0.9921875,0.06498830765485764,1.4019114971160889,1.4019114971160889,0.08860942721366882,0.1596517115831375,0,True
359,0.926810622215271,0.18160630762577057,0.9921875,0.06522192060947418,1.3911932706832886,1.3911932706832886,0.08859570324420929,0.1596175730228424,0,True
360,0.921197772026062,0.17693811655044556,0.9921875,0.06460730731487274,1.4109091758728027,1.4109091758728027,0.09049752354621887,0.1578272134065628,0,True
361,0.9142932295799255,0.17672637104988098,0.9921875,0.06423287093639374,1.4357917308807373,1.4357917308807373,0.08773212134838104,0.16121569275856018,0,True
362,0.9393528699874878,0.17701680958271027,0.9921875,0.06447524577379227,1.4378234148025513,1.4378234148025513,0.08724779635667801,0.156484916806221,0,True
363,0.9505816698074341,0.18458649516105652,0.9921875,0.06693951040506363,1.4376060962677002,1.4376060962677002,0.0952354371547699,0.1701965034008026,0,True
364,0.9479174017906189,0.1707133650779724,0.9921875,0.06777836382389069,1.4377179145812988,1.4377179145812988,0.09148647636175156,0.14973831176757812,0,True
365,0.9304779171943665,0.16459792852401733,0.9921875,0.06625071913003922,1.429036021232605,1.429036021232605,0.09467358142137527,0.13642534613609314,0,True
366,0.9333764910697937,0.17009571194648743,0.9921875,0.06495516747236252,1.423642873764038,1.423642873764038,0.10859184712171555,0.1711203008890152,0,True
367,0.9276397228240967,0.17862151563167572,0.9921875,0.06432223320007324,1.4374961853027344,1.4374961853027344,0.10292313992977142,0.1663060039281845,0,True
368,0.9222971200942993,0.17108041048049927,0.9921875,0.06493719667196274,1.4227304458618164,1.4227304458618164,0.09243541955947876,0.1814761757850647,0,True
369,0.9204238057136536,0.17126736044883728,0.9921875,0.0647890493273735,1.4528133869171143,1.4528133869171143,0.10149861127138138,0.1713380515575409,0,True
370,0.9286812543869019,0.17701759934425354,0.9921875,0.06622380018234253,1.4437010288238525,1.4437010288238525,0.09789331257343292,0.1667933315038681,0,True
371,0.9320741891860962,0.16535122692584991,0.9921875,0.0661281943321228,1.4621620178222656,1.4621620178222656,0.09220662713050842,0.1680351346731186,0,True
372,0.9427139759063721,0.16403186321258545,0.9921875,0.065977543592453,1.4674067497253418,1.4674067497253418,0.09097477048635483,0.1594582498073578,0,True
373,0.9569790363311768,0.16704440116882324,0.9921875,0.0671766996383667,1.4592571258544922,1.4592571258544922,0.09379448741674423,0.12913665175437927,0,True
374,0.951033353805542,0.16316089034080505,0.9921875,0.06723488122224808,1.434593677520752,1.434593677520752,0.09128601104021072,0.16551107168197632,0,True
375,0.9394339919090271,0.169508159160614,0.9921875,0.06653694808483124,1.4268348217010498,1.4268348217010498,0.09256250411272049,0.14910344779491425,0,True
376,0.9378179907798767,0.1741313338279724,0.9921875,0.06538031250238419,1.3815710544586182,1.3815710544586182,0.09005971997976303,0.15591168403625488,0,True
377,0.9184856414794922,0.1755247265100479,0.9921875,0.06351056694984436,1.4016542434692383,1.4016542434692383,0.08713763952255249,0.1470692753791809,0,True
378,0.9245004653930664,0.18171006441116333,0.9921875,0.06377232074737549,1.4098641872406006,1.4098641872406006,0.08903110772371292,0.18358618021011353,0,True
379,0.9159312844276428,0.17478711903095245,0.9921875,0.06489673256874084,1.447519063949585,1.447519063949585,0.09130886197090149,0.1586853265762329,0,True
380,0.9250918626785278,0.17073474824428558,0.9921875,0.0649162232875824,1.44598388671875,1.44598388671875,0.10704770684242249,0.16673943400382996,0,True
381,0.9270186424255371,0.1705450713634491,0.9921875,0.06636129319667816,1.4628185033798218,1.4628185033798218,0.0955628976225853,0.14701564610004425,0,True
382,0.9398002624511719,0.16813324391841888,0.9921875,0.0670892596244812,1.4648677110671997,1.4648677110671997,0.08998116850852966,0.15551185607910156,0,True
383,0.9477579593658447,0.17926564812660217,0.9921875,0.06736987829208374,1.453892707824707,1.453892707824707,0.09760428220033646,0.14145606756210327,0,True
384,0.9446390867233276,0.17410673201084137,0.9921875,0.06678779423236847,1.4370521306991577,1.4370521306991577,0.09619028121232986,0.1479732096195221,0,True
385,0.9356637001037598,0.1885642409324646,0.9921875,0.06506054103374481,1.4331271648406982,1.4331271648406982,0.09555862843990326,0.14788147807121277,0,True
386,0.9280004501342773,0.1858847737312317,0.9921875,0.06549786031246185,1.4279505014419556,1.4279505014419556,0.09691332280635834,0.1645084023475647,0,True
387,0.9172806739807129,0.18835124373435974,0.9921875,0.06484123319387436,1.4116363525390625,1.4116363525390625,0.0972440093755722,0.16452164947986603,0,True
388,0.9218289852142334,0.18117749691009521,0.9921875,0.06414936482906342,1.4316110610961914,1.4316110610961914,0.0884532630443573,0.17894652485847473,0,True
389,0.9071157574653625,0.17295800149440765,0.9921875,0.06432503461837769,1.43458890914917,1.43458890914917,0.08806812018156052,0.17620818316936493,0,True
390,0.9080086946487427,0.1666392832994461,0.9921875,0.06508450210094452,1.453836441040039,1.453836441040039,0.1179959625005722,0.18669772148132324,0,True
391,0.9242920875549316,0.16665636003017426,0.9921875,0.06567820906639099,1.458628535270691,1.458628535270691,0.09753423184156418,0.15993335843086243,0,True
392,0.9277142286300659,0.15816421806812286,0.9921875,0.06602661311626434,1.4479727745056152,1.4479727745056152,0.09052721410989761,0.153216153383255,0,True
393,0.9416928291320801,0.15892061591148376,0.9921875,0.06766402721405029,1.4656193256378174,1.4656193256378174,0.0876983180642128,0.13723227381706238,0,True
394,0.9567376971244812,0.16875559091567993,0.9921875,0.0677415281534195,1.440290927886963,1.440290927886963,0.1013830378651619,0.13872918486595154,0,True
395,0.9485210180282593,0.17461982369422913,0.9921875,0.06738831847906113,1.4189603328704834,1.4189603328704834,0.10558653622865677,0.1606157124042511,0,True
396,0.9412969350814819,0.1731099784374237,0.9921875,0.06553642451763153,1.4291030168533325,1.4291030168533325,0.09457080811262131,0.16651281714439392,0,True
397,0.9281901121139526,0.18158715963363647,0.9921875,0.06500424444675446,1.444836139678955,1.444836139678955,0.09250661730766296,0.1280873417854309,0,True
398,0.9328305721282959,0.19083698093891144,0.9921875,0.06548657268285751,1.417266845703125,1.417266845703125,0.09267286211252213,0.1648636758327484,0,True
399,0.9167456030845642,0.18236586451530457,0.9921875,0.06664174050092697,1.4092323780059814,1.4092323780059814,0.12338794767856598,0.17606335878372192,1,True
400,0.9036882519721985,0.18299421668052673,0.984375,0.06461639702320099,1.4318132400512695,1.4318132400512695,0.09309637546539307,0.15508218109607697,0,True
401,0.8988505601882935,0.18717046082019806,0.984375,0.06398051232099533,1.4298832416534424,1.4298832416534424,0.09492050111293793,0.14194200932979584,0,True
402,0.9039044380187988,0.17729297280311584,0.984375,0.06398021429777145,1.4231284856796265,1.4231284856796265,0.0946986973285675,0.1601754128932953,0,True
403,0.9115298986434937,0.17587018013000488,0.984375,0.06575142592191696,1.4460734128952026,1.4460734128952026,0.08904940634965897,0.17837542295455933,0,True
404,0.9153299331665039,0.179234117269516,0.984375,0.06716454029083252,1.4523450136184692,1.4523450136184692,0.09334966540336609,0.16728061437606812,0,True
405,0.9147700071334839,0.182218998670578,0.984375,0.06680174916982651,1.4398562908172607,1.4398562908172607,0.09261053055524826,0.14573711156845093,0,True
406,0.9310791492462158,0.19350172579288483,0.984375,0.06592299789190292,1.4251196384429932,1.4251196384429932,0.08872944861650467,0.15380334854125977,0,True
407,0.9331454038619995,0.1825011670589447,0.984375,0.06534215062856674,1.4225811958312988,1.4225811958312988,0.08774702996015549,0.15908904373645782,0,True
408,0.9278475046157837,0.1930120289325714,0.984375,0.0653076320886612,1.438838005065918,1.438838005065918,0.08794743567705154,0.17139407992362976,0,True
409,0.9255677461624146,0.18660485744476318,0.9921875,0.06635148823261261,1.4297990798950195,1.4297990798950195,0.0886075347661972,0.1363021433353424,0,True
410,0.903972864151001,0.18526548147201538,0.9921875,0.06447906047105789,1.4072399139404297,1.4072399139404297,0.09185800701379776,0.15912893414497375,0,True
411,0.8981766700744629,0.1697089970111847,0.9921875,0.06402707099914551,1.4139845371246338,1.4139845371246338,0.10666123777627945,0.14847972989082336,0,True
412,0.9013356566429138,0.18378058075904846,0.9921875,0.06364791095256805,1.4304312467575073,1.4304312467575073,0.0900905430316925,0.14940336346626282,0,True
413,0.9127899408340454,0.18551424145698547,0.9921875,0.06584430485963821,1.4575185775756836,1.4575185775756836,0.09299033880233765,0.15285423398017883,0,True
414,0.9124845862388611,0.17900094389915466,0.9921875,0.06660909950733185,1.46397864818573,1.46397864818573,0.08926388621330261,0.14846473932266235,0,True
415,0.8965997099876404,0.18063697218894958,0.9921875,0.0661088079214096,1.4475781917572021,1.4475781917572021,0.08891064673662186,0.12984469532966614,0,True
416,0.9032884836196899,0.1859540194272995,0.9921875,0.06509006023406982,1.4545693397521973,1.4545693397521973,0.09121496975421906,0.14658695459365845,0,True
417,0.9184756278991699,0.19566385447978973,0.9921875,0.065016970038414,1.45537531375885,1.45537531375885,0.08930589258670807,0.1637798249721527,0,True
418,0.9344435930252075,0.18890242278575897,0.9921875,0.066816046833992,1.4372386932373047,1.4372386932373047,0.10040462017059326,0.1434738039970398,0,True
419,0.9419500231742859,0.18978351354599,0.9921875,0.06761762499809265,1.433337926864624,1.433337926864624,0.09596429020166397,0.1544286608695984,0,True
420,0.9305770993232727,0.1927298754453659,0.9921875,0.06617456674575806,1.4093286991119385,1.4093286991119385,0.09869594871997833,0.15084369480609894,0,True
421,0.9066811800003052,0.18260517716407776,0.9921875,0.06396183371543884,1.3951326608657837,1.3951326608657837,0.09747742861509323,0.16098672151565552,0,True
422,0.8940075635910034,0.1745702624320984,0.9921875,0.0630989819765091,1.444403886795044,1.444403886795044,0.09137912839651108,0.1460534632205963,0,True
423,0.9104335308074951,0.18239587545394897,0.9921875,0.06441251188516617,1.4382073879241943,1.4382073879241943,0.09086402505636215,0.14388054609298706,0,True
424,0.9257397651672363,0.17350327968597412,0.9921875,0.06641067564487457,1.4328773021697998,1.4328773021697998,0.09524892270565033,0.1778186410665512,0,True
425,0.9126405715942383,0.16558784246444702,0.9921875,0.06681714951992035,1.452277660369873,1.452277660369873,0.10549122095108032,0.16158121824264526,0,True
426,0.9131200313568115,0.17572209239006042,0.9921875,0.06552223116159439,1.4390175342559814,1.4390175342559814,0.10858014225959778,0.14880675077438354,0,True
427,0.9232380986213684,0.1837550699710846,0.9921875,0.06632599234580994,1.4387482404708862,1.4387482404708862,0.10804849117994308,0.1471266895532608,0,True
428,0.9320776462554932,0.18891748785972595,0.9921875,0.06618964672088623,1.442084789276123,1.442084789276123,0.08654876053333282,0.16690024733543396,0,True
429,0.9274135828018188,0.18633928894996643,0.9921875,0.06621833890676498,1.4413244724273682,1.4413244724273682,0.0890193060040474,0.18892651796340942,0,True
430,0.9317007064819336,0.1866074800491333,0.9921875,0.06532350182533264,1.4323651790618896,1.4323651790618896,0.08801963180303574,0.17482209205627441,0,True
431,0.9204404354095459,0.17822888493537903,0.9921875,0.06502607464790344,1.4198023080825806,1.4198023080825806,0.09145420044660568,0.1616017073392868,0,True
432,0.9141839742660522,0.18624192476272583,0.9921875,0.06334294378757477,1.427696943283081,1.427696943283081,0.0952197015285492,0.15948891639709473,0,True
433,0.9011461734771729,0.17638170719146729,0.9921875,0.06409431993961334,1.4482163190841675,1.4482163190841675,0.09368520975112915,0.17789679765701294,0,True
434,0.9104077816009521,0.18233546614646912,0.9921875,0.06538443267345428,1.4682135581970215,1.4682135581970215,0.09349613636732101,0.17328371107578278,0,True
435,0.9172751903533936,0.17997878789901733,0.9921875,0.06675127893686295,1.4562839269638062,1.4562839269638062,0.09728401899337769,0.18347302079200745,0,True
436,0.9112004637718201,0.17066161334514618,0.9921875,0.06577340513467789,1.4836808443069458,1.4836808443069458,0.09642814844846725,0.16478177905082703,0,True
437,0.9146628379821777,0.17747774720191956,0.9921875,0.0663682147860527,1.473554015159607,1.473554015159607,0.12053138017654419,0.15165510773658752,0,True
438,0.9192741513252258,0.1837974637746811,1.0,0.06648990511894226,1.467882752418518,1.467882752418518,0.09283774346113205,0.15235954523086548,0,True
439,0.9380342960357666,0.17872056365013123,1.0,0.06737617403268814,1.469529151916504,1.469529151916504,0.09587441384792328,0.15369507670402527,0,True
440,0.9437390565872192,0.18072167038917542,1.0,0.06848765909671783,1.4129908084869385,1.4129908084869385,0.10789292305707932,0.1603686511516571,0,True
441,0.9256964921951294,0.17444410920143127,1.0,0.0659802109003067,1.41264009475708,1.41264009475708,0.09991104900836945,0.15316550433635712,0,True
442,0.9155604243278503,0.17293450236320496,1.0,0.0632835105061531,1.4282832145690918,1.4282832145690918,0.09089092910289764,0.14771591126918793,0,True
443,0.9149032831192017,0.1850731372833252,1.0,0.06327417492866516,1.4071290493011475,1.4071290493011475,0.08860789984464645,0.1585170030593872,0,True
444,0.9193069338798523,0.17875544726848602,1.0,0.0655129998922348,1.4292536973953247,1.4292536973953247,0.09415285289287567,0.1653830111026764,0,True
445,0.9174444675445557,0.17348890006542206,1.0,0.06679683923721313,1.4255752563476562,1.4255752563476562,0.10405886173248291,0.17447400093078613,0,True
446,0.9174489974975586,0.17303477227687836,1.0,0.06620781123638153,1.4405664205551147,1.4405664205551147,0.10035289078950882,0.14510692656040192,0,True
447,0.9108980894088745,0.17093561589717865,1.0,0.06590402871370316,1.4101812839508057,1.4101812839508057,0.09395298361778259,0.17612811923027039,0,True
448,0.9003156423568726,0.1762913167476654,1.0,0.06463803350925446,1.4349431991577148,1.4349431991577148,0.09131515026092529,0.1634533554315567,0,True
449,0.9161717891693115,0.17762355506420135,1.0,0.0648987740278244,1.417917013168335,1.417917013168335,0.08677130192518234,0.14684200286865234,0,True
450,0.9328095316886902,0.18440520763397217,1.0,0.065233513712883,1.4431326389312744,1.4431326389312744,0.0903858095407486,0.1636160910129547,0,True
451,0.9368932247161865,0.17558082938194275,1.0,0.0655691996216774,1.4149892330169678,1.4149892330169678,0.09142522513866425,0.1400947868824005,0,True
452,0.9203822016716003,0.16276279091835022,1.0,0.06617295742034912,1.4211955070495605,1.4211955070495605,0.09473385661840439,0.13426223397254944,0,True
453,0.9144075512886047,0.15655645728111267,1.0,0.0642508864402771,1.4472938776016235,1.4472938776016235,0.08998750150203705,0.16051705181598663,0,True
454,0.923712968826294,0.18137109279632568,1.0,0.06483052670955658,1.4456114768981934,1.4456114768981934,0.0944729596376419,0.15283435583114624,0,True
455,0.9327771663665771,0.18488749861717224,1.0,0.06614288687705994,1.4459826946258545,1.4459826946258545,0.09292006492614746,0.1712435930967331,0,True
456,0.9226531982421875,0.17699936032295227,1.0,0.06612874567508698,1.450263261795044,1.450263261795044,0.09276014566421509,0.1546124517917633,0,True
457,0.9176396727561951,0.17686745524406433,1.0,0.06523630768060684,1.4396134614944458,1.4396134614944458,0.09302307665348053,0.16367775201797485,0,True
458,0.9079525470733643,0.18878406286239624,1.0,0.06432417780160904,1.42305588722229,1.42305588722229,0.09010563045740128,0.13922934234142303,0,True
459,0.9022166728973389,0.17930233478546143,1.0,0.06454730033874512,1.4149187803268433,1.4149187803268433,0.10041185468435287,0.1567019522190094,0,True
460,0.8956598043441772,0.1781441569328308,1.0,0.06476280093193054,1.4414715766906738,1.4414715766906738,0.0962885171175003,0.1589914858341217,0,True
461,0.907241702079773,0.18982136249542236,1.0,0.06542287766933441,1.45436429977417,1.45436429977417,0.09786117076873779,0.14478632807731628,0,True
462,0.9132276773452759,0.18939346075057983,1.0,0.06670714169740677,1.4390887022018433,1.4390887022018433,0.0998585969209671,0.1433725655078888,0,True
463,0.90740966796875,0.1863345354795456,1.0,0.06596195697784424,1.4304593801498413,1.4304593801498413,0.09648019820451736,0.14995551109313965,1,True
464,0.9074163436889648,0.1831733137369156,0.9921875,0.06496042758226395,1.4348671436309814,1.4348671436309814,0.10728869587182999,0.1525658220052719,0,True
465,0.9173797369003296,0.1976144164800644,0.9921875,0.06436817348003387,1.4285162687301636,1.4285162687301636,0.09124861657619476,0.13382941484451294,0,True
466,0.9109834432601929,0.20217430591583252,0.9921875,0.06499198824167252,1.402114748954773,1.402114748954773,0.09075836092233658,0.16415543854236603,0,True
467,0.9061992168426514,0.19309009611606598,0.9921875,0.06500548124313354,1.3951674699783325,1.3951674699783325,0.09465744346380234,0.1767498254776001,0,True
468,0.8883421421051025,0.19097132980823517,0.9921875,0.0638289824128151,1.4128968715667725,1.4128968715667725,0.09359322488307953,0.14222225546836853,0,True
469,0.8947968482971191,0.18349593877792358,0.9921875,0.0641399472951889,1.4317373037338257,1.4317373037338257,0.1144830659031868,0.14653849601745605,0,True
470,0.8934669494628906,0.17604844272136688,0.9921875,0.06439332664012909,1.4358621835708618,1.4358621835708618,0.11237598210573196,0.16432394087314606,0,True
471,0.9061552286148071,0.17463789880275726,0.9921875,0.06528009474277496,1.4488815069198608,1.4488815069198608,0.14809301495552063,0.16759757697582245,0,True
472,0.9210219979286194,0.1767023652791977,0.9921875,0.06731307506561279,1.4652659893035889,1.4652659893035889,0.11927828937768936,0.15250931680202484,0,True
473,0.921315610408783,0.17810995876789093,0.9921875,0.06727994978427887,1.4343342781066895,1.4343342781066895,0.116385817527771,0.14139093458652496,0,True
474,0.9145503044128418,0.17924581468105316,0.9921875,0.06561656296253204,1.4391180276870728,1.4391180276870728,0.09468681365251541,0.13581295311450958,0,True
475,0.9118809700012207,0.18459104001522064,0.9921875,0.06468883156776428,1.4269301891326904,1.4269301891326904,0.08682361990213394,0.12973177433013916,0,True
476,0.9190750122070312,0.19780759513378143,0.9921875,0.0655665323138237,1.4192163944244385,1.4192163944244385,0.09131215512752533,0.15622682869434357,0,True
477,0.9187552332878113,0.20233064889907837,0.9921875,0.06659020483493805,1.393351674079895,1.393351674079895,0.09248299896717072,0.1569872796535492,0,True
478,0.9013857841491699,0.19767022132873535,0.9921875,0.06460534036159515,1.4277607202529907,1.4277607202529907,0.09332214295864105,0.1631702333688736,0,True
479,0.8963446617126465,0.20071189105510712,0.9921875,0.06291800737380981,1.4057971239089966,1.4057971239089966,0.08697697520256042,0.15498289465904236,0,True
480,0.8896636962890625,0.19631876051425934,0.9921875,0.06343112885951996,1.4460010528564453,1.4460010528564453,0.08836562186479568,0.17747977375984192,0,True
481,0.8996613025665283,0.19225585460662842,0.9921875,0.06513798981904984,1.4502429962158203,1.4502429962158203,0.09005323797464371,0.1760200411081314,0,True
482,0.9073925018310547,0.18803632259368896,0.9921875,0.06631365418434143,1.4724814891815186,1.4724814891815186,0.09155046194791794,0.18012289702892303,0,True
483,0.9041750431060791,0.1969594657421112,0.9921875,0.06789173185825348,1.450915813446045,1.450915813446045,0.13577739894390106,0.1535188853740692,1,True
484,0.8913248181343079,0.18856178224086761,0.984375,0.06674427539110184,1.4458503723144531,1.4458503723144531,0.09947258979082108,0.15543276071548462,0,True
485,0.8970233201980591,0.1854405403137207,0.984375,0.06574250012636185,1.4349732398986816,1.4349732398986816,0.09690225124359131,0.1638692021369934,0,True
486,0.9008925557136536,0.19120070338249207,0.984375,0.0654836893081665,1.4478693008422852,1.4478693008422852,0.08919119089841843,0.12973588705062866,0,True
487,0.9070786237716675,0.1842808574438095,0.984375,0.06706152111291885,1.4380691051483154,1.4380691051483154,0.09221252053976059,0.13119076192378998,0,True
488,0.900096595287323,0.18682539463043213,0.984375,0.06497569382190704,1.417759895324707,1.417759895324707,0.090794138610363,0.14401866495609283,0,True
489,0.9016839265823364,0.19658571481704712,0.984375,0.06523270905017853,1.3980786800384521,1.3980786800384521,0.09463782608509064,0.14145450294017792,0,True
490,0.8841848373413086,0.20111002027988434,0.984375,0.06305526196956635,1.4007432460784912,1.4007432460784912,0.09616094082593918,0.15358023345470428,0,True
491,0.8786236643791199,0.19952523708343506,0.984375,0.0633966475725174,1.4405946731567383,1.4405946731567383,0.08818374574184418,0.17286992073059082,0,True
492,0.8738681674003601,0.2053709328174591,0.984375,0.06476467847824097,1.4292885065078735,1.4292885065078735,0.09341017156839371,0.16424821317195892,0,True
493,0.8919165134429932,0.21183493733406067,0.984375,0.0662471204996109,1.4385088682174683,1.4385088682174683,0.08988869935274124,0.1697835624217987,0,True
494,0.8963473439216614,0.20953558385372162,0.984375,0.06780275702476501,1.4227166175842285,1.4227166175842285,0.09322317689657211,0.14681559801101685,0,True
495,0.8954852223396301,0.182479590177536,0.984375,0.06643875688314438,1.4321236610412598,1.4321236610412598,0.0911937728524208,0.1591421663761139,0,True
496,0.9008126258850098,0.17357873916625977,0.9921875,0.06537573784589767,1.4278433322906494,1.4278433322906494,0.09213817119598389,0.16010735929012299,0,True
497,0.8953617215156555,0.18101781606674194,0.9921875,0.06407704949378967,1.4294071197509766,1.4294071197509766,0.08663884550333023,0.15563124418258667,0,True
498,0.8975818157196045,0.1892564445734024,0.9921875,0.06449703872203827,1.439497470855713,1.439497470855713,0.08950772136449814,0.13199090957641602,0,True
499,0.8975361585617065,0.19438791275024414,0.9921875,0.06423237174749374,1.4124581813812256,1.4124581813812256,0.089520663022995,0.13894715905189514,0,True
500,0.886630654335022,0.19596463441848755,0.9921875,0.06426095962524414,1.4257673025131226,1.4257673025131226,0.08901820331811905,0.14166413247585297,0,True
501,0.8861704468727112,0.19807639718055725,0.9921875,0.06417200714349747,1.443476915359497,1.443476915359497,0.10203798860311508,0.1467757225036621,0,True
502,0.8851456642150879,0.20520652830600739,0.9921875,0.06339328736066818,1.4463920593261719,1.4463920593261719,0.09210218489170074,0.1369701623916626,0,True
503,0.8893505334854126,0.20248925685882568,0.9921875,0.06505928188562393,1.4441604614257812,1.4441604614257812,0.09292435646057129,0.14132562279701233,0,True
504,0.8966583013534546,0.1998516023159027,0.9921875,0.0668410211801529,1.4705536365509033,1.4705536365509033,0.08968943357467651,0.16665655374526978,0,True
505,0.9063006043434143,0.19154778122901917,0.9921875,0.06647955626249313,1.4556448459625244,1.4556448459625244,0.09169577807188034,0.14673295617103577,0,True
506,0.9066464900970459,0.19438886642456055,0.9921875,0.06684908270835876,1.4528700113296509,1.4528700113296509,0.09150134027004242,0.1452985405921936,0,True
507,0.8945291638374329,0.1904795616865158,0.9921875,0.0670815035700798,1.4405279159545898,1.4405279159545898,0.10318781435489655,0.16171646118164062,0,True
508,0.8855186700820923,0.19441276788711548,0.9921875,0.06503855437040329,1.4134607315063477,1.4134607315063477,0.09493083506822586,0.12848924100399017,0,True
509,0.888920783996582,0.19307343661785126,0.9921875,0.06543533504009247,1.4115798473358154,1.4115798473358154,0.0982423648238182,0.1358998417854309,0,True
510,0.8776528239250183,0.19727031886577606,0.9921875,0.06407076120376587,1.4178099632263184,1.4178099632263184,0.09434633702039719,0.15039119124412537,0,True
511,0.8754348754882812,0.1898028552532196,0.9921875,0.06459470838308334,1.4144434928894043,1.4144434928894043,0.08937268704175949,0.16549181938171387,0,True
512,0.8852697014808655,0.19616523385047913,0.9921875,0.06377912312746048,1.4292917251586914,1.4292917251586914,0.08908464014530182,0.14713814854621887,0,True
513,0.9053595066070557,0.1991330087184906,0.9921875,0.06447173655033112,1.4489952325820923,1.4489952325820923,0.0886816680431366,0.16059517860412598,0,True
514,0.9135804176330566,0.1850292980670929,0.9921875,0.06607639044523239,1.4192675352096558,1.4192675352096558,0.0925971269607544,0.16636879742145538,0,True
515,0.897923469543457,0.18623796105384827,0.9921875,0.06578776985406876,1.4343922138214111,1.4343922138214111,0.09336424618959427,0.15930090844631195,0,True
516,0.8999989032745361,0.2014625370502472,0.9921875,0.06492459774017334,1.4249906539916992,1.4249906539916992,0.09929482638835907,0.15039107203483582,0,True
517,0.9047939777374268,0.20326770842075348,0.9921875,0.0646994337439537,1.4165465831756592,1.4165465831756592,0.09550881385803223,0.14678551256656647,0,True
518,0.8890793919563293,0.18760991096496582,0.9921875,0.06551539897918701,1.4286264181137085,1.4286264181137085,0.09278016537427902,0.13011044263839722,0,True
519,0.8805177211761475,0.17654083669185638,0.9921875,0.06416939944028854,1.433357834815979,1.433357834815979,0.09138171374797821,0.14350798726081848,0,True
520,0.8943309187889099,0.17936328053474426,0.9921875,0.06387941539287567,1.4118671417236328,1.4118671417236328,0.09067592769861221,0.14744499325752258,0,True
521,0.8976460695266724,0.17862963676452637,0.9921875,0.06495493650436401,1.4280320405960083,1.4280320405960083,0.09433715790510178,0.15818288922309875,0,True
522,0.8847200870513916,0.18349629640579224,0.9921875,0.0653105303645134,1.4420161247253418,1.4420161247253418,0.09431847929954529,0.15598884224891663,0,True
523,0.8973605632781982,0.18469220399856567,0.9921875,0.06531400233507156,1.4469668865203857,1.4469668865203857,0.09269656240940094,0.15187424421310425,0,True
524,0.9202509522438049,0.20202791690826416,0.9921875,0.06673898547887802,1.4339978694915771,1.4339978694915771,0.08831319957971573,0.13926705718040466,0,True
525,0.9070363640785217,0.18544617295265198,0.9921875,0.0666206032037735,1.4115016460418701,1.4115016460418701,0.0905412957072258,0.17669814825057983,0,True
526,0.8974133729934692,0.18762195110321045,0.9921875,0.06463806331157684,1.438619613647461,1.438619613647461,0.09694459289312363,0.13795827329158783,0,True
527,0.90577632188797,0.20827716588974,0.9921875,0.06479512155056,1.4275895357131958,1.4275895357131958,0.09402606636285782,0.14666998386383057,0,True
528,0.9007658958435059,0.1896437257528305,0.9921875,0.06547235697507858,1.4337406158447266,1.4337406158447266,0.09290650486946106,0.17125795781612396,0,True
529,0.8881078362464905,0.17523710429668427,0.9921875,0.06423191726207733,1.4184805154800415,1.4184805154800415,0.09730036556720734,0.15154999494552612,0,True
530,0.8796146512031555,0.18369784951210022,0.9921875,0.06391396373510361,1.4327952861785889,1.4327952861785889,0.10289272665977478,0.15764263272285461,0,True
531,0.8832448124885559,0.19585832953453064,0.9921875,0.06414794921875,1.4461350440979004,1.4461350440979004,0.09559378027915955,0.16823451220989227,0,True
532,0.8755464553833008,0.18923816084861755,0.9921875,0.06539732217788696,1.4308282136917114,1.4308282136917114,0.10161899030208588,0.17154519259929657,0,True
533,0.8887017965316772,0.18332403898239136,0.9921875,0.06558975577354431,1.4491376876831055,1.4491376876831055,0.08956503868103027,0.15771788358688354,0,True
534,0.8976626992225647,0.19748003780841827,0.9921875,0.06680351495742798,1.4657511711120605,1.4657511711120605,0.09161374717950821,0.13925431668758392,0,True
535,0.909011721611023,0.1995290219783783,0.9921875,0.06785471737384796,1.4309877157211304,1.4309877157211304,0.09745864570140839,0.14285534620285034,0,True
536,0.8953577280044556,0.18577569723129272,0.9921875,0.06641840189695358,1.4200364351272583,1.4200364351272583,0.09208425134420395,0.1524556279182434,0,True
537,0.8891561031341553,0.19580012559890747,0.9921875,0.06458920985460281,1.4464056491851807,1.4464056491851807,0.08948367089033127,0.1437833309173584,0,True
538,0.8886988162994385,0.19844095408916473,0.9921875,0.06500926613807678,1.4244625568389893,1.4244625568389893,0.09024561941623688,0.14767441153526306,0,True
539,0.8714677095413208,0.19835740327835083,0.9921875,0.06451365351676941,1.4083621501922607,1.4083621501922607,0.09499640017747879,0.16987410187721252,0,True
540,0.8664833307266235,0.1994112730026245,0.9921875,0.06400837749242783,1.4161529541015625,1.4161529541015625,0.09196238964796066,0.14860588312149048,0,True
541,0.8740310668945312,0.20559200644493103,0.9921875,0.06372204422950745,1.4417271614074707,1.4417271614074707,0.09050852060317993,0.14775437116622925,0,True
542,0.8832890391349792,0.1945415735244751,0.9921875,0.06459543853998184,1.4301323890686035,1.4301323890686035,0.09259376674890518,0.14844883978366852,0,True
543,0.8842251300811768,0.18910157680511475,0.9921875,0.06553707271814346,1.4341565370559692,1.4341565370559692,0.09295046329498291,0.1625833958387375,0,True
544,0.8835546970367432,0.19403350353240967,0.9921875,0.06593827158212662,1.4388995170593262,1.4388995170593262,0.08967745304107666,0.14967450499534607,0,True
545,0.8855786919593811,0.19820210337638855,0.9921875,0.06577881425619125,1.4482672214508057,1.4482672214508057,0.09596327692270279,0.14424751698970795,0,True
546,0.8860927820205688,0.19799430668354034,0.9921875,0.06599611043930054,1.41187584400177,1.41187584400177,0.0884605348110199,0.1580946147441864,0,True
547,0.8740764856338501,0.2011415958404541,0.9921875,0.06515737622976303,1.4394211769104004,1.4394211769104004,0.09449952095746994,0.1542356312274933,0,True
548,0.8719435930252075,0.20883134007453918,0.9921875,0.0647713840007782,1.4221644401550293,1.4221644401550293,0.09489660710096359,0.13686373829841614,0,True
549,0.8656762838363647,0.20542824268341064,0.9921875,0.06516487896442413,1.42274808883667,1.42274808883667,0.09656941145658493,0.14228121936321259,0,True
550,0.8654383420944214,0.19864362478256226,0.9921875,0.064588263630867,1.415605068206787,1.415605068206787,0.0979522094130516,0.15128663182258606,0,True
551,0.8772979378700256,0.20827898383140564,0.9921875,0.06410188227891922,1.432844638824463,1.432844638824463,0.10190444439649582,0.13616503775119781,0,True
552,0.8659132122993469,0.2065383344888687,0.9921875,0.06430172920227051,1.448075532913208,1.448075532913208,0.10603389143943787,0.1471690535545349,0,True
553,0.8805815577507019,0.192853644490242,0.9921875,0.0656428411602974,1.457390546798706,1.457390546798706,0.08834829926490784,0.13773074746131897,0,True
554,0.8876442909240723,0.18932166695594788,0.9921875,0.06674782931804657,1.4546215534210205,1.4546215534210205,0.09404732286930084,0.15607357025146484,0,True
555,0.8885855674743652,0.19690489768981934,0.9921875,0.06599956750869751,1.4295878410339355,1.4295878410339355,0.0959818959236145,0.16302524507045746,0,True
556,0.8825703263282776,0.20349955558776855,0.9921875,0.06623388826847076,1.4498454332351685,1.4498454332351685,0.10664962232112885,0.13768994808197021,0,True
557,0.8872377872467041,0.22107559442520142,0.9921875,0.0645565614104271,1.4227747917175293,1.4227747917175293,0.08996318280696869,0.13637420535087585,0,True
558,0.8833599090576172,0.2165420949459076,0.9921875,0.06470638513565063,1.42067551612854,1.42067551612854,0.087881900370121,0.13648733496665955,0,True
559,0.8737974166870117,0.20386889576911926,0.9921875,0.06509912014007568,1.4418120384216309,1.4418120384216309,0.0919034406542778,0.14247432351112366,0,True
560,0.8780001997947693,0.1971784383058548,0.9921875,0.0656190887093544,1.431161642074585,1.431161642074585,0.09172746539115906,0.15744443237781525,0,True
561,0.8746540546417236,0.1998429000377655,0.9921875,0.06521333754062653,1.4157785177230835,1.4157785177230835,0.08906908333301544,0.1462581604719162,0,True
562,0.8840762972831726,0.20566685497760773,0.9921875,0.06512514501810074,1.4232155084609985,1.4232155084609985,0.09384088218212128,0.1616453230381012,0,True
563,0.8747518062591553,0.20109131932258606,0.9921875,0.06501352787017822,1.4150415658950806,1.4150415658950806,0.09554234147071838,0.14921069145202637,0,True
564,0.8745784759521484,0.20143401622772217,0.9921875,0.0645298883318901,1.4375290870666504,1.4375290870666504,0.09049493819475174,0.1669427752494812,0,True
565,0.8688644766807556,0.20235851407051086,0.9921875,0.06472663581371307,1.4480760097503662,1.4480760097503662,0.08954207599163055,0.14709854125976562,0,True
566,0.8628000020980835,0.2189505249261856,0.9921875,0.06531601399183273,1.4339218139648438,1.4339218139648438,0.0890800803899765,0.13117608428001404,0,True
567,0.864802896976471,0.21784016489982605,0.9921875,0.06411593407392502,1.4171284437179565,1.4171284437179565,0.09085211157798767,0.1452609747648239,0,True
568,0.8592122793197632,0.21627947688102722,0.9921875,0.0646783709526062,1.4318556785583496,1.4318556785583496,0.09378360211849213,0.13097907602787018,0,True
569,0.8643078207969666,0.22161588072776794,0.9921875,0.06477813422679901,1.4460843801498413,1.4460843801498413,0.08837494999170303,0.129551500082016,0,True
570,0.8580870628356934,0.2189774513244629,0.9921875,0.06468284875154495,1.4433081150054932,1.4433081150054932,0.08881067484617233,0.12801216542720795,0,True
571,0.866326630115509,0.21591095626354218,0.9921875,0.06562654674053192,1.4196999073028564,1.4196999073028564,0.09048066288232803,0.14243480563163757,0,True
572,0.8726259469985962,0.2182798683643341,0.9921875,0.06634636223316193,1.4324941635131836,1.4324941635131836,0.09036003798246384,0.16575253009796143,0,True
573,0.8756662011146545,0.20972439646720886,0.9921875,0.06599441170692444,1.4380826950073242,1.4380826950073242,0.09604128450155258,0.13866746425628662,0,True
574,0.8800617456436157,0.1990673542022705,0.9921875,0.06429176032543182,1.4348565340042114,1.4348565340042114,0.08938208967447281,0.15624497830867767,0,True
575,0.8571643829345703,0.1998460441827774,0.9921875,0.06340625882148743,1.4148075580596924,1.4148075580596924,0.09049323201179504,0.14149586856365204,0,True
576,0.8547317981719971,0.21820957958698273,0.9921875,0.06358959525823593,1.4331179857254028,1.4331179857254028,0.09364937990903854,0.15136373043060303,0,True
577,0.8619933128356934,0.23161600530147552,0.9921875,0.0646737590432167,1.4403682947158813,1.4403682947158813,0.08958172053098679,0.14783434569835663,0,True
578,0.8612630367279053,0.2140190154314041,0.9921875,0.0657486766576767,1.4316908121109009,1.4316908121109009,0.09972086548805237,0.13376900553703308,0,True
579,0.8595974445343018,0.20617705583572388,0.9921875,0.06493222713470459,1.4222447872161865,1.4222447872161865,0.09739726781845093,0.15691077709197998,0,True
580,0.8698384761810303,0.20513275265693665,0.9921875,0.06502556055784225,1.4237083196640015,1.4237083196640015,0.09267581254243851,0.1265665590763092,0,True
581,0.8768602609634399,0.20853258669376373,0.9921875,0.06433652341365814,1.418478012084961,1.418478012084961,0.08708090335130692,0.12549033761024475,0,True
582,0.8778289556503296,0.21099857985973358,0.9921875,0.06480450928211212,1.4453339576721191,1.4453339576721191,0.08938667923212051,0.14976303279399872,0,True
583,0.8783233761787415,0.20492969453334808,0.9921875,0.0652373880147934,1.4361534118652344,1.4361534118652344,0.09000343829393387,0.15324899554252625,0,True
584,0.8767600059509277,0.1996268779039383,0.9921875,0.06557103991508484,1.4272899627685547,1.4272899627685547,0.09235662966966629,0.13317632675170898,0,True
585,0.869063138961792,0.19585509598255157,0.9921875,0.06500241160392761,1.431469202041626,1.431469202041626,0.08731840550899506,0.12523987889289856,0,True
586,0.8696362376213074,0.1892867535352707,0.9921875,0.06421498954296112,1.434614896774292,1.434614896774292,0.089418426156044,0.13936978578567505,0,True
587,0.8724347949028015,0.2109696865081787,0.9921875,0.06421802937984467,1.4284358024597168,1.4284358024597168,0.08847612887620926,0.14005130529403687,0,True
588,0.872735857963562,0.2158544361591339,0.9921875,0.06611642241477966,1.4347032308578491,1.4347032308578491,0.08953734487295151,0.16858428716659546,0,True
589,0.8635016679763794,0.20777931809425354,0.9921875,0.06579964607954025,1.4373905658721924,1.4373905658721924,0.09228354692459106,0.1465754508972168,0,True
590,0.8609918355941772,0.2072201669216156,0.9921875,0.06566208600997925,1.4287441968917847,1.4287441968917847,0.092704638838768,0.1347549706697464,0,True
591,0.8721976280212402,0.20829883217811584,0.9921875,0.06531025469303131,1.4414303302764893,1.4414303302764893,0.0927361473441124,0.13813069462776184,0,True
592,0.8845739364624023,0.21698297560214996,0.9921875,0.06522876024246216,1.4479392766952515,1.4479392766952515,0.09749284386634827,0.143900528550148,0,True
593,0.890044629573822,0.20932024717330933,0.9921875,0.06634709239006042,1.4369442462921143,1.4369442462921143,0.09520407021045685,0.1636367291212082,0,True
594,0.8840428590774536,0.21250700950622559,0.9921875,0.06695440411567688,1.4424810409545898,1.4424810409545898,0.08744029700756073,0.1607745736837387,0,True
595,0.8632489442825317,0.204465851187706,0.9921875,0.06516526639461517,1.4267890453338623,1.4267890453338623,0.0887543335556984,0.1539226621389389,0,True
596,0.847896933555603,0.218832865357399,0.9921875,0.06332559883594513,1.4251351356506348,1.4251351356506348,0.08981835097074509,0.14087635278701782,0,True
597,0.851388692855835,0.21566557884216309,0.9921875,0.06419655680656433,1.4250354766845703,1.4250354766845703,0.09168419986963272,0.1610514521598816,0,True
598,0.8658134341239929,0.21732474863529205,0.9921875,0.06638435274362564,1.4488062858581543,1.4488062858581543,0.093446746468544,0.16751323640346527,0,True
599,0.8895705938339233,0.20769044756889343,0.9921875,0.06710478663444519,1.4293365478515625,1.4293365478515625,0.09094678610563278,0.16625410318374634,0,True
600,0.8726571202278137,0.19966807961463928,0.9921875,0.06629447638988495,1.4173425436019897,1.4173425436019897,0.09732551872730255,0.13992929458618164,0,True
601,0.8637714982032776,0.20259657502174377,0.9921875,0.0631609857082367,1.4404394626617432,1.4404394626617432,0.08805884420871735,0.1439935863018036,0,True
602,0.8710723519325256,0.2087431699037552,0.9921875,0.06362564861774445,1.4380497932434082,1.4380497932434082,0.09010446071624756,0.14699065685272217,0,True
603,0.8840257525444031,0.21436110138893127,0.9921875,0.06679071485996246,1.4261654615402222,1.4261654615402222,0.09162934869527817,0.15317882597446442,0,True
604,0.8866056203842163,0.203256756067276,0.9921875,0.06765145063400269,1.4193685054779053,1.4193685054779053,0.09243638068437576,0.1719636619091034,0,True
605,0.8755713701248169,0.19192582368850708,0.9921875,0.06545533239841461,1.4245915412902832,1.4245915412902832,0.09129606932401657,0.14806818962097168,0,True
606,0.8546765446662903,0.20866477489471436,0.9921875,0.06371645629405975,1.4177329540252686,1.4177329540252686,0.09570224583148956,0.13596582412719727,0,True
607,0.8448926210403442,0.2197597473859787,0.9921875,0.062178149819374084,1.4258153438568115,1.4258153438568115,0.08620408177375793,0.16309936344623566,0,True
608,0.8500671982765198,0.21931543946266174,0.9921875,0.06453382968902588,1.4356036186218262,1.4356036186218262,0.09273089468479156,0.16589570045471191,0,True
609,0.8482154607772827,0.21427249908447266,0.9921875,0.06710992753505707,1.4493725299835205,1.4493725299835205,0.0921255573630333,0.1403075009584427,0,True
610,0.8574539422988892,0.22337588667869568,0.9921875,0.0674271434545517,1.4302687644958496,1.4302687644958496,0.0904959961771965,0.14277034997940063,0,True
611,0.8582817316055298,0.21000894904136658,0.9921875,0.06595142185688019,1.4088414907455444,1.4088414907455444,0.09003320336341858,0.13568955659866333,0,True
612,0.8718815445899963,0.20308072865009308,0.9921875,0.06492272019386292,1.4366034269332886,1.4366034269332886,0.0927734449505806,0.14195546507835388,0,True
613,0.8671352863311768,0.21028080582618713,0.9921875,0.06473639607429504,1.4413799047470093,1.4413799047470093,0.09182168543338776,0.14606785774230957,0,True
614,0.865391194820404,0.20518021285533905,0.9921875,0.06551173329353333,1.4291565418243408,1.4291565418243408,0.09289829432964325,0.12736228108406067,0,True
615,0.8715513944625854,0.21382197737693787,0.9921875,0.06449174880981445,1.4164221286773682,1.4164221286773682,0.0888243168592453,0.15932030975818634,0,True
616,0.8649412393569946,0.22242185473442078,1.0,0.06366829574108124,1.4231542348861694,1.4231542348861694,0.09255959838628769,0.14362889528274536,0,True
617,0.8611688613891602,0.22492162883281708,1.0,0.06299223750829697,1.4219555854797363,1.4219555854797363,0.08447268605232239,0.16274714469909668,0,True
618,0.8465582132339478,0.2140924483537674,1.0,0.06367208063602448,1.4381232261657715,1.4381232261657715,0.09814340621232986,0.14124244451522827,0,True
619,0.8419967889785767,0.21384277939796448,1.0,0.06451785564422607,1.4435139894485474,1.4435139894485474,0.09339585900306702,0.16050195693969727,0,True
620,0.8481307029724121,0.21219417452812195,1.0,0.06577376276254654,1.4655392169952393,1.4655392169952393,0.08861885219812393,0.14647379517555237,0,True
621,0.8662739992141724,0.2122330665588379,1.0,0.06604652106761932,1.4388567209243774,1.4388567209243774,0.09049064666032791,0.13484033942222595,0,True
622,0.8693523406982422,0.21332699060440063,1.0,0.06597962975502014,1.4530904293060303,1.4530904293060303,0.09492127597332001,0.14146405458450317,0,True
623,0.8853127956390381,0.21645237505435944,1.0,0.06548386812210083,1.4117525815963745,1.4117525815963745,0.10165522247552872,0.13136334717273712,0,True
624,0.8768569231033325,0.20914363861083984,1.0,0.0654604360461235,1.4191749095916748,1.4191749095916748,0.0964948758482933,0.12813815474510193,0,True
625,0.8651254773139954,0.20958742499351501,1.0,0.06491164118051529,1.4332201480865479,1.4332201480865479,0.09254597127437592,0.1465071588754654,0,True
626,0.8761759996414185,0.2128710150718689,1.0,0.06508458405733109,1.4044978618621826,1.4044978618621826,0.08884954452514648,0.1530536711215973,0,True
627,0.8623442053794861,0.21011865139007568,1.0,0.0642293244600296,1.3958189487457275,1.3958189487457275,0.08823477476835251,0.14572636783123016,0,True
628,0.850688099861145,0.20908702909946442,1.0,0.06379882991313934,1.4160568714141846,1.4160568714141846,0.09822753071784973,0.17164701223373413,0,True
629,0.8590391874313354,0.2108149528503418,1.0,0.06336165964603424,1.4039615392684937,1.4039615392684937,0.08669814467430115,0.14771607518196106,0,True
630,0.8563559651374817,0.21306833624839783,1.0,0.06385041773319244,1.4254846572875977,1.4254846572875977,0.09398315846920013,0.13547387719154358,0,True
631,0.8541957139968872,0.20498986542224884,1.0,0.06407898664474487,1.434448003768921,1.434448003768921,0.08655602484941483,0.15369686484336853,0,True
632,0.8636448979377747,0.20900054275989532,1.0,0.0654740035533905,1.4427931308746338,1.4427931308746338,0.09124881029129028,0.13418671488761902,0,True
633,0.8622626066207886,0.21593746542930603,1.0,0.06671194732189178,1.4572134017944336,1.4572134017944336,0.09230848401784897,0.14472055435180664,0,True
634,0.8651589155197144,0.21642088890075684,1.0,0.06608367711305618,1.4391870498657227,1.4391870498657227,0.09061335772275925,0.1270957738161087,0,True
635,0.861799955368042,0.21729981899261475,1.0,0.06558836996555328,1.4225456714630127,1.4225456714630127,0.09856013208627701,0.12163800001144409,0,True
636,0.8590889573097229,0.21858973801136017,1.0,0.0641341358423233,1.4197393655776978,1.4197393655776978,0.0948183536529541,0.1467338353395462,0,True
637,0.8614481091499329,0.21698591113090515,1.0,0.06432028114795685,1.4123237133026123,1.4123237133026123,0.09543582797050476,0.13677552342414856,0,True
638,0.8594663739204407,0.21169976890087128,1.0,0.06419618427753448,1.387481927871704,1.387481927871704,0.08754339814186096,0.13954153656959534,0,True
639,0.8464574813842773,0.20867197215557098,1.0,0.06329986453056335,1.4165462255477905,1.4165462255477905,0.08873772621154785,0.15530413389205933,0,True
640,0.8478484153747559,0.21369574964046478,1.0,0.0632210299372673,1.453887701034546,1.453887701034546,0.08812102675437927,0.13102975487709045,0,True
641,0.849004864692688,0.22418861091136932,1.0,0.0641586184501648,1.427660346031189,1.427660346031189,0.08893068879842758,0.13945019245147705,0,True
642,0.8533706665039062,0.21435272693634033,1.0,0.06552638113498688,1.4418895244598389,1.4418895244598389,0.09293314814567566,0.15959778428077698,0,True
643,0.8625082969665527,0.2175171673297882,1.0,0.06635226309299469,1.475998044013977,1.475998044013977,0.0885649099946022,0.1630065143108368,0,True
644,0.8648471832275391,0.22723297774791718,1.0,0.06675936281681061,1.421509861946106,1.421509861946106,0.09843216091394424,0.1266023963689804,0,True
645,0.8543535470962524,0.2283511459827423,1.0,0.06534957885742188,1.4389798641204834,1.4389798641204834,0.09201350063085556,0.12938463687896729,0,True
646,0.8512104749679565,0.23171040415763855,1.0,0.06535167247056961,1.4454888105392456,1.4454888105392456,0.1030631735920906,0.12530595064163208,0,True
647,0.8543832898139954,0.22443482279777527,1.0,0.06487119197845459,1.408247947692871,1.408247947692871,0.0936046838760376,0.1403205245733261,0,True
648,0.8445395231246948,0.21903276443481445,1.0,0.0647767037153244,1.4232711791992188,1.4232711791992188,0.09020936489105225,0.1505652219057083,0,True
649,0.8432083129882812,0.2076837420463562,1.0,0.06443627178668976,1.4298474788665771,1.4298474788665771,0.09364832937717438,0.13824012875556946,0,True
650,0.8491219878196716,0.21096165478229523,1.0,0.06452088803052902,1.4079393148422241,1.4079393148422241,0.0973811149597168,0.13681849837303162,0,True
651,0.856298565864563,0.2160242795944214,1.0,0.06370511651039124,1.4065589904785156,1.4065589904785156,0.08682330697774887,0.1294925957918167,0,True
652,0.862838625907898,0.2192460000514984,1.0,0.06401325762271881,1.395050048828125,1.395050048828125,0.08746856451034546,0.15851345658302307,0,True
653,0.8638878464698792,0.20908749103546143,1.0,0.06458404660224915,1.4322797060012817,1.4322797060012817,0.0928855687379837,0.15273931622505188,0,True
654,0.8708372116088867,0.2130536139011383,1.0,0.06556463986635208,1.413894772529602,1.413894772529602,0.08695285767316818,0.14471997320652008,0,True
655,0.8626682162284851,0.2137780487537384,1.0,0.0658748596906662,1.4400211572647095,1.4400211572647095,0.09965164214372635,0.14028793573379517,0,True
656,0.8664523363113403,0.22052471339702606,1.0,0.06434422731399536,1.4419434070587158,1.4419434070587158,0.09320177882909775,0.17242930829524994,0,True
657,0.8631542921066284,0.22380858659744263,1.0,0.06437230855226517,1.4360864162445068,1.4360864162445068,0.0865335762500763,0.14134763181209564,0,True
658,0.8564292192459106,0.2195587158203125,1.0,0.0657510757446289,1.4346344470977783,1.4346344470977783,0.09757500141859055,0.1548018455505371,0,True
659,0.8506177663803101,0.21527540683746338,1.0,0.0647711306810379,1.4336711168289185,1.4336711168289185,0.09388979524374008,0.13861538469791412,0,True
660,0.8444230556488037,0.21597924828529358,1.0,0.0647980272769928,1.4283945560455322,1.4283945560455322,0.09014441817998886,0.14002230763435364,0,True
661,0.8451093435287476,0.22088536620140076,1.0,0.06483656913042068,1.4212723970413208,1.4212723970413208,0.09114696085453033,0.12996312975883484,0,True
662,0.8434829711914062,0.228253573179245,1.0,0.06549768149852753,1.4191954135894775,1.4191954135894775,0.08989875763654709,0.1367051601409912,0,True
663,0.8539920449256897,0.22557653486728668,1.0,0.06475777924060822,1.4489226341247559,1.4489226341247559,0.09093248844146729,0.13480636477470398,0,True
664,0.8518048524856567,0.21783119440078735,1.0,0.06483188271522522,1.4395725727081299,1.4395725727081299,0.08702538907527924,0.13844677805900574,0,True
665,0.8583842515945435,0.2216610312461853,1.0,0.0656963512301445,1.4300358295440674,1.4300358295440674,0.09373772889375687,0.14547818899154663,0,True
666,0.8515151739120483,0.2168637067079544,1.0,0.06490233540534973,1.4339107275009155,1.4339107275009155,0.09705014526844025,0.14504565298557281,0,True
667,0.8503069281578064,0.23129457235336304,1.0,0.0646633580327034,1.428652048110962,1.428652048110962,0.09059687703847885,0.15786927938461304,0,True
668,0.8431171178817749,0.23417136073112488,1.0,0.06412842124700546,1.419656753540039,1.419656753540039,0.09116996079683304,0.15866290032863617,0,True
669,0.8470650911331177,0.22433871030807495,1.0,0.06550227105617523,1.4374234676361084,1.4374234676361084,0.09034357964992523,0.13302528858184814,0,True
670,0.8437512516975403,0.21303442120552063,1.0,0.06538136303424835,1.426770806312561,1.426770806312561,0.0908690020442009,0.13828840851783752,0,True
671,0.8359720706939697,0.216411292552948,1.0,0.06451249867677689,1.445924997329712,1.445924997329712,0.08935076743364334,0.13596773147583008,0,True
672,0.8513936400413513,0.2146918624639511,1.0,0.06584358215332031,1.396195411682129,1.396195411682129,0.10535041242837906,0.151037335395813,0,True
673,0.8483251333236694,0.22497649490833282,1.0,0.06483370810747147,1.4074113368988037,1.4074113368988037,0.08758914470672607,0.1578204184770584,0,True
674,0.839929461479187,0.22552834451198578,1.0,0.0641714558005333,1.4415507316589355,1.4415507316589355,0.0887942686676979,0.15166722238063812,0,True
675,0.848501443862915,0.22991794347763062,1.0,0.06577116996049881,1.4312047958374023,1.4312047958374023,0.09039299190044403,0.14290709793567657,0,True
676,0.8612200617790222,0.234779492020607,1.0,0.06591092050075531,1.411318063735962,1.411318063735962,0.08746534585952759,0.1562548130750656,0,True
677,0.8472839593887329,0.22738826274871826,1.0,0.0660078376531601,1.4241814613342285,1.4241814613342285,0.09069741517305374,0.14664223790168762,0,True
678,0.8474128842353821,0.22676649689674377,1.0,0.06516312807798386,1.41129469871521,1.41129469871521,0.08678066730499268,0.12277625501155853,0,True
679,0.8479942083358765,0.22612562775611877,1.0,0.06425214558839798,1.4318032264709473,1.4318032264709473,0.09936358034610748,0.1372125744819641,0,True
680,0.8366696834564209,0.2212265580892563,1.0,0.0641733855009079,1.4332407712936401,1.4332407712936401,0.09212338924407959,0.135205939412117,0,True
681,0.8290503025054932,0.2205134928226471,1.0,0.06394161283969879,1.437553882598877,1.437553882598877,0.09339388459920883,0.14487960934638977,0,True
682,0.8435325622558594,0.21287930011749268,1.0,0.06484371423721313,1.4361889362335205,1.4361889362335205,0.09006775915622711,0.1669512689113617,0,True
683,0.8521544933319092,0.2184913456439972,1.0,0.06646820157766342,1.439631462097168,1.439631462097168,0.09526213258504868,0.15258094668388367,0,True
684,0.8534421920776367,0.21026067435741425,1.0,0.06550469994544983,1.4264670610427856,1.4264670610427856,0.09002354741096497,0.15818315744400024,0,True
685,0.8397333025932312,0.2245464324951172,1.0,0.06510373204946518,1.4408739805221558,1.4408739805221558,0.09188399463891983,0.12046848237514496,0,True
686,0.8475503921508789,0.23440752923488617,1.0,0.0647633969783783,1.4435298442840576,1.4435298442840576,0.09316377341747284,0.13298659026622772,0,True
687,0.8455222845077515,0.24349041283130646,1.0,0.06520982086658478,1.422506332397461,1.422506332397461,0.09355786442756653,0.15049736201763153,0,True
688,0.848929226398468,0.23284226655960083,1.0,0.06638668477535248,1.3999552726745605,1.3999552726745605,0.0924527496099472,0.14871513843536377,0,True
689,0.8484617471694946,0.22597317397594452,1.0,0.06550729274749756,1.4271609783172607,1.4271609783172607,0.09091489017009735,0.15683382749557495,0,True
690,0.8485155701637268,0.21975407004356384,1.0,0.06447415053844452,1.4092302322387695,1.4092302322387695,0.08815168589353561,0.14069601893424988,0,True
691,0.8238131999969482,0.22403791546821594,1.0,0.06365840137004852,1.4037864208221436,1.4037864208221436,0.08757048845291138,0.12786293029785156,0,True
692,0.8268159627914429,0.22811879217624664,1.0,0.06276562809944153,1.429427981376648,1.429427981376648,0.08920731395483017,0.14056295156478882,0,True
693,0.8307483196258545,0.23779542744159698,1.0,0.0650094747543335,1.4309844970703125,1.4309844970703125,0.09277454018592834,0.14643259346485138,0,True
694,0.8310120105743408,0.2212691307067871,1.0,0.06560962647199631,1.4498822689056396,1.4498822689056396,0.09023577719926834,0.14715436100959778,0,True
695,0.8388429880142212,0.2216113805770874,1.0,0.06511113792657852,1.427772045135498,1.427772045135498,0.09006448090076447,0.16420134902000427,0,True
696,0.8458709716796875,0.23151513934135437,1.0,0.06511352956295013,1.4317716360092163,1.4317716360092163,0.10365976393222809,0.15917913615703583,0,True
697,0.8490557074546814,0.24170513451099396,1.0,0.06479145586490631,1.4435176849365234,1.4435176849365234,0.09174872934818268,0.13394875824451447,0,True
698,0.8390496969223022,0.23610490560531616,1.0,0.06534027308225632,1.4373011589050293,1.4373011589050293,0.10185899585485458,0.1396535038948059,0,True
699,0.8517764806747437,0.22685454785823822,1.0,0.06677956134080887,1.449670672416687,1.449670672416687,0.10588382929563522,0.13968592882156372,0,True
700,0.8590539693832397,0.22866380214691162,1.0,0.06751231849193573,1.4233057498931885,1.4233057498931885,0.09468197822570801,0.13480624556541443,0,True
701,0.8557174205780029,0.2195451259613037,1.0,0.06638257950544357,1.404906988143921,1.404906988143921,0.10864847898483276,0.153659388422966,0,True
702,0.8466779589653015,0.21793073415756226,1.0,0.06427275389432907,1.4090732336044312,1.4090732336044312,0.08920197933912277,0.14013798534870148,0,True
703,0.8407700061798096,0.21944952011108398,1.0,0.06420640647411346,1.4203417301177979,1.4203417301177979,0.10097827762365341,0.14157745242118835,0,True
704,0.8344948887825012,0.2136462926864624,1.0,0.06350946426391602,1.4059069156646729,1.4059069156646729,0.09211248904466629,0.14528794586658478,0,True
705,0.8280854225158691,0.22192978858947754,1.0,0.06406797468662262,1.4347829818725586,1.4347829818725586,0.09117446094751358,0.1424364298582077,0,True
706,0.8340656757354736,0.22273185849189758,1.0,0.06453482806682587,1.4306221008300781,1.4306221008300781,0.0954422578215599,0.16395163536071777,0,True
707,0.8374342918395996,0.23550811409950256,1.0,0.0654696375131607,1.4651575088500977,1.4651575088500977,0.09218597412109375,0.16742751002311707,0,True
708,0.8465848565101624,0.23596709966659546,1.0,0.06659524142742157,1.4547054767608643,1.4547054767608643,0.09077870100736618,0.16405534744262695,0,True
709,0.8592409491539001,0.24240955710411072,1.0,0.06684041023254395,1.4385879039764404,1.4385879039764404,0.09205035120248795,0.13320080935955048,0,True
710,0.8517706394195557,0.2423129677772522,1.0,0.06728661805391312,1.426182746887207,1.426182746887207,0.12081026285886765,0.13615486025810242,0,True
711,0.8507528305053711,0.23848897218704224,1.0,0.06577308475971222,1.4199247360229492,1.4199247360229492,0.09221311658620834,0.1414170265197754,0,True
712,0.8515185713768005,0.23044556379318237,1.0,0.06479735672473907,1.396242618560791,1.396242618560791,0.09097184240818024,0.14459112286567688,0,True
713,0.8422530889511108,0.2235884666442871,1.0,0.06352733075618744,1.3940837383270264,1.3940837383270264,0.09023619443178177,0.16589795053005219,0,True
714,0.8309872150421143,0.22209209203720093,1.0,0.06280963867902756,1.4332221746444702,1.4332221746444702,0.0891810804605484,0.1531936228275299,0,True
715,0.8215970993041992,0.2288491576910019,1.0,0.06228794902563095,1.4150022268295288,1.4150022268295288,0.08791176974773407,0.1439104974269867,0,True
716,0.8095268607139587,0.24595117568969727,1.0,0.06355319917201996,1.4331258535385132,1.4331258535385132,0.08813215047121048,0.13462261855602264,0,True
717,0.821220874786377,0.2426503598690033,1.0,0.06507410109043121,1.4448384046554565,1.4448384046554565,0.09478981792926788,0.1566689908504486,0,True
718,0.8357051014900208,0.24186477065086365,1.0,0.0669238418340683,1.4421563148498535,1.4421563148498535,0.09204350411891937,0.14623717963695526,0,True
719,0.8404107093811035,0.23491951823234558,1.0,0.06702415645122528,1.4231239557266235,1.4231239557266235,0.09750441461801529,0.16032573580741882,0,True
720,0.830949068069458,0.2350873351097107,1.0,0.06551656126976013,1.4410183429718018,1.4410183429718018,0.09386471658945084,0.12466980516910553,0,True
721,0.8315354585647583,0.2290831059217453,1.0,0.06591078639030457,1.427009105682373,1.427009105682373,0.09221673756837845,0.12334153801202774,0,True
722,0.8330485820770264,0.23551297187805176,1.0,0.06501638144254684,1.4172464609146118,1.4172464609146118,0.09431208670139313,0.13771888613700867,0,True
723,0.8358844518661499,0.23454779386520386,1.0,0.06611499190330505,1.3774025440216064,1.3774025440216064,0.09017990529537201,0.1468479186296463,0,True
724,0.8184647560119629,0.23391598463058472,1.0,0.06522570550441742,1.4182214736938477,1.4182214736938477,0.09041398763656616,0.13108691573143005,0,True
725,0.824087917804718,0.22845038771629333,1.0,0.06450888514518738,1.4067416191101074,1.4067416191101074,0.08803338557481766,0.14374391734600067,0,True
726,0.8237261176109314,0.2244487702846527,1.0,0.06439700722694397,1.427901268005371,1.427901268005371,0.09641104936599731,0.13411515951156616,0,True
727,0.8307497501373291,0.22795557975769043,1.0,0.06506527960300446,1.4218462705612183,1.4218462705612183,0.09719830006361008,0.17180940508842468,0,True
728,0.8446536064147949,0.2181280106306076,1.0,0.0654468759894371,1.4239554405212402,1.4239554405212402,0.09660615772008896,0.18664459884166718,0,True
729,0.8425204157829285,0.22769883275032043,1.0,0.0654824823141098,1.417940378189087,1.417940378189087,0.09540897607803345,0.15534421801567078,0,True
730,0.8296642303466797,0.2383664846420288,1.0,0.06438285112380981,1.4291857481002808,1.4291857481002808,0.08775120228528976,0.16458192467689514,0,True
731,0.815048336982727,0.24000903964042664,1.0,0.06369628012180328,1.431152582168579,1.431152582168579,0.09577935934066772,0.16366660594940186,0,True
732,0.8116959929466248,0.24144363403320312,1.0,0.06470739841461182,1.4392707347869873,1.4392707347869873,0.09013418853282928,0.17983141541481018,0,True
733,0.8088435530662537,0.23852962255477905,1.0,0.06601786613464355,1.4548711776733398,1.4548711776733398,0.10028088837862015,0.15581609308719635,0,True
734,0.8244612216949463,0.23995673656463623,1.0,0.06635285168886185,1.4426671266555786,1.4426671266555786,0.09390827268362045,0.13364970684051514,0,True
735,0.8285516500473022,0.2334851622581482,1.0,0.06619793176651001,1.411285400390625,1.411285400390625,0.08822976052761078,0.14922651648521423,0,True
736,0.8293486833572388,0.23408667743206024,1.0,0.06563612818717957,1.4215524196624756,1.4215524196624756,0.09570686519145966,0.15386159718036652,0,True
737,0.8289136290550232,0.2339203655719757,1.0,0.06552311778068542,1.3978288173675537,1.3978288173675537,0.09867798537015915,0.13619187474250793,0,True
738,0.824889063835144,0.24761176109313965,1.0,0.06513969600200653,1.4210638999938965,1.4210638999938965,0.11372452974319458,0.16004407405853271,0,True
739,0.8425582051277161,0.24585174024105072,1.0,0.06561394035816193,1.4113118648529053,1.4113118648529053,0.09313225001096725,0.177820086479187,0,True
740,0.8281377553939819,0.24389827251434326,1.0,0.06433778256177902,1.3939716815948486,1.3939716815948486,0.10697297751903534,0.17285269498825073,0,True
741,0.8097057938575745,0.25310248136520386,1.0,0.06284982711076736,1.442037582397461,1.442037582397461,0.08926033973693848,0.14674890041351318,0,True
742,0.8199315071105957,0.24287936091423035,1.0,0.06350041925907135,1.4341256618499756,1.4341256618499756,0.08779163658618927,0.15810175240039825,0,True
743,0.8158910274505615,0.23176881670951843,1.0,0.06443062424659729,1.4390809535980225,1.4390809535980225,0.09202452749013901,0.15164275467395782,0,True
744,0.8121659755706787,0.24005261063575745,1.0,0.06520220637321472,1.4279590845108032,1.4279590845108032,0.09390595555305481,0.16120414435863495,0,True
745,0.813922643661499,0.24505615234375,1.0,0.06550168991088867,1.4462974071502686,1.4462974071502686,0.09424455463886261,0.14010389149188995,0,True
746,0.8219725489616394,0.2503916025161743,1.0,0.06657661497592926,1.4248783588409424,1.4248783588409424,0.09107877314090729,0.14345890283584595,0,True
747,0.816027045249939,0.24909813702106476,1.0,0.06547266244888306,1.4384348392486572,1.4384348392486572,0.10559678077697754,0.14552849531173706,0,True
748,0.8187849521636963,0.24506428837776184,1.0,0.06574442982673645,1.4173132181167603,1.4173132181167603,0.09593933075666428,0.1393468677997589,0,True
749,0.8206357359886169,0.24325743317604065,1.0,0.06628990173339844,1.4314830303192139,1.4314830303192139,0.09080329537391663,0.12527509033679962,0,True
750,0.8327839374542236,0.2425222545862198,1.0,0.06479640305042267,1.4051320552825928,1.4051320552825928,0.10395225882530212,0.1305602788925171,0,True
751,0.8267061710357666,0.24292781949043274,1.0,0.06378743797540665,1.418215036392212,1.418215036392212,0.09774293005466461,0.12449552118778229,0,True
752,0.8212089538574219,0.24247774481773376,1.0,0.06356033682823181,1.4326450824737549,1.4326450824737549,0.08700890839099884,0.16049617528915405,0,True
753,0.8399980664253235,0.23560762405395508,1.0,0.0639403834939003,1.4424676895141602,1.4424676895141602,0.08480780571699142,0.16122213006019592,0,True
754,0.8315498232841492,0.228016659617424,1.0,0.06492125242948532,1.4284331798553467,1.4284331798553467,0.09498608112335205,0.16182765364646912,0,True
755,0.8244280815124512,0.23482023179531097,1.0,0.06374156475067139,1.4498839378356934,1.4498839378356934,0.08795454353094101,0.16104257106781006,0,True
756,0.8272653818130493,0.24227970838546753,1.0,0.06499509513378143,1.4571187496185303,1.4571187496185303,0.10377822071313858,0.1519658863544464,0,True
757,0.8318603038787842,0.24949324131011963,1.0,0.06668952107429504,1.428997278213501,1.428997278213501,0.09662345051765442,0.1536673605442047,0,True
758,0.8305113315582275,0.24845366179943085,1.0,0.06689783185720444,1.437605381011963,1.437605381011963,0.10573932528495789,0.16879867017269135,0,True
759,0.8313091993331909,0.2303459495306015,1.0,0.06658458709716797,1.4253674745559692,1.4253674745559692,0.09243316203355789,0.14494375884532928,0,True
760,0.8136036396026611,0.23501986265182495,1.0,0.06538376212120056,1.4163469076156616,1.4163469076156616,0.09111034870147705,0.1464127004146576,0,True
761,0.8269731998443604,0.23906928300857544,1.0,0.06451116502285004,1.4098418951034546,1.4098418951034546,0.09539550542831421,0.14779610931873322,0,True
762,0.8240772485733032,0.23851574957370758,1.0,0.06485064327716827,1.4102020263671875,1.4102020263671875,0.09301461279392242,0.1337716281414032,0,True
763,0.8202983140945435,0.24702535569667816,1.0,0.06425527483224869,1.4151861667633057,1.4151861667633057,0.10178916901350021,0.15057173371315002,0,True
764,0.8213642835617065,0.24568012356758118,1.0,0.06456698477268219,1.4309539794921875,1.4309539794921875,0.09010131657123566,0.14301881194114685,0,True
765,0.8192501664161682,0.2322666347026825,1.0,0.06497681885957718,1.4163193702697754,1.4163193702697754,0.093630850315094,0.1565411388874054,0,True
766,0.8098138570785522,0.24287116527557373,1.0,0.06416474282741547,1.4461227655410767,1.4461227655410767,0.08473431318998337,0.1500406563282013,0,True
767,0.8105694055557251,0.2462957799434662,1.0,0.06494780629873276,1.4461971521377563,1.4461971521377563,0.09523751586675644,0.13936170935630798,0,True
768,0.8191529512405396,0.26164892315864563,1.0,0.06653350591659546,1.4502177238464355,1.4502177238464355,0.08861729502677917,0.14034166932106018,0,True
769,0.8283793330192566,0.25615131855010986,1.0,0.06825821101665497,1.419812560081482,1.419812560081482,0.09660875052213669,0.1602676808834076,0,True
770,0.8168153762817383,0.24961230158805847,1.0,0.0658826008439064,1.423158049583435,1.423158049583435,0.09116093814373016,0.14478100836277008,0,True
771,0.8142097592353821,0.24236387014389038,1.0,0.06482014805078506,1.4237990379333496,1.4237990379333496,0.08993496745824814,0.1533430516719818,0,True
772,0.8085936307907104,0.24942630529403687,1.0,0.06357643753290176,1.4441642761230469,1.4441642761230469,0.09295450150966644,0.14572495222091675,0,True
773,0.8212117552757263,0.24632003903388977,1.0,0.06455130875110626,1.4139165878295898,1.4139165878295898,0.0910884290933609,0.14722268283367157,0,True
774,0.8143332004547119,0.2414478063583374,1.0,0.06498370319604874,1.425713062286377,1.425713062286377,0.08979976177215576,0.1577831357717514,0,True
775,0.8117082118988037,0.24199098348617554,1.0,0.06508521735668182,1.414154052734375,1.414154052734375,0.09547658264636993,0.14495179057121277,0,True
776,0.8164717555046082,0.2339918464422226,1.0,0.06523679196834564,1.426447868347168,1.426447868347168,0.08768605440855026,0.1388739049434662,0,True
777,0.8179705142974854,0.24549151957035065,1.0,0.06459259986877441,1.4208974838256836,1.4208974838256836,0.08776165544986725,0.13430076837539673,0,True
778,0.8233367800712585,0.24875444173812866,1.0,0.06482241302728653,1.4444308280944824,1.4444308280944824,0.08915479481220245,0.13748881220817566,0,True
779,0.824801504611969,0.2453300952911377,1.0,0.06610323488712311,1.4309016466140747,1.4309016466140747,0.08988973498344421,0.15173304080963135,0,True
780,0.8211644887924194,0.2602465748786926,1.0,0.06572087109088898,1.4347034692764282,1.4347034692764282,0.09593408554792404,0.13633599877357483,0,True
781,0.8184151649475098,0.25069719552993774,1.0,0.06474398076534271,1.4278357028961182,1.4278357028961182,0.08961453288793564,0.12995165586471558,0,True
782,0.8132927417755127,0.24313856661319733,1.0,0.06504232436418533,1.4086570739746094,1.4086570739746094,0.09404203295707703,0.1439221203327179,0,True
783,0.8135952949523926,0.24866321682929993,1.0,0.06522094458341599,1.4212284088134766,1.4212284088134766,0.09123285859823227,0.14787299931049347,0,True
784,0.8070873022079468,0.24503564834594727,1.0,0.06429707258939743,1.4220741987228394,1.4220741987228394,0.09046263247728348,0.13981375098228455,0,True
785,0.814645528793335,0.23848849534988403,1.0,0.06484023481607437,1.4190138578414917,1.4190138578414917,0.0954367145895958,0.1328832060098648,0,True
786,0.8130858540534973,0.23572374880313873,1.0,0.06502512097358704,1.4137790203094482,1.4137790203094482,0.10087703168392181,0.12943488359451294,0,True
787,0.8057336807250977,0.24087756872177124,1.0,0.06545887887477875,1.4334275722503662,1.4334275722503662,0.09378103166818619,0.1444324254989624,0,True
788,0.8088011741638184,0.24390144646167755,1.0,0.06553848087787628,1.4005814790725708,1.4005814790725708,0.08967100828886032,0.1315138190984726,0,True
789,0.8042394518852234,0.24967704713344574,1.0,0.0645979791879654,1.3982481956481934,1.3982481956481934,0.10015622526407242,0.12448052316904068,0,True
790,0.798649787902832,0.2564847469329834,1.0,0.06439794600009918,1.4249286651611328,1.4249286651611328,0.09845888614654541,0.1439465582370758,0,True
791,0.8063931465148926,0.2628328800201416,1.0,0.06438187509775162,1.4309122562408447,1.4309122562408447,0.09212610125541687,0.1339111626148224,0,True
792,0.8141181468963623,0.2646567225456238,1.0,0.06512715667486191,1.4052655696868896,1.4052655696868896,0.088616743683815,0.13795429468154907,0,True
793,0.7947798371315002,0.25653746724128723,1.0,0.06525847315788269,1.4391521215438843,1.4391521215438843,0.1170845702290535,0.1431388556957245,0,True
794,0.795122504234314,0.2642958462238312,1.0,0.06368597596883774,1.4197313785552979,1.4197313785552979,0.09160701185464859,0.15616852045059204,0,True
795,0.7881404161453247,0.2709577679634094,1.0,0.06324237585067749,1.4223170280456543,1.4223170280456543,0.09138380736112595,0.13729678094387054,0,True
796,0.7872914671897888,0.26496291160583496,1.0,0.06457950174808502,1.4355895519256592,1.4355895519256592,0.0941588431596756,0.14892923831939697,0,True
797,0.8016613721847534,0.2602633833885193,1.0,0.06553161889314651,1.4388501644134521,1.4388501644134521,0.0955684557557106,0.1554703414440155,0,True
798,0.7987327575683594,0.25412100553512573,1.0,0.06580600142478943,1.4380459785461426,1.4380459785461426,0.092669278383255,0.12983651459217072,0,True
799,0.8030263781547546,0.2519288659095764,1.0,0.06557238847017288,1.4383289813995361,1.4383289813995361,0.09408674389123917,0.1326715052127838,0,True
800,0.8005525469779968,0.25393274426460266,1.0,0.06506811827421188,1.4268255233764648,1.4268255233764648,0.09206947684288025,0.13232219219207764,0,True
801,0.8102767467498779,0.2550913691520691,1.0,0.06454972922801971,1.4305261373519897,1.4305261373519897,0.0928158238530159,0.12982049584388733,0,True
802,0.8189150094985962,0.27029088139533997,1.0,0.06528893858194351,1.4028358459472656,1.4028358459472656,0.09908490628004074,0.13279308378696442,0,True
803,0.8155721426010132,0.2518157362937927,1.0,0.065449059009552,1.4027080535888672,1.4027080535888672,0.08932360261678696,0.14779432117938995,0,True
804,0.8140642642974854,0.24804548919200897,1.0,0.06454656273126602,1.4006297588348389,1.4006297588348389,0.09417280554771423,0.1501542627811432,0,True
805,0.8051639795303345,0.25484126806259155,1.0,0.06265373528003693,1.4163188934326172,1.4163188934326172,0.08787577599287033,0.15387257933616638,0,True
806,0.8048399686813354,0.2544487714767456,1.0,0.06274287402629852,1.4227675199508667,1.4227675199508667,0.08975844085216522,0.16096141934394836,0,True
807,0.8003673553466797,0.2588481605052948,1.0,0.06449377536773682,1.4466166496276855,1.4466166496276855,0.08733672648668289,0.13742274045944214,0,True
808,0.8138923048973083,0.25012096762657166,1.0,0.06613519042730331,1.4428660869598389,1.4428660869598389,0.09273956716060638,0.15946583449840546,0,True
809,0.805095374584198,0.2565218210220337,1.0,0.06724008917808533,1.4458664655685425,1.4458664655685425,0.088922880589962,0.14613088965415955,0,True
810,0.8018224835395813,0.24637944996356964,1.0,0.06553342938423157,1.4220404624938965,1.4220404624938965,0.08796922117471695,0.13771580159664154,0,True
811,0.8039750456809998,0.24152237176895142,1.0,0.06441506743431091,1.4057302474975586,1.4057302474975586,0.0892530307173729,0.12743619084358215,0,True
812,0.7991060614585876,0.25306057929992676,1.0,0.06422195583581924,1.4183040857315063,1.4183040857315063,0.10538225620985031,0.15360653400421143,0,True
813,0.8030779361724854,0.2558693289756775,1.0,0.06407439708709717,1.428684115409851,1.428684115409851,0.08791491389274597,0.1408821940422058,0,True
814,0.804928719997406,0.25459787249565125,1.0,0.06455525010824203,1.4225988388061523,1.4225988388061523,0.08772717416286469,0.1403500884771347,0,True
815,0.8016596436500549,0.25840091705322266,1.0,0.06444450467824936,1.417466640472412,1.417466640472412,0.09307488054037094,0.13626927137374878,0,True
816,0.8025826215744019,0.2604460120201111,1.0,0.06405484676361084,1.434075117111206,1.434075117111206,0.0892016664147377,0.15478722751140594,0,True
817,0.8033422231674194,0.2541232109069824,1.0,0.06481312215328217,1.4383091926574707,1.4383091926574707,0.09149962663650513,0.13932231068611145,0,True
818,0.7934384942054749,0.2559528648853302,1.0,0.0650588870048523,1.4223495721817017,1.4223495721817017,0.08992016315460205,0.13166600465774536,0,True
819,0.7985028028488159,0.26153749227523804,1.0,0.06505310535430908,1.4522242546081543,1.4522242546081543,0.09614275395870209,0.12560293078422546,0,True
820,0.8037747144699097,0.25146013498306274,1.0,0.06567427515983582,1.4218525886535645,1.4218525886535645,0.09216266125440598,0.12879447638988495,0,True
821,0.8002379536628723,0.24650773406028748,1.0,0.06542496383190155,1.4353049993515015,1.4353049993515015,0.08982310444116592,0.12687596678733826,0,True
822,0.800977349281311,0.25446540117263794,1.0,0.06418507546186447,1.4242079257965088,1.4242079257965088,0.09197048097848892,0.14631913602352142,0,True
823,0.8076663613319397,0.25700080394744873,1.0,0.06441013514995575,1.4213616847991943,1.4213616847991943,0.09022410213947296,0.16581878066062927,0,True
824,0.8066606521606445,0.2542143166065216,1.0,0.06486579775810242,1.437706708908081,1.437706708908081,0.0886889100074768,0.15409311652183533,0,True
825,0.8112767934799194,0.2535897195339203,1.0,0.06482212245464325,1.4445269107818604,1.4445269107818604,0.09388868510723114,0.14399868249893188,0,True
826,0.8133906126022339,0.2538519501686096,1.0,0.0644027441740036,1.4340801239013672,1.4340801239013672,0.09026084095239639,0.13099731504917145,0,True
827,0.802888035774231,0.267528772354126,1.0,0.06534826755523682,1.4260388612747192,1.4260388612747192,0.09474067389965057,0.1345939338207245,0,True
828,0.8092083930969238,0.2521114945411682,1.0,0.06565685570240021,1.4303951263427734,1.4303951263427734,0.09015767276287079,0.17760580778121948,0,True
829,0.8010666370391846,0.2571970820426941,1.0,0.06479830294847488,1.4473148584365845,1.4473148584365845,0.11367322504520416,0.1350409984588623,0,True
830,0.7965965270996094,0.25841203331947327,1.0,0.06492181867361069,1.4415905475616455,1.4415905475616455,0.099257692694664,0.12889182567596436,0,True
831,0.7924457788467407,0.25757718086242676,1.0,0.06537935882806778,1.4151451587677002,1.4151451587677002,0.10763319581747055,0.13577821850776672,0,True
832,0.7869917750358582,0.25801631808280945,1.0,0.0653802752494812,1.4391255378723145,1.4391255378723145,0.09929599612951279,0.12670819461345673,0,True
833,0.7983090877532959,0.2570267617702484,1.0,0.06603147089481354,1.4385781288146973,1.4385781288146973,0.09972220659255981,0.14190316200256348,0,True
834,0.8108183145523071,0.25776657462120056,1.0,0.06592085212469101,1.4239400625228882,1.4239400625228882,0.09400215744972229,0.12515443563461304,0,True
835,0.8104840517044067,0.2614235281944275,1.0,0.06561550498008728,1.409888744354248,1.409888744354248,0.09342974424362183,0.12829363346099854,0,True
836,0.8053995370864868,0.24815423786640167,1.0,0.06494119763374329,1.4166910648345947,1.4166910648345947,0.08877000957727432,0.14045758545398712,0,True
837,0.8043274879455566,0.25151097774505615,1.0,0.06442186236381531,1.4112813472747803,1.4112813472747803,0.10056904703378677,0.12700779736042023,0,True
838,0.802672266960144,0.26095134019851685,1.0,0.0651102215051651,1.4016156196594238,1.4016156196594238,0.09451571106910706,0.13810545206069946,0,True
839,0.8036961555480957,0.2602781057357788,1.0,0.06571081280708313,1.4048445224761963,1.4048445224761963,0.11713045835494995,0.13491004705429077,0,True
840,0.8027613162994385,0.2619493901729584,1.0,0.06385110318660736,1.403184413909912,1.403184413909912,0.08529558032751083,0.14774189889431,0,True
841,0.793370246887207,0.2611962556838989,1.0,0.0637609213590622,1.4171884059906006,1.4171884059906006,0.09373341500759125,0.13144683837890625,0,True
842,0.789732038974762,0.2581126093864441,1.0,0.06392478942871094,1.4246530532836914,1.4246530532836914,0.09083184599876404,0.11962082982063293,0,True
843,0.7926982641220093,0.2570284307003021,1.0,0.06486891955137253,1.4405392408370972,1.4405392408370972,0.0906575620174408,0.14131325483322144,0,True
844,0.8057526350021362,0.2624967694282532,1.0,0.06558665633201599,1.4205784797668457,1.4205784797668457,0.09282928705215454,0.12769487500190735,0,True
845,0.8103355169296265,0.25559312105178833,1.0,0.06618991494178772,1.440727949142456,1.440727949142456,0.09336598217487335,0.12894198298454285,0,True
846,0.8120207190513611,0.25198081135749817,1.0,0.0656285211443901,1.4373489618301392,1.4373489618301392,0.09035496413707733,0.14783000946044922,0,True
847,0.8047518134117126,0.24975726008415222,1.0,0.06504100561141968,1.3956109285354614,1.3956109285354614,0.0961609035730362,0.13919326663017273,0,True
848,0.7966528534889221,0.24571605026721954,1.0,0.06390617787837982,1.4114375114440918,1.4114375114440918,0.09145384281873703,0.14111560583114624,0,True
849,0.7949352264404297,0.2582356035709381,1.0,0.06393129378557205,1.4261983633041382,1.4261983633041382,0.09025920182466507,0.13761040568351746,0,True
850,0.7978544235229492,0.2609366476535797,1.0,0.0647674947977066,1.401893973350525,1.401893973350525,0.09569671005010605,0.16582129895687103,0,True
851,0.7939214706420898,0.2631984353065491,1.0,0.06482364237308502,1.4179418087005615,1.4179418087005615,0.09314022958278656,0.14713680744171143,0,True
852,0.7882817983627319,0.2668423056602478,1.0,0.06383241713047028,1.4166011810302734,1.4166011810302734,0.08858998864889145,0.14446386694908142,0,True
853,0.7859090566635132,0.26195889711380005,1.0,0.06315353512763977,1.4266844987869263,1.4266844987869263,0.09392022341489792,0.15434499084949493,0,True
854,0.787043571472168,0.2690697908401489,1.0,0.06431823968887329,1.4368698596954346,1.4368698596954346,0.09016288071870804,0.13516780734062195,0,True
855,0.7834652066230774,0.2696970999240875,1.0,0.0660955011844635,1.4494493007659912,1.4494493007659912,0.09737711399793625,0.12316913902759552,0,True
856,0.8002328872680664,0.26146256923675537,1.0,0.06606967747211456,1.4300869703292847,1.4300869703292847,0.0941697210073471,0.14751872420310974,0,True
857,0.8024211525917053,0.25835901498794556,1.0,0.06585032492876053,1.4393824338912964,1.4393824338912964,0.10128931701183319,0.1367456465959549,0,True
858,0.8034381866455078,0.2603793144226074,1.0,0.0653768926858902,1.4097440242767334,1.4097440242767334,0.09154658764600754,0.1417362242937088,0,True
859,0.7956438064575195,0.2590271234512329,1.0,0.06484781950712204,1.4050010442733765,1.4050010442733765,0.09604326635599136,0.13634249567985535,0,True
860,0.7984107732772827,0.25563472509384155,1.0,0.06428572535514832,1.429224967956543,1.429224967956543,0.08752724528312683,0.13695427775382996,0,True
861,0.7888926267623901,0.2710110545158386,1.0,0.06514093279838562,1.4027469158172607,1.4027469158172607,0.09480320662260056,0.13620206713676453,0,True
862,0.7819229960441589,0.2730215787887573,1.0,0.06457270681858063,1.4184980392456055,1.4184980392456055,0.09238658100366592,0.1477336287498474,0,True
863,0.7754713892936707,0.2717854082584381,1.0,0.06330452859401703,1.4103713035583496,1.4103713035583496,0.08931117504835129,0.1610754132270813,0,True
864,0.7737645506858826,0.2821659445762634,1.0,0.0633358508348465,1.4392433166503906,1.4392433166503906,0.0982780009508133,0.15539579093456268,0,True
865,0.7723265886306763,0.28503960371017456,1.0,0.06474155932664871,1.4248095750808716,1.4248095750808716,0.08614343404769897,0.13899412751197815,0,True
866,0.7621370553970337,0.29105040431022644,1.0,0.06441480666399002,1.4503870010375977,1.4503870010375977,0.08801432698965073,0.14839664101600647,0,True
867,0.7725495100021362,0.29447007179260254,1.0,0.06548237800598145,1.4500412940979004,1.4500412940979004,0.0877053514122963,0.1319701075553894,0,True
868,0.7826797962188721,0.2813960313796997,1.0,0.06598037481307983,1.4347783327102661,1.4347783327102661,0.08861808478832245,0.10524603724479675,0,True
869,0.7913405895233154,0.26643645763397217,1.0,0.06626784801483154,1.414419412612915,1.414419412612915,0.0984092652797699,0.119418203830719,0,True
870,0.7901630997657776,0.2609565258026123,1.0,0.06584242731332779,1.4208705425262451,1.4208705425262451,0.08876041322946548,0.14033979177474976,0,True
871,0.7921465635299683,0.26027387380599976,1.0,0.06500694900751114,1.3765901327133179,1.3765901327133179,0.10251235961914062,0.1262504756450653,0,True
872,0.7834441661834717,0.2684599459171295,1.0,0.0639926940202713,1.416439175605774,1.416439175605774,0.1019776463508606,0.13242429494857788,0,True
873,0.7881754636764526,0.2726026773452759,1.0,0.06351637840270996,1.398838758468628,1.398838758468628,0.1012813076376915,0.14248210191726685,0,True
874,0.7823814749717712,0.2731955945491791,1.0,0.06330882757902145,1.4260200262069702,1.4260200262069702,0.09797642379999161,0.15839117765426636,0,True
875,0.7892128825187683,0.2724820375442505,1.0,0.06378495693206787,1.4389036893844604,1.4389036893844604,0.10090596228837967,0.16385719180107117,0,True
876,0.779532253742218,0.27036139369010925,1.0,0.06531120836734772,1.460567593574524,1.460567593574524,0.0908605307340622,0.14618027210235596,0,True
877,0.7755762338638306,0.2826998829841614,1.0,0.06456668674945831,1.456050157546997,1.456050157546997,0.08655189722776413,0.12879963219165802,0,True
878,0.776618242263794,0.28553807735443115,1.0,0.06613834202289581,1.4387495517730713,1.4387495517730713,0.09449832886457443,0.12289915233850479,0,True
879,0.7808523178100586,0.28520289063453674,1.0,0.06690255552530289,1.4564964771270752,1.4564964771270752,0.11582952737808228,0.13345876336097717,0,True
880,0.7979261875152588,0.27241867780685425,1.0,0.06748618930578232,1.419005274772644,1.419005274772644,0.0950765609741211,0.13228753209114075,0,True
881,0.793669581413269,0.2675514221191406,1.0,0.06665116548538208,1.4028801918029785,1.4028801918029785,0.08905678242444992,0.1261117160320282,0,True
882,0.7899788618087769,0.2589142918586731,1.0,0.06465877592563629,1.3841811418533325,1.3841811418533325,0.09396989643573761,0.13336552679538727,0,True
883,0.7914062738418579,0.26535117626190186,1.0,0.062012724578380585,1.3943034410476685,1.3943034410476685,0.09048829227685928,0.14417460560798645,0,True
884,0.7809649705886841,0.268979549407959,1.0,0.061975132673978806,1.4302864074707031,1.4302864074707031,0.08890283107757568,0.14671146869659424,0,True
885,0.7895022034645081,0.26334142684936523,1.0,0.0636536180973053,1.4348931312561035,1.4348931312561035,0.08905653655529022,0.13956701755523682,0,True
886,0.7833271622657776,0.26834261417388916,1.0,0.06487075984477997,1.4220372438430786,1.4220372438430786,0.08983652293682098,0.1551879346370697,0,True
887,0.7834461331367493,0.26263266801834106,1.0,0.06453551352024078,1.453920602798462,1.453920602798462,0.08785294741392136,0.16205602884292603,0,True
888,0.7894054651260376,0.275986909866333,1.0,0.06544707715511322,1.453122854232788,1.453122854232788,0.08975252509117126,0.1569579392671585,0,True
889,0.7769865989685059,0.27722668647766113,1.0,0.06542709469795227,1.4635043144226074,1.4635043144226074,0.09383377432823181,0.16076409816741943,0,True
890,0.7759926319122314,0.27590861916542053,1.0,0.06549717485904694,1.474615216255188,1.474615216255188,0.09098486602306366,0.14105576276779175,0,True
891,0.7897422313690186,0.2733073830604553,1.0,0.0675925686955452,1.4421381950378418,1.4421381950378418,0.09162339568138123,0.14881163835525513,0,True
892,0.7881646156311035,0.2807339131832123,1.0,0.06680001318454742,1.403080701828003,1.403080701828003,0.09509528428316116,0.15462782979011536,0,True
893,0.7857156991958618,0.27187392115592957,1.0,0.06570564210414886,1.4020529985427856,1.4020529985427856,0.09718642383813858,0.13794749975204468,0,True
894,0.7732013463973999,0.28751876950263977,1.0,0.06348620355129242,1.4080026149749756,1.4080026149749756,0.09121377766132355,0.1305733621120453,0,True
895,0.7587417364120483,0.2866072654724121,1.0,0.06210244446992874,1.4094018936157227,1.4094018936157227,0.08795981854200363,0.12905144691467285,0,True
896,0.7483794689178467,0.289257287979126,1.0,0.0632098913192749,1.398388385772705,1.398388385772705,0.09460814297199249,0.14003413915634155,0,True
897,0.7554025650024414,0.2856414020061493,1.0,0.06462930142879486,1.427106261253357,1.427106261253357,0.09270896017551422,0.14770390093326569,0,True
898,0.7749372124671936,0.2835614085197449,1.0,0.06542462110519409,1.4433088302612305,1.4433088302612305,0.0965435802936554,0.1367020606994629,0,True
899,0.772704541683197,0.28450703620910645,1.0,0.06604814529418945,1.4276201725006104,1.4276201725006104,0.0894746333360672,0.12111832946538925,0,True
900,0.7664363980293274,0.29198935627937317,1.0,0.06561774760484695,1.4239882230758667,1.4239882230758667,0.09729181230068207,0.13526366651058197,0,True
901,0.7689046859741211,0.29289522767066956,1.0,0.06540273129940033,1.4396092891693115,1.4396092891693115,0.09177546203136444,0.13787144422531128,0,True
902,0.7635865211486816,0.28917449712753296,1.0,0.06604374200105667,1.4317370653152466,1.4317370653152466,0.0898921936750412,0.13392511010169983,0,True
903,0.7665939331054688,0.2819690406322479,1.0,0.06618723273277283,1.4273605346679688,1.4273605346679688,0.10326976329088211,0.1379823088645935,0,True
904,0.770728349685669,0.28757429122924805,1.0,0.06726861000061035,1.4124150276184082,1.4124150276184082,0.11148887872695923,0.13877317309379578,0,True
905,0.7773770689964294,0.27960318326950073,1.0,0.06611219048500061,1.3706564903259277,1.3706564903259277,0.09736708551645279,0.14403799176216125,0,True
906,0.7546409368515015,0.28533869981765747,1.0,0.06200948357582092,1.4072535037994385,1.4072535037994385,0.08818341791629791,0.1389325112104416,0,True
907,0.7466126084327698,0.2824138402938843,1.0,0.06074695289134979,1.4112889766693115,1.4112889766693115,0.09063219279050827,0.1235751137137413,0,True
908,0.7565097212791443,0.27935272455215454,1.0,0.06236548721790314,1.4176876544952393,1.4176876544952393,0.09013650566339493,0.1334167718887329,0,True
909,0.7608627676963806,0.28170567750930786,1.0,0.0649595856666565,1.4383004903793335,1.4383004903793335,0.08915699273347855,0.18732702732086182,0,True
910,0.7680039405822754,0.28251659870147705,1.0,0.06580394506454468,1.4722378253936768,1.4722378253936768,0.08772885799407959,0.15121990442276,0,True
911,0.7839677333831787,0.2889840602874756,1.0,0.0663234144449234,1.4324493408203125,1.4324493408203125,0.08662230521440506,0.140425443649292,0,True
912,0.7755886316299438,0.28540942072868347,1.0,0.06564652919769287,1.4361531734466553,1.4361531734466553,0.09383420646190643,0.1495436280965805,0,True
913,0.7689478993415833,0.27497321367263794,1.0,0.06536214053630829,1.4239990711212158,1.4239990711212158,0.0895933136343956,0.14280793070793152,0,True
914,0.7707504630088806,0.29121848940849304,1.0,0.06544458866119385,1.427033543586731,1.427033543586731,0.08856862038373947,0.1373419463634491,0,True
915,0.7789369821548462,0.2895831763744354,1.0,0.06623558700084686,1.4136500358581543,1.4136500358581543,0.09180106967687607,0.13383197784423828,0,True
916,0.7690159678459167,0.28447699546813965,1.0,0.06476457417011261,1.3719767332077026,1.3719767332077026,0.1003052145242691,0.1379219889640808,0,True
917,0.7532499432563782,0.2830938398838043,1.0,0.06208644062280655,1.3968833684921265,1.3968833684921265,0.09098093956708908,0.15388700366020203,0,True
918,0.7496249675750732,0.2826470732688904,1.0,0.061382196843624115,1.4064339399337769,1.4064339399337769,0.09210123121738434,0.1427001953125,0,True
919,0.7562372088432312,0.28471845388412476,1.0,0.06263044476509094,1.416123628616333,1.416123628616333,0.09550558030605316,0.143560528755188,0,True
920,0.7535631060600281,0.2826420068740845,1.0,0.06392337381839752,1.439294695854187,1.439294695854187,0.09415294229984283,0.15218424797058105,0,True
921,0.7602571249008179,0.2774417996406555,1.0,0.06580828875303268,1.4594082832336426,1.4594082832336426,0.09415431320667267,0.14260157942771912,0,True
922,0.76712965965271,0.28420519828796387,1.0,0.06739392876625061,1.4274542331695557,1.4274542331695557,0.0928586795926094,0.13427674770355225,0,True
923,0.7733363509178162,0.28245627880096436,1.0,0.06637503206729889,1.4359009265899658,1.4359009265899658,0.08829335868358612,0.12220214307308197,0,True
924,0.7710180282592773,0.2889910638332367,1.0,0.06485481560230255,1.4496805667877197,1.4496805667877197,0.08829915523529053,0.12701568007469177,0,True
925,0.7625613212585449,0.2965186834335327,1.0,0.06544458121061325,1.4272929430007935,1.4272929430007935,0.09176242351531982,0.10776900500059128,0,True
926,0.7581018805503845,0.29727089405059814,1.0,0.06573905050754547,1.4046831130981445,1.4046831130981445,0.09383612126111984,0.11791293323040009,0,True
927,0.7529316544532776,0.294392466545105,1.0,0.06446274369955063,1.402381420135498,1.402381420135498,0.09205172210931778,0.15100528299808502,0,True
928,0.7500741481781006,0.28660011291503906,1.0,0.06358768045902252,1.3794697523117065,1.3794697523117065,0.11609242856502533,0.11749094724655151,0,True
929,0.7545535564422607,0.28120821714401245,1.0,0.062238551676273346,1.4113690853118896,1.4113690853118896,0.09232418239116669,0.15687572956085205,0,True
930,0.7573288679122925,0.27701711654663086,1.0,0.06325282156467438,1.4312465190887451,1.4312465190887451,0.09186466038227081,0.13902761042118073,0,True
931,0.7635325193405151,0.27503541111946106,1.0,0.06336475908756256,1.4431140422821045,1.4431140422821045,0.08652762323617935,0.16019344329833984,0,True
932,0.7671835422515869,0.2865523099899292,1.0,0.06460414081811905,1.4539573192596436,1.4539573192596436,0.08964590728282928,0.14441469311714172,0,True
933,0.7664259076118469,0.2850841283798218,1.0,0.06515759229660034,1.4471570253372192,1.4471570253372192,0.08611433953046799,0.14939701557159424,0,True
934,0.7668909430503845,0.2855873107910156,1.0,0.0649513378739357,1.4369416236877441,1.4369416236877441,0.08882265537977219,0.1296423375606537,0,True
935,0.7545340061187744,0.29056239128112793,1.0,0.06479163467884064,1.4219391345977783,1.4219391345977783,0.08911842107772827,0.14226290583610535,0,True
936,0.7508620023727417,0.2910338044166565,1.0,0.0654325857758522,1.4101766347885132,1.4101766347885132,0.10743588954210281,0.11984860152006149,0,True
937,0.758916974067688,0.2903974950313568,1.0,0.0648755431175232,1.4405540227890015,1.4405540227890015,0.08874771744012833,0.13478872179985046,0,True
938,0.7490966320037842,0.2918090522289276,1.0,0.06561882793903351,1.4190723896026611,1.4190723896026611,0.09511364996433258,0.11952976882457733,0,True
939,0.7570840716362,0.2955036163330078,1.0,0.06487555801868439,1.4282124042510986,1.4282124042510986,0.09667184203863144,0.15221518278121948,0,True
940,0.7661620378494263,0.28310054540634155,1.0,0.06540879607200623,1.416395902633667,1.416395902633667,0.09946822375059128,0.1528405398130417,0,True
941,0.770065426826477,0.2735544443130493,1.0,0.06417006254196167,1.420478105545044,1.420478105545044,0.08871379494667053,0.15555447340011597,0,True
942,0.7685825824737549,0.2673177123069763,1.0,0.06421639025211334,1.4078071117401123,1.4078071117401123,0.09036470949649811,0.13950379192829132,0,True
943,0.7806521654129028,0.2756550908088684,1.0,0.06406504660844803,1.425055742263794,1.425055742263794,0.09426058083772659,0.1438908576965332,0,True
944,0.7732305526733398,0.2830827236175537,1.0,0.06477679312229156,1.4159259796142578,1.4159259796142578,0.09029090404510498,0.1482202112674713,0,True
945,0.7680238485336304,0.2871478796005249,1.0,0.06427992880344391,1.4093477725982666,1.4093477725982666,0.09649781137704849,0.1503458023071289,0,True
946,0.7623040676116943,0.2973198890686035,1.0,0.06442055106163025,1.4363787174224854,1.4363787174224854,0.09385738521814346,0.13610363006591797,0,True
947,0.7579336762428284,0.29278457164764404,1.0,0.0646330937743187,1.4247627258300781,1.4247627258300781,0.09811905026435852,0.12670348584651947,0,True
948,0.7464898824691772,0.2969280481338501,1.0,0.06490805745124817,1.4385437965393066,1.4385437965393066,0.09299875050783157,0.14469671249389648,0,True
949,0.7460260987281799,0.3000074028968811,1.0,0.06536416709423065,1.445170283317566,1.445170283317566,0.09479517489671707,0.1503237634897232,0,True
950,0.7564971446990967,0.29921889305114746,1.0,0.06576080620288849,1.4345660209655762,1.4345660209655762,0.09456082433462143,0.1597929745912552,0,True
951,0.7609714865684509,0.2920301556587219,1.0,0.06559112668037415,1.4455143213272095,1.4455143213272095,0.09172198176383972,0.17338302731513977,0,True
952,0.757172703742981,0.28820955753326416,1.0,0.06478138267993927,1.4368451833724976,1.4368451833724976,0.09393826127052307,0.14872966706752777,0,True
953,0.7587546706199646,0.29750946164131165,1.0,0.06436724960803986,1.4130065441131592,1.4130065441131592,0.09281584620475769,0.1465018391609192,0,True
954,0.7675202488899231,0.29564183950424194,1.0,0.06514126062393188,1.4133843183517456,1.4133843183517456,0.0893247053027153,0.147535502910614,0,True
955,0.7627901434898376,0.28866901993751526,1.0,0.0644114762544632,1.4409573078155518,1.4409573078155518,0.09111176431179047,0.1613662838935852,0,True
956,0.7699786424636841,0.29508066177368164,1.0,0.06464353948831558,1.4173948764801025,1.4173948764801025,0.09168947488069534,0.1415119469165802,0,True
957,0.7586403489112854,0.2950854003429413,1.0,0.06392894685268402,1.4213817119598389,1.4213817119598389,0.09205843508243561,0.15679718554019928,0,True
958,0.7505836486816406,0.290463924407959,1.0,0.06284384429454803,1.4351487159729004,1.4351487159729004,0.0958845391869545,0.1549743413925171,0,True
959,0.7522802948951721,0.2885914444923401,1.0,0.06326992809772491,1.4344578981399536,1.4344578981399536,0.09593717008829117,0.14013749361038208,0,True
960,0.09165922552347183,0.9104254245758057,1.0,0.06493528187274933,1.434216856956482,1.434216856956482,0.09009947627782822,0.014981113374233246,113,True
961,0.17913031578063965,0.8259513974189758,0.1171875,0.06510880589485168,0.7619665861129761,0.7619665861129761,0.08609064668416977,0.6629190444946289,0,True
962,0.04056151211261749,0.9665146470069885,0.1171875,0.07717616856098175,1.4345251321792603,1.4345251321792603,0.12474896013736725,0.682319164276123,0,True
963,0.08310391008853912,0.9221073389053345,0.1171875,0.072207011282444,1.0578763484954834,1.0578763484954834,0.12134445458650589,0.7493373155593872,0,True
964,-0.007473399862647057,1.014425277709961,0.1171875,0.05832025408744812,0.9319208860397339,0.9319208860397339,0.08693660795688629,0.5643066167831421,0,True
965,-0.02984349988400936,1.0344418287277222,0.1171875,0.05775222182273865,0.8086034655570984,0.8086034655570984,0.11312241852283478,0.6152983903884888,0,True
966,-0.08264288306236267,1.0889272689819336,0.1171875,0.06371815502643585,0.8750334978103638,0.8750334978103638,0.10453291982412338,0.7803621292114258,0,True
967,-0.0914248675107956,1.0954713821411133,0.1171875,0.0666719526052475,0.9063888788223267,0.9063888788223267,0.12616321444511414,0.9934998154640198,0,True
968,-0.06070827692747116,1.0625441074371338,0.1171875,0.07146238535642624,0.9991970062255859,0.9991970062255859,0.1333262324333191,1.0809521675109863,0,True
969,-0.03695368021726608,1.0385020971298218,0.1171875,0.07602280378341675,1.0726613998413086,1.0726613998413086,0.12931329011917114,1.0102312564849854,0,True
970,-0.019374582916498184,1.0218393802642822,0.1171875,0.07117266952991486,1.1692636013031006,1.1692636013031006,0.12802089750766754,0.9637387990951538,0,True
971,0.016445200890302658,0.9888352155685425,0.1171875,0.07015544176101685,1.166774034500122,1.166774034500122,0.1336764097213745,0.9767251014709473,0,True
972,0.06677357107400894,0.9460324645042419,0.1171875,0.06324484944343567,1.2644739151000977,1.2644739151000977,0.10459913313388824,0.7933685779571533,0,True
973,0.14474016427993774,0.8661723136901855,0.1171875,0.06129923090338707,1.3221044540405273,1.3221044540405273,0.10939382016658783,0.6342118978500366,0,True
974,0.20012646913528442,0.8082831501960754,0.1171875,0.0604049414396286,1.387929916381836,1.387929916381836,0.11845401674509048,0.5387096405029297,0,True
975,0.21692469716072083,0.789431095123291,0.1171875,0.05883696675300598,1.3568189144134521,1.3568189144134521,0.0982716754078865,0.4197549819946289,0,True
976,0.22683817148208618,0.7799013257026672,0.1171875,0.059020645916461945,1.3923442363739014,1.3923442363739014,0.10680408030748367,0.3511437773704529,0,True
977,0.2531787157058716,0.752685546875,0.1171875,0.055066902190446854,1.3921940326690674,1.3921940326690674,0.09816604107618332,0.3323320150375366,0,True
978,0.2612364888191223,0.7452777028083801,0.1171875,0.054403454065322876,1.4186009168624878,1.4186009168624878,0.10291552543640137,0.28540629148483276,0,True
979,0.2755419909954071,0.7299584150314331,0.1171875,0.053450435400009155,1.4389088153839111,1.4389088153839111,0.09363902360200882,0.2882272005081177,0,True
980,0.28346532583236694,0.7209537625312805,0.1171875,0.05372312292456627,1.42805814743042,1.42805814743042,0.0877835750579834,0.25361764430999756,0,True
981,0.33223646879196167,0.6792010068893433,0.1171875,0.05247180536389351,1.4710872173309326,1.4710872173309326,0.11097145080566406,0.26511165499687195,0,True
982,0.38971132040023804,0.6286797523498535,0.1171875,0.05384492129087448,1.4548678398132324,1.4548678398132324,0.10845562815666199,0.26816242933273315,0,True
983,0.40275704860687256,0.6074554920196533,0.1171875,0.05464624986052513,1.417525291442871,1.417525291442871,0.1016094908118248,0.2547679841518402,0,True
984,0.40377914905548096,0.624087393283844,0.1171875,0.05409051477909088,1.4684393405914307,1.4684393405914307,0.0983104556798935,0.23979808390140533,0,True
985,0.4074690341949463,0.6192055940628052,0.1171875,0.05436818301677704,1.4630837440490723,1.4630837440490723,0.10919291526079178,0.2854194641113281,0,True
986,0.4143225848674774,0.6100575923919678,0.1171875,0.05388645827770233,1.4775285720825195,1.4775285720825195,0.12242694199085236,0.32762181758880615,0,True
987,0.41437649726867676,0.5974274277687073,0.1171875,0.055954642593860626,1.4982210397720337,1.4982210397720337,0.13174130022525787,0.3306763172149658,0,True
988,0.4087112247943878,0.603107750415802,0.1171875,0.05662740767002106,1.5219826698303223,1.5219826698303223,0.1184847429394722,0.35176968574523926,0,True
989,0.4280927777290344,0.60155189037323,0.1171875,0.056225769221782684,1.5287513732910156,1.5287513732910156,0.1480148881673813,0.3376978635787964,0,True
990,0.434758722782135,0.588363766670227,0.1171875,0.05924660712480545,1.5191618204116821,1.5191618204116821,0.11003903299570084,0.3488534390926361,0,True
991,0.4446669816970825,0.5614584684371948,0.1171875,0.060174018144607544,1.5281505584716797,1.5281505584716797,0.11841850727796555,0.33155015110969543,0,True
992,0.4724493622779846,0.5425293445587158,0.125,0.060680124908685684,1.5049717426300049,1.5049717426300049,0.09900599718093872,0.2872779071331024,0,True
993,0.4940813183784485,0.5266826748847961,0.125,0.06237528473138809,1.5097041130065918,1.5097041130065918,0.11506441980600357,0.3448321521282196,0,True
994,0.5227230787277222,0.5156211853027344,0.1328125,0.0616585835814476,1.478078842163086,1.478078842163086,0.10254296660423279,0.33062469959259033,0,True
995,0.543919563293457,0.49861806631088257,0.140625,0.06039326637983322,1.474044680595398,1.474044680595398,0.11223344504833221,0.3254085183143616,0,True
996,0.5762953758239746,0.4517364799976349,0.140625,0.06189511716365814,1.4743962287902832,1.4743962287902832,0.10300333052873611,0.3282475471496582,0,True
997,0.5876032710075378,0.4465042054653168,0.140625,0.05888691544532776,1.4034777879714966,1.4034777879714966,0.10691408812999725,0.3085538148880005,0,True
998,0.6091027855873108,0.41851064562797546,0.1484375,0.05840933695435524,1.3995364904403687,1.3995364904403687,0.10602167248725891,0.3138611316680908,0,True
999,0.5982601046562195,0.4401196241378784,0.1484375,0.058596137911081314,1.4347047805786133,1.4347047805786133,0.14086726307868958,0.3074713945388794,1,True
1000,0.58913654088974,0.4425172507762909,0.1484375,0.057920120656490326,1.4184101819992065,1.4184101819992065,0.10201609879732132,0.31814342737197876,0,True
