step,mean_vel_x,mean_abs_vx_error,p2_fault_active_mean,residual_action_mean_norm,final_action_mean_norm,base_action_mean_norm,residual_action_max_norm,mean_abs_yaw_error,done_count,no_nan_inf
1,0.12913575768470764,0.87086421251297,0.0,0.06625653803348541,0.6453960537910461,0.6459068059921265,0.0816497877240181,0.7729383111000061,0,True
2,-0.020683787763118744,1.020683765411377,0.0,0.0779058113694191,1.4470632076263428,1.4396992921829224,0.12079478055238724,0.7223790884017944,0,True
3,0.008301823399960995,0.9916982054710388,0.0,0.06971040368080139,1.020329236984253,1.0189731121063232,0.1491057276725769,0.750907838344574,0,True
4,-0.0964815691113472,1.0964815616607666,0.0,0.05702504515647888,0.8079656362533569,0.8066856265068054,0.12914244830608368,0.5667065382003784,0,True
5,-0.13565030694007874,1.1356502771377563,0.0,0.05770890787243843,0.7426855564117432,0.74094557762146,0.10014500468969345,0.7174650430679321,0,True
6,-0.18272370100021362,1.1827236413955688,0.0,0.06526117026805878,0.8440743088722229,0.8437822461128235,0.13738328218460083,1.0098930597305298,0,True
7,-0.17918545007705688,1.179185390472412,0.0,0.06611490249633789,0.897597074508667,0.8970609903335571,0.1295061707496643,1.1378555297851562,0,True
8,-0.14280354976654053,1.1428035497665405,0.0,0.07167083024978638,0.968977153301239,0.9692479372024536,0.1335448920726776,1.203890085220337,0,True
9,-0.09488791227340698,1.096437931060791,0.0,0.0741192102432251,1.0374852418899536,1.037813663482666,0.1358502060174942,1.2619106769561768,0,True
10,-0.05436767265200615,1.0543993711471558,0.0,0.06772005558013916,1.0945490598678589,1.0944764614105225,0.11865590512752533,1.0177373886108398,0,True
11,0.00782059133052826,0.9932906627655029,0.0,0.0661846324801445,1.2094210386276245,1.2094242572784424,0.12504726648330688,0.9995219707489014,0,True
12,0.06739211827516556,0.9337517023086548,0.0,0.06241890788078308,1.251556158065796,1.2527813911437988,0.10639160126447678,0.7831401228904724,0,True
13,0.09886610507965088,0.9018580913543701,0.0,0.05904129892587662,1.3027985095977783,1.3038188219070435,0.10961645096540451,0.6861532926559448,0,True
14,0.16101068258285522,0.8394405245780945,0.0,0.057246699929237366,1.4298503398895264,1.4308425188064575,0.10220810770988464,0.5759499073028564,0,True
15,0.2122204601764679,0.788388729095459,0.0,0.058744072914123535,1.4900847673416138,1.4909484386444092,0.10973791778087616,0.48825621604919434,0,True
16,0.24736908078193665,0.7565262317657471,0.0,0.059478044509887695,1.5111926794052124,1.5116311311721802,0.10773170739412308,0.40627819299697876,0,True
17,0.26162663102149963,0.7417270541191101,0.0,0.05730823799967766,1.4729642868041992,1.4748132228851318,0.09988389909267426,0.35738658905029297,0,True
18,0.282375693321228,0.732506513595581,0.0,0.05286373943090439,1.4949519634246826,1.4970341920852661,0.11228657513856888,0.3449972867965698,0,True
19,0.32646644115448,0.6920835375785828,0.0,0.05397263914346695,1.5192545652389526,1.521874189376831,0.1264704018831253,0.3119315803050995,0,True
20,0.35767772793769836,0.6653047800064087,0.0,0.052236318588256836,1.5022221803665161,1.5048493146896362,0.1045752614736557,0.26552170515060425,0,True
21,0.37705790996551514,0.6418721675872803,0.0,0.050607047975063324,1.487525463104248,1.4909636974334717,0.0966891199350357,0.29687070846557617,0,True
22,0.37489762902259827,0.6365094780921936,0.0,0.0488462895154953,1.4959475994110107,1.4993455410003662,0.09064048528671265,0.2870328426361084,0,True
23,0.3793901205062866,0.6304535865783691,0.0,0.04984593391418457,1.5111889839172363,1.514648675918579,0.09437838941812515,0.2955634593963623,0,True
24,0.38680198788642883,0.6250478029251099,0.0,0.05102688819169998,1.488661527633667,1.492706298828125,0.08740043640136719,0.3219280540943146,0,True
25,0.36535000801086426,0.647881031036377,0.0,0.05093971639871597,1.5125832557678223,1.5160621404647827,0.10565624386072159,0.3523174226284027,0,True
26,0.3622385561466217,0.6540762782096863,0.0,0.054133012890815735,1.5400793552398682,1.5440747737884521,0.11169701814651489,0.3401334881782532,0,True
27,0.358955442905426,0.6518887281417847,0.0,0.05592565983533859,1.5412204265594482,1.5454686880111694,0.11754985898733139,0.3131779432296753,0,True
28,0.3808707594871521,0.6288686990737915,0.0,0.05809849500656128,1.560450553894043,1.5650769472122192,0.14582879841327667,0.30799394845962524,0,True
29,0.4202728271484375,0.5990109443664551,0.0,0.0589955672621727,1.5271958112716675,1.5321362018585205,0.10628938674926758,0.3205331563949585,0,True
30,0.41926807165145874,0.5934194326400757,0.0,0.06003618985414505,1.5331687927246094,1.537177324295044,0.1137048527598381,0.31719064712524414,0,True
31,0.4258941113948822,0.5870457887649536,0.0078125,0.05925638973712921,1.5197877883911133,1.5237836837768555,0.11821427196264267,0.30322927236557007,0,True
32,0.4499702453613281,0.5663530826568604,0.0078125,0.05774594843387604,1.4807357788085938,1.4851031303405762,0.10301957279443741,0.29158079624176025,0,True
33,0.48189324140548706,0.550826907157898,0.0234375,0.05874652788043022,1.4800095558166504,1.4848151206970215,0.10450708121061325,0.3183741569519043,0,True
34,0.49307242035865784,0.5470201969146729,0.0234375,0.05861382931470871,1.4507503509521484,1.455660104751587,0.10956891626119614,0.303602010011673,0,True
35,0.5107915997505188,0.5187219381332397,0.03125,0.058440111577510834,1.4730695486068726,1.477888822555542,0.10188887268304825,0.2798840403556824,0,True
36,0.5207449793815613,0.5106043815612793,0.0390625,0.057733431458473206,1.4544388055801392,1.459031105041504,0.10690890997648239,0.26020458340644836,0,True
37,0.5305744409561157,0.501723051071167,0.046875,0.058886636048555374,1.4602456092834473,1.464511752128601,0.1207641139626503,0.3034868538379669,0,True
38,0.535442590713501,0.4998747706413269,0.0625,0.057891596108675,1.4635987281799316,1.468079686164856,0.09858756512403488,0.32240915298461914,0,True
39,0.5288699865341187,0.5022744536399841,0.0703125,0.05974899232387543,1.4764411449432373,1.4809324741363525,0.13292106986045837,0.29348844289779663,0,True
40,0.541114330291748,0.4926314353942871,0.0859375,0.05767938122153282,1.4941624402999878,1.498655915260315,0.0969434604048729,0.29721903800964355,1,True
41,0.5396120548248291,0.4930019974708557,0.09375,0.059870339930057526,1.458970069885254,1.4638638496398926,0.09749364852905273,0.2924357056617737,0,True
42,0.5530884265899658,0.4692520201206207,0.09375,0.060328755527734756,1.4783339500427246,1.4830583333969116,0.11280412971973419,0.2674613296985626,0,True
43,0.5795179605484009,0.44893956184387207,0.109375,0.060385093092918396,1.4820231199264526,1.4869868755340576,0.09797441959381104,0.26020970940589905,0,True
44,0.6112255454063416,0.4246203303337097,0.1171875,0.06092168018221855,1.4430150985717773,1.448375940322876,0.1051342561841011,0.2985261082649231,0,True
45,0.6492908000946045,0.39836233854293823,0.125,0.06071798875927925,1.4144973754882812,1.419291377067566,0.11145772784948349,0.2678605318069458,0,True
46,0.6603673696517944,0.39643189311027527,0.125,0.06053319573402405,1.4182510375976562,1.4227323532104492,0.11154758185148239,0.2592427730560303,0,True
47,0.6790670156478882,0.38460639119148254,0.125,0.058540262281894684,1.429396629333496,1.434471607208252,0.10562165081501007,0.2882750928401947,0,True
48,0.6900413036346436,0.369230180978775,0.1328125,0.06134729087352753,1.4101102352142334,1.4151499271392822,0.24288852512836456,0.2984817326068878,0,True
49,0.6782114505767822,0.3601195812225342,0.140625,0.0609910748898983,1.4223477840423584,1.4269237518310547,0.11207252740859985,0.28776785731315613,0,True
50,0.6832793951034546,0.3611684739589691,0.140625,0.06109358370304108,1.4353251457214355,1.4398391246795654,0.1232123002409935,0.2603805959224701,0,True
51,0.6899310350418091,0.35830703377723694,0.140625,0.06228537857532501,1.477082371711731,1.482245922088623,0.1137450635433197,0.23733142018318176,0,True
52,0.7051441669464111,0.3496930003166199,0.140625,0.06286279857158661,1.4930894374847412,1.498544692993164,0.12479348480701447,0.24774791300296783,0,True
53,0.7146419882774353,0.33782947063446045,0.1640625,0.0623372420668602,1.5175063610076904,1.5225720405578613,0.09475096315145493,0.27442288398742676,0,True
54,0.7262744903564453,0.33499929308891296,0.1796875,0.06172114983201027,1.513296365737915,1.5180232524871826,0.10783669352531433,0.26448774337768555,0,True
55,0.7314229607582092,0.32385459542274475,0.1953125,0.061341337859630585,1.5132814645767212,1.517914056777954,0.09805157035589218,0.29234543442726135,0,True
56,0.740997314453125,0.3191978931427002,0.203125,0.0630570650100708,1.5172204971313477,1.5220327377319336,0.20861896872520447,0.3286474645137787,0,True
57,0.733013391494751,0.3331848978996277,0.2109375,0.06253206729888916,1.533179521560669,1.5386353731155396,0.14089223742485046,0.3348351716995239,1,True
58,0.727618932723999,0.32579755783081055,0.21875,0.06203038990497589,1.5064654350280762,1.510801911354065,0.12457794696092606,0.2907872200012207,0,True
59,0.7204653024673462,0.3331097364425659,0.21875,0.06220582500100136,1.5360321998596191,1.5403169393539429,0.12859143316745758,0.28897348046302795,1,True
60,0.7232412099838257,0.32126978039741516,0.2109375,0.06331732124090195,1.5132673978805542,1.517093539237976,0.1152312234044075,0.29173359274864197,0,True
61,0.7418543100357056,0.31958717107772827,0.21875,0.06355252861976624,1.5542552471160889,1.5589067935943604,0.12128955125808716,0.23831377923488617,0,True
62,0.7564375400543213,0.31387701630592346,0.2265625,0.06436063349246979,1.5129612684249878,1.5182671546936035,0.10906188935041428,0.2576196789741516,0,True
63,0.7608613967895508,0.3009895980358124,0.234375,0.06736287474632263,1.551811695098877,1.5572972297668457,0.15855754911899567,0.2856939733028412,0,True
64,0.7617542743682861,0.3084944188594818,0.234375,0.06765889376401901,1.5472116470336914,1.5527244806289673,0.13287506997585297,0.2776147723197937,1,True
65,0.751142144203186,0.320291668176651,0.25,0.06466148048639297,1.4874778985977173,1.4917389154434204,0.12326819449663162,0.25448426604270935,0,True
66,0.7494425773620605,0.34439438581466675,0.25,0.0636083334684372,1.4827772378921509,1.486940622329712,0.11439381539821625,0.26433616876602173,0,True
67,0.753190279006958,0.32424837350845337,0.2578125,0.0644993931055069,1.5115294456481934,1.5160346031188965,0.1139465868473053,0.25603044033050537,0,True
68,0.7522453665733337,0.3142910599708557,0.265625,0.06601742655038834,1.4905784130096436,1.4954028129577637,0.19399960339069366,0.23379535973072052,0,True
69,0.7379566431045532,0.3302905559539795,0.265625,0.06531807780265808,1.4707062244415283,1.4762840270996094,0.14233554899692535,0.27341729402542114,1,True
70,0.7237014770507812,0.31978121399879456,0.265625,0.06612932682037354,1.4515312910079956,1.4561035633087158,0.17056743800640106,0.26670366525650024,0,True
71,0.7202832102775574,0.3272833824157715,0.265625,0.06567177921533585,1.5019629001617432,1.5070768594741821,0.15028023719787598,0.24628476798534393,1,True
72,0.7320874333381653,0.3060786724090576,0.265625,0.0657118484377861,1.4343128204345703,1.4391480684280396,0.1173224225640297,0.2295682281255722,0,True
73,0.7527318000793457,0.2947029769420624,0.2734375,0.06547410786151886,1.4432854652404785,1.4478788375854492,0.11468210816383362,0.24351149797439575,0,True
74,0.7748584747314453,0.2916213274002075,0.2734375,0.0655285194516182,1.4438657760620117,1.4495995044708252,0.13697998225688934,0.2681904137134552,0,True
75,0.7706202268600464,0.2873288094997406,0.28125,0.0657304972410202,1.4605598449707031,1.4654879570007324,0.14284861087799072,0.24562357366085052,0,True
76,0.7611216902732849,0.2875991463661194,0.296875,0.06430438160896301,1.4683289527893066,1.472517490386963,0.12900680303573608,0.23743493854999542,0,True
77,0.7763296365737915,0.2921278476715088,0.3046875,0.06358064711093903,1.4887166023254395,1.4936563968658447,0.14934703707695007,0.23219630122184753,0,True
78,0.771816611289978,0.28080031275749207,0.3046875,0.0654306709766388,1.450535774230957,1.4557431936264038,0.14938612282276154,0.19178521633148193,0,True
79,0.7793787717819214,0.28053218126296997,0.3203125,0.06508122384548187,1.473301649093628,1.478652000427246,0.15001389384269714,0.19989553093910217,0,True
80,0.7910038232803345,0.26753902435302734,0.3203125,0.06492005288600922,1.430112600326538,1.4349827766418457,0.14180809259414673,0.19242288172245026,1,True
81,0.8000922203063965,0.2741206884384155,0.328125,0.06510787457227707,1.4469375610351562,1.451979160308838,0.14653775095939636,0.18636557459831238,0,True
82,0.8123295307159424,0.253734827041626,0.3359375,0.06471505016088486,1.452430009841919,1.4575867652893066,0.1412961632013321,0.19586671888828278,1,True
83,0.8081343173980713,0.2343267947435379,0.3515625,0.06503160297870636,1.4516632556915283,1.4561587572097778,0.1527693122625351,0.1849970519542694,0,True
84,0.8196842670440674,0.233026385307312,0.3515625,0.06418920308351517,1.4756487607955933,1.480220079421997,0.13970200717449188,0.17648658156394958,0,True
85,0.8361873626708984,0.2456938922405243,0.359375,0.06419186294078827,1.4600821733474731,1.465608835220337,0.09403140097856522,0.1797063797712326,0,True
86,0.8402347564697266,0.23587173223495483,0.359375,0.06496366858482361,1.4315427541732788,1.4363023042678833,0.10405141115188599,0.18791136145591736,0,True
87,0.8370407819747925,0.2279895842075348,0.3828125,0.0623713955283165,1.4396802186965942,1.444018840789795,0.09945176541805267,0.18236678838729858,0,True
88,0.838371992111206,0.22104744613170624,0.3828125,0.06168324127793312,1.4372718334197998,1.4420558214187622,0.10549142956733704,0.17746588587760925,0,True
89,0.8305996656417847,0.23702853918075562,0.3828125,0.0625733733177185,1.4364986419677734,1.4414947032928467,0.11148175597190857,0.18916025757789612,0,True
90,0.8262585401535034,0.22945086658000946,0.40625,0.06352396309375763,1.4473083019256592,1.452347993850708,0.15482962131500244,0.1969316303730011,0,True
91,0.8325363993644714,0.23555946350097656,0.40625,0.06437937915325165,1.4685101509094238,1.4737082719802856,0.18127915263175964,0.19099265336990356,0,True
92,0.8570355772972107,0.2358095645904541,0.421875,0.06418894231319427,1.4583425521850586,1.4639346599578857,0.16838771104812622,0.16631141304969788,0,True
93,0.8333241939544678,0.23462998867034912,0.4375,0.0648171454668045,1.4465210437774658,1.451108455657959,0.19339589774608612,0.16258110105991364,1,True
94,0.8413279056549072,0.23500573635101318,0.4453125,0.06332080066204071,1.4614778757095337,1.4665216207504272,0.13199341297149658,0.1636645644903183,0,True
95,0.8488099575042725,0.23510482907295227,0.4453125,0.06481696665287018,1.4587165117263794,1.4637776613235474,0.11237452924251556,0.1676141321659088,0,True
96,0.8405011892318726,0.2272271066904068,0.4609375,0.06551935523748398,1.4666016101837158,1.4710566997528076,0.11545407027006149,0.1754700094461441,0,True
97,0.8559173345565796,0.23908540606498718,0.46875,0.06495723128318787,1.4687073230743408,1.4740307331085205,0.12140482664108276,0.16671010851860046,0,True
98,0.8550916314125061,0.23192065954208374,0.46875,0.06411165744066238,1.4536880254745483,1.4586050510406494,0.13334663212299347,0.158099964261055,0,True
99,0.8671449422836304,0.2212090790271759,0.4765625,0.06469476222991943,1.4609973430633545,1.4663902521133423,0.18401381373405457,0.14624643325805664,0,True
100,0.891447126865387,0.20082911849021912,0.5078125,0.06478211283683777,1.4419026374816895,1.4471936225891113,0.20967228710651398,0.1655615270137787,0,True
101,0.8953040838241577,0.1922261267900467,0.5078125,0.0642455667257309,1.4863710403442383,1.4913561344146729,0.11081844568252563,0.15597420930862427,0,True
102,0.908778727054596,0.1973469853401184,0.53125,0.0649980753660202,1.4737279415130615,1.4788141250610352,0.12078528106212616,0.15432506799697876,0,True
103,0.8986099362373352,0.18186628818511963,0.5390625,0.06537716835737228,1.4740185737609863,1.4784245491027832,0.1278262436389923,0.1420978456735611,0,True
104,0.9084489345550537,0.19012822210788727,0.546875,0.06339847296476364,1.47981858253479,1.4845129251480103,0.12137514352798462,0.140982523560524,0,True
105,0.9144383668899536,0.2019447684288025,0.546875,0.06439056992530823,1.483481764793396,1.4889729022979736,0.10202467441558838,0.1365438848733902,1,True
106,0.9057609438896179,0.18718847632408142,0.546875,0.0651070848107338,1.4397273063659668,1.4442152976989746,0.11183484643697739,0.153743714094162,0,True
107,0.907962441444397,0.20039504766464233,0.5703125,0.06347937136888504,1.4781959056854248,1.4828861951828003,0.10036821663379669,0.16227969527244568,0,True
108,0.8970088958740234,0.20006555318832397,0.578125,0.06535173952579498,1.4493486881256104,1.4539521932601929,0.12681236863136292,0.15733888745307922,1,True
109,0.8972610235214233,0.20190533995628357,0.5703125,0.0638991966843605,1.4430633783340454,1.4480249881744385,0.10892226547002792,0.18064060807228088,0,True
110,0.8990662097930908,0.19663619995117188,0.578125,0.06504270434379578,1.43342125415802,1.4382561445236206,0.09460552781820297,0.16742365062236786,0,True
111,0.8902199864387512,0.19866943359375,0.5859375,0.06366027146577835,1.4439947605133057,1.4488444328308105,0.08850102126598358,0.15956829488277435,0,True
112,0.9011569619178772,0.18754419684410095,0.5859375,0.06350427865982056,1.4198423624038696,1.425069808959961,0.09569048881530762,0.16635233163833618,0,True
113,0.8846690058708191,0.19403362274169922,0.609375,0.0645727664232254,1.4132299423217773,1.418230414390564,0.10926800221204758,0.14687873423099518,1,True
114,0.8964691162109375,0.18664033710956573,0.609375,0.06510745733976364,1.4063115119934082,1.4110150337219238,0.14986544847488403,0.16985422372817993,0,True
115,0.8932806849479675,0.19327481091022491,0.6171875,0.06377402693033218,1.4051246643066406,1.4103320837020874,0.11116383969783783,0.13088040053844452,0,True
116,0.9021098613739014,0.1915806382894516,0.6171875,0.06527946889400482,1.4020572900772095,1.4069440364837646,0.11133478581905365,0.12567424774169922,0,True
117,0.9103127717971802,0.19214573502540588,0.6171875,0.0643276572227478,1.4067318439483643,1.4119586944580078,0.1049712747335434,0.14913052320480347,0,True
118,0.8959038257598877,0.19398292899131775,0.625,0.06357631087303162,1.3959698677062988,1.4010908603668213,0.09165114164352417,0.14538706839084625,0,True
119,0.89486163854599,0.19050586223602295,0.6328125,0.0630173310637474,1.4286324977874756,1.4334466457366943,0.08729410916566849,0.14186199009418488,0,True
120,0.9029946327209473,0.1827421486377716,0.6328125,0.06398036330938339,1.4244186878204346,1.430005431175232,0.09361854940652847,0.14256533980369568,0,True
121,0.9103286266326904,0.16682328283786774,0.6484375,0.06475166976451874,1.4176148176193237,1.422646403312683,0.09139501303434372,0.1393631100654602,0,True
122,0.9165543913841248,0.16925376653671265,0.671875,0.06468363106250763,1.4152859449386597,1.4206345081329346,0.09684630483388901,0.15770462155342102,0,True
123,0.9132367968559265,0.1722692847251892,0.6796875,0.06464780867099762,1.4343043565750122,1.4394099712371826,0.09478076547384262,0.15852881968021393,0,True
124,0.9178078174591064,0.1805676519870758,0.6796875,0.06365521252155304,1.4190551042556763,1.4239563941955566,0.08867795765399933,0.12275519967079163,0,True
125,0.9238738417625427,0.1796370893716812,0.6875,0.06311563402414322,1.4339632987976074,1.438711166381836,0.10244432091712952,0.14859846234321594,0,True
126,0.9151681661605835,0.18486130237579346,0.703125,0.06417781114578247,1.4571325778961182,1.4619567394256592,0.09466902166604996,0.14714756608009338,0,True
127,0.9100456237792969,0.18606171011924744,0.734375,0.06405864655971527,1.444754719734192,1.4497730731964111,0.08955901861190796,0.132966548204422,0,True
128,0.9115259647369385,0.1845848262310028,0.734375,0.0637211948633194,1.4308955669403076,1.4358848333358765,0.10755066573619843,0.14600345492362976,0,True
129,0.9220268726348877,0.17884695529937744,0.7421875,0.06315452605485916,1.4284392595291138,1.43340265750885,0.08673698455095291,0.13570941984653473,0,True
130,0.9172248840332031,0.17264345288276672,0.75,0.0643611028790474,1.4462050199508667,1.451038122177124,0.10608012229204178,0.1448284089565277,0,True
131,0.9231859445571899,0.167515829205513,0.765625,0.06511764228343964,1.4454820156097412,1.4505947828292847,0.1026613786816597,0.1381884515285492,0,True
132,0.9266741275787354,0.16841858625411987,0.7890625,0.06512656807899475,1.4357142448425293,1.4408763647079468,0.1083335429430008,0.11297197639942169,0,True
133,0.9246439933776855,0.16109168529510498,0.796875,0.065420001745224,1.401490569114685,1.4066851139068604,0.0846901684999466,0.1315189152956009,0,True
134,0.9202552437782288,0.1714954376220703,0.8046875,0.06393145024776459,1.424755334854126,1.4295436143875122,0.08675483614206314,0.1434634029865265,0,True
135,0.92130446434021,0.17741510272026062,0.8046875,0.06384199857711792,1.4283486604690552,1.4330332279205322,0.08872206509113312,0.1300206184387207,0,True
136,0.9202688932418823,0.18078982830047607,0.8203125,0.06351238489151001,1.4260201454162598,1.4311027526855469,0.09156348556280136,0.12780866026878357,0,True
137,0.9297810196876526,0.18210026621818542,0.8359375,0.0635983794927597,1.4115209579467773,1.416792631149292,0.08964371681213379,0.1343102604150772,0,True
138,0.9294793009757996,0.1727619171142578,0.8359375,0.06401817500591278,1.4288724660873413,1.4340461492538452,0.0904732197523117,0.12402714788913727,0,True
139,0.9348311424255371,0.16856449842453003,0.8359375,0.06426671147346497,1.4333394765853882,1.4386037588119507,0.09069253504276276,0.14539217948913574,0,True
140,0.9425930976867676,0.16016533970832825,0.84375,0.06395989656448364,1.4295799732208252,1.4349409341812134,0.09241610765457153,0.14459508657455444,0,True
141,0.9347771406173706,0.14658905565738678,0.859375,0.06495493650436401,1.418104887008667,1.4228181838989258,0.12003292888402939,0.15631288290023804,0,True
142,0.9352622032165527,0.1526217758655548,0.8671875,0.06393136084079742,1.4347641468048096,1.4400519132614136,0.08705359697341919,0.1643449068069458,0,True
143,0.9374104738235474,0.15414199233055115,0.8828125,0.06498260051012039,1.4219861030578613,1.4273113012313843,0.0912942960858345,0.13767939805984497,0,True
144,0.942899227142334,0.15333621203899384,0.890625,0.0646275132894516,1.4297213554382324,1.4349684715270996,0.10257907211780548,0.16326776146888733,0,True
145,0.9406272172927856,0.1489960104227066,0.8984375,0.06529553234577179,1.4243420362472534,1.4293224811553955,0.08755351603031158,0.13725441694259644,0,True
146,0.936093807220459,0.1497674584388733,0.9140625,0.06352709978818893,1.4452941417694092,1.4501004219055176,0.09183577448129654,0.12389928102493286,0,True
147,0.9412438273429871,0.15681657195091248,0.9140625,0.06363449990749359,1.454427719116211,1.4595143795013428,0.08806964010000229,0.1233191043138504,0,True
148,0.9499288201332092,0.16935484111309052,0.9140625,0.06493361294269562,1.4560123682022095,1.4613971710205078,0.09950907528400421,0.13345205783843994,0,True
149,0.9620357155799866,0.1696561574935913,0.9296875,0.06580889225006104,1.4553260803222656,1.460519552230835,0.09710793197154999,0.14668308198451996,0,True
150,0.9642021656036377,0.16216620802879333,0.9296875,0.06639303267002106,1.4549031257629395,1.4601422548294067,0.09322207421064377,0.1490863859653473,0,True
151,0.9693949222564697,0.1685090959072113,0.9453125,0.06653410196304321,1.4680566787719727,1.4734735488891602,0.09167055040597916,0.14951246976852417,0,True
152,0.972304105758667,0.1533927619457245,0.9453125,0.0658329650759697,1.4569408893585205,1.4623806476593018,0.08954135328531265,0.15586380660533905,0,True
153,0.9576455354690552,0.13878202438354492,0.9453125,0.06558756530284882,1.4201555252075195,1.4251492023468018,0.09202153235673904,0.15612275898456573,0,True
154,0.9404336810112,0.1481025218963623,0.9453125,0.06358123570680618,1.4603219032287598,1.4650752544403076,0.0849691778421402,0.15439458191394806,0,True
155,0.9399727582931519,0.1525634378194809,0.9453125,0.06410276889801025,1.4380085468292236,1.4431753158569336,0.09608717262744904,0.1563614308834076,1,True
156,0.930601954460144,0.1569855511188507,0.9453125,0.0634889155626297,1.4163622856140137,1.4212701320648193,0.09120015799999237,0.14090532064437866,0,True
157,0.9273105263710022,0.15253880620002747,0.9453125,0.06417343020439148,1.4174244403839111,1.4223698377609253,0.09893719106912613,0.15143385529518127,0,True
158,0.9338811039924622,0.17338821291923523,0.9453125,0.06453172862529755,1.4304802417755127,1.4353727102279663,0.10606946051120758,0.13561907410621643,0,True
159,0.9554760456085205,0.17436310648918152,0.9453125,0.06599737703800201,1.4365640878677368,1.4420497417449951,0.09427562355995178,0.14678087830543518,0,True
160,0.9628782272338867,0.1736009120941162,0.9453125,0.06765571236610413,1.410688042640686,1.4159510135650635,0.08793962001800537,0.14412395656108856,0,True
161,0.9560315012931824,0.17315524816513062,0.9453125,0.0664258748292923,1.4236199855804443,1.428636074066162,0.08780385553836823,0.13705597817897797,0,True
162,0.9585831165313721,0.16794180870056152,0.9453125,0.0663260817527771,1.3845512866973877,1.390004277229309,0.09100054949522018,0.15615737438201904,0,True
163,0.94734787940979,0.16034162044525146,0.9453125,0.0653923898935318,1.3801509141921997,1.3850603103637695,0.09147250652313232,0.15616318583488464,0,True
164,0.941825270652771,0.15715207159519196,0.9453125,0.063453309237957,1.3718178272247314,1.3765188455581665,0.10170504450798035,0.16021117568016052,0,True
165,0.9248230457305908,0.1631011664867401,0.9453125,0.06335128098726273,1.3850884437561035,1.3899309635162354,0.0968797579407692,0.14939583837985992,0,True
166,0.91719651222229,0.15813764929771423,0.9453125,0.06387384235858917,1.4046721458435059,1.4099180698394775,0.09385892748832703,0.1507929414510727,0,True
167,0.9160447716712952,0.1563207507133484,0.9453125,0.06401026248931885,1.3973678350448608,1.4023785591125488,0.08605466783046722,0.1703524887561798,0,True
168,0.9192013740539551,0.15691816806793213,0.9453125,0.06402282416820526,1.4280626773834229,1.4328769445419312,0.09168070554733276,0.1558023989200592,0,True
169,0.9436290264129639,0.16311964392662048,0.9453125,0.06521767377853394,1.444102168083191,1.4493260383605957,0.08860115706920624,0.15904811024665833,0,True
170,0.9628295302391052,0.17791235446929932,0.9453125,0.06725914776325226,1.4288861751556396,1.4344890117645264,0.09069585800170898,0.15503399074077606,0,True
171,0.9734575748443604,0.1735692024230957,0.9453125,0.06790565699338913,1.4281399250030518,1.433801531791687,0.09185633063316345,0.16898803412914276,0,True
172,0.9642294645309448,0.16852140426635742,0.9453125,0.06650286912918091,1.3895002603530884,1.3945693969726562,0.09100636839866638,0.149455726146698,0,True
173,0.9578658938407898,0.16443556547164917,0.9453125,0.06495265662670135,1.3972184658050537,1.4020795822143555,0.09549345821142197,0.14449919760227203,0,True
174,0.9485153555870056,0.1610262244939804,0.9453125,0.06323850154876709,1.4097107648849487,1.414270043373108,0.09148810058832169,0.15674608945846558,0,True
175,0.946302056312561,0.15574657917022705,0.9453125,0.06324431300163269,1.3974049091339111,1.4024462699890137,0.09059058874845505,0.15334635972976685,0,True
176,0.9397200345993042,0.1608751118183136,0.9453125,0.06422454118728638,1.4210617542266846,1.4258791208267212,0.08614064007997513,0.1540498435497284,0,True
177,0.940093994140625,0.16495952010154724,0.9453125,0.06455186009407043,1.4289655685424805,1.434373140335083,0.08650504052639008,0.1597381830215454,0,True
178,0.9430148601531982,0.1564253717660904,0.9453125,0.06541857868432999,1.4234215021133423,1.4285656213760376,0.09414844959974289,0.15448804199695587,0,True
179,0.9349437952041626,0.1496686190366745,0.953125,0.06410348415374756,1.4647554159164429,1.4694044589996338,0.09164253622293472,0.15759718418121338,0,True
180,0.9560986757278442,0.1630217730998993,0.953125,0.06643129885196686,1.4496662616729736,1.4551537036895752,0.09454400092363358,0.15343552827835083,0,True
181,0.9715156555175781,0.15792308747768402,0.953125,0.06771725416183472,1.4363985061645508,1.4421542882919312,0.09312445670366287,0.16002213954925537,0,True
182,0.9709515571594238,0.152114599943161,0.953125,0.0678124874830246,1.4392825365066528,1.4444705247879028,0.09415790438652039,0.16058045625686646,0,True
183,0.967610776424408,0.1593746542930603,0.953125,0.06665237247943878,1.4195774793624878,1.4245918989181519,0.09555885940790176,0.13494524359703064,0,True
184,0.9621322154998779,0.15715473890304565,0.953125,0.06482048332691193,1.4278655052185059,1.4324982166290283,0.0902760699391365,0.1545729637145996,0,True
185,0.9603381156921387,0.15795330703258514,0.953125,0.06404438614845276,1.3979812860488892,1.402798056602478,0.0932261124253273,0.1555173695087433,0,True
186,0.9596595764160156,0.14890898764133453,0.953125,0.06466428935527802,1.4041467905044556,1.40926194190979,0.09756650775671005,0.16552700102329254,0,True
187,0.9603538513183594,0.15309402346611023,0.953125,0.06468886882066727,1.4056360721588135,1.4109811782836914,0.09024142473936081,0.1470235139131546,0,True
188,0.954704999923706,0.15313032269477844,0.953125,0.06477039307355881,1.4068562984466553,1.411469578742981,0.10060227662324905,0.13950636982917786,0,True
189,0.9489127397537231,0.15466833114624023,0.953125,0.06412288546562195,1.42445969581604,1.4296135902404785,0.10052257776260376,0.1452505886554718,0,True
190,0.9508696794509888,0.16008591651916504,0.953125,0.06485998630523682,1.4309005737304688,1.4360897541046143,0.08632221817970276,0.137000173330307,0,True
191,0.9544492959976196,0.15941587090492249,0.953125,0.06577007472515106,1.4094454050064087,1.4147814512252808,0.08673769235610962,0.16360320150852203,0,True
192,0.9541912078857422,0.147629976272583,0.953125,0.06580556184053421,1.4343907833099365,1.4390119314193726,0.09105834364891052,0.1616867482662201,0,True
193,0.9664281606674194,0.151865616440773,0.953125,0.06583823263645172,1.4304516315460205,1.435523509979248,0.09533108025789261,0.15441623330116272,0,True
194,0.9724787473678589,0.14255523681640625,0.953125,0.06581622362136841,1.4038029909133911,1.4091379642486572,0.09583832323551178,0.15287932753562927,0,True
195,0.9707605838775635,0.14939546585083008,0.953125,0.06569602340459824,1.4172288179397583,1.4223541021347046,0.08990492671728134,0.14314991235733032,0,True
196,0.9607799053192139,0.14824195206165314,0.953125,0.06617820262908936,1.4163895845413208,1.4211641550064087,0.09634391963481903,0.1516452431678772,0,True
197,0.9602764248847961,0.15523652732372284,0.953125,0.06394325196743011,1.3948651552200317,1.3997478485107422,0.09280341863632202,0.15995681285858154,0,True
198,0.9560303092002869,0.15281128883361816,0.953125,0.06396132707595825,1.4032268524169922,1.4079025983810425,0.08696585893630981,0.16378265619277954,0,True
199,0.9649192094802856,0.1594771444797516,0.9609375,0.06411241739988327,1.4218010902404785,1.4271330833435059,0.087244912981987,0.14273601770401,0,True
200,0.958800196647644,0.15445341169834137,0.9609375,0.06494627147912979,1.418102741241455,1.4227304458618164,0.08805423229932785,0.16433541476726532,0,True
201,0.9593353271484375,0.15020334720611572,0.9609375,0.06492972373962402,1.440305233001709,1.445764183998108,0.09266124665737152,0.1667884737253189,0,True
202,0.9614959359169006,0.1424959897994995,0.9609375,0.06537914276123047,1.4373712539672852,1.4425792694091797,0.09547078609466553,0.16699138283729553,0,True
203,0.9626659154891968,0.14397303760051727,0.9609375,0.06473380327224731,1.4342268705368042,1.439009666442871,0.09283839166164398,0.1482783704996109,0,True
204,0.947548508644104,0.14845304191112518,0.96875,0.06541042029857635,1.4373188018798828,1.4419887065887451,0.09098251909017563,0.1378270983695984,0,True
205,0.9595820307731628,0.1515495479106903,0.96875,0.06549781560897827,1.4240741729736328,1.4290986061096191,0.0914195328950882,0.16286784410476685,0,True
206,0.9592239856719971,0.15177853405475616,0.96875,0.06617259979248047,1.433288812637329,1.438474416732788,0.09367518126964569,0.16112060844898224,0,True
207,0.9623149037361145,0.15383416414260864,0.96875,0.06696286052465439,1.4426695108413696,1.447807788848877,0.11548162251710892,0.14566262066364288,0,True
208,0.9680924415588379,0.15079240500926971,0.96875,0.06597808748483658,1.4412813186645508,1.4461671113967896,0.09656701236963272,0.1425725817680359,0,True
209,0.9653798341751099,0.15100353956222534,0.96875,0.06606368720531464,1.4248220920562744,1.4298210144042969,0.09621278941631317,0.12392143905162811,0,True
210,0.9670668840408325,0.15386207401752472,0.96875,0.06660550832748413,1.4470432996749878,1.452094554901123,0.09097819030284882,0.14705464243888855,0,True
211,0.9743967056274414,0.14676930010318756,0.96875,0.06597563624382019,1.4233564138412476,1.428283452987671,0.09711046516895294,0.15781186521053314,0,True
212,0.9706475734710693,0.1538732349872589,0.9765625,0.06528033316135406,1.4251922369003296,1.430264949798584,0.09639102965593338,0.14453309774398804,0,True
213,0.9700601100921631,0.16161185503005981,0.9765625,0.06553195416927338,1.407289981842041,1.412292242050171,0.08946157246828079,0.13771769404411316,0,True
214,0.9530064463615417,0.14709362387657166,0.9765625,0.06450541317462921,1.4168659448623657,1.421764850616455,0.09455380588769913,0.15130646526813507,0,True
215,0.9546061754226685,0.14776572585105896,0.9765625,0.06440731883049011,1.4241894483566284,1.4292371273040771,0.09653754532337189,0.15621107816696167,0,True
216,0.9538500905036926,0.15258479118347168,0.9765625,0.06547348946332932,1.4095442295074463,1.4144530296325684,0.0963817685842514,0.15075689554214478,0,True
217,0.9526585936546326,0.15028426051139832,0.984375,0.06593124568462372,1.4430720806121826,1.4479243755340576,0.09327501803636551,0.1546073853969574,0,True
218,0.9777183532714844,0.15521836280822754,0.984375,0.06625214964151382,1.4380066394805908,1.4436628818511963,0.10025240480899811,0.17077957093715668,0,True
219,0.9867171049118042,0.15052089095115662,0.984375,0.06635890901088715,1.3912227153778076,1.3964112997055054,0.09704922884702682,0.1578742265701294,0,True
220,0.9709963798522949,0.15050272643566132,0.984375,0.06550119817256927,1.4340567588806152,1.43855881690979,0.11310622096061707,0.14626309275627136,0,True
221,0.9686253070831299,0.16219639778137207,0.984375,0.06521718949079514,1.4254323244094849,1.430219054222107,0.1209435984492302,0.12497107684612274,0,True
222,0.9583824872970581,0.14975203573703766,0.984375,0.0647396445274353,1.4171395301818848,1.4214346408843994,0.09394676983356476,0.16253182291984558,0,True
223,0.9631587266921997,0.1641542762517929,0.984375,0.06449452042579651,1.4175891876220703,1.4225802421569824,0.08727306872606277,0.15873152017593384,0,True
224,0.9733348488807678,0.16018950939178467,0.984375,0.06639083474874496,1.4209110736846924,1.4259965419769287,0.09500438719987869,0.15302154421806335,0,True
225,0.976263165473938,0.1501081883907318,0.984375,0.06601342558860779,1.4207700490951538,1.4259231090545654,0.10995259135961533,0.16549602150917053,0,True
226,0.9635716676712036,0.1429021954536438,0.984375,0.06503764539957047,1.4169585704803467,1.4219554662704468,0.09541123360395432,0.14156663417816162,0,True
227,0.9583311676979065,0.14190851151943207,0.984375,0.06475704163312912,1.4128565788269043,1.417791485786438,0.0906306579709053,0.14191967248916626,0,True
228,0.9572718739509583,0.14706599712371826,0.984375,0.06376990675926208,1.4065366983413696,1.4113709926605225,0.08568554371595383,0.15834756195545197,0,True
229,0.95911705493927,0.14232558012008667,0.984375,0.0649532824754715,1.4200735092163086,1.4251081943511963,0.09369435906410217,0.18187227845191956,0,True
230,0.9650089740753174,0.16082102060317993,0.984375,0.06664468348026276,1.4312574863433838,1.4365800619125366,0.10678273439407349,0.17273053526878357,0,True
231,0.9627435207366943,0.16377943754196167,0.984375,0.0658905953168869,1.417733907699585,1.4229419231414795,0.09211036562919617,0.13568222522735596,0,True
232,0.9554574489593506,0.16589447855949402,0.984375,0.06534324586391449,1.4207004308700562,1.4259774684906006,0.09119176119565964,0.14380168914794922,0,True
233,0.9612977504730225,0.160489022731781,0.984375,0.0659659206867218,1.4416272640228271,1.4465584754943848,0.09148438274860382,0.14625301957130432,0,True
234,0.9756119251251221,0.15742966532707214,0.984375,0.06587043404579163,1.4255237579345703,1.430846929550171,0.09150876104831696,0.16934141516685486,0,True
235,0.9733631610870361,0.15730644762516022,0.984375,0.0667886808514595,1.4198511838912964,1.4249098300933838,0.09013140946626663,0.15888091921806335,0,True
236,0.9701354503631592,0.14972808957099915,0.984375,0.06667935848236084,1.4203681945800781,1.4254939556121826,0.0988655537366867,0.17258009314537048,0,True
237,0.9576194286346436,0.13399186730384827,0.984375,0.06573851406574249,1.3884333372116089,1.393329381942749,0.10329619795084,0.1647193282842636,0,True
238,0.9437404870986938,0.14393556118011475,0.984375,0.06407886743545532,1.4103180170059204,1.414818286895752,0.09761685878038406,0.15941113233566284,0,True
239,0.9435898065567017,0.1452682912349701,0.984375,0.06373275816440582,1.4226977825164795,1.427497386932373,0.09397609531879425,0.15225480496883392,0,True
240,0.9505311250686646,0.14912328124046326,0.984375,0.06519223749637604,1.427053451538086,1.4325201511383057,0.09593191742897034,0.15392568707466125,0,True
241,0.9583777189254761,0.14332275092601776,0.9921875,0.06617540866136551,1.421363353729248,1.426714539527893,0.09060457348823547,0.14894148707389832,0,True
242,0.9639798998832703,0.1462326943874359,0.9921875,0.0674622505903244,1.429279088973999,1.4342403411865234,0.09692662954330444,0.1373186707496643,0,True
243,0.9738923907279968,0.15056395530700684,0.9921875,0.06721507012844086,1.4428983926773071,1.4481937885284424,0.10348449647426605,0.14411085844039917,0,True
244,0.9850535988807678,0.1574077606201172,0.9921875,0.06751365959644318,1.4167624711990356,1.4222207069396973,0.10842710733413696,0.10864253342151642,0,True
245,0.9814291000366211,0.15091753005981445,0.9921875,0.06736228615045547,1.4217298030853271,1.4263397455215454,0.09706906974315643,0.15422528982162476,0,True
246,0.9771915674209595,0.15248404443264008,0.9921875,0.06614790856838226,1.4095103740692139,1.4141936302185059,0.09035620093345642,0.16256529092788696,0,True
247,0.9688862562179565,0.15088266134262085,0.9921875,0.06452585756778717,1.3833352327346802,1.3883572816848755,0.09335605055093765,0.1769494116306305,0,True
248,0.9523172378540039,0.14705891907215118,0.9921875,0.06389116495847702,1.4048463106155396,1.4094927310943604,0.09476584941148758,0.16361269354820251,0,True
249,0.9471867084503174,0.1504150778055191,0.9921875,0.06356923282146454,1.4168243408203125,1.421783685684204,0.09322408586740494,0.1571982055902481,0,True
250,0.9519859552383423,0.15215668082237244,1.0,0.06397014856338501,1.419883131980896,1.4246528148651123,0.08638501167297363,0.17210650444030762,0,True
251,0.9576601386070251,0.14336013793945312,1.0,0.06527865678071976,1.4530494213104248,1.458467960357666,0.0937437191605568,0.17044374346733093,0,True
252,0.9693640470504761,0.14320281147956848,1.0,0.06714757531881332,1.43255615234375,1.4379973411560059,0.0934579148888588,0.14909300208091736,0,True
253,0.9665998816490173,0.14295120537281036,1.0,0.066474050283432,1.4445425271987915,1.4492255449295044,0.090487040579319,0.1491052806377411,0,True
254,0.9784687161445618,0.14834046363830566,1.0,0.0670904591679573,1.4409947395324707,1.4460439682006836,0.09506822377443314,0.1406129151582718,0,True
255,0.9787110090255737,0.1450052410364151,1.0,0.06778893619775772,1.4428821802139282,1.4480961561203003,0.09778677672147751,0.1640511155128479,0,True
256,0.9757111668586731,0.15191158652305603,1.0,0.06662723422050476,1.4359021186828613,1.4405782222747803,0.10149405151605606,0.1462770402431488,0,True
257,0.9727752208709717,0.15272262692451477,1.0,0.06551027297973633,1.433369755744934,1.438622236251831,0.09214062988758087,0.1628832072019577,0,True
258,0.9661151170730591,0.15237411856651306,1.0,0.06498800218105316,1.398334264755249,1.4030413627624512,0.09041664749383926,0.1426667720079422,0,True
259,0.9614418745040894,0.15271569788455963,1.0,0.06538966298103333,1.4120514392852783,1.4166860580444336,0.09521619975566864,0.17024263739585876,0,True
260,0.9675236940383911,0.15518805384635925,1.0,0.0660296380519867,1.408443570137024,1.4138689041137695,0.08937990665435791,0.16957274079322815,0,True
261,0.9567689895629883,0.1482999175786972,1.0,0.0657682716846466,1.4034814834594727,1.4086153507232666,0.09142006188631058,0.1463417261838913,0,True
262,0.9580297470092773,0.14633435010910034,1.0,0.06546354293823242,1.4133341312408447,1.4181872606277466,0.1039537638425827,0.15580201148986816,0,True
263,0.9567892551422119,0.13327068090438843,1.0,0.06510984897613525,1.4301495552062988,1.4350314140319824,0.09969386458396912,0.15549975633621216,0,True
264,0.9593506455421448,0.1378658413887024,1.0,0.06586602330207825,1.4581401348114014,1.4627934694290161,0.08827480673789978,0.16123929619789124,0,True
265,0.9733978509902954,0.14306142926216125,1.0,0.06624379754066467,1.4240167140960693,1.4297841787338257,0.10698822885751724,0.15017762780189514,0,True
266,0.9632594585418701,0.14178466796875,1.0,0.0661517083644867,1.4309182167053223,1.4355769157409668,0.09729723632335663,0.15912720561027527,0,True
267,0.9701265096664429,0.13988208770751953,1.0,0.0659637451171875,1.4502009153366089,1.4549883604049683,0.1060563176870346,0.13156446814537048,0,True
268,0.9762007594108582,0.15641096234321594,1.0,0.06622821092605591,1.4159531593322754,1.4211277961730957,0.10558099299669266,0.12907513976097107,0,True
269,0.9795001149177551,0.16428688168525696,1.0,0.06701361387968063,1.4024598598480225,1.4070539474487305,0.09856120496988297,0.14052125811576843,0,True
270,0.979075014591217,0.1677098423242569,1.0,0.06642000377178192,1.4343563318252563,1.4393272399902344,0.09480408579111099,0.16944992542266846,0,True
271,0.9760276079177856,0.15331736207008362,1.0,0.06616764515638351,1.4050352573394775,1.4102197885513306,0.09075110405683517,0.15886357426643372,0,True
272,0.9578384757041931,0.14909890294075012,1.0,0.06487895548343658,1.4006779193878174,1.4049639701843262,0.10149527341127396,0.15907306969165802,0,True
273,0.9603593349456787,0.15744122862815857,1.0,0.0638030394911766,1.4203214645385742,1.425294280052185,0.10522367805242538,0.14773541688919067,0,True
274,0.9571915864944458,0.15614743530750275,1.0,0.0653371512889862,1.4084768295288086,1.4137849807739258,0.10447796434164047,0.150160551071167,0,True
275,0.9554462432861328,0.14811047911643982,1.0,0.06694065779447556,1.4229027032852173,1.4283912181854248,0.11271154135465622,0.1626063585281372,0,True
276,0.9485982656478882,0.1353369951248169,1.0,0.06648428738117218,1.4175426959991455,1.4225447177886963,0.1047278642654419,0.14340737462043762,0,True
277,0.9569860696792603,0.1441999077796936,1.0,0.0650569349527359,1.421884298324585,1.4265626668930054,0.09201150387525558,0.13819128274917603,0,True
278,0.9794239401817322,0.15609315037727356,1.0,0.06533357501029968,1.4302051067352295,1.4356417655944824,0.0931011363863945,0.14983530342578888,0,True
279,0.9795145392417908,0.1527233123779297,1.0,0.06667333096265793,1.4170876741409302,1.4218815565109253,0.09696591645479202,0.1347302794456482,0,True
280,0.9744940996170044,0.1472194641828537,1.0,0.06645777076482773,1.4191277027130127,1.4237524271011353,0.0965590849518776,0.14508819580078125,0,True
281,0.9715626239776611,0.14826533198356628,1.0,0.06559408456087112,1.425459384918213,1.4309625625610352,0.09753357619047165,0.1422663927078247,0,True
282,0.964937686920166,0.15200568735599518,1.0,0.06565447151660919,1.3972419500350952,1.4020004272460938,0.10278390347957611,0.15552784502506256,0,True
283,0.9570297598838806,0.1453985869884491,1.0,0.06402187049388885,1.4440170526504517,1.448657512664795,0.09126295149326324,0.16385754942893982,0,True
284,0.9584493041038513,0.14002974331378937,1.0,0.06475576013326645,1.426891565322876,1.4316918849945068,0.09357920289039612,0.16262134909629822,0,True
285,0.9585915207862854,0.14690697193145752,1.0,0.06547359377145767,1.446913719177246,1.4518221616744995,0.09660479426383972,0.14565345644950867,0,True
286,0.962821900844574,0.14481568336486816,1.0,0.06635265052318573,1.4434345960617065,1.4485185146331787,0.09247960895299911,0.15316900610923767,0,True
287,0.9665570259094238,0.13712561130523682,1.0,0.06602595001459122,1.4354537725448608,1.4405128955841064,0.09104399383068085,0.16327068209648132,0,True
288,0.96229088306427,0.13026639819145203,1.0,0.06572335958480835,1.4371572732925415,1.4419195652008057,0.09548497945070267,0.1670076698064804,0,True
289,0.971563994884491,0.13760584592819214,1.0,0.0659770518541336,1.425621747970581,1.4306176900863647,0.09874541312456131,0.14241188764572144,0,True
290,0.9774271845817566,0.1479274034500122,1.0,0.06562577188014984,1.4307475090026855,1.435768723487854,0.10858836770057678,0.14372903108596802,0,True
291,0.980147123336792,0.14943674206733704,1.0,0.06541172415018082,1.419478416442871,1.424565315246582,0.09961544722318649,0.15546756982803345,0,True
292,0.9726755619049072,0.15053516626358032,1.0,0.06620250642299652,1.4246574640274048,1.4296866655349731,0.09915480017662048,0.14982977509498596,0,True
293,0.9803663492202759,0.1500457227230072,1.0,0.06609512865543365,1.3956927061080933,1.4007325172424316,0.10317119210958481,0.15569818019866943,0,True
294,0.9704344272613525,0.1437787413597107,1.0,0.06533335894346237,1.406506061553955,1.4117902517318726,0.09766979515552521,0.14918532967567444,0,True
295,0.9632430076599121,0.1382630467414856,1.0,0.06494832038879395,1.4160692691802979,1.4211444854736328,0.0944976732134819,0.1671418398618698,0,True
296,0.96529620885849,0.14450980722904205,1.0,0.06470692157745361,1.416910171508789,1.422166347503662,0.0985029861330986,0.1463148593902588,0,True
297,0.9687070846557617,0.13746127486228943,1.0,0.06514213234186172,1.429297685623169,1.43436598777771,0.1025993749499321,0.16647650301456451,0,True
298,0.9633764028549194,0.12944430112838745,1.0,0.06531965732574463,1.4493435621261597,1.4546397924423218,0.0949934870004654,0.16359852254390717,0,True
299,0.970518946647644,0.1321858912706375,1.0,0.0656510517001152,1.437591314315796,1.442693829536438,0.08786063641309738,0.15090204775333405,0,True
300,0.9680582880973816,0.12907394766807556,1.0,0.06567291915416718,1.4401851892471313,1.444772720336914,0.0854826271533966,0.1546492874622345,0,True
301,0.9746934175491333,0.14151833951473236,1.0,0.06584835797548294,1.4426745176315308,1.4475042819976807,0.11354726552963257,0.1576165109872818,0,True
302,0.9729118347167969,0.1485527604818344,1.0,0.0659918487071991,1.4463636875152588,1.4511113166809082,0.09860560297966003,0.15226900577545166,0,True
303,0.9867041110992432,0.16040508449077606,1.0,0.06625053286552429,1.4271531105041504,1.432335615158081,0.10832511633634567,0.1339690387248993,0,True
304,0.9870918989181519,0.15005338191986084,1.0,0.06689751148223877,1.422865390777588,1.4279042482376099,0.10426422208547592,0.16462865471839905,0,True
305,0.9741409420967102,0.1506587564945221,1.0,0.0669986754655838,1.4275630712509155,1.432492733001709,0.10613706707954407,0.15321999788284302,0,True
306,0.9718278050422668,0.146805077791214,1.0,0.06581626087427139,1.403364896774292,1.408499002456665,0.09224534779787064,0.14412732422351837,0,True
307,0.9679050445556641,0.14559075236320496,1.0,0.06535171717405319,1.414339542388916,1.4193248748779297,0.09410238265991211,0.1557326316833496,0,True
308,0.96122807264328,0.1385919153690338,1.0,0.06555301696062088,1.4281139373779297,1.433011770248413,0.08919624984264374,0.15950793027877808,0,True
309,0.9654048681259155,0.12995195388793945,1.0,0.06552515923976898,1.4078519344329834,1.4132071733474731,0.09312058240175247,0.1766144335269928,0,True
310,0.9639250040054321,0.13909658789634705,1.0,0.06544913351535797,1.4028091430664062,1.4079439640045166,0.09765078127384186,0.1468544602394104,0,True
311,0.951748251914978,0.13836613297462463,1.0,0.06495487689971924,1.41495680809021,1.4199166297912598,0.09689442813396454,0.14355775713920593,0,True
312,0.9455568790435791,0.13300257921218872,1.0,0.06418482959270477,1.4179975986480713,1.422818660736084,0.10339660942554474,0.14907404780387878,0,True
313,0.9536323547363281,0.1422431766986847,1.0,0.06527657806873322,1.4302070140838623,1.4353485107421875,0.10595104098320007,0.15744522213935852,0,True
314,0.9640604257583618,0.1575595736503601,1.0,0.06721121072769165,1.436288833618164,1.4419305324554443,0.09224658459424973,0.13895031809806824,0,True
315,0.9779874682426453,0.16224130988121033,1.0,0.06828243285417557,1.4288760423660278,1.4345080852508545,0.09646157920360565,0.14489421248435974,0,True
316,0.9752644300460815,0.15751487016677856,1.0,0.0677688866853714,1.429977536201477,1.4348915815353394,0.08813662827014923,0.1387021839618683,0,True
317,0.9762741327285767,0.14581134915351868,1.0,0.06644804775714874,1.4124348163604736,1.4172706604003906,0.10471274703741074,0.14321711659431458,0,True
318,0.9679003953933716,0.14677947759628296,1.0,0.0652519017457962,1.4166958332061768,1.4214688539505005,0.09356765449047089,0.15204647183418274,0,True
319,0.9578429460525513,0.13211877644062042,1.0,0.0654262900352478,1.4110512733459473,1.4157884120941162,0.09868403524160385,0.16495579481124878,0,True
320,0.9572019577026367,0.12523221969604492,1.0,0.06451166421175003,1.3970094919204712,1.4021811485290527,0.09838852286338806,0.17139750719070435,0,True
321,0.9432665109634399,0.13437311351299286,1.0,0.064303919672966,1.4092319011688232,1.4138226509094238,0.10363160073757172,0.14698287844657898,0,True
322,0.9434731006622314,0.1335439234972,1.0,0.06419435143470764,1.4313992261886597,1.4363253116607666,0.09402847290039062,0.16411101818084717,0,True
323,0.9528529644012451,0.13870106637477875,1.0,0.06515061110258102,1.4436038732528687,1.4487898349761963,0.09279943257570267,0.1471065878868103,0,True
324,0.9622619152069092,0.1408575475215912,1.0,0.0664660781621933,1.434049129486084,1.4393675327301025,0.09681012481451035,0.16794610023498535,0,True
325,0.9661468267440796,0.13740131258964539,1.0,0.06727360188961029,1.4404628276824951,1.4455233812332153,0.10377302020788193,0.15202108025550842,0,True
326,0.982254683971405,0.14517512917518616,1.0,0.0682234838604927,1.457434892654419,1.4627022743225098,0.11637041717767715,0.1320805847644806,0,True
327,0.9968194961547852,0.15373015403747559,1.0,0.06901594996452332,1.4205900430679321,1.4264109134674072,0.1213938444852829,0.1314588189125061,0,True
328,0.987945556640625,0.13373400270938873,1.0,0.06782758235931396,1.3988454341888428,1.4035389423370361,0.09574569016695023,0.1590575873851776,0,True
329,0.9829643964767456,0.1402766853570938,1.0,0.06496965885162354,1.4022783041000366,1.4070156812667847,0.08938022702932358,0.14989225566387177,0,True
330,0.954060971736908,0.132737398147583,1.0,0.06370878964662552,1.4070782661437988,1.4113147258758545,0.08987376093864441,0.163781076669693,0,True
331,0.9558966159820557,0.14250707626342773,1.0,0.06341728568077087,1.4132933616638184,1.4182746410369873,0.09066355973482132,0.16658398509025574,0,True
332,0.9606467485427856,0.15039272606372833,1.0,0.06411601603031158,1.4092552661895752,1.414859414100647,0.08965880423784256,0.16421106457710266,0,True
333,0.9413597583770752,0.13452371954917908,1.0,0.06527654081583023,1.4310617446899414,1.4358148574829102,0.08941362798213959,0.17362657189369202,0,True
334,0.941663384437561,0.132965549826622,1.0,0.0643141120672226,1.4417808055877686,1.4467415809631348,0.08935632556676865,0.17237603664398193,0,True
335,0.9544137716293335,0.14135035872459412,1.0,0.06465957313776016,1.4562427997589111,1.4614207744598389,0.0919993445277214,0.1464611291885376,0,True
336,0.959228515625,0.1400899738073349,1.0,0.06665530800819397,1.4557119607925415,1.4607453346252441,0.09133414179086685,0.14655214548110962,0,True
337,0.9695515632629395,0.1342037469148636,1.0,0.06786864995956421,1.456363558769226,1.4615309238433838,0.09637993574142456,0.15688614547252655,0,True
338,0.9799306988716125,0.14680606126785278,1.0,0.06895376741886139,1.439969539642334,1.4455211162567139,0.1015247032046318,0.13725094497203827,0,True
339,0.9933971166610718,0.14436805248260498,1.0,0.06872651726007462,1.4012234210968018,1.4070370197296143,0.10619546473026276,0.14399078488349915,0,True
340,0.9731905460357666,0.14320416748523712,1.0,0.06611791253089905,1.4057896137237549,1.4104728698730469,0.09412125498056412,0.1540525108575821,0,True
341,0.9592856168746948,0.1378803849220276,1.0,0.06405345350503922,1.392242431640625,1.3967496156692505,0.09385554492473602,0.14777353405952454,0,True
342,0.9508531093597412,0.13843680918216705,1.0,0.06261686980724335,1.3857412338256836,1.3902114629745483,0.08980380743741989,0.14917650818824768,0,True
343,0.9499840140342712,0.13620012998580933,1.0,0.0641111508011818,1.409009337425232,1.414241075515747,0.09501902759075165,0.16532891988754272,0,True
344,0.9584838151931763,0.137798011302948,1.0,0.06419876962900162,1.4192029237747192,1.4247995615005493,0.09104023873806,0.17803946137428284,0,True
345,0.9569912552833557,0.12592452764511108,1.0,0.06590723991394043,1.4352065324783325,1.4402856826782227,0.09599971771240234,0.19626130163669586,0,True
346,0.9535808563232422,0.12514016032218933,1.0,0.06528064608573914,1.4557898044586182,1.4609322547912598,0.0847024992108345,0.17800629138946533,0,True
347,0.9655407667160034,0.1313840001821518,1.0,0.06611698120832443,1.4587433338165283,1.4638200998306274,0.08895530551671982,0.15075011551380157,0,True
348,0.9752655029296875,0.13817602396011353,1.0,0.06703092157840729,1.4540550708770752,1.4587829113006592,0.09635943919420242,0.15373748540878296,0,True
349,0.99187833070755,0.1450921595096588,1.0,0.0679236352443695,1.4531276226043701,1.458475112915039,0.09511799365282059,0.1415749192237854,0,True
350,0.9890647530555725,0.14040488004684448,1.0,0.06844615936279297,1.4012669324874878,1.4067673683166504,0.09112642705440521,0.13863565027713776,0,True
351,0.9697051644325256,0.14411818981170654,1.0,0.06584827601909637,1.3920286893844604,1.39667546749115,0.08758815377950668,0.12320488691329956,0,True
352,0.9601154327392578,0.1304481327533722,1.0,0.06405080854892731,1.4073046445846558,1.4119911193847656,0.08942602574825287,0.13874919712543488,0,True
353,0.9478790760040283,0.12948696315288544,1.0,0.06355148553848267,1.4032909870147705,1.407823085784912,0.08981794863939285,0.14515313506126404,0,True
354,0.9492993354797363,0.13437777757644653,1.0,0.06374333798885345,1.4024748802185059,1.4069979190826416,0.09253862500190735,0.1472312957048416,0,True
355,0.9547239542007446,0.13217177987098694,1.0,0.06520090997219086,1.4342846870422363,1.4395637512207031,0.09538233280181885,0.17144683003425598,0,True
356,0.9557769298553467,0.1352328062057495,1.0,0.06601567566394806,1.4619746208190918,1.467268466949463,0.09742942452430725,0.15345095098018646,0,True
357,0.9588286876678467,0.12843647599220276,1.0,0.06682652235031128,1.4421050548553467,1.4470112323760986,0.09621014446020126,0.1480027735233307,0,True
358,0.9584448337554932,0.13479821383953094,1.0,0.06575572490692139,1.455512285232544,1.4604864120483398,0.10564885288476944,0.15511856973171234,1,True
359,0.9683632850646973,0.1353866159915924,0.9921875,0.06735146790742874,1.4447065591812134,1.4494574069976807,0.09640972316265106,0.1565077006816864,0,True
360,0.9786027073860168,0.13442091643810272,0.9921875,0.06734296679496765,1.4546408653259277,1.459800362586975,0.09356439113616943,0.1565764844417572,0,True
361,0.9826860427856445,0.1400936096906662,0.9921875,0.0685189813375473,1.4500223398208618,1.4553782939910889,0.0915970429778099,0.13858622312545776,0,True
362,0.983433723449707,0.13672125339508057,0.9921875,0.06674064695835114,1.3962769508361816,1.4013246297836304,0.09730985760688782,0.13762474060058594,0,True
363,0.981468915939331,0.1377883404493332,0.9921875,0.06470856070518494,1.3997433185577393,1.4046330451965332,0.11050692200660706,0.14415974915027618,0,True
364,0.9759918451309204,0.13115248084068298,0.9921875,0.06413164734840393,1.3798117637634277,1.3839590549468994,0.10914987325668335,0.16342446208000183,0,True
365,0.9687924981117249,0.137996643781662,0.9921875,0.06425410509109497,1.418544054031372,1.4234528541564941,0.09165295213460922,0.14047503471374512,0,True
366,0.96274733543396,0.1350971758365631,0.9921875,0.06420069932937622,1.4148874282836914,1.4199957847595215,0.09512494504451752,0.15253880620002747,0,True
367,0.960812509059906,0.14508020877838135,0.9921875,0.06456142663955688,1.4210469722747803,1.425953984260559,0.09263371676206589,0.16666191816329956,0,True
368,0.960736870765686,0.13422754406929016,0.9921875,0.06437280029058456,1.4293206930160522,1.4341766834259033,0.09175309538841248,0.15678849816322327,0,True
369,0.9652815461158752,0.13816586136817932,0.9921875,0.06524194031953812,1.456994891166687,1.4618821144104004,0.09187775105237961,0.1552020013332367,0,True
370,0.9791443943977356,0.14182046055793762,0.9921875,0.06702794134616852,1.446016550064087,1.451049566268921,0.09585978090763092,0.1608426570892334,0,True
371,0.9859492778778076,0.16068847477436066,0.9921875,0.06769633293151855,1.452628493309021,1.4577012062072754,0.09872664511203766,0.1635468602180481,1,True
372,0.9747369289398193,0.14603573083877563,0.984375,0.0671834647655487,1.4318946599960327,1.4362624883651733,0.09181652218103409,0.15394848585128784,0,True
373,0.9765336513519287,0.14931544661521912,0.984375,0.06545054912567139,1.4191073179244995,1.424057960510254,0.09066792577505112,0.15317338705062866,0,True
374,0.9734877347946167,0.15323257446289062,0.984375,0.06546571850776672,1.4080805778503418,1.412675142288208,0.09458780288696289,0.14355483651161194,0,True
375,0.9778753519058228,0.14005397260189056,0.984375,0.06528940796852112,1.3763141632080078,1.3813413381576538,0.09622526168823242,0.1763715147972107,0,True
376,0.9629517197608948,0.13536956906318665,0.984375,0.06452672183513641,1.3955347537994385,1.399787187576294,0.08852164447307587,0.15307606756687164,0,True
377,0.9588028192520142,0.13509982824325562,0.984375,0.06407597661018372,1.4223136901855469,1.4268310070037842,0.0937306210398674,0.1583339273929596,0,True
378,0.9542751908302307,0.1352003812789917,0.984375,0.06521681696176529,1.410730242729187,1.4152545928955078,0.09359448403120041,0.15844500064849854,0,True
379,0.9639926552772522,0.1496349722146988,0.984375,0.06535513699054718,1.4343299865722656,1.439668893814087,0.10267965495586395,0.1469002515077591,0,True
380,0.9685338735580444,0.13833823800086975,0.984375,0.06765434890985489,1.4534564018249512,1.4581595659255981,0.09661171585321426,0.15446658432483673,0,True
381,0.9690043330192566,0.14618854224681854,0.984375,0.066576287150383,1.4339144229888916,1.4389562606811523,0.10148438066244125,0.1521923840045929,0,True
382,0.9736884832382202,0.13991734385490417,0.984375,0.0662417933344841,1.4296209812164307,1.4345026016235352,0.10078820586204529,0.14648497104644775,0,True
383,0.9683949947357178,0.14459025859832764,0.984375,0.06542818993330002,1.4346319437026978,1.4390461444854736,0.09281217306852341,0.14271880686283112,0,True
384,0.9830206632614136,0.1411830484867096,0.984375,0.06636970490217209,1.450415849685669,1.4551539421081543,0.09357500076293945,0.1528182327747345,0,True
385,0.9859777688980103,0.14404921233654022,0.984375,0.06748782098293304,1.4242439270019531,1.429677963256836,0.10450952500104904,0.16378265619277954,0,True
386,0.9788078665733337,0.14310882985591888,0.984375,0.06699992716312408,1.3975574970245361,1.402855634689331,0.08988962322473526,0.15037086606025696,0,True
387,0.9612144231796265,0.13203272223472595,0.984375,0.06484442949295044,1.3817658424377441,1.3860223293304443,0.08846169710159302,0.15895065665245056,0,True
388,0.95063316822052,0.143171489238739,0.984375,0.06243322417140007,1.4152898788452148,1.4196897745132446,0.08925872296094894,0.14152102172374725,0,True
389,0.965204119682312,0.15800073742866516,0.984375,0.0632641464471817,1.3907248973846436,1.396072506904602,0.0935889407992363,0.14484745264053345,0,True
390,0.9706664085388184,0.16188286244869232,0.984375,0.06558050215244293,1.4166431427001953,1.421642780303955,0.09607965499162674,0.14682702720165253,0,True
391,0.9713406562805176,0.15033544600009918,0.984375,0.06575939804315567,1.4332515001296997,1.438298225402832,0.0897175595164299,0.16560983657836914,0,True
392,0.9651525020599365,0.14230316877365112,0.984375,0.06569570302963257,1.4226970672607422,1.427595853805542,0.1016051322221756,0.15641619265079498,0,True
393,0.9649108052253723,0.1502855271100998,0.984375,0.06511304527521133,1.440839171409607,1.445591688156128,0.10141916573047638,0.16807696223258972,0,True
394,0.9644269943237305,0.13998687267303467,0.984375,0.06549911201000214,1.4325610399246216,1.437572717666626,0.11300245672464371,0.15485942363739014,0,True
395,0.960720419883728,0.1353992223739624,0.984375,0.06598041951656342,1.4385781288146973,1.443164587020874,0.09236198663711548,0.1690192073583603,0,True
396,0.9615097641944885,0.13622525334358215,0.984375,0.06657998263835907,1.4302427768707275,1.435319185256958,0.10540106892585754,0.14654748141765594,0,True
397,0.9588932991027832,0.13032208383083344,0.9921875,0.06650412082672119,1.4197111129760742,1.4249815940856934,0.1094522625207901,0.15782344341278076,1,True
398,0.9467970728874207,0.13307303190231323,0.984375,0.0641668289899826,1.3954071998596191,1.4001036882400513,0.0920952633023262,0.15458130836486816,0,True
399,0.948173999786377,0.1430755853652954,0.984375,0.06476801633834839,1.40094792842865,1.4053153991699219,0.08916851878166199,0.15843699872493744,0,True
400,0.9566368460655212,0.15588843822479248,0.984375,0.06567969918251038,1.428668737411499,1.4333300590515137,0.10152022540569305,0.13976244628429413,0,True
401,0.9635311365127563,0.1684337854385376,0.984375,0.06621797382831573,1.4050462245941162,1.410717248916626,0.09120873361825943,0.1385946273803711,0,True
402,0.9617296457290649,0.1687447726726532,0.984375,0.0661325752735138,1.3904695510864258,1.3954200744628906,0.0917656347155571,0.14860698580741882,0,True
403,0.9478857517242432,0.15749049186706543,0.984375,0.0657801404595375,1.4142553806304932,1.4189426898956299,0.0952833741903305,0.15798188745975494,0,True
404,0.9381464719772339,0.16286137700080872,0.9921875,0.0636502131819725,1.4094274044036865,1.414283037185669,0.08714200556278229,0.15202337503433228,0,True
405,0.9440823197364807,0.15249817073345184,0.9921875,0.06348004937171936,1.4051644802093506,1.4104204177856445,0.09782250225543976,0.17440174520015717,0,True
406,0.9515570998191833,0.13848096132278442,0.9921875,0.06458958983421326,1.4228079319000244,1.427884578704834,0.0853075236082077,0.17363423109054565,0,True
407,0.9660333395004272,0.13242653012275696,0.9921875,0.06573360413312912,1.4334661960601807,1.439201831817627,0.08960332721471786,0.1773211807012558,0,True
408,0.9574481844902039,0.1279098093509674,0.9921875,0.06588864326477051,1.4208872318267822,1.4258942604064941,0.09375960379838943,0.15913666784763336,0,True
409,0.9622451066970825,0.1267620474100113,0.9921875,0.06510822474956512,1.4197710752487183,1.4245457649230957,0.09406427294015884,0.1410328596830368,0,True
410,0.9702012538909912,0.13167163729667664,0.9921875,0.06514199078083038,1.440805196762085,1.4458619356155396,0.09031674265861511,0.1597450077533722,0,True
411,0.9774565100669861,0.12915803492069244,0.9921875,0.06565835326910019,1.4307620525360107,1.4361451864242554,0.0988045334815979,0.1383512020111084,0,True
412,0.9761805534362793,0.13647283613681793,0.9921875,0.06562623381614685,1.424515962600708,1.4291722774505615,0.09048306196928024,0.1410388946533203,0,True
413,0.9708038568496704,0.14778536558151245,0.9921875,0.06570135056972504,1.4475843906402588,1.4523836374282837,0.09162340313196182,0.13937190175056458,0,True
414,0.9793097972869873,0.14943408966064453,0.9921875,0.0655742958188057,1.4070277214050293,1.4122487306594849,0.0907718688249588,0.1385529637336731,0,True
415,0.9665123224258423,0.14493432641029358,0.9921875,0.06525377929210663,1.4040789604187012,1.4085170030593872,0.10183499753475189,0.1508895456790924,0,True
416,0.9558424949645996,0.13520890474319458,0.9921875,0.06525689363479614,1.422445297241211,1.4272733926773071,0.10020676255226135,0.14691360294818878,0,True
417,0.9464051127433777,0.12857891619205475,0.9921875,0.06530497968196869,1.4212634563446045,1.426520586013794,0.0993770882487297,0.15218135714530945,0,True
418,0.9389026165008545,0.1327708661556244,0.9921875,0.06459091603755951,1.4296401739120483,1.4345142841339111,0.09292513132095337,0.13854598999023438,0,True
419,0.9523590803146362,0.1332353800535202,0.9921875,0.06541343033313751,1.4344748258590698,1.4395018815994263,0.11596547812223434,0.16367514431476593,0,True
420,0.9620453119277954,0.12954851984977722,0.9921875,0.0663500428199768,1.4260385036468506,1.4318275451660156,0.09748359769582748,0.14382027089595795,0,True
421,0.9587538242340088,0.1304912567138672,0.9921875,0.06729394197463989,1.4268512725830078,1.4318455457687378,0.09906498342752457,0.14760884642601013,1,True
422,0.9655131101608276,0.12342746555805206,0.984375,0.06656839698553085,1.408933162689209,1.413935661315918,0.09199585765600204,0.15179502964019775,0,True
423,0.9756484031677246,0.13617347180843353,0.984375,0.0659942552447319,1.4173626899719238,1.4225492477416992,0.09024612605571747,0.14018870890140533,0,True
424,0.9783806800842285,0.13285298645496368,0.984375,0.06582018733024597,1.4036409854888916,1.4084796905517578,0.09192679822444916,0.14153873920440674,0,True
425,0.9791368246078491,0.1422790288925171,0.984375,0.06514082849025726,1.4172782897949219,1.4222185611724854,0.09242655336856842,0.15198779106140137,0,True
426,0.9757393002510071,0.14761656522750854,0.984375,0.06463836878538132,1.4051636457443237,1.4103517532348633,0.09065506607294083,0.1486918181180954,0,True
427,0.967566967010498,0.13407614827156067,0.984375,0.06407661736011505,1.4045376777648926,1.4096685647964478,0.0886056199669838,0.15895295143127441,0,True
428,0.9595891237258911,0.1217845007777214,0.984375,0.06346973776817322,1.400292158126831,1.4052830934524536,0.08712256699800491,0.18476955592632294,0,True
429,0.9650975465774536,0.11853300034999847,0.984375,0.06450869143009186,1.4259579181671143,1.431160807609558,0.09565640240907669,0.17566081881523132,0,True
430,0.9610148072242737,0.11568282544612885,0.984375,0.06490577757358551,1.4228026866912842,1.4278451204299927,0.08959045261144638,0.19021478295326233,0,True
431,0.9661779403686523,0.12140651792287827,0.984375,0.06544621288776398,1.4266338348388672,1.4318612813949585,0.10646307468414307,0.1815691739320755,0,True
432,0.9730125665664673,0.12417525053024292,0.984375,0.06570620834827423,1.4294185638427734,1.4343870878219604,0.09816376119852066,0.16757062077522278,0,True
433,0.976620078086853,0.13241411745548248,0.984375,0.06606103479862213,1.4269028902053833,1.4317331314086914,0.0957597941160202,0.1394573152065277,0,True
434,0.9785010814666748,0.12454953789710999,0.984375,0.0659940093755722,1.4323556423187256,1.43691885471344,0.09679174423217773,0.13991448283195496,0,True
435,0.974386990070343,0.13097110390663147,0.984375,0.06465089321136475,1.4244040250778198,1.4292140007019043,0.08984842896461487,0.11623933911323547,0,True
436,0.976154625415802,0.12582999467849731,0.984375,0.06559540331363678,1.4268721342086792,1.43137526512146,0.09594390541315079,0.1432286947965622,0,True
437,0.9824967980384827,0.13045844435691833,0.984375,0.06611709296703339,1.4223659038543701,1.4274790287017822,0.0927281603217125,0.14162951707839966,0,True
438,0.9814343452453613,0.13734419643878937,0.984375,0.06572168320417404,1.401128888130188,1.4065760374069214,0.09211311489343643,0.1398039162158966,0,True
439,0.9701782464981079,0.12860329449176788,0.984375,0.06558789312839508,1.4119887351989746,1.4169526100158691,0.09096528589725494,0.14354364573955536,0,True
440,0.9623778462409973,0.12037663161754608,0.984375,0.06425748765468597,1.389814019203186,1.3947632312774658,0.11723054945468903,0.15940894186496735,0,True
441,0.9576902985572815,0.12119028717279434,0.984375,0.06374682486057281,1.4181236028671265,1.4230639934539795,0.10429795831441879,0.15095925331115723,0,True
442,0.9693623781204224,0.11659462749958038,0.984375,0.06542035192251205,1.4303977489471436,1.435676097869873,0.09946952015161514,0.16623789072036743,0,True
443,0.9750078320503235,0.11968083679676056,0.984375,0.0659206435084343,1.4194982051849365,1.4248069524765015,0.09329818189144135,0.14677436649799347,0,True
444,0.9675254225730896,0.12617306411266327,0.984375,0.0652325227856636,1.4273183345794678,1.4323515892028809,0.09225117415189743,0.16068315505981445,0,True
445,0.9657871127128601,0.13023662567138672,0.984375,0.06535208970308304,1.4171960353851318,1.4219491481781006,0.09316497296094894,0.1461288332939148,0,True
446,0.9637097120285034,0.12828320264816284,0.984375,0.06502630561590195,1.430126667022705,1.434683084487915,0.09940070658922195,0.15248316526412964,0,True
447,0.9757740497589111,0.13776125013828278,0.984375,0.06525682657957077,1.41544771194458,1.4208719730377197,0.0885886624455452,0.14348894357681274,0,True
448,0.9802999496459961,0.1350216269493103,0.984375,0.06652495265007019,1.406233549118042,1.412015676498413,0.08792759478092194,0.15695905685424805,0,True
449,0.9710549116134644,0.13140174746513367,0.984375,0.0661127120256424,1.4197628498077393,1.4249614477157593,0.10098768025636673,0.1367662250995636,0,True
450,0.9808914065361023,0.13557970523834229,0.984375,0.06503494083881378,1.41484534740448,1.419693946838379,0.09105435013771057,0.13177606463432312,0,True
451,0.9681374430656433,0.12737217545509338,0.984375,0.06373516470193863,1.415250301361084,1.4196791648864746,0.09494301676750183,0.14463290572166443,0,True
452,0.980014443397522,0.12431203573942184,0.984375,0.06442642211914062,1.4344539642333984,1.4398146867752075,0.08788487315177917,0.16273023188114166,0,True
453,0.9803763628005981,0.11196364462375641,0.984375,0.06551806628704071,1.4166743755340576,1.421748161315918,0.09378470480442047,0.16512367129325867,0,True
454,0.9800593852996826,0.1250060796737671,0.984375,0.06489770114421844,1.435630440711975,1.4410991668701172,0.08995593339204788,0.14288605749607086,0,True
455,0.9816491603851318,0.13031670451164246,0.984375,0.0644749104976654,1.405940294265747,1.4109807014465332,0.09292802214622498,0.16193419694900513,0,True
456,0.961525559425354,0.12860460579395294,0.984375,0.06309595704078674,1.4326227903366089,1.4370641708374023,0.09334512799978256,0.17146316170692444,0,True
457,0.9557912349700928,0.13490033149719238,0.984375,0.06317509710788727,1.444612741470337,1.448731541633606,0.08576420694589615,0.15890011191368103,0,True
458,0.9589471817016602,0.13398577272891998,0.984375,0.06464201956987381,1.4480611085891724,1.453399658203125,0.08990302681922913,0.1375642716884613,0,True
459,0.9568250179290771,0.12569844722747803,0.984375,0.06652840971946716,1.4249272346496582,1.4298697710037231,0.09808992594480515,0.16296842694282532,0,True
460,0.9651495814323425,0.1286161243915558,0.984375,0.06633202731609344,1.4257405996322632,1.4311816692352295,0.09902995079755783,0.16046738624572754,0,True
461,0.9747923016548157,0.13189291954040527,0.984375,0.06644891202449799,1.4089200496673584,1.4140492677688599,0.09780412167310715,0.13088509440422058,0,True
462,0.9787502884864807,0.13182643055915833,0.984375,0.06558141112327576,1.4248580932617188,1.429394006729126,0.09480410069227219,0.13776054978370667,0,True
463,0.964180588722229,0.1296381950378418,0.984375,0.06533248722553253,1.4221363067626953,1.4270044565200806,0.09364991635084152,0.12024373561143875,0,True
464,0.9566792845726013,0.12881524860858917,0.984375,0.06558835506439209,1.4042046070098877,1.4090423583984375,0.0952991172671318,0.11907225847244263,0,True
465,0.9562314748764038,0.13861578702926636,0.984375,0.06440442055463791,1.4034037590026855,1.408272624015808,0.09564527124166489,0.15113872289657593,1,True
466,0.9615391492843628,0.1410607397556305,0.9765625,0.06466583907604218,1.4215697050094604,1.4268367290496826,0.104881152510643,0.17924872040748596,0,True
467,0.9636290073394775,0.1330803632736206,0.9765625,0.06497540324926376,1.3981800079345703,1.403515338897705,0.09294985234737396,0.14960616827011108,0,True
468,0.9566550254821777,0.13022640347480774,0.9765625,0.06457085907459259,1.4119744300842285,1.4169068336486816,0.08864328265190125,0.16352953016757965,0,True
469,0.9499121904373169,0.1281532645225525,0.9765625,0.06312992423772812,1.4047160148620605,1.4093117713928223,0.09159931540489197,0.1672753095626831,0,True
470,0.9451481103897095,0.13684669137001038,0.9765625,0.06294648349285126,1.4212963581085205,1.426135540008545,0.0943734273314476,0.15684306621551514,0,True
471,0.9488767981529236,0.14070284366607666,0.9765625,0.06598220020532608,1.438798427581787,1.4436405897140503,0.11427292227745056,0.17521727085113525,0,True
472,0.9670786261558533,0.14056706428527832,0.9765625,0.06732389330863953,1.464372992515564,1.469948410987854,0.11080615222454071,0.13416875898838043,0,True
473,0.9654703736305237,0.12548190355300903,0.9765625,0.06815490871667862,1.420576810836792,1.4258637428283691,0.13220329582691193,0.12933549284934998,0,True
474,0.971311628818512,0.13092023134231567,0.9765625,0.06630420684814453,1.4161207675933838,1.421114444732666,0.10606957226991653,0.14787966012954712,0,True
475,0.9688645005226135,0.12996745109558105,0.9765625,0.06515026092529297,1.4052644968032837,1.4100568294525146,0.08741561323404312,0.14909258484840393,0,True
476,0.9543404579162598,0.13939735293388367,0.9765625,0.06347313523292542,1.4200870990753174,1.4246203899383545,0.08684646338224411,0.12308144569396973,0,True
477,0.9546416401863098,0.1384328305721283,0.9765625,0.06330716609954834,1.4019145965576172,1.4066352844238281,0.09194651991128922,0.1470918357372284,0,True
478,0.96244877576828,0.13085000216960907,0.9765625,0.06413069367408752,1.4203548431396484,1.4256519079208374,0.08989455550909042,0.1590847373008728,0,True
479,0.9690821170806885,0.13085532188415527,0.9765625,0.0647844672203064,1.4153859615325928,1.4209163188934326,0.08947965502738953,0.1900634765625,0,True
480,0.9617717266082764,0.1219732016324997,0.9765625,0.06386011838912964,1.4271743297576904,1.432180643081665,0.09923231601715088,0.15061330795288086,0,True
481,0.9577893018722534,0.11984821408987045,0.9765625,0.06387918442487717,1.433449387550354,1.4379806518554688,0.08758736401796341,0.14172907173633575,0,True
482,0.9561576247215271,0.12624746561050415,0.9765625,0.06433349847793579,1.4510189294815063,1.4558486938476562,0.09767232835292816,0.13348114490509033,0,True
483,0.973727822303772,0.12517130374908447,0.9765625,0.06519338488578796,1.4289697408676147,1.4342907667160034,0.0882561132311821,0.14848169684410095,0,True
484,0.9643039107322693,0.1192467138171196,0.9765625,0.06615293025970459,1.42592453956604,1.4305589199066162,0.08993938565254211,0.14912468194961548,0,True
485,0.960059642791748,0.11793103814125061,0.9765625,0.06600742042064667,1.4676226377487183,1.4726977348327637,0.09348063170909882,0.13982388377189636,0,True
486,0.9611673355102539,0.12446964532136917,0.9765625,0.06652231514453888,1.4175548553466797,1.4224997758865356,0.09249477833509445,0.11534801870584488,0,True
487,0.9756140112876892,0.14672163128852844,0.9765625,0.06547413021326065,1.4092105627059937,1.4144833087921143,0.08999636024236679,0.12296441197395325,0,True
488,0.9750069379806519,0.13881051540374756,0.9765625,0.0654144287109375,1.3977875709533691,1.402583122253418,0.08656283468008041,0.1517377495765686,0,True
489,0.9628369212150574,0.13502910733222961,0.9765625,0.06418325006961823,1.4202674627304077,1.4252043962478638,0.09348103404045105,0.14790412783622742,0,True
490,0.9615921974182129,0.12861424684524536,0.9765625,0.0639268234372139,1.4099342823028564,1.4147844314575195,0.09342546761035919,0.15374627709388733,0,True
491,0.9645485877990723,0.13472668826580048,0.9765625,0.06316159665584564,1.4207086563110352,1.4258842468261719,0.09087451547384262,0.17753802239894867,0,True
492,0.9625499248504639,0.12192162871360779,0.9765625,0.06400047242641449,1.4137325286865234,1.418839693069458,0.08484899252653122,0.16782298684120178,0,True
493,0.9714857935905457,0.11531101167201996,0.9765625,0.06458625197410583,1.440546989440918,1.44577956199646,0.08633561432361603,0.14862185716629028,0,True
494,0.9812006950378418,0.10848625749349594,0.9765625,0.06583572924137115,1.429828405380249,1.4347972869873047,0.09210514277219772,0.14948369562625885,0,True
495,0.9663477540016174,0.11561815440654755,0.9765625,0.06527595221996307,1.4217311143875122,1.426772952079773,0.09477249532938004,0.156399205327034,0,True
496,0.9526022672653198,0.11719556152820587,0.9765625,0.06447310745716095,1.4303117990493774,1.4346508979797363,0.08878055959939957,0.13442149758338928,0,True
497,0.9546284675598145,0.12800967693328857,0.9765625,0.06452959775924683,1.4224601984024048,1.427100658416748,0.09051427990198135,0.1372840702533722,0,True
498,0.95990389585495,0.1256428062915802,0.9765625,0.06548146158456802,1.4343864917755127,1.4397776126861572,0.097737155854702,0.13824373483657837,0,True
499,0.9629144072532654,0.1266452968120575,0.9765625,0.06630554795265198,1.404853343963623,1.4100887775421143,0.0900215208530426,0.14754509925842285,0,True
500,0.952916145324707,0.12671183049678802,0.9765625,0.06549937278032303,1.422574758529663,1.4275705814361572,0.09325307607650757,0.14364804327487946,0,True
501,0.9663552045822144,0.13419890403747559,0.9765625,0.06530002504587173,1.4211230278015137,1.4263850450515747,0.0876157283782959,0.14872071146965027,0,True
502,0.968852162361145,0.14090749621391296,0.9765625,0.0646575391292572,1.411017656326294,1.416056513786316,0.08841539919376373,0.17850446701049805,0,True
503,0.9718307256698608,0.12406112253665924,0.9765625,0.06482402980327606,1.4260461330413818,1.4312100410461426,0.09403436630964279,0.15896858274936676,0,True
504,0.9803863167762756,0.1279606819152832,0.9765625,0.06447528302669525,1.3974757194519043,1.4026401042938232,0.091466523706913,0.14789819717407227,0,True
505,0.9556983709335327,0.11410679668188095,0.9765625,0.06458540260791779,1.4070699214935303,1.4117876291275024,0.09974942356348038,0.1737746149301529,0,True
506,0.949789822101593,0.12295831739902496,0.9765625,0.06369192153215408,1.4374611377716064,1.4423539638519287,0.09519196301698685,0.14249466359615326,0,True
507,0.9479860067367554,0.13427641987800598,0.9765625,0.06383688002824783,1.4244780540466309,1.4293811321258545,0.09017316997051239,0.14324432611465454,0,True
508,0.9543171525001526,0.13190044462680817,0.9765625,0.06452631950378418,1.432912826538086,1.4379308223724365,0.09538751095533371,0.16272297501564026,0,True
509,0.9596659541130066,0.1208195686340332,0.9765625,0.06616373360157013,1.4256762266159058,1.431269884109497,0.08765742927789688,0.17226767539978027,0,True
510,0.9513822793960571,0.1156589463353157,0.9765625,0.06587153673171997,1.4207351207733154,1.4253242015838623,0.09270061552524567,0.12526729702949524,0,True
511,0.9571830034255981,0.12605908513069153,0.9765625,0.06555840373039246,1.4365277290344238,1.4411401748657227,0.08989656716585159,0.1162986308336258,0,True
512,0.9703997373580933,0.1359926015138626,0.9765625,0.06525319069623947,1.4118413925170898,1.4173200130462646,0.0918898656964302,0.11836574971675873,0,True
513,0.9661529064178467,0.1416676789522171,0.9765625,0.06650740653276443,1.4114768505096436,1.4163569211959839,0.08983495086431503,0.13270173966884613,0,True
514,0.96556556224823,0.13754069805145264,0.9765625,0.06552249193191528,1.390975832939148,1.3961498737335205,0.0830426961183548,0.13915620744228363,0,True
515,0.9596450328826904,0.13964784145355225,0.9765625,0.06371600925922394,1.3977404832839966,1.4028680324554443,0.09421779215335846,0.13987916707992554,0,True
516,0.9504361152648926,0.12988103926181793,0.9765625,0.06324566155672073,1.3909436464309692,1.3956996202468872,0.09154950827360153,0.15258517861366272,0,True
517,0.9530762434005737,0.1296658217906952,0.9765625,0.06239248067140579,1.4057502746582031,1.410872220993042,0.08863991498947144,0.1622292846441269,0,True
518,0.9528408050537109,0.1284833550453186,0.9765625,0.06366346776485443,1.4225069284439087,1.4277554750442505,0.08981358259916306,0.142372727394104,0,True
519,0.957142174243927,0.122862808406353,0.9765625,0.06478209793567657,1.444253921508789,1.4491398334503174,0.08910062164068222,0.15529286861419678,0,True
520,0.9605043530464172,0.11673929542303085,0.9765625,0.0649913102388382,1.4310979843139648,1.4364144802093506,0.08694783598184586,0.1510148048400879,0,True
521,0.9627821445465088,0.1286575347185135,0.9765625,0.06445283442735672,1.4346661567687988,1.439596176147461,0.09374683350324631,0.14369143545627594,0,True
522,0.979604184627533,0.12828172743320465,0.9765625,0.06536933034658432,1.4577434062957764,1.462676763534546,0.08934486657381058,0.14652957022190094,0,True
523,0.9787732362747192,0.12104900926351547,0.9765625,0.06674863398075104,1.4368510246276855,1.4419291019439697,0.08980108052492142,0.14319777488708496,0,True
524,0.9763726592063904,0.11611810326576233,0.9765625,0.06676463782787323,1.419756531715393,1.424781084060669,0.09201180189847946,0.1430739462375641,0,True
525,0.9773402214050293,0.1269667148590088,0.9765625,0.06547336280345917,1.4027944803237915,1.4080452919006348,0.09587689489126205,0.12082839757204056,0,True
526,0.973670482635498,0.12298780679702759,0.9765625,0.06412740051746368,1.392027735710144,1.3971270322799683,0.0957455262541771,0.13871657848358154,0,True
527,0.9539631605148315,0.1251884400844574,0.9765625,0.06397998332977295,1.4016940593719482,1.4063197374343872,0.08953577280044556,0.1392863690853119,0,True
528,0.9522243738174438,0.12772026658058167,0.9765625,0.06293301284313202,1.3929812908172607,1.3977177143096924,0.08950051665306091,0.14049051702022552,0,True
529,0.9447868466377258,0.13376644253730774,0.9765625,0.06347781419754028,1.4287083148956299,1.4336333274841309,0.09374547004699707,0.13921530544757843,0,True
530,0.9480714201927185,0.13377349078655243,0.984375,0.06473653018474579,1.4336695671081543,1.439042091369629,0.08920525759458542,0.14150449633598328,0,True
531,0.939900815486908,0.13397642970085144,0.984375,0.06553363800048828,1.438478708267212,1.4437434673309326,0.09436259418725967,0.14931973814964294,0,True
532,0.9475634098052979,0.12540142238140106,0.984375,0.06578753888607025,1.4401166439056396,1.4456146955490112,0.09426753968000412,0.1492576152086258,0,True
533,0.9489753246307373,0.1375272572040558,0.984375,0.06615500152111053,1.4439492225646973,1.4484320878982544,0.09401515126228333,0.121586374938488,0,True
534,0.9649020433425903,0.12434548139572144,0.984375,0.06604287028312683,1.4566495418548584,1.4618611335754395,0.09586358070373535,0.1449090540409088,0,True
535,0.9685067534446716,0.11533769965171814,0.984375,0.06610167771577835,1.4146848917007446,1.4201215505599976,0.08572977036237717,0.12713712453842163,0,True
536,0.9688986539840698,0.11743041127920151,0.984375,0.06690140068531036,1.421571135520935,1.4266951084136963,0.09444469213485718,0.13866481184959412,0,True
537,0.9851029515266418,0.12679904699325562,0.984375,0.06567025184631348,1.3906126022338867,1.396091341972351,0.0945182740688324,0.15554654598236084,0,True
538,0.9636474847793579,0.12438137829303741,0.984375,0.06486764550209045,1.3723361492156982,1.3768808841705322,0.09014525264501572,0.14642596244812012,0,True
539,0.9517190456390381,0.12904974818229675,0.9921875,0.06372373551130295,1.3877100944519043,1.392622470855713,0.09078780561685562,0.14483031630516052,0,True
540,0.941839337348938,0.12944647669792175,0.9921875,0.06293462216854095,1.3959423303604126,1.4006911516189575,0.08945993334054947,0.13911691308021545,0,True
541,0.9293052554130554,0.1385226547718048,0.9921875,0.06284520030021667,1.4044435024261475,1.4089972972869873,0.09140297770500183,0.14521083235740662,0,True
542,0.939835786819458,0.14287930727005005,0.9921875,0.06378288567066193,1.4427661895751953,1.4483659267425537,0.08918672800064087,0.15697649121284485,0,True
543,0.9391810894012451,0.1261005401611328,0.9921875,0.06548640131950378,1.4091007709503174,1.4145822525024414,0.09055359661579132,0.142920583486557,0,True
544,0.9461902379989624,0.12980686128139496,0.9921875,0.06563431024551392,1.4296417236328125,1.434665560722351,0.09117158502340317,0.1340009719133377,0,True
545,0.9525129795074463,0.13153459131717682,0.9921875,0.06571158021688461,1.4319454431533813,1.4370899200439453,0.09276099503040314,0.13856567442417145,0,True
546,0.9458976984024048,0.11552061140537262,0.9921875,0.06495088338851929,1.4263701438903809,1.4310927391052246,0.08774271607398987,0.1397274285554886,0,True
547,0.9550220370292664,0.13278907537460327,0.9921875,0.06560726463794708,1.4149553775787354,1.419936180114746,0.09059343487024307,0.13127857446670532,0,True
548,0.9639529585838318,0.13099034130573273,0.9921875,0.06598041951656342,1.41056227684021,1.415656566619873,0.08931270241737366,0.1524527370929718,0,True
549,0.9662615060806274,0.1352510154247284,0.9921875,0.06593786180019379,1.412893533706665,1.4183194637298584,0.09756097197532654,0.15430636703968048,0,True
550,0.9498664140701294,0.13361360132694244,0.9921875,0.06503388285636902,1.4039157629013062,1.408842921257019,0.09282439202070236,0.13887137174606323,0,True
551,0.9442365169525146,0.1294194459915161,0.9921875,0.06337516009807587,1.396531343460083,1.4013370275497437,0.09044426679611206,0.1411934792995453,0,True
552,0.934807538986206,0.13662411272525787,0.9921875,0.06259891390800476,1.4156041145324707,1.4207005500793457,0.0917879194021225,0.12082937359809875,0,True
553,0.9367473721504211,0.133992001414299,0.9921875,0.06429820507764816,1.4251246452331543,1.430281400680542,0.09177332371473312,0.13595080375671387,0,True
554,0.9489902257919312,0.1224135011434555,0.9921875,0.06470845639705658,1.427972674369812,1.433396816253662,0.09028591960668564,0.15311050415039062,0,True
555,0.9483339786529541,0.12421858310699463,0.9921875,0.06541355699300766,1.438657283782959,1.4440346956253052,0.08990806341171265,0.14609727263450623,0,True
556,0.9431332945823669,0.13000766932964325,0.9921875,0.06456927955150604,1.4246174097061157,1.429706335067749,0.0925411656498909,0.1405508816242218,0,True
557,0.9482343196868896,0.12978696823120117,0.9921875,0.06436946988105774,1.4360260963439941,1.4409124851226807,0.08718279004096985,0.14454659819602966,0,True
558,0.949138343334198,0.13424453139305115,0.9921875,0.06530910730361938,1.433228850364685,1.4384870529174805,0.09177713096141815,0.1401890218257904,0,True
559,0.9514881372451782,0.1398790031671524,0.9921875,0.06608280539512634,1.4083455801010132,1.4135456085205078,0.09348234534263611,0.14402247965335846,0,True
560,0.9607383012771606,0.13706912100315094,0.9921875,0.06548184156417847,1.4028596878051758,1.4083051681518555,0.09151802957057953,0.1485929936170578,0,True
561,0.9450677037239075,0.12509427964687347,0.9921875,0.06461378186941147,1.401531457901001,1.4064748287200928,0.09264282137155533,0.13699063658714294,0,True
562,0.9348936080932617,0.13388678431510925,0.9921875,0.06325159221887589,1.4101455211639404,1.4149224758148193,0.09407252073287964,0.14455322921276093,0,True
563,0.9268865585327148,0.13969917595386505,0.9921875,0.06310027092695236,1.4206324815750122,1.425477147102356,0.08909057825803757,0.16180184483528137,0,True
564,0.9367273449897766,0.12483729422092438,0.9921875,0.06410223245620728,1.433616280555725,1.4387861490249634,0.08535323292016983,0.15454202890396118,0,True
565,0.9455262422561646,0.1218223050236702,0.9921875,0.06496363878250122,1.4288699626922607,1.4343714714050293,0.08866123110055923,0.17841015756130219,0,True
566,0.9534630179405212,0.12611451745033264,0.9921875,0.06573426723480225,1.4242632389068604,1.4296077489852905,0.09278763830661774,0.16247010231018066,0,True
567,0.9451280832290649,0.1343286782503128,0.9921875,0.06462352722883224,1.4409446716308594,1.4458508491516113,0.08994428813457489,0.13747845590114594,0,True
568,0.9451833367347717,0.12850727140903473,0.9921875,0.06442853808403015,1.455795407295227,1.4602980613708496,0.09584861248731613,0.12980493903160095,0,True
569,0.9572571516036987,0.11968621611595154,0.9921875,0.06535577774047852,1.431721568107605,1.43709397315979,0.08837635815143585,0.14212855696678162,0,True
570,0.973396897315979,0.12524759769439697,0.9921875,0.06597822904586792,1.392393708229065,1.3976120948791504,0.09123652428388596,0.13882067799568176,0,True
571,0.9570537805557251,0.12094156444072723,0.9921875,0.0653342455625534,1.3999768495559692,1.404759407043457,0.09155423194169998,0.132347971200943,0,True
572,0.9537332057952881,0.12818850576877594,0.9921875,0.06425342708826065,1.3941363096237183,1.3992292881011963,0.08998198062181473,0.13372094929218292,0,True
573,0.9382208585739136,0.13079917430877686,0.9921875,0.06348317861557007,1.4122133255004883,1.4171497821807861,0.09008798748254776,0.14079715311527252,0,True
574,0.9319925308227539,0.12389040738344193,0.9921875,0.06334424018859863,1.413143277168274,1.4179540872573853,0.08838039636611938,0.1555616855621338,0,True
575,0.9314979910850525,0.13983842730522156,0.9921875,0.06414806842803955,1.4178098440170288,1.42270028591156,0.09066911786794662,0.1339177042245865,0,True
576,0.9361189603805542,0.13595792651176453,0.9921875,0.06499508768320084,1.4319366216659546,1.437577247619629,0.08963214606046677,0.14205417037010193,0,True
577,0.9504803419113159,0.137378990650177,0.9921875,0.06536636501550674,1.4256569147109985,1.4312189817428589,0.09091459959745407,0.1535024791955948,0,True
578,0.9488586187362671,0.13190285861492157,0.9921875,0.06496721506118774,1.425678014755249,1.4305918216705322,0.09029591828584671,0.1550881266593933,0,True
579,0.9463034868240356,0.127203106880188,0.9921875,0.064570352435112,1.4377360343933105,1.442671298980713,0.09297670423984528,0.13789579272270203,0,True
580,0.9438691139221191,0.12261426448822021,0.9921875,0.06430132687091827,1.4432717561721802,1.4481900930404663,0.08735425770282745,0.1321364939212799,0,True
581,0.9397801160812378,0.12627892196178436,0.9921875,0.06542535871267319,1.4258556365966797,1.4308335781097412,0.0905546247959137,0.14474107325077057,0,True
582,0.9481025338172913,0.13096708059310913,0.9921875,0.0653202086687088,1.422060251235962,1.4274775981903076,0.0933840349316597,0.15803687274456024,0,True
583,0.9566890001296997,0.1320722997188568,0.9921875,0.06609252095222473,1.4016218185424805,1.4066615104675293,0.09273423999547958,0.154221773147583,0,True
584,0.9454998970031738,0.13140630722045898,0.9921875,0.06485803425312042,1.4327962398529053,1.4377059936523438,0.0901259332895279,0.15290626883506775,0,True
585,0.9390944242477417,0.13055038452148438,0.9921875,0.06432146579027176,1.4151570796966553,1.420384407043457,0.08469218015670776,0.13026896119117737,0,True
586,0.9371398687362671,0.13421988487243652,0.9921875,0.06426217406988144,1.4201557636260986,1.4252718687057495,0.09005097299814224,0.13887572288513184,0,True
587,0.9373399615287781,0.1411246657371521,0.9921875,0.06580997258424759,1.4218006134033203,1.4269497394561768,0.09164580702781677,0.14739495515823364,0,True
588,0.9414428472518921,0.13085275888442993,0.9921875,0.06543129682540894,1.423844337463379,1.4294915199279785,0.09459024667739868,0.133761927485466,0,True
589,0.9371494054794312,0.13268627226352692,0.9921875,0.06580245494842529,1.4060139656066895,1.4110687971115112,0.09111174941062927,0.13279223442077637,0,True
590,0.9346818923950195,0.13453973829746246,0.9921875,0.06394528597593307,1.4064464569091797,1.4116393327713013,0.088775135576725,0.14982932806015015,0,True
591,0.9449758529663086,0.13488414883613586,0.9921875,0.06365825235843658,1.416153907775879,1.4215443134307861,0.09226281940937042,0.15764020383358002,0,True
592,0.9384006857872009,0.12906697392463684,0.9921875,0.06440702825784683,1.42328679561615,1.4283783435821533,0.09064336121082306,0.14058345556259155,0,True
593,0.9496533870697021,0.12732070684432983,0.9921875,0.06530510634183884,1.4336771965026855,1.4386928081512451,0.08997607231140137,0.14625594019889832,0,True
594,0.939422607421875,0.12609878182411194,0.9921875,0.0653051808476448,1.438747763633728,1.4440951347351074,0.08731301128864288,0.14250871539115906,0,True
595,0.9273567199707031,0.12448933720588684,0.9921875,0.06512169539928436,1.438656210899353,1.4437363147735596,0.09008568525314331,0.14404919743537903,0,True
596,0.9446408748626709,0.1285446286201477,0.9921875,0.06544668972492218,1.4249706268310547,1.4303042888641357,0.09755894541740417,0.1482084095478058,0,True
597,0.9505154490470886,0.133610337972641,0.9921875,0.06566738337278366,1.40781569480896,1.4129819869995117,0.09019259363412857,0.1635020673274994,0,True
598,0.9526132345199585,0.13035845756530762,0.9921875,0.06589612364768982,1.421006441116333,1.4267393350601196,0.09232646971940994,0.13363085687160492,0,True
599,0.9518510103225708,0.13321946561336517,0.9921875,0.06525653600692749,1.3895235061645508,1.3946281671524048,0.09242904931306839,0.14682385325431824,0,True
600,0.9344205856323242,0.12488231807947159,0.9921875,0.06303505599498749,1.4013044834136963,1.4058946371078491,0.08529549837112427,0.1333751082420349,0,True
601,0.9360613226890564,0.12756647169589996,0.9921875,0.06271448731422424,1.4340636730194092,1.4388283491134644,0.08583293110132217,0.13734254240989685,0,True
602,0.9522943496704102,0.12790155410766602,0.9921875,0.06426658481359482,1.4258849620819092,1.4311797618865967,0.09114354848861694,0.14479726552963257,0,True
603,0.9625823497772217,0.1254183053970337,0.9921875,0.06586366146802902,1.4227958917617798,1.4283380508422852,0.09409086406230927,0.16037319600582123,0,True
604,0.9579470157623291,0.12255962193012238,0.9921875,0.06574748456478119,1.4270977973937988,1.4323318004608154,0.08968882262706757,0.15019938349723816,0,True
605,0.9526903629302979,0.12891434133052826,0.9921875,0.06506617367267609,1.4332404136657715,1.437852382659912,0.09199409186840057,0.14482760429382324,0,True
606,0.9414462447166443,0.12824751436710358,0.9921875,0.06411797553300858,1.4367984533309937,1.4417450428009033,0.08464304357767105,0.13717328011989594,0,True
607,0.9402252435684204,0.13079924881458282,0.9921875,0.0651303380727768,1.4282349348068237,1.4332969188690186,0.09132993966341019,0.12571293115615845,0,True
608,0.9509836435317993,0.13905276358127594,0.9921875,0.0657852292060852,1.4161300659179688,1.4214982986450195,0.08987791836261749,0.14547935128211975,0,True
609,0.9579114317893982,0.13939040899276733,0.9921875,0.06685718894004822,1.4098529815673828,1.4151647090911865,0.08898356556892395,0.15468522906303406,0,True
610,0.9312945604324341,0.13091453909873962,0.9921875,0.06487341225147247,1.4164456129074097,1.4211719036102295,0.09123040735721588,0.1282494068145752,0,True
611,0.9337344169616699,0.13137516379356384,0.9921875,0.06359072029590607,1.3956496715545654,1.4010220766067505,0.09240203350782394,0.1384183168411255,0,True
612,0.9393035769462585,0.12901195883750916,0.9921875,0.06459403038024902,1.3984293937683105,1.4032139778137207,0.08865268528461456,0.14144855737686157,0,True
613,0.9502922296524048,0.13582488894462585,0.9921875,0.06511308252811432,1.4127943515777588,1.4181866645812988,0.09930315613746643,0.1618221402168274,0,True
614,0.943009614944458,0.1347537338733673,0.9921875,0.0658172219991684,1.4172477722167969,1.4226025342941284,0.10271023958921432,0.13194400072097778,0,True
615,0.9388687014579773,0.13560917973518372,1.0,0.06459900736808777,1.4088408946990967,1.413501501083374,0.09300563484430313,0.11227662861347198,0,True
616,0.9435735940933228,0.1394200623035431,1.0,0.0635930746793747,1.4044878482818604,1.4095988273620605,0.08897072821855545,0.14310361444950104,0,True
617,0.9422216415405273,0.1318054348230362,1.0,0.06408440321683884,1.4156254529953003,1.4202338457107544,0.0867951437830925,0.1498361974954605,0,True
618,0.9324404001235962,0.1359213888645172,1.0,0.06463458389043808,1.4307479858398438,1.4358247518539429,0.08770474046468735,0.1392584592103958,0,True
619,0.9430547952651978,0.13078168034553528,1.0,0.06612555682659149,1.4258463382720947,1.431257963180542,0.09235206991434097,0.1219756007194519,0,True
620,0.9377682209014893,0.13068434596061707,1.0,0.06549498438835144,1.4030262231826782,1.4081575870513916,0.0884617492556572,0.1315622478723526,0,True
621,0.943253755569458,0.13362601399421692,1.0,0.0641593188047409,1.4010612964630127,1.4059772491455078,0.08874169737100601,0.16046273708343506,0,True
622,0.9396902322769165,0.12409444153308868,1.0,0.06448420137166977,1.414844036102295,1.419886589050293,0.09267226606607437,0.13974860310554504,0,True
623,0.9484875202178955,0.12954002618789673,1.0,0.06511131674051285,1.4311251640319824,1.4357749223709106,0.08932065218687057,0.1490086168050766,0,True
624,0.9480903744697571,0.13014887273311615,1.0,0.06515176594257355,1.4236881732940674,1.4286479949951172,0.08952200412750244,0.13481256365776062,0,True
625,0.9566785097122192,0.13404019176959991,1.0,0.06511130928993225,1.399034023284912,1.4047935009002686,0.08891157805919647,0.13777974247932434,0,True
626,0.9503645896911621,0.12772712111473083,1.0,0.06501080095767975,1.4154016971588135,1.420180082321167,0.09612276405096054,0.14717015624046326,0,True
627,0.9497707486152649,0.12605278193950653,1.0,0.06393680721521378,1.438616394996643,1.443555235862732,0.09950505942106247,0.14215798676013947,0,True
628,0.9427993893623352,0.13087329268455505,1.0,0.0643092542886734,1.4094111919403076,1.4143445491790771,0.10058978945016861,0.12427884340286255,0,True
629,0.9432307481765747,0.13322004675865173,1.0,0.06449764966964722,1.4255568981170654,1.4306946992874146,0.09231948107481003,0.13839897513389587,0,True
630,0.9483712911605835,0.12717753648757935,1.0,0.06591110676527023,1.4160637855529785,1.4218077659606934,0.0903274193406105,0.13043981790542603,0,True
631,0.9398387670516968,0.12107863277196884,1.0,0.06575851142406464,1.4203029870986938,1.4252667427062988,0.0942511186003685,0.14453890919685364,0,True
632,0.9484825134277344,0.1229335367679596,1.0,0.06510689854621887,1.4421963691711426,1.4474420547485352,0.09719538688659668,0.13746899366378784,0,True
633,0.953366756439209,0.12043251097202301,1.0,0.06537334620952606,1.4081294536590576,1.4131476879119873,0.09022259712219238,0.13243168592453003,0,True
634,0.9466019868850708,0.12579771876335144,1.0,0.06509940326213837,1.4335204362869263,1.4383317232131958,0.09040455520153046,0.135288268327713,0,True
635,0.9512902498245239,0.13504528999328613,1.0,0.06543834507465363,1.4077212810516357,1.4130394458770752,0.0934828519821167,0.1334894299507141,0,True
636,0.9447661638259888,0.12112674117088318,1.0,0.06601262837648392,1.399693250656128,1.4047865867614746,0.09033985435962677,0.14486443996429443,0,True
637,0.9467300176620483,0.1293119490146637,1.0,0.06480012834072113,1.3869086503982544,1.3917882442474365,0.08890888839960098,0.1451079547405243,0,True
638,0.9368440508842468,0.13880670070648193,1.0,0.06346119195222855,1.4062269926071167,1.411203145980835,0.08963052928447723,0.14124435186386108,0,True
639,0.9408667087554932,0.14244091510772705,1.0,0.06456372886896133,1.397726058959961,1.402656078338623,0.09475241601467133,0.1340710073709488,0,True
640,0.9308128952980042,0.1406884789466858,1.0,0.06426750123500824,1.428825855255127,1.4337666034698486,0.08882934600114822,0.14169371128082275,0,True
641,0.9233775734901428,0.1286252737045288,1.0,0.06460689008235931,1.4095081090927124,1.4150550365447998,0.09761475771665573,0.14852353930473328,0,True
642,0.9219426512718201,0.12118962407112122,1.0,0.06437761336565018,1.4141453504562378,1.4192323684692383,0.09186004102230072,0.13520801067352295,0,True
643,0.935194730758667,0.12352943420410156,1.0,0.0651041716337204,1.4143617153167725,1.4193357229232788,0.08949264883995056,0.1574499011039734,0,True
644,0.9477680921554565,0.13430187106132507,1.0,0.06528729200363159,1.4304015636444092,1.435551404953003,0.09238060563802719,0.13997462391853333,0,True
645,0.9557995796203613,0.14109523594379425,1.0,0.06656605005264282,1.4303728342056274,1.4357069730758667,0.0934121161699295,0.14996850490570068,0,True
646,0.9405260682106018,0.13427361845970154,1.0,0.06581157445907593,1.4098716974258423,1.4144320487976074,0.08778590708971024,0.12822765111923218,0,True
647,0.9341293573379517,0.13843554258346558,1.0,0.06434234231710434,1.4161021709442139,1.4211430549621582,0.091548390686512,0.13907013833522797,0,True
648,0.9344331622123718,0.1408328115940094,1.0,0.06387849152088165,1.4094820022583008,1.4142091274261475,0.09325329959392548,0.14077703654766083,0,True
649,0.9357564449310303,0.14073027670383453,1.0,0.0638883113861084,1.419845700263977,1.425250768661499,0.0862053856253624,0.1472170352935791,0,True
650,0.9474616050720215,0.14376398921012878,1.0,0.06501453369855881,1.3989834785461426,1.404521107673645,0.09669843316078186,0.1395496279001236,0,True
651,0.9342645406723022,0.1393284946680069,1.0,0.06447169184684753,1.4247010946273804,1.4296627044677734,0.08813602477312088,0.14110365509986877,0,True
652,0.9370695948600769,0.12448013573884964,1.0,0.06447430700063705,1.42240571975708,1.427549958229065,0.08758129924535751,0.14196690917015076,0,True
653,0.9220298528671265,0.12884578108787537,1.0,0.06320774555206299,1.4182027578353882,1.4229717254638672,0.09065377712249756,0.13960272073745728,0,True
654,0.9320247173309326,0.13017305731773376,1.0,0.06456534564495087,1.4175077676773071,1.4226510524749756,0.08693891018629074,0.15575045347213745,0,True
655,0.9318139553070068,0.1382535845041275,1.0,0.06537123769521713,1.4294228553771973,1.4345577955245972,0.09352120757102966,0.15222898125648499,0,True
656,0.9304743409156799,0.1422560214996338,1.0,0.06624723970890045,1.416553020477295,1.4216139316558838,0.09690140932798386,0.13438570499420166,0,True
657,0.9233389496803284,0.1393984854221344,1.0,0.06565174460411072,1.4261369705200195,1.4307974576950073,0.09394793957471848,0.1432485282421112,0,True
658,0.9425445795059204,0.15278321504592896,1.0,0.06493041664361954,1.4039437770843506,1.4095802307128906,0.09165991097688675,0.1395382583141327,0,True
659,0.935931384563446,0.1553623527288437,1.0,0.06508238613605499,1.396531105041504,1.401441216468811,0.09156033396720886,0.1359221637248993,0,True
660,0.9284411668777466,0.14746005833148956,1.0,0.06390924751758575,1.4254779815673828,1.4304484128952026,0.09129840135574341,0.16030597686767578,0,True
661,0.9300919771194458,0.1425294578075409,1.0,0.06481010466814041,1.4049057960510254,1.4101290702819824,0.09046423435211182,0.13885870575904846,0,True
662,0.9234750270843506,0.13968878984451294,1.0,0.06450614333152771,1.4284987449645996,1.4334592819213867,0.0924716666340828,0.1333346962928772,0,True
663,0.9299777746200562,0.13721179962158203,1.0,0.06435847282409668,1.4072105884552002,1.4129350185394287,0.0923977941274643,0.1425093412399292,0,True
664,0.9301952123641968,0.12963372468948364,1.0,0.06382738053798676,1.3980414867401123,1.4027595520019531,0.08961221575737,0.14562594890594482,0,True
665,0.9272028207778931,0.13593968749046326,1.0,0.06373205780982971,1.4354121685028076,1.4401700496673584,0.09298338741064072,0.1554538905620575,0,True
666,0.9253695011138916,0.13707172870635986,1.0,0.06472355127334595,1.4213991165161133,1.4266674518585205,0.08957454562187195,0.12487441301345825,0,True
667,0.926586389541626,0.14499425888061523,1.0,0.0649365782737732,1.4236880540847778,1.428800106048584,0.09095999598503113,0.136947363615036,0,True
668,0.9282019734382629,0.14645454287528992,1.0,0.06514249742031097,1.4122276306152344,1.4170154333114624,0.08610901236534119,0.164424866437912,0,True
669,0.9231287837028503,0.15417957305908203,1.0,0.06469469517469406,1.4386892318725586,1.4433668851852417,0.08807831257581711,0.1326332986354828,0,True
670,0.928550124168396,0.16104114055633545,1.0,0.0651780292391777,1.4224967956542969,1.4278517961502075,0.08862036466598511,0.12489070743322372,0,True
671,0.9257347583770752,0.1476474404335022,1.0,0.06554687023162842,1.4217188358306885,1.4270833730697632,0.09345193207263947,0.1366046965122223,0,True
672,0.9172244071960449,0.14023807644844055,1.0,0.06506481766700745,1.4156925678253174,1.4203828573226929,0.0945645198225975,0.14972640573978424,0,True
673,0.9172384738922119,0.1531868875026703,1.0,0.06404910981655121,1.4093742370605469,1.4146212339401245,0.08885850757360458,0.13222172856330872,0,True
674,0.929012656211853,0.14462728798389435,1.0,0.06522790342569351,1.3919408321380615,1.3970584869384766,0.09480735659599304,0.12677067518234253,0,True
675,0.9134335517883301,0.1411397010087967,1.0,0.06480514258146286,1.421004295349121,1.4255342483520508,0.08659058064222336,0.14355427026748657,0,True
676,0.9094061255455017,0.1514066457748413,1.0,0.06388205289840698,1.417595624923706,1.4226164817810059,0.0891559049487114,0.12098900973796844,0,True
677,0.9173306822776794,0.15926140546798706,1.0,0.0644642561674118,1.4234975576400757,1.4283275604248047,0.08704730868339539,0.1277950555086136,0,True
678,0.915544867515564,0.144134521484375,1.0,0.06522765755653381,1.4206840991973877,1.4264194965362549,0.09625726193189621,0.16166073083877563,0,True
679,0.9178186655044556,0.1375436931848526,1.0,0.06539823114871979,1.4143604040145874,1.4191783666610718,0.09008556604385376,0.13585582375526428,0,True
680,0.9162098169326782,0.14951491355895996,1.0,0.06422697007656097,1.4308236837387085,1.435483694076538,0.09143179655075073,0.11579026281833649,0,True
681,0.9247838258743286,0.14873208105564117,1.0,0.06454241275787354,1.4079744815826416,1.4136064052581787,0.09208963811397552,0.12420527637004852,0,True
682,0.9220390319824219,0.1427253633737564,1.0,0.06478886306285858,1.4009026288986206,1.4057719707489014,0.09239182621240616,0.1311998814344406,0,True
683,0.923043966293335,0.14181369543075562,1.0,0.06551927328109741,1.4106333255767822,1.4156503677368164,0.09730120003223419,0.14235487580299377,0,True
684,0.915683388710022,0.14485839009284973,1.0,0.06471353769302368,1.4244612455368042,1.4294219017028809,0.0896177589893341,0.13570748269557953,0,True
685,0.9291926622390747,0.1473221480846405,1.0,0.06519417464733124,1.391230821609497,1.3966928720474243,0.0877227708697319,0.12282741814851761,0,True
686,0.9250144958496094,0.1454910784959793,1.0,0.0644984245300293,1.3968968391418457,1.4014456272125244,0.08970557153224945,0.15176138281822205,0,True
687,0.9209155440330505,0.14046382904052734,1.0,0.06380333006381989,1.410381555557251,1.415081262588501,0.09540291130542755,0.15886373817920685,0,True
688,0.9224051237106323,0.1506451964378357,1.0,0.06366793811321259,1.424514651298523,1.4295547008514404,0.09016520529985428,0.13543593883514404,0,True
689,0.9136053323745728,0.14974279701709747,1.0,0.0645555853843689,1.4189927577972412,1.423882246017456,0.09005988389253616,0.1372932493686676,0,True
690,0.9078934192657471,0.14371299743652344,1.0,0.06443000584840775,1.4366240501403809,1.441880702972412,0.09562522917985916,0.14218565821647644,0,True
691,0.9180060625076294,0.14407923817634583,1.0,0.06531678885221481,1.418660044670105,1.424128532409668,0.08856788277626038,0.14268724620342255,0,True
692,0.9203006029129028,0.14488908648490906,1.0,0.06487911939620972,1.4049336910247803,1.409751057624817,0.08959715813398361,0.14237448573112488,0,True
693,0.9147642850875854,0.14716681838035583,1.0,0.06382779031991959,1.4237174987792969,1.4287488460540771,0.09195279330015182,0.14553013443946838,0,True
694,0.9186443090438843,0.14668959379196167,1.0,0.06476034224033356,1.405409336090088,1.4105567932128906,0.09250595420598984,0.12662503123283386,0,True
695,0.9249643683433533,0.15271422266960144,1.0,0.06477128714323044,1.4209821224212646,1.4261047840118408,0.08995695412158966,0.1433938443660736,0,True
696,0.9275150299072266,0.14741820096969604,1.0,0.06559836864471436,1.4048411846160889,1.4100664854049683,0.09284879267215729,0.13086113333702087,0,True
697,0.9164727330207825,0.14562459290027618,1.0,0.0654916763305664,1.397505283355713,1.402366042137146,0.08890628814697266,0.12607106566429138,0,True
698,0.9175227880477905,0.15165755152702332,1.0,0.06440523266792297,1.4108500480651855,1.4155421257019043,0.09383116662502289,0.15004700422286987,0,True
699,0.914231538772583,0.16121797263622284,1.0,0.06388780474662781,1.4182021617889404,1.423584222793579,0.10462631285190582,0.1247188001871109,0,True
700,0.9129714965820312,0.14970818161964417,1.0,0.0638604387640953,1.3954031467437744,1.4003093242645264,0.0891595408320427,0.12564581632614136,0,True
701,0.9055815935134888,0.13895702362060547,1.0,0.06356900185346603,1.4260207414627075,1.4310052394866943,0.08889906108379364,0.16265758872032166,0,True
702,0.9197860956192017,0.1422930359840393,1.0,0.06508073210716248,1.4389870166778564,1.444094181060791,0.09379006177186966,0.1346987783908844,0,True
703,0.9276412725448608,0.13305166363716125,1.0,0.06549493968486786,1.4157183170318604,1.4210755825042725,0.09099223464727402,0.14480435848236084,0,True
704,0.9267587661743164,0.13869714736938477,1.0,0.06557054072618484,1.4209496974945068,1.4260993003845215,0.08618733286857605,0.12659770250320435,0,True
705,0.932194709777832,0.14353206753730774,1.0,0.06550449132919312,1.4278453588485718,1.4328458309173584,0.09280731528997421,0.13953448832035065,0,True
706,0.921959638595581,0.15701225399971008,1.0,0.0655793696641922,1.424916386604309,1.4301793575286865,0.09799470007419586,0.1259567141532898,0,True
707,0.9120543003082275,0.16049854457378387,1.0,0.06534020602703094,1.3990403413772583,1.4041205644607544,0.09210634231567383,0.12350526452064514,0,True
708,0.8971307277679443,0.15958738327026367,1.0,0.06391158699989319,1.396587610244751,1.4008724689483643,0.09336446970701218,0.12717868387699127,0,True
709,0.8931725025177002,0.16647475957870483,1.0,0.06396447122097015,1.3899221420288086,1.3948616981506348,0.09027687460184097,0.12282569706439972,0,True
710,0.9071722626686096,0.16423994302749634,1.0,0.06360635906457901,1.4090256690979004,1.4145559072494507,0.09135857969522476,0.14559650421142578,0,True
711,0.9013152718544006,0.1608021855354309,1.0,0.06474587321281433,1.4013047218322754,1.4066393375396729,0.09187614917755127,0.14840096235275269,0,True
712,0.8881040811538696,0.15489709377288818,1.0,0.06445766985416412,1.4325206279754639,1.4374068975448608,0.08847629278898239,0.14881941676139832,0,True
713,0.9007095098495483,0.15461939573287964,1.0,0.06479805707931519,1.4492172002792358,1.4545042514801025,0.08690530806779861,0.13622978329658508,0,True
714,0.9051468968391418,0.1457444131374359,1.0,0.06515207141637802,1.4212250709533691,1.4268425703048706,0.08714424073696136,0.12429460883140564,0,True
715,0.9250974655151367,0.1443568468093872,1.0,0.06560637801885605,1.412163257598877,1.4175724983215332,0.09303164482116699,0.13147442042827606,0,True
716,0.9332966208457947,0.144245445728302,1.0,0.06641604751348495,1.4337537288665771,1.4390368461608887,0.09119177609682083,0.14706748723983765,0,True
717,0.9190862774848938,0.14478851854801178,1.0,0.06577840447425842,1.4083867073059082,1.4135369062423706,0.08747124671936035,0.13514551520347595,0,True
718,0.9031741619110107,0.14899955689907074,1.0,0.06338268518447876,1.3925578594207764,1.397078275680542,0.08966562151908875,0.12500908970832825,0,True
719,0.9003952741622925,0.14811840653419495,1.0,0.062337856739759445,1.3962358236312866,1.4006569385528564,0.08921689540147781,0.15318706631660461,0,True
720,0.9053163528442383,0.14694568514823914,1.0,0.06313217431306839,1.414663314819336,1.4197615385055542,0.08585043251514435,0.1549985408782959,0,True
721,0.92138671875,0.15062914788722992,1.0,0.06586412340402603,1.4208300113677979,1.4264156818389893,0.08752360194921494,0.14127545058727264,0,True
722,0.9128273725509644,0.1475381702184677,1.0,0.0651446133852005,1.4300117492675781,1.4353766441345215,0.0879460796713829,0.16383931040763855,0,True
723,0.9027945399284363,0.1475781798362732,1.0,0.0637684017419815,1.4114439487457275,1.4163650274276733,0.09111007302999496,0.14127537608146667,0,True
724,0.9003806114196777,0.15266020596027374,1.0,0.06291304528713226,1.4276955127716064,1.4322028160095215,0.08994649350643158,0.149193674325943,0,True
725,0.9059985876083374,0.15044628083705902,1.0,0.06473783403635025,1.436203956604004,1.4411934614181519,0.09508004039525986,0.15749132633209229,0,True
726,0.9221361875534058,0.14960581064224243,1.0,0.067523293197155,1.4386769533157349,1.4445470571517944,0.09820817410945892,0.14207613468170166,0,True
727,0.9314702749252319,0.15910130739212036,1.0,0.06804347038269043,1.4170269966125488,1.4225726127624512,0.09115923941135406,0.13138766586780548,0,True
728,0.9106494188308716,0.14933434128761292,1.0,0.06616728007793427,1.3946881294250488,1.399357557296753,0.09420082718133926,0.13805322349071503,0,True
729,0.891254186630249,0.15698745846748352,1.0,0.06280414760112762,1.4055955410003662,1.4098005294799805,0.08784148097038269,0.11184539645910263,0,True
730,0.8915669322013855,0.16180205345153809,1.0,0.06175760179758072,1.4124443531036377,1.4172860383987427,0.0866602286696434,0.12501350045204163,0,True
731,0.8932173252105713,0.16658523678779602,1.0,0.06404930353164673,1.3973925113677979,1.4025501012802124,0.0934610590338707,0.13362765312194824,0,True
732,0.8985395431518555,0.16195009648799896,1.0,0.06506069004535675,1.4187147617340088,1.4239789247512817,0.09086873382329941,0.1461607664823532,0,True
733,0.9061960577964783,0.1526642143726349,1.0,0.06457182765007019,1.4247422218322754,1.4302330017089844,0.08685693889856339,0.14958122372627258,0,True
734,0.8980224132537842,0.1443321406841278,1.0,0.06447315216064453,1.418863296508789,1.4238417148590088,0.08801750838756561,0.12716606259346008,0,True
735,0.8980743288993835,0.1571831852197647,1.0,0.06348566710948944,1.4301587343215942,1.4348901510238647,0.08270328491926193,0.13929256796836853,0,True
736,0.9108742475509644,0.15748760104179382,1.0,0.06518551707267761,1.4492559432983398,1.4542522430419922,0.08616434037685394,0.14749503135681152,0,True
737,0.9076591730117798,0.16761404275894165,1.0,0.06657149642705917,1.46077299118042,1.4661616086959839,0.09009373188018799,0.13675105571746826,0,True
738,0.9121571779251099,0.1582885980606079,1.0,0.06780862808227539,1.4340825080871582,1.439976453781128,0.0916639119386673,0.11875102669000626,0,True
739,0.9089177846908569,0.15676377713680267,1.0,0.06665962189435959,1.4094843864440918,1.4142508506774902,0.0947704017162323,0.12607941031455994,0,True
740,0.9152231216430664,0.1492646336555481,1.0,0.06390918791294098,1.4095547199249268,1.4139189720153809,0.08917322754859924,0.11270099878311157,0,True
741,0.9088104963302612,0.15077143907546997,1.0,0.06376402080059052,1.403911828994751,1.4084064960479736,0.08938930928707123,0.11307897418737411,0,True
742,0.9024341702461243,0.15918396413326263,1.0,0.06386588513851166,1.3873786926269531,1.3925466537475586,0.09125892072916031,0.1171870157122612,0,True
743,0.9074702858924866,0.15113352239131927,1.0,0.06428386270999908,1.3858246803283691,1.3910982608795166,0.08937402814626694,0.14487892389297485,0,True
744,0.9141446352005005,0.14419767260551453,1.0,0.06388823688030243,1.409134864807129,1.4143120050430298,0.08900362253189087,0.15841174125671387,0,True
745,0.9064087271690369,0.1413390040397644,1.0,0.06326477229595184,1.402012825012207,1.4070252180099487,0.08825597167015076,0.13601548969745636,0,True
746,0.9117995500564575,0.14816942811012268,1.0,0.06379439681768417,1.4186463356018066,1.4234061241149902,0.08896390348672867,0.13784795999526978,0,True
747,0.9138978123664856,0.1661982238292694,1.0,0.06437140703201294,1.4425337314605713,1.4477660655975342,0.09151452034711838,0.12825709581375122,0,True
748,0.9037981033325195,0.1624247133731842,1.0,0.06552046537399292,1.416465401649475,1.4214239120483398,0.08711594343185425,0.137052521109581,0,True
749,0.9071633219718933,0.1681254804134369,1.0,0.06539623439311981,1.4198429584503174,1.425015926361084,0.08804259449243546,0.13543164730072021,0,True
750,0.9041252136230469,0.15528260171413422,1.0,0.0655427947640419,1.407059907913208,1.4123077392578125,0.09026491641998291,0.1444900631904602,0,True
751,0.9031922817230225,0.15085196495056152,1.0,0.06492377817630768,1.4256482124328613,1.430271863937378,0.08582606166601181,0.1358342468738556,0,True
752,0.9039415717124939,0.14254286885261536,1.0,0.06532464921474457,1.4179447889328003,1.4227609634399414,0.08665869385004044,0.1304064840078354,0,True
753,0.9139939546585083,0.15626651048660278,1.0,0.06535732746124268,1.4153194427490234,1.4206583499908447,0.09418456256389618,0.12484730780124664,0,True
754,0.9132726788520813,0.16345953941345215,1.0,0.06577018648386002,1.4250613451004028,1.4301608800888062,0.09091297537088394,0.1308024525642395,0,True
755,0.9081388711929321,0.15216092765331268,1.0,0.0647096335887909,1.404953122138977,1.4099295139312744,0.09100402146577835,0.12763889133930206,0,True
756,0.8962364792823792,0.1548805683851242,1.0,0.06274519860744476,1.4282851219177246,1.433100938796997,0.08667727559804916,0.13661423325538635,0,True
757,0.8976902365684509,0.17007306218147278,1.0,0.0633016899228096,1.3993414640426636,1.404537558555603,0.08760754019021988,0.13004887104034424,0,True
758,0.8962684869766235,0.17125575244426727,1.0,0.06439176946878433,1.4301621913909912,1.4354969263076782,0.09787717461585999,0.13851378858089447,0,True
759,0.8884425163269043,0.1663089096546173,1.0,0.06413964927196503,1.4222638607025146,1.4269213676452637,0.08701383322477341,0.16117417812347412,0,True
760,0.8965376615524292,0.17334091663360596,1.0,0.06376291811466217,1.4403157234191895,1.4455444812774658,0.08653277158737183,0.1592286229133606,0,True
761,0.8975270390510559,0.164536252617836,1.0,0.06530207395553589,1.4281519651412964,1.433140754699707,0.0916997641324997,0.13847672939300537,0,True
762,0.8921045660972595,0.14830699563026428,1.0,0.06481422483921051,1.4225237369537354,1.4272680282592773,0.0863378569483757,0.1330960988998413,0,True
763,0.8933559656143188,0.1561884582042694,1.0,0.06514467298984528,1.4300332069396973,1.4349405765533447,0.09001288563013077,0.1307799369096756,0,True
764,0.9129690527915955,0.161436527967453,1.0,0.06572189927101135,1.4053587913513184,1.410693645477295,0.08933547139167786,0.13354042172431946,0,True
765,0.9218704700469971,0.16382938623428345,1.0,0.06594221293926239,1.4104195833206177,1.4158881902694702,0.09043266624212265,0.15728667378425598,0,True
766,0.9015421867370605,0.15093843638896942,1.0,0.06472177803516388,1.4130504131317139,1.4179518222808838,0.08994642645120621,0.1258212924003601,0,True
767,0.8981450200080872,0.15787479281425476,1.0,0.06283187866210938,1.3912689685821533,1.3958410024642944,0.08598039299249649,0.12727876007556915,0,True
768,0.895868182182312,0.16890686750411987,1.0,0.06268230080604553,1.4072566032409668,1.4126067161560059,0.08763939887285233,0.14102762937545776,0,True
769,0.897109866142273,0.15519456565380096,1.0,0.06462892144918442,1.4056495428085327,1.4109070301055908,0.08708888292312622,0.15006834268569946,0,True
770,0.9002590179443359,0.1510695517063141,1.0,0.06467223167419434,1.4133853912353516,1.4186652898788452,0.0915544256567955,0.1418825089931488,0,True
771,0.9076238870620728,0.14877411723136902,1.0,0.06506165862083435,1.414162278175354,1.419489860534668,0.0882761999964714,0.12195618450641632,0,True
772,0.9025974273681641,0.1459423154592514,1.0,0.0657358318567276,1.428891897201538,1.434149980545044,0.08925499022006989,0.12741807103157043,0,True
773,0.9032791256904602,0.15163740515708923,1.0,0.06553564965724945,1.3928334712982178,1.398097038269043,0.10578064620494843,0.1314278542995453,0,True
774,0.9012932777404785,0.15819688141345978,1.0,0.0655500739812851,1.3996987342834473,1.4045648574829102,0.08766820281744003,0.13361379504203796,0,True
775,0.9079599380493164,0.16591599583625793,1.0,0.06568170338869095,1.4271302223205566,1.432155966758728,0.09055394679307938,0.12584759294986725,0,True
776,0.9113778471946716,0.1663030982017517,1.0,0.06514781713485718,1.4046814441680908,1.4106471538543701,0.09066027402877808,0.13519138097763062,0,True
777,0.8913847208023071,0.16279765963554382,1.0,0.06444588303565979,1.3892951011657715,1.3941899538040161,0.09132733196020126,0.13715557754039764,0,True
778,0.8884018659591675,0.16890504956245422,1.0,0.06300931423902512,1.4168766736984253,1.421553611755371,0.0950700119137764,0.14532522857189178,0,True
779,0.8849281072616577,0.16408982872962952,1.0,0.06315845251083374,1.4246327877044678,1.4297256469726562,0.09294749796390533,0.13886362314224243,0,True
780,0.8811142444610596,0.17015919089317322,1.0,0.06370168924331665,1.4383211135864258,1.4433212280273438,0.09925714880228043,0.14617764949798584,0,True
781,0.8864759206771851,0.17075654864311218,1.0,0.06512311100959778,1.4303456544876099,1.4358274936676025,0.09038567543029785,0.14106036722660065,0,True
782,0.8870943784713745,0.17287012934684753,1.0,0.06569921970367432,1.4270787239074707,1.4326823949813843,0.09299936145544052,0.15780183672904968,0,True
783,0.8921840190887451,0.17015549540519714,1.0,0.06588602066040039,1.4211688041687012,1.4262914657592773,0.09199315309524536,0.13133957982063293,0,True
784,0.8912850618362427,0.17699947953224182,1.0,0.0644596666097641,1.4289414882659912,1.434062123298645,0.09370813518762589,0.12951231002807617,0,True
785,0.8890141248703003,0.1697935163974762,1.0,0.06435493379831314,1.4147698879241943,1.419715166091919,0.09203679859638214,0.12100335210561752,0,True
786,0.8901480436325073,0.17397475242614746,1.0,0.06383589655160904,1.400297999382019,1.4056262969970703,0.08797754347324371,0.13204051554203033,0,True
787,0.8810248374938965,0.17220164835453033,1.0,0.06406838446855545,1.3840415477752686,1.3890585899353027,0.09713892638683319,0.14494898915290833,0,True
788,0.8681603670120239,0.1805303990840912,1.0,0.06335944682359695,1.420938491821289,1.4257136583328247,0.09383038431406021,0.14879962801933289,0,True
789,0.8719272613525391,0.17322146892547607,1.0,0.06326957792043686,1.4173414707183838,1.42262864112854,0.08778425306081772,0.14156650006771088,0,True
790,0.8814491629600525,0.16847312450408936,1.0,0.06429174542427063,1.4445724487304688,1.4497573375701904,0.08614828437566757,0.13983462750911713,0,True
791,0.8897601366043091,0.1682678610086441,1.0,0.06620258837938309,1.4328969717025757,1.4384450912475586,0.08936398476362228,0.1459147036075592,0,True
792,0.9060932397842407,0.16313228011131287,1.0,0.0669577419757843,1.4463918209075928,1.4517061710357666,0.08798842877149582,0.136834979057312,0,True
793,0.9052111506462097,0.15514671802520752,1.0,0.06637321412563324,1.4241969585418701,1.4293816089630127,0.09303490817546844,0.13396841287612915,0,True
794,0.8958292007446289,0.15976297855377197,1.0,0.06524905562400818,1.4064393043518066,1.4109740257263184,0.09239324927330017,0.13221877813339233,0,True
795,0.8877943754196167,0.16609999537467957,1.0,0.06317346543073654,1.4059054851531982,1.4102164506912231,0.09311611205339432,0.11691581457853317,0,True
796,0.8930956125259399,0.1686183512210846,1.0,0.06367926299571991,1.4142714738845825,1.4194344282150269,0.08796270936727524,0.1309884935617447,0,True
797,0.8987735509872437,0.17106465995311737,1.0,0.06462610512971878,1.4090946912765503,1.4151326417922974,0.08878350257873535,0.1320088654756546,0,True
798,0.8846383094787598,0.16642220318317413,1.0,0.06458553671836853,1.3929171562194824,1.397712230682373,0.09964454919099808,0.1545877605676651,0,True
799,0.8739174008369446,0.16966672241687775,1.0,0.06281168758869171,1.4320799112319946,1.4368319511413574,0.0939396321773529,0.12005038559436798,0,True
800,0.8798614740371704,0.16699476540088654,1.0,0.0627722293138504,1.4269073009490967,1.43201744556427,0.0902513638138771,0.12708425521850586,0,True
801,0.8854393362998962,0.16611158847808838,1.0,0.06567467749118805,1.4431359767913818,1.448258638381958,0.09270194172859192,0.15085773169994354,0,True
802,0.8991896510124207,0.17330849170684814,1.0,0.0668359249830246,1.4448707103729248,1.4504761695861816,0.08998019993305206,0.16094663739204407,0,True
803,0.9007433652877808,0.18102319538593292,1.0,0.06727847456932068,1.419893503189087,1.4254100322723389,0.09036768972873688,0.14456817507743835,0,True
804,0.8985120058059692,0.17553764581680298,1.0,0.06626537442207336,1.4006011486053467,1.4056503772735596,0.09027492254972458,0.13300317525863647,0,True
805,0.886883020401001,0.16900184750556946,1.0,0.063675656914711,1.4073315858840942,1.411661982536316,0.0883818119764328,0.1309349536895752,0,True
806,0.8752514719963074,0.17322179675102234,1.0,0.06306087970733643,1.4029072523117065,1.4073293209075928,0.08843570202589035,0.12060762941837311,0,True
807,0.8737404346466064,0.1727156788110733,1.0,0.0628664568066597,1.397421956062317,1.4025367498397827,0.09073129296302795,0.12840844690799713,0,True
808,0.8697226047515869,0.17279744148254395,1.0,0.06421656906604767,1.4050769805908203,1.4105613231658936,0.09220057725906372,0.14578163623809814,0,True
809,0.8769803643226624,0.17188549041748047,1.0,0.06515410542488098,1.4180567264556885,1.4235682487487793,0.09034833312034607,0.13536739349365234,0,True
810,0.8863685131072998,0.17538273334503174,1.0,0.0646289736032486,1.4252777099609375,1.430469274520874,0.08784390240907669,0.13267052173614502,0,True
811,0.8706415891647339,0.1798296719789505,1.0,0.06410278379917145,1.4213221073150635,1.4261671304702759,0.09758789092302322,0.11939730495214462,0,True
812,0.8859077095985413,0.1840510368347168,1.0,0.06459034234285355,1.443234920501709,1.448623538017273,0.08984136581420898,0.14670221507549286,0,True
813,0.8868610858917236,0.18427211046218872,1.0,0.06586837768554688,1.4303615093231201,1.435794472694397,0.09183206409215927,0.11850327253341675,0,True
814,0.8945145606994629,0.17802609503269196,1.0,0.06546957790851593,1.4411824941635132,1.446184515953064,0.08837241679430008,0.1542222499847412,0,True
815,0.8911842107772827,0.18081286549568176,1.0,0.06560675799846649,1.4444743394851685,1.4497990608215332,0.09324748069047928,0.13617613911628723,0,True
816,0.8964043259620667,0.18089909851551056,1.0,0.06470281630754471,1.3885422945022583,1.3935019969940186,0.08958671987056732,0.1279161274433136,0,True
817,0.8867460489273071,0.1711287647485733,1.0,0.0630960613489151,1.4210090637207031,1.4256290197372437,0.0875893384218216,0.1414797604084015,0,True
818,0.8753814101219177,0.16633279621601105,1.0,0.06330273300409317,1.4122463464736938,1.4167759418487549,0.08569788187742233,0.1424681842327118,0,True
819,0.8724561929702759,0.16969600319862366,1.0,0.06352078914642334,1.4014577865600586,1.406204342842102,0.08841033279895782,0.13226428627967834,0,True
820,0.8785425424575806,0.16631516814231873,1.0,0.06448286771774292,1.443374752998352,1.4484806060791016,0.09518342465162277,0.1390918493270874,0,True
821,0.882578432559967,0.15900152921676636,1.0,0.06523597240447998,1.4155476093292236,1.4211653470993042,0.09305184334516525,0.14475113153457642,0,True
822,0.8846564292907715,0.1611899435520172,1.0,0.06548348814249039,1.4144964218139648,1.4195126295089722,0.09758907556533813,0.1056186705827713,0,True
823,0.8978706002235413,0.17186060547828674,1.0,0.0651317834854126,1.429911494255066,1.4348108768463135,0.09174931794404984,0.11564725637435913,0,True
824,0.8942247629165649,0.1682809293270111,1.0,0.06495748460292816,1.4063305854797363,1.4117538928985596,0.09754964709281921,0.1231769248843193,0,True
825,0.892003059387207,0.1693582981824875,1.0,0.06427939236164093,1.4096550941467285,1.4143635034561157,0.09329641610383987,0.15815339982509613,0,True
826,0.8954572677612305,0.16396531462669373,1.0,0.06550286710262299,1.4212647676467896,1.4266254901885986,0.09220635890960693,0.14240780472755432,0,True
827,0.8893093466758728,0.1692521572113037,1.0,0.06559361517429352,1.3979920148849487,1.4034812450408936,0.09630043804645538,0.12635058164596558,0,True
828,0.8839740753173828,0.17111802101135254,1.0,0.0650094673037529,1.4033679962158203,1.4084328413009644,0.09030041843652725,0.13055887818336487,0,True
829,0.8748569488525391,0.16380473971366882,1.0,0.0634874626994133,1.3936448097229004,1.3981988430023193,0.09154754132032394,0.1374678611755371,0,True
830,0.8719425201416016,0.16530850529670715,1.0,0.06278572976589203,1.4074512720108032,1.4122936725616455,0.08914423733949661,0.1460605263710022,0,True
831,0.8749837875366211,0.1588209867477417,1.0,0.06406519562005997,1.4228904247283936,1.428084373474121,0.09588927775621414,0.15158259868621826,0,True
832,0.8697251081466675,0.1702904999256134,1.0,0.06520085036754608,1.4193940162658691,1.4246406555175781,0.09395328164100647,0.15073564648628235,0,True
833,0.8842074275016785,0.1677820086479187,1.0,0.06570357084274292,1.4089717864990234,1.4144905805587769,0.0890684574842453,0.14520716667175293,0,True
834,0.8889368772506714,0.18304243683815002,1.0,0.06479077786207199,1.4210400581359863,1.4262065887451172,0.08808450400829315,0.13114459812641144,0,True
835,0.8876503705978394,0.18152755498886108,1.0,0.06435500085353851,1.4204704761505127,1.425384759902954,0.09939588606357574,0.12430807948112488,0,True
836,0.8790994882583618,0.1873357594013214,1.0,0.06366652995347977,1.4122707843780518,1.4174178838729858,0.09934725612401962,0.128439262509346,0,True
837,0.8757607340812683,0.18026317656040192,1.0,0.06468693166971207,1.4330284595489502,1.4380466938018799,0.088016577064991,0.10989899933338165,0,True
838,0.86681067943573,0.1809154599905014,1.0,0.06463668495416641,1.42750883102417,1.4322495460510254,0.08756165206432343,0.136489599943161,0,True
839,0.8732670545578003,0.1694694459438324,1.0,0.06447596848011017,1.4292197227478027,1.4345366954803467,0.09019419550895691,0.13561369478702545,0,True
840,0.8859362006187439,0.1665990948677063,1.0,0.06463077664375305,1.4135594367980957,1.4192261695861816,0.09226088970899582,0.11959514021873474,0,True
841,0.8911766409873962,0.15788456797599792,1.0,0.0655936673283577,1.4102551937103271,1.4156862497329712,0.09163578599691391,0.15702372789382935,0,True
842,0.8774433135986328,0.16070079803466797,1.0,0.06531345844268799,1.4335987567901611,1.438603401184082,0.08612319827079773,0.13949744403362274,0,True
843,0.8769311308860779,0.1694110929965973,1.0,0.06452137231826782,1.4021508693695068,1.406977653503418,0.08982902765274048,0.12556231021881104,0,True
844,0.8730902671813965,0.18382233381271362,1.0,0.0638360008597374,1.4111485481262207,1.4157311916351318,0.09424325823783875,0.11368728429079056,0,True
845,0.8850833177566528,0.18680256605148315,1.0,0.06481528282165527,1.4063007831573486,1.4117460250854492,0.09268415719270706,0.12958493828773499,0,True
846,0.888174831867218,0.18443718552589417,1.0,0.06521379947662354,1.4157731533050537,1.4212051630020142,0.09067358821630478,0.1451161652803421,0,True
847,0.8824816942214966,0.17836016416549683,1.0,0.06447971612215042,1.394395112991333,1.3994688987731934,0.08917760848999023,0.14050261676311493,0,True
848,0.8717079758644104,0.1765783578157425,1.0,0.06364511698484421,1.4136743545532227,1.418663501739502,0.09547091275453568,0.12683016061782837,0,True
849,0.8748772144317627,0.1672949194908142,1.0,0.06316119432449341,1.4019901752471924,1.4071204662322998,0.08654873073101044,0.12339848279953003,0,True
850,0.871907114982605,0.16189146041870117,1.0,0.06370227783918381,1.4236557483673096,1.4283826351165771,0.09066072106361389,0.12260788679122925,0,True
851,0.8855285048484802,0.15858110785484314,1.0,0.06579871475696564,1.4381728172302246,1.443613052368164,0.10663501918315887,0.1465073823928833,0,True
852,0.8892357349395752,0.15673965215682983,1.0,0.06721153110265732,1.435850739479065,1.4415218830108643,0.09393033385276794,0.13446025550365448,0,True
853,0.8900999426841736,0.16216573119163513,1.0,0.06653259694576263,1.3971145153045654,1.402456521987915,0.08736145496368408,0.14294280111789703,0,True
854,0.884787917137146,0.16663675010204315,1.0,0.0648019015789032,1.4059464931488037,1.410508632659912,0.08973095566034317,0.15060648322105408,0,True
855,0.8819811344146729,0.18574047088623047,1.0,0.06277002394199371,1.4174844026565552,1.4221649169921875,0.09175869077444077,0.1318395435810089,0,True
856,0.893502414226532,0.18519599735736847,1.0,0.06426006555557251,1.3971776962280273,1.4022101163864136,0.08966658264398575,0.1423189789056778,0,True
857,0.8728054761886597,0.17660897970199585,1.0,0.06460126489400864,1.407065749168396,1.4116615056991577,0.09177184104919434,0.1314491331577301,0,True
858,0.8688415288925171,0.18199853599071503,1.0,0.06398120522499084,1.4144493341445923,1.4198493957519531,0.08786708116531372,0.13079708814620972,0,True
859,0.875191330909729,0.16601569950580597,1.0,0.06461508572101593,1.4104260206222534,1.4161996841430664,0.09584921598434448,0.15823297202587128,0,True
860,0.8617710471153259,0.16746732592582703,1.0,0.06381696462631226,1.4150497913360596,1.4197252988815308,0.09194502979516983,0.12310557812452316,0,True
861,0.8621739745140076,0.17067408561706543,1.0,0.06325528770685196,1.4213621616363525,1.425995111465454,0.09002523869276047,0.15235936641693115,0,True
862,0.8691198825836182,0.16438175737857819,1.0,0.06451380252838135,1.4270906448364258,1.432446837425232,0.09049653261899948,0.12267246842384338,0,True
863,0.8776308298110962,0.17086143791675568,1.0,0.06537756323814392,1.4035810232162476,1.4087162017822266,0.0879865363240242,0.15437334775924683,0,True
864,0.8823491334915161,0.17073020339012146,1.0,0.06484657526016235,1.426614761352539,1.4316282272338867,0.09438426047563553,0.14704307913780212,0,True
865,0.879077672958374,0.17155006527900696,1.0,0.06418345868587494,1.4167962074279785,1.4216538667678833,0.08987347036600113,0.1405782699584961,0,True
866,0.8871495723724365,0.18637624382972717,1.0,0.06446874886751175,1.4144995212554932,1.4194998741149902,0.09069640189409256,0.1350003480911255,0,True
867,0.8799021244049072,0.18498486280441284,1.0,0.06482267379760742,1.3878729343414307,1.3928031921386719,0.09403298050165176,0.14814504981040955,0,True
868,0.8662617206573486,0.18361347913742065,1.0,0.06322827935218811,1.4215140342712402,1.4263255596160889,0.08491432666778564,0.13693347573280334,0,True
869,0.8745022416114807,0.1805851310491562,1.0,0.06432395428419113,1.42470383644104,1.4300360679626465,0.0857124775648117,0.13933628797531128,0,True
870,0.8705872297286987,0.1735326647758484,1.0,0.06454253196716309,1.3945270776748657,1.4000312089920044,0.09257358312606812,0.13029292225837708,0,True
871,0.8663080930709839,0.16730639338493347,1.0,0.06493912637233734,1.421736717224121,1.426640510559082,0.09060099720954895,0.13837984204292297,0,True
872,0.8645488023757935,0.1691589057445526,1.0,0.06463968753814697,1.4207980632781982,1.4258548021316528,0.09105902910232544,0.13519597053527832,0,True
873,0.860352635383606,0.18001531064510345,1.0,0.06376058608293533,1.422694444656372,1.4280519485473633,0.08975128829479218,0.12053035199642181,0,True
874,0.8694295287132263,0.17899078130722046,1.0,0.06390649825334549,1.409494161605835,1.414570927619934,0.0931965559720993,0.15218928456306458,0,True
875,0.8757714033126831,0.17817029356956482,1.0,0.0648503452539444,1.4401967525482178,1.4449212551116943,0.09089480340480804,0.15233978629112244,0,True
876,0.8765454888343811,0.1813417226076126,1.0,0.06403372436761856,1.4369046688079834,1.441867709159851,0.08665625005960464,0.1439446061849594,0,True
877,0.8857946395874023,0.19175343215465546,1.0,0.06512714922428131,1.4331705570220947,1.4386098384857178,0.09194185584783554,0.13941827416419983,0,True
878,0.8936852216720581,0.18394450843334198,1.0,0.0661989077925682,1.4122288227081299,1.4176311492919922,0.0910593792796135,0.1439540982246399,0,True
879,0.8883682489395142,0.1789986789226532,1.0,0.06431412696838379,1.3905448913574219,1.3950347900390625,0.08774416893720627,0.13695350289344788,0,True
880,0.8768885135650635,0.18592724204063416,1.0,0.06402623653411865,1.413235068321228,1.4179162979125977,0.08871012926101685,0.12323642522096634,0,True
881,0.8680060505867004,0.17846643924713135,1.0,0.06284673511981964,1.3961864709854126,1.4018726348876953,0.09297976642847061,0.14053195714950562,0,True
882,0.8574776649475098,0.17222252488136292,1.0,0.06327387690544128,1.4006638526916504,1.4054020643234253,0.09124225378036499,0.14042198657989502,0,True
883,0.8517075181007385,0.17555227875709534,1.0,0.06328308582305908,1.4218522310256958,1.4266843795776367,0.08993422985076904,0.15303173661231995,0,True
884,0.8615797758102417,0.17203982174396515,1.0,0.0638585239648819,1.4378732442855835,1.442811369895935,0.08904553204774857,0.13670481741428375,0,True
885,0.8718588948249817,0.1826283037662506,1.0,0.06511227786540985,1.4348945617675781,1.4401004314422607,0.08904066681861877,0.13757774233818054,0,True
886,0.8847036361694336,0.17735230922698975,1.0,0.06629963219165802,1.4268691539764404,1.4323441982269287,0.09137380123138428,0.15161067247390747,0,True
887,0.893273651599884,0.17883729934692383,1.0,0.06659167259931564,1.409374713897705,1.4142398834228516,0.09457676857709885,0.13789993524551392,0,True
888,0.8922832012176514,0.1903647929430008,1.0,0.06651866436004639,1.4088921546936035,1.4139363765716553,0.09257793426513672,0.12273357063531876,0,True
889,0.8768840432167053,0.18971848487854004,1.0,0.06550653278827667,1.414984941482544,1.4196903705596924,0.10699652135372162,0.12272033840417862,0,True
890,0.868560254573822,0.18720988929271698,1.0,0.06357622146606445,1.3860005140304565,1.3911104202270508,0.09982496500015259,0.1283489167690277,0,True
891,0.8626922965049744,0.19317400455474854,1.0,0.0627107322216034,1.3898133039474487,1.3946588039398193,0.08589477092027664,0.1518334448337555,0,True
892,0.8531232476234436,0.18239948153495789,1.0,0.06262631714344025,1.4026331901550293,1.4077818393707275,0.09589032083749771,0.1645505130290985,0,True
893,0.8485133647918701,0.18984079360961914,1.0,0.06221237778663635,1.4036710262298584,1.4090869426727295,0.08796118199825287,0.14419850707054138,0,True
894,0.8459194898605347,0.1878100335597992,1.0,0.06198045238852501,1.4074890613555908,1.4126708507537842,0.09227337688207626,0.14582377672195435,0,True
895,0.8479917645454407,0.19067439436912537,1.0,0.06339172273874283,1.4399099349975586,1.4447877407073975,0.09381712228059769,0.14068260788917542,0,True
896,0.8531036376953125,0.19209375977516174,1.0,0.06522969901561737,1.4540200233459473,1.4591898918151855,0.0924118235707283,0.1381063461303711,0,True
897,0.8607321977615356,0.1862071454524994,1.0,0.06692022830247879,1.4557757377624512,1.4612317085266113,0.09779922664165497,0.14990030229091644,0,True
898,0.8684474229812622,0.19274291396141052,1.0,0.06738936901092529,1.4251205921173096,1.4302318096160889,0.08717087656259537,0.14677783846855164,0,True
899,0.861541748046875,0.2113628089427948,1.0,0.06642010062932968,1.4191465377807617,1.424330711364746,0.09231548011302948,0.12839186191558838,0,True
900,0.8531312942504883,0.20598962903022766,1.0,0.06481718271970749,1.3968371152877808,1.4023120403289795,0.08861466497182846,0.12759482860565186,0,True
901,0.8510597348213196,0.20221064984798431,1.0,0.06360187381505966,1.3836710453033447,1.3883196115493774,0.08784708380699158,0.130700945854187,0,True
902,0.8497394919395447,0.2063831388950348,1.0,0.0632450208067894,1.37677001953125,1.3816163539886475,0.09188058972358704,0.11203760653734207,0,True
903,0.83683180809021,0.19538795948028564,1.0,0.06260368227958679,1.4046303033828735,1.4099104404449463,0.08842100203037262,0.1325448602437973,0,True
904,0.8357065916061401,0.1900094747543335,1.0,0.06310877203941345,1.3927490711212158,1.397885799407959,0.08919979631900787,0.11803706735372543,0,True
905,0.8346657156944275,0.19617989659309387,1.0,0.06336301565170288,1.4298405647277832,1.4348254203796387,0.09392659366130829,0.15869709849357605,0,True
906,0.8452540636062622,0.1935778260231018,1.0,0.06424437463283539,1.4497032165527344,1.4553194046020508,0.08453528583049774,0.1584295779466629,0,True
907,0.8559294939041138,0.2002817541360855,1.0,0.06536595523357391,1.4431062936782837,1.4485211372375488,0.08892899006605148,0.14491213858127594,0,True
908,0.8639659285545349,0.18407060205936432,1.0,0.0663522258400917,1.4502675533294678,1.4553813934326172,0.08953062444925308,0.1395130157470703,0,True
909,0.8630787134170532,0.19912537932395935,1.0,0.066732257604599,1.4317517280578613,1.4367940425872803,0.10934218764305115,0.12735632061958313,0,True
910,0.8519099950790405,0.20479705929756165,1.0,0.06549125909805298,1.4034018516540527,1.408012866973877,0.08852563053369522,0.125137597322464,0,True
911,0.8473791480064392,0.21032863855361938,1.0,0.06488488614559174,1.411049723625183,1.416317105293274,0.09193409979343414,0.1260831654071808,0,True
912,0.8565888404846191,0.20340391993522644,1.0,0.06427624821662903,1.3662104606628418,1.3716230392456055,0.08853710442781448,0.13459709286689758,0,True
913,0.8491535186767578,0.19085589051246643,1.0,0.06356289982795715,1.386073112487793,1.3908922672271729,0.09378461539745331,0.12315457314252853,0,True
914,0.8445874452590942,0.18835102021694183,1.0,0.062254298478364944,1.3890221118927002,1.3938937187194824,0.08634565770626068,0.14194966852664948,0,True
915,0.8406459093093872,0.189337819814682,1.0,0.06235804408788681,1.4272804260253906,1.4324510097503662,0.09034945070743561,0.12361244857311249,0,True
916,0.846472978591919,0.19222205877304077,1.0,0.06358136981725693,1.4356884956359863,1.4408718347549438,0.09143134951591492,0.15021006762981415,0,True
917,0.8485759496688843,0.19748654961585999,1.0,0.06546496599912643,1.4545671939849854,1.4596253633499146,0.08895214647054672,0.1456681489944458,0,True
918,0.8611384034156799,0.19696971774101257,1.0,0.06649275124073029,1.4539902210235596,1.4592974185943604,0.0904003158211708,0.10930708050727844,0,True
919,0.8670544624328613,0.18851712346076965,1.0,0.06641289591789246,1.437488079071045,1.443030834197998,0.10097582638263702,0.13204005360603333,0,True
920,0.8547148108482361,0.20067670941352844,1.0,0.06573741883039474,1.4043161869049072,1.409132957458496,0.08611014485359192,0.13253366947174072,0,True
921,0.846352219581604,0.19822236895561218,1.0,0.06462573260068893,1.4237048625946045,1.427879810333252,0.08940479904413223,0.1255577653646469,0,True
922,0.8447339534759521,0.2055785357952118,1.0,0.06364910304546356,1.4178147315979004,1.4227951765060425,0.08999009430408478,0.12245647609233856,0,True
923,0.8577579855918884,0.20249322056770325,1.0,0.06438151746988297,1.3797180652618408,1.3850088119506836,0.08825496584177017,0.15351398289203644,0,True
924,0.8472797870635986,0.19596609473228455,1.0,0.06427803635597229,1.4044026136398315,1.4095091819763184,0.08984383195638657,0.16592945158481598,0,True
925,0.8493396043777466,0.18621373176574707,1.0,0.06388536095619202,1.3978638648986816,1.4032442569732666,0.08489764481782913,0.13984757661819458,0,True
926,0.8404810428619385,0.1885855793952942,1.0,0.06319426745176315,1.419670581817627,1.4242631196975708,0.08952686935663223,0.13556823134422302,0,True
927,0.8419811129570007,0.1956925094127655,1.0,0.06322308629751205,1.4360084533691406,1.44114089012146,0.08474970608949661,0.11505793035030365,0,True
928,0.8385165929794312,0.19911158084869385,1.0,0.06424658745527267,1.4263609647750854,1.4311285018920898,0.09003923833370209,0.11773712188005447,0,True
929,0.8422244787216187,0.2094172239303589,1.0,0.06562589108943939,1.4438257217407227,1.449148178100586,0.08722340315580368,0.12346849590539932,0,True
930,0.8532289862632751,0.2137586623430252,1.0,0.06615528464317322,1.4285712242126465,1.434596300125122,0.08699197322130203,0.128129780292511,0,True
931,0.8442016839981079,0.20708231627941132,1.0,0.06593725085258484,1.4038541316986084,1.4089739322662354,0.0923658236861229,0.13098323345184326,0,True
932,0.8429875373840332,0.1952444612979889,1.0,0.0640314519405365,1.4064154624938965,1.4107918739318848,0.09003492444753647,0.1248464360833168,0,True
933,0.8508838415145874,0.20539797842502594,1.0,0.06389583647251129,1.4194540977478027,1.4247820377349854,0.0854109600186348,0.1199306845664978,0,True
934,0.8591607213020325,0.19419139623641968,1.0,0.0655285120010376,1.3911802768707275,1.3960602283477783,0.09172308444976807,0.1365039050579071,0,True
935,0.8642290830612183,0.19157060980796814,1.0,0.06541959941387177,1.4094622135162354,1.4147558212280273,0.09001831710338593,0.1358453780412674,0,True
936,0.8472484350204468,0.18746456503868103,1.0,0.06441912055015564,1.4002429246902466,1.4055105447769165,0.09131090342998505,0.12287838757038116,0,True
937,0.8422943353652954,0.19056299328804016,1.0,0.06163203716278076,1.4075297117233276,1.4118455648422241,0.08848348259925842,0.13575005531311035,0,True
938,0.8421052694320679,0.1978183090686798,1.0,0.06260419636964798,1.4419658184051514,1.4471750259399414,0.08977366238832474,0.12950125336647034,0,True
939,0.8440002202987671,0.20272302627563477,1.0,0.06293979287147522,1.4357069730758667,1.4407544136047363,0.08951134234666824,0.1621115654706955,0,True
940,0.8510374426841736,0.21015965938568115,1.0,0.06508279591798782,1.437948226928711,1.443077802658081,0.0899045392870903,0.16519808769226074,0,True
941,0.8506875038146973,0.20863476395606995,1.0,0.06500798463821411,1.4453325271606445,1.450600504875183,0.0892702117562294,0.15112043917179108,0,True
942,0.8441387414932251,0.20650433003902435,1.0,0.06483601778745651,1.4450246095657349,1.4499999284744263,0.09091852605342865,0.14570924639701843,0,True
943,0.8441356420516968,0.2056739628314972,1.0,0.06511902809143066,1.4119219779968262,1.4167031049728394,0.08488631993532181,0.1418667882680893,0,True
944,0.8406774997711182,0.2103012353181839,1.0,0.06522956490516663,1.4225075244903564,1.427095890045166,0.08672717213630676,0.1282992959022522,0,True
945,0.8391284942626953,0.2082049697637558,1.0,0.0655454471707344,1.4125416278839111,1.417567253112793,0.09768248349428177,0.13644874095916748,0,True
946,0.8364145755767822,0.20596562325954437,1.0,0.06528344750404358,1.4095532894134521,1.4152452945709229,0.09685489535331726,0.11770278215408325,0,True
947,0.8398947715759277,0.19997382164001465,1.0,0.06408992409706116,1.3818128108978271,1.3869552612304688,0.08753816038370132,0.14449043571949005,0,True
948,0.8323401212692261,0.2006639540195465,1.0,0.06244335696101189,1.3932089805603027,1.397996425628662,0.09309795498847961,0.11741741001605988,0,True
949,0.8294340372085571,0.20643387734889984,1.0,0.06231360137462616,1.407150387763977,1.4120357036590576,0.08509165048599243,0.13161417841911316,0,True
950,0.8396085500717163,0.2133561670780182,1.0,0.06272991001605988,1.4162887334823608,1.421553373336792,0.08546847850084305,0.1447845995426178,0,True
951,0.8370229601860046,0.21046054363250732,1.0,0.06420814990997314,1.4268147945404053,1.4321985244750977,0.08907394856214523,0.13496391475200653,0,True
952,0.8381898403167725,0.2110927700996399,1.0,0.06487970054149628,1.417414665222168,1.4227232933044434,0.09129085391759872,0.13921931385993958,0,True
953,0.8391488790512085,0.2050039917230606,1.0,0.06500664353370667,1.4377422332763672,1.4428448677062988,0.09445497393608093,0.13216787576675415,0,True
954,0.8357133269309998,0.21323610842227936,1.0,0.06443000584840775,1.4217153787612915,1.427018404006958,0.09045957773923874,0.1271641105413437,0,True
955,0.8469463586807251,0.20029300451278687,1.0,0.06515048444271088,1.4385895729064941,1.4433361291885376,0.09690047800540924,0.13582786917686462,0,True
956,0.8448391556739807,0.20095962285995483,1.0,0.06506369262933731,1.4173929691314697,1.4223296642303467,0.09156464785337448,0.14725986123085022,0,True
957,0.8439103364944458,0.20810166001319885,1.0,0.06516129523515701,1.4244766235351562,1.4298064708709717,0.08725950121879578,0.13105152547359467,0,True
958,0.8402554988861084,0.20163384079933167,1.0,0.06568895280361176,1.404263973236084,1.4094128608703613,0.09718524664640427,0.13536405563354492,0,True
959,0.8303319215774536,0.19802235066890717,1.0,0.06362366676330566,1.3915929794311523,1.3963494300842285,0.09050939232110977,0.15701401233673096,0,True
960,0.11802130937576294,0.8905112147331238,1.0,0.062195129692554474,1.4419620037078857,1.4464303255081177,0.09094966948032379,0.017770204693078995,111,True
961,0.20802649855613708,0.8013325929641724,0.1328125,0.06448057293891907,0.7759218215942383,0.7782824039459229,0.08324190974235535,0.6193783283233643,0,True
962,0.08784091472625732,0.9207929968833923,0.1328125,0.07415375113487244,1.3413296937942505,1.3367571830749512,0.1272137314081192,0.613649308681488,0,True
963,0.1296054869890213,0.8797891736030579,0.1328125,0.06794541329145432,1.043595552444458,1.0428681373596191,0.11849478632211685,0.7244226336479187,0,True
964,0.06069295108318329,0.9465091228485107,0.1328125,0.05609910190105438,0.9263207316398621,0.9257343411445618,0.09307968616485596,0.5713993310928345,0,True
965,0.047948651015758514,0.9655684232711792,0.1328125,0.057801008224487305,0.8315620422363281,0.8315885663032532,0.1096596047282219,0.6342491507530212,0,True
966,0.004385711625218391,1.0111100673675537,0.1328125,0.06335661560297012,0.8752599954605103,0.8760974407196045,0.1028863862156868,0.7451233267784119,0,True
967,-0.013612288981676102,1.0177686214447021,0.1328125,0.06521892547607422,0.8851905465126038,0.8856271505355835,0.12944677472114563,0.970346987247467,0,True
968,0.0035932641476392746,0.9998973608016968,0.1328125,0.06803467869758606,0.9933099150657654,0.9934380650520325,0.12311387062072754,1.050058126449585,0,True
969,0.020538747310638428,0.9837074279785156,0.1328125,0.07188622653484344,1.0575659275054932,1.0579402446746826,0.14350180327892303,0.9956232309341431,0,True
970,0.06567534804344177,0.9393502473831177,0.1328125,0.06902545690536499,1.1272382736206055,1.1273460388183594,0.13418234884738922,0.9977666139602661,0,True
971,0.07303065806627274,0.9380712509155273,0.1328125,0.06817423552274704,1.216193437576294,1.216493010520935,0.12680470943450928,0.8927693367004395,0,True
972,0.11386527121067047,0.9004936218261719,0.1328125,0.06344036757946014,1.1963993310928345,1.1977823972702026,0.12876130640506744,0.7669182419776917,0,True
973,0.15559910237789154,0.8526458740234375,0.1328125,0.059916868805885315,1.2534258365631104,1.2550266981124878,0.13189060986042023,0.6802803874015808,0,True
974,0.22477735579013824,0.7833569049835205,0.1328125,0.05852841958403587,1.3007874488830566,1.302315354347229,0.11060874909162521,0.5422483086585999,0,True
975,0.2706485390663147,0.7432602643966675,0.1328125,0.058141645044088364,1.3391684293746948,1.3399780988693237,0.10882506519556046,0.47552311420440674,0,True
976,0.32464951276779175,0.6955511569976807,0.1328125,0.058158040046691895,1.419207215309143,1.4213600158691406,0.09651773422956467,0.3984924256801605,0,True
977,0.3506885766983032,0.6688475608825684,0.1328125,0.0577780082821846,1.3733246326446533,1.3758597373962402,0.11575404554605484,0.359066903591156,0,True
978,0.36360251903533936,0.6463781595230103,0.1328125,0.05551742762327194,1.3817410469055176,1.3839563131332397,0.10220760852098465,0.2906624376773834,0,True
979,0.378617525100708,0.6291006207466125,0.1328125,0.0524776354432106,1.4068427085876465,1.4090135097503662,0.09014435112476349,0.28950071334838867,0,True
980,0.3937714099884033,0.6155059337615967,0.1328125,0.05279211327433586,1.412729263305664,1.4155563116073608,0.11094041913747787,0.3057613670825958,0,True
981,0.4248945116996765,0.5868024826049805,0.1328125,0.05070934444665909,1.4172956943511963,1.4200732707977295,0.08254462480545044,0.29326125979423523,0,True
982,0.4376620948314667,0.5803892612457275,0.1328125,0.05163503438234329,1.4676728248596191,1.4711765050888062,0.0903020054101944,0.32160356640815735,0,True
983,0.43495655059814453,0.5766105651855469,0.1328125,0.05432228744029999,1.4354724884033203,1.4391194581985474,0.11275163292884827,0.25875625014305115,0,True
984,0.4380040168762207,0.5696507692337036,0.1328125,0.05333811044692993,1.4905335903167725,1.4942710399627686,0.09466046094894409,0.27702775597572327,0,True
985,0.46647030115127563,0.5521177649497986,0.1328125,0.05342651903629303,1.4950413703918457,1.4995533227920532,0.10193192958831787,0.32549959421157837,0,True
986,0.47512125968933105,0.5522202849388123,0.1328125,0.05707235261797905,1.4853131771087646,1.490394115447998,0.11340092867612839,0.35538971424102783,0,True
987,0.4890837073326111,0.5278332233428955,0.1328125,0.05730147659778595,1.5062285661697388,1.5106492042541504,0.10033025592565536,0.3549594283103943,0,True
988,0.49270015954971313,0.5339903235435486,0.1328125,0.05571775883436203,1.510577917098999,1.5147013664245605,0.09897169470787048,0.3551887273788452,0,True
989,0.48762720823287964,0.5316237211227417,0.1328125,0.05640741437673569,1.5151904821395874,1.519066333770752,0.09739285707473755,0.3797297179698944,0,True
990,0.5004758834838867,0.5175513029098511,0.1328125,0.05614800751209259,1.5113162994384766,1.5154285430908203,0.09841357916593552,0.33828961849212646,0,True
991,0.5193716287612915,0.5151638388633728,0.1328125,0.06078873574733734,1.5131804943084717,1.5174635648727417,0.11192277073860168,0.30379700660705566,0,True
992,0.5302462577819824,0.4992377460002899,0.140625,0.06147979572415352,1.5097696781158447,1.5137264728546143,0.13352100551128387,0.27636462450027466,0,True
993,0.5306671857833862,0.4919361472129822,0.15625,0.05952466279268265,1.4658987522125244,1.4699265956878662,0.11105291545391083,0.24456624686717987,0,True
994,0.5505167245864868,0.47803395986557007,0.15625,0.05937805026769638,1.432075023651123,1.4368209838867188,0.10543433576822281,0.2592926323413849,0,True
995,0.5606797337532043,0.4605599045753479,0.171875,0.061293039470911026,1.407204270362854,1.4116984605789185,0.1058146134018898,0.306182861328125,0,True
996,0.5860131978988647,0.4485260248184204,0.171875,0.06162545830011368,1.4464991092681885,1.4516627788543701,0.0957668125629425,0.2914842665195465,0,True
997,0.6108842492103577,0.4414430260658264,0.171875,0.06214026361703873,1.4293186664581299,1.4349884986877441,0.1038021594285965,0.27538734674453735,0,True
998,0.5974118709564209,0.43757539987564087,0.171875,0.06273449957370758,1.389304757118225,1.3940680027008057,0.09493119269609451,0.28492438793182373,0,True
999,0.5916495323181152,0.44040435552597046,0.171875,0.06027563661336899,1.4125409126281738,1.416783094406128,0.09700432419776917,0.2744925916194916,0,True
1000,0.5779304504394531,0.44575244188308716,0.1796875,0.05822533369064331,1.407884955406189,1.4119114875793457,0.09042499214410782,0.29405856132507324,1,True
