step,mean_vel_x,mean_abs_vx_error,p2_fault_active_mean,residual_action_mean_norm,final_action_mean_norm,base_action_mean_norm,residual_action_max_norm,mean_abs_yaw_error,done_count,no_nan_inf
1,0.02119407244026661,0.9788058996200562,0.0,1.0498050451278687,0.9052715301513672,0.9142557978630066,1.3388910293579102,2.036463737487793,0,True
2,0.034367404878139496,0.9697663187980652,0.0,1.813773512840271,1.576385259628296,1.5862035751342773,3.343701124191284,3.040754556655884,0,True
3,0.014611903578042984,0.989534854888916,0.0,2.232884407043457,1.0019793510437012,1.0161441564559937,3.4086077213287354,4.332482814788818,0,True
4,-0.07185954600572586,1.0733096599578857,0.0,2.568704128265381,0.8488268852233887,0.8621101975440979,3.6544315814971924,4.696188926696777,0,True
5,-0.040589820593595505,1.0405898094177246,0.0,2.583747386932373,1.0089126825332642,1.0217747688293457,3.4920871257781982,3.4806432723999023,0,True
6,-0.029988180845975876,1.029988169670105,0.0,2.2090601921081543,1.2051008939743042,1.2164270877838135,3.5292751789093018,2.378314733505249,0,True
7,0.010738212615251541,0.9892618060112,0.0,1.8605486154556274,1.4137600660324097,1.4219348430633545,3.5261754989624023,1.3884433507919312,0,True
8,0.0773845985531807,0.9230764508247375,0.0,1.597654104232788,1.6536247730255127,1.6589332818984985,3.6431849002838135,0.8103412389755249,0,True
9,0.11232833564281464,0.887946605682373,0.0,1.4841526746749878,1.7613251209259033,1.7650295495986938,3.7747914791107178,0.5075621008872986,0,True
10,0.12254491448402405,0.8774550557136536,0.0,1.3565397262573242,1.7361221313476562,1.7377221584320068,3.6033668518066406,0.40894144773483276,0,True
11,0.1289139837026596,0.8710860013961792,0.0,1.2204349040985107,1.664538860321045,1.665281891822815,3.671870470046997,0.3288899064064026,0,True
12,0.14312335848808289,0.8568766117095947,0.0,1.2249629497528076,1.6296052932739258,1.6310014724731445,3.592270851135254,0.3113357424736023,0,True
13,0.1639510840177536,0.8360489010810852,0.0,1.24482262134552,1.636427402496338,1.639606237411499,3.3988850116729736,0.2568381726741791,0,True
14,0.18330925703048706,0.8166908025741577,0.0,1.2296849489212036,1.5972962379455566,1.6010594367980957,3.3494820594787598,0.2715916037559509,0,True
15,0.1929747611284256,0.8070252537727356,0.0,1.1855498552322388,1.5588552951812744,1.5627391338348389,3.2459828853607178,0.2493659108877182,0,True
16,0.20069491863250732,0.7993050813674927,0.0,1.1678357124328613,1.5403907299041748,1.545041561126709,3.0376553535461426,0.2235618233680725,0,True
17,0.22246083617210388,0.7783879041671753,0.0,1.2209608554840088,1.5704323053359985,1.5762488842010498,2.984992027282715,0.2245543897151947,0,True
18,0.25949788093566895,0.743444561958313,0.0,1.3009949922561646,1.6128302812576294,1.619491457939148,2.9459385871887207,0.2304883450269699,0,True
19,0.2774945795536041,0.7245535850524902,0.0,1.2968921661376953,1.6217498779296875,1.6288719177246094,2.8114137649536133,0.2315315306186676,0,True
20,0.30737167596817017,0.6957793235778809,0.0,1.277521014213562,1.5897271633148193,1.5968999862670898,2.614563465118408,0.2636691927909851,0,True
21,0.315482497215271,0.6884654760360718,0.0,1.3022551536560059,1.5599124431610107,1.5673670768737793,3.0675370693206787,0.2521343231201172,0,True
22,0.34314000606536865,0.6593934893608093,0.0,1.358250617980957,1.5596392154693604,1.567674994468689,3.2571611404418945,0.23982353508472443,0,True
23,0.3683117628097534,0.6331682205200195,0.0,1.3660591840744019,1.5321791172027588,1.5407898426055908,2.8283164501190186,0.22927667200565338,0,True
24,0.38383325934410095,0.616771936416626,0.0,1.3401496410369873,1.46719491481781,1.4754220247268677,3.4390575885772705,0.2293560951948166,0,True
25,0.3821648061275482,0.6178767085075378,0.0,1.3032190799713135,1.434300422668457,1.44204843044281,3.2044010162353516,0.20192396640777588,0,True
26,0.4004271924495697,0.5995728373527527,0.0,1.3278346061706543,1.4656939506530762,1.4739477634429932,2.926076889038086,0.19027960300445557,0,True
27,0.4101661443710327,0.5928401947021484,0.0,1.3775546550750732,1.4873578548431396,1.496543526649475,3.41335129737854,0.21182359755039215,0,True
28,0.4414982795715332,0.561589777469635,0.0,1.4335229396820068,1.5672059059143066,1.5770235061645508,2.8731400966644287,0.22132644057273865,0,True
29,0.4516303539276123,0.5569738745689392,0.0,1.4222421646118164,1.5812427997589111,1.5911633968353271,2.8243627548217773,0.2504526674747467,0,True
30,0.46604132652282715,0.5430564880371094,0.0,1.38438880443573,1.5845264196395874,1.5939929485321045,2.562437057495117,0.23618972301483154,0,True
31,0.4622162878513336,0.543283224105835,0.0,1.300652027130127,1.5372354984283447,1.5458645820617676,2.514543056488037,0.22236955165863037,0,True
32,0.45903170108795166,0.5433958768844604,0.0,1.3199763298034668,1.5439810752868652,1.5526455640792847,3.0652129650115967,0.20257799327373505,0,True
33,0.4979691207408905,0.5060030221939087,0.0,1.363661766052246,1.5188597440719604,1.5281329154968262,2.9292337894439697,0.22660905122756958,0,True
34,0.5069214105606079,0.49594080448150635,0.0,1.3508528470993042,1.5124015808105469,1.5216732025146484,2.7309982776641846,0.2492426335811615,0,True
35,0.5047669410705566,0.4968441426753998,0.0,1.3303027153015137,1.4655165672302246,1.4743590354919434,2.479987621307373,0.21144720911979675,0,True
36,0.5099387168884277,0.4946991205215454,0.0,1.3547897338867188,1.488682508468628,1.4979064464569092,2.5486063957214355,0.22186924517154694,0,True
37,0.530539333820343,0.4756745994091034,0.0,1.3980841636657715,1.5477826595306396,1.5576550960540771,3.3173234462738037,0.2064279168844223,0,True
38,0.5246226787567139,0.4815219044685364,0.0,1.365619421005249,1.5143153667449951,1.5239619016647339,3.1734135150909424,0.2276071012020111,0,True
39,0.53996342420578,0.46256887912750244,0.0,1.415100336074829,1.579481601715088,1.5897622108459473,3.542038917541504,0.2135246843099594,0,True
40,0.5632890462875366,0.443642795085907,0.0,1.4263051748275757,1.6033977270126343,1.6139873266220093,2.8696706295013428,0.21338951587677002,0,True
41,0.5557870268821716,0.44989436864852905,0.0,1.3726184368133545,1.5564334392547607,1.5662211179733276,2.6683709621429443,0.21668866276741028,0,True
42,0.5542222261428833,0.4494614899158478,0.0,1.3039623498916626,1.5101356506347656,1.519239902496338,2.632274627685547,0.22114014625549316,0,True
43,0.5632475018501282,0.44018757343292236,0.0,1.3347830772399902,1.5159728527069092,1.5253207683563232,2.7350051403045654,0.18968099355697632,0,True
44,0.5895320773124695,0.41711780428886414,0.0,1.4013288021087646,1.5363558530807495,1.5462775230407715,2.7769646644592285,0.1917129009962082,0,True
45,0.6063414812088013,0.4033401906490326,0.0,1.3985636234283447,1.5166195631027222,1.5264761447906494,2.9555296897888184,0.21666380763053894,0,True
46,0.6027415990829468,0.4048827290534973,0.0,1.3569875955581665,1.5161175727844238,1.5255892276763916,2.5728373527526855,0.2128889560699463,0,True
47,0.6340978145599365,0.37787938117980957,0.0,1.4155702590942383,1.5923504829406738,1.6023766994476318,2.8713178634643555,0.21712347865104675,0,True
48,0.6337717771530151,0.38012024760246277,0.0,1.4125113487243652,1.5390576124191284,1.5488258600234985,3.0884921550750732,0.1973685324192047,0,True
49,0.6460904479026794,0.3664054870605469,0.0,1.4401456117630005,1.5986807346343994,1.6087390184402466,4.442708969116211,0.1928490251302719,0,True
50,0.6564528942108154,0.36052650213241577,0.0,1.432091236114502,1.5596611499786377,1.5696511268615723,3.3505098819732666,0.19889411330223083,0,True
51,0.6563647985458374,0.35924971103668213,0.0,1.4046235084533691,1.5594953298568726,1.5690383911132812,3.6915032863616943,0.189151793718338,0,True
52,0.6515921354293823,0.36696678400039673,0.0,1.3836543560028076,1.5203170776367188,1.5296189785003662,3.6837704181671143,0.18616041541099548,0,True
53,0.6475714445114136,0.3705059885978699,0.0,1.385026216506958,1.516626000404358,1.5258439779281616,3.695650577545166,0.19552356004714966,0,True
54,0.6882979273796082,0.3305317461490631,0.0,1.4461160898208618,1.5712900161743164,1.5812973976135254,3.813675880432129,0.20398446917533875,0,True
55,0.6811915040016174,0.3459123969078064,0.0,1.4792492389678955,1.546574354171753,1.556787371635437,3.931426763534546,0.2118908315896988,0,True
56,0.6930022239685059,0.3318839371204376,0.0,1.449721336364746,1.5845682621002197,1.5942766666412354,4.042775630950928,0.2309156060218811,0,True
57,0.7133596539497375,0.31598275899887085,0.0,1.4465672969818115,1.5877625942230225,1.597550868988037,3.9911906719207764,0.23040200769901276,0,True
58,0.7005507946014404,0.3293558359146118,0.0,1.4544649124145508,1.562996745109558,1.5725502967834473,4.171728610992432,0.21930217742919922,0,True
59,0.7212359309196472,0.3079768121242523,0.0,1.4726139307022095,1.640154242515564,1.6503928899765015,4.155180931091309,0.18560630083084106,0,True
60,0.70574551820755,0.3289969563484192,0.0,1.453521728515625,1.5528689622879028,1.5629806518554688,2.7942044734954834,0.19575753808021545,0,True
61,0.7270076274871826,0.30857449769973755,0.0,1.4382576942443848,1.5905272960662842,1.6004581451416016,3.0847203731536865,0.19536219537258148,0,True
62,0.7172496318817139,0.32118165493011475,0.0,1.4203053712844849,1.5147722959518433,1.5243779420852661,3.1290781497955322,0.20800703763961792,0,True
63,0.7200976610183716,0.31188035011291504,0.0,1.3855774402618408,1.5320823192596436,1.541245460510254,2.9150378704071045,0.20562826097011566,1,True
64,0.7576801776885986,0.3023313283920288,0.0,1.483229160308838,1.5766098499298096,1.587166428565979,2.90500545501709,0.2440359741449356,0,True
65,0.7325258851051331,0.29732847213745117,0.0,1.5015441179275513,1.6043105125427246,1.6150648593902588,3.8740713596343994,0.23101630806922913,0,True
66,0.7241256237030029,0.2996770441532135,0.0,1.436948299407959,1.5929367542266846,1.6029996871948242,3.1763312816619873,0.25389909744262695,0,True
67,0.7234629392623901,0.30462542176246643,0.0,1.4486417770385742,1.586666226387024,1.5968031883239746,3.1947097778320312,0.2682010531425476,0,True
68,0.7077140808105469,0.3230321407318115,0.0,1.4376769065856934,1.551990270614624,1.5616562366485596,3.0924079418182373,0.253031849861145,0,True
69,0.7168894410133362,0.30545565485954285,0.0,1.4664627313613892,1.5862122774124146,1.5962648391723633,3.5422043800354004,0.2060948610305786,0,True
70,0.7193775177001953,0.30217456817626953,0.0,1.4528934955596924,1.5874396562576294,1.5976388454437256,2.7798595428466797,0.2195853292942047,0,True
71,0.7099341154098511,0.3132697343826294,0.0,1.4138391017913818,1.5850610733032227,1.5947985649108887,2.9874513149261475,0.20101621747016907,0,True
72,0.6856268048286438,0.33590269088745117,0.0,1.3937162160873413,1.5754714012145996,1.5849835872650146,2.8468801975250244,0.20665481686592102,0,True
73,0.6747626066207886,0.3473190665245056,0.0,1.4153375625610352,1.5837035179138184,1.593273401260376,2.8700122833251953,0.1799604892730713,1,True
74,0.7203592658042908,0.3202880620956421,0.0,1.4854199886322021,1.6414159536361694,1.6521337032318115,3.082655668258667,0.21210089325904846,1,True
75,0.6963460445404053,0.32664090394973755,0.0,1.4309011697769165,1.57639741897583,1.586426854133606,2.948009729385376,0.18167230486869812,0,True
76,0.679000973701477,0.33382394909858704,0.0,1.3948777914047241,1.6064518690109253,1.6161673069000244,3.0289881229400635,0.23789450526237488,1,True
77,0.6842960119247437,0.32529762387275696,0.0,1.4029712677001953,1.5795867443084717,1.589475393295288,2.8344831466674805,0.27507519721984863,0,True
78,0.6579070091247559,0.3527480959892273,0.0,1.3860819339752197,1.5268471240997314,1.5363173484802246,3.12678861618042,0.31886419653892517,0,True
79,0.6694566607475281,0.34628158807754517,0.0,1.4636414051055908,1.5909866094589233,1.6012654304504395,3.8770980834960938,0.26103103160858154,0,True
80,0.6730819940567017,0.34132182598114014,0.0,1.4591038227081299,1.5612972974777222,1.5715447664260864,4.222957134246826,0.23029722273349762,0,True
81,0.6949617862701416,0.3158056139945984,0.0,1.4055299758911133,1.5963079929351807,1.6064331531524658,3.0454905033111572,0.16682520508766174,0,True
82,0.6645467877388,0.3436230421066284,0.0,1.3694229125976562,1.5306750535964966,1.5400933027267456,3.7766215801239014,0.17859190702438354,0,True
83,0.6866570711135864,0.3191019594669342,0.0,1.3991161584854126,1.641343116760254,1.6513670682907104,2.7309727668762207,0.16259682178497314,0,True
84,0.6878519654273987,0.32126471400260925,0.0,1.4036848545074463,1.5788547992706299,1.589077353477478,2.7122397422790527,0.15833139419555664,0,True
85,0.6983059644699097,0.308205783367157,0.0,1.4076875448226929,1.5852763652801514,1.5955709218978882,2.840082883834839,0.15355587005615234,0,True
86,0.6704055666923523,0.3338128328323364,0.0,1.3432683944702148,1.5322777032852173,1.5417858362197876,2.7493369579315186,0.1597236692905426,0,True
87,0.6964620351791382,0.3087660074234009,0.0,1.4254231452941895,1.6083555221557617,1.618549108505249,2.824671983718872,0.16325053572654724,0,True
88,0.6772512197494507,0.3276331424713135,0.0,1.3930943012237549,1.5440051555633545,1.5538122653961182,3.539623737335205,0.14982540905475616,0,True
89,0.6981404423713684,0.3075910806655884,0.0,1.4227393865585327,1.618729591369629,1.629102110862732,3.0391488075256348,0.14839860796928406,0,True
90,0.7162244319915771,0.2877293825149536,0.0,1.4519610404968262,1.6106317043304443,1.6214675903320312,2.6971840858459473,0.14764516055583954,0,True
91,0.7070351243019104,0.30330827832221985,0.0,1.4084570407867432,1.5962224006652832,1.6064280271530151,2.5854709148406982,0.14877992868423462,0,True
92,0.7150343060493469,0.29554104804992676,0.0,1.3913390636444092,1.628414511680603,1.6386206150054932,2.6111600399017334,0.1321457475423813,0,True
93,0.7400041222572327,0.2748250365257263,0.0,1.415510892868042,1.62469482421875,1.6351232528686523,2.6358678340911865,0.15061037242412567,0,True
94,0.7127878665924072,0.29567593336105347,0.0,1.3656363487243652,1.5440772771835327,1.5536367893218994,2.7732040882110596,0.15357956290245056,0,True
95,0.7275276184082031,0.28382402658462524,0.0,1.4003715515136719,1.6108787059783936,1.6210365295410156,2.6575112342834473,0.14513422548770905,0,True
96,0.7281859517097473,0.28331977128982544,0.0,1.4257910251617432,1.599402666091919,1.6097558736801147,2.7507948875427246,0.12849514186382294,1,True
97,0.7486927509307861,0.27037686109542847,0.0,1.4330856800079346,1.623704433441162,1.634263277053833,3.5109994411468506,0.15014690160751343,0,True
98,0.7348491549491882,0.28092333674430847,0.0,1.381333827972412,1.5478695631027222,1.5577962398529053,2.802900552749634,0.15773603320121765,0,True
99,0.7242740988731384,0.2853153347969055,0.0,1.3903785943984985,1.5621616840362549,1.5719623565673828,2.768197774887085,0.18355903029441833,0,True
100,0.7442885637283325,0.2679743766784668,0.0,1.4869256019592285,1.6065560579299927,1.6172696352005005,3.378434658050537,0.16338393092155457,0,True
101,0.7197059392929077,0.2905517816543579,0.0,1.439788818359375,1.5521312952041626,1.5622997283935547,3.009096384048462,0.1403997391462326,0,True
102,0.7390254735946655,0.27139830589294434,0.0,1.4503780603408813,1.642778754234314,1.653333067893982,2.620464563369751,0.1235329806804657,1,True
103,0.7565898895263672,0.25220686197280884,0.0,1.4281426668167114,1.619017481803894,1.6295630931854248,2.667869806289673,0.13619321584701538,0,True
104,0.7510288953781128,0.2589684724807739,0.0,1.420251727104187,1.6190706491470337,1.6293952465057373,2.547006607055664,0.14630207419395447,0,True
105,0.7468670606613159,0.2598048150539398,0.0,1.4400758743286133,1.6145472526550293,1.6247339248657227,2.4603145122528076,0.14979664981365204,0,True
106,0.7493084669113159,0.26594769954681396,0.0,1.401555061340332,1.5595334768295288,1.5694236755371094,2.6485087871551514,0.16857638955116272,0,True
107,0.7636386752128601,0.24539253115653992,0.0,1.4007618427276611,1.5520873069763184,1.5620384216308594,2.5726780891418457,0.15612639486789703,2,True
108,0.7768080234527588,0.23865926265716553,0.0,1.4035630226135254,1.5266659259796143,1.5368869304656982,2.6443121433258057,0.18994241952896118,0,True
109,0.740820586681366,0.26757538318634033,0.0,1.3930869102478027,1.5192283391952515,1.5291109085083008,2.489623546600342,0.20938146114349365,0,True
110,0.7605679035186768,0.24538668990135193,0.0,1.4493286609649658,1.586186408996582,1.5967403650283813,2.683281183242798,0.20366410911083221,0,True
111,0.7588840126991272,0.252297580242157,0.0,1.4879965782165527,1.584545373916626,1.5955851078033447,4.26467752456665,0.21221067011356354,0,True
112,0.7786939144134521,0.23397785425186157,0.0,1.4672698974609375,1.6362929344177246,1.6470445394515991,2.69791316986084,0.18158800899982452,0,True
113,0.7838789224624634,0.22959795594215393,0.0,1.4277009963989258,1.5839810371398926,1.5943844318389893,2.864274740219116,0.14078006148338318,1,True
114,0.7727786302566528,0.23990844190120697,0.0,1.4149234294891357,1.6066774129867554,1.6167834997177124,2.8021535873413086,0.16160476207733154,0,True
115,0.7827579379081726,0.22945882380008698,0.0,1.4259223937988281,1.6207088232040405,1.6310904026031494,2.856976270675659,0.13157495856285095,0,True
116,0.7923673391342163,0.21702516078948975,0.0,1.4564985036849976,1.5688261985778809,1.5794556140899658,2.823331356048584,0.14050447940826416,0,True
117,0.7847477793693542,0.22634465992450714,0.0,1.4066522121429443,1.5499284267425537,1.5602631568908691,2.9958438873291016,0.16765853762626648,0,True
118,0.7886564135551453,0.22530896961688995,0.0,1.410200834274292,1.5422375202178955,1.5523780584335327,2.7620184421539307,0.17067962884902954,0,True
119,0.7798182368278503,0.2283041775226593,0.0,1.4386147260665894,1.5662956237792969,1.5767942667007446,2.8480255603790283,0.15916699171066284,0,True
120,0.7830231189727783,0.22836099565029144,0.0,1.458206057548523,1.611210823059082,1.6219592094421387,2.648118257522583,0.14597885310649872,0,True
121,0.8029912710189819,0.21273118257522583,0.0,1.4792232513427734,1.6324188709259033,1.6435660123825073,2.620218515396118,0.13859008252620697,0,True
122,0.8231956958770752,0.19690272212028503,0.0,1.4927308559417725,1.6666975021362305,1.6780619621276855,2.798530101776123,0.14324118196964264,0,True
123,0.8019055128097534,0.21170982718467712,0.0,1.4298245906829834,1.6206433773040771,1.6312272548675537,2.668440103530884,0.1400415599346161,0,True
124,0.8016618490219116,0.2102586179971695,0.0,1.4197027683258057,1.615018367767334,1.625352382659912,2.7713091373443604,0.12715426087379456,0,True
125,0.8173827528953552,0.19314807653427124,0.0,1.4382188320159912,1.603746771812439,1.614286184310913,2.8631935119628906,0.10846945643424988,0,True
126,0.8224917650222778,0.19384440779685974,0.0,1.409814476966858,1.5623888969421387,1.5728061199188232,2.7347230911254883,0.1086810976266861,0,True
127,0.8345333933830261,0.17960534989833832,0.0,1.4065239429473877,1.5639418363571167,1.574195146560669,2.6082561016082764,0.13494744896888733,0,True
128,0.808971643447876,0.20233413577079773,0.0,1.3855623006820679,1.5172367095947266,1.5270230770111084,2.582394599914551,0.13355568051338196,0,True
129,0.8175859451293945,0.200078547000885,0.0,1.4195284843444824,1.5798358917236328,1.5901432037353516,2.6916728019714355,0.12816764414310455,0,True
130,0.8233784437179565,0.19378159940242767,0.0,1.4702569246292114,1.6193499565124512,1.6303749084472656,2.5974509716033936,0.11057525873184204,0,True
131,0.8321902751922607,0.19239932298660278,0.0,1.4740591049194336,1.6398217678070068,1.6509325504302979,2.6497421264648438,0.1160987839102745,0,True
132,0.8287941813468933,0.18594515323638916,0.0,1.4162976741790771,1.608620047569275,1.6191099882125854,2.5825393199920654,0.12045623362064362,0,True
133,0.8127862811088562,0.19922152161598206,0.0,1.3993775844573975,1.6125801801681519,1.6227905750274658,2.534069538116455,0.11352473497390747,0,True
134,0.8140392303466797,0.19849565625190735,0.0,1.4506208896636963,1.6337753534317017,1.644424319267273,2.5521562099456787,0.1249442845582962,0,True
135,0.8134962320327759,0.198806032538414,0.0,1.4483158588409424,1.597550392150879,1.6082344055175781,2.4683213233947754,0.11968699097633362,0,True
136,0.8291605710983276,0.18632037937641144,0.0,1.449340581893921,1.600032091140747,1.610831379890442,2.647920846939087,0.11279609054327011,0,True
137,0.8209836483001709,0.19012613594532013,0.0,1.3959009647369385,1.5292794704437256,1.5393356084823608,2.577375650405884,0.11933254450559616,0,True
138,0.7903817892074585,0.21654576063156128,0.0,1.3506426811218262,1.5023826360702515,1.5118705034255981,2.4831767082214355,0.12073259055614471,0,True
139,0.8118537068367004,0.1949979066848755,0.0,1.4244730472564697,1.6002850532531738,1.6106102466583252,2.4603829383850098,0.12434758245944977,0,True
140,0.8250752687454224,0.18810924887657166,0.0,1.4896780252456665,1.605725884437561,1.6167752742767334,2.7988996505737305,0.13410699367523193,0,True
141,0.828925609588623,0.18598176538944244,0.0,1.4803653955459595,1.6533138751983643,1.664565086364746,2.931605100631714,0.1302129328250885,0,True
142,0.8253625631332397,0.1885087788105011,0.0,1.46394944190979,1.6589508056640625,1.6698955297470093,2.898212432861328,0.12335958331823349,0,True
143,0.8282227516174316,0.18113641440868378,0.0,1.4096063375473022,1.6474179029464722,1.6577191352844238,2.580920696258545,0.12091483920812607,0,True
144,0.819809079170227,0.19049356877803802,0.0,1.3754278421401978,1.5771790742874146,1.5870651006698608,2.7903084754943848,0.11288931965827942,0,True
145,0.8224489688873291,0.19069305062294006,0.0,1.4022847414016724,1.5830034017562866,1.5932551622390747,2.8894729614257812,0.12314357608556747,0,True
146,0.8434574604034424,0.1766478717327118,0.0,1.4335461854934692,1.5679794549942017,1.5784547328948975,2.7614924907684326,0.1271381676197052,0,True
147,0.8426821827888489,0.1688297837972641,0.0,1.3992210626602173,1.534487009048462,1.5446361303329468,2.7265522480010986,0.12536948919296265,0,True
148,0.8134570717811584,0.20403224229812622,0.0,1.363510251045227,1.5112429857254028,1.520843267440796,2.514695882797241,0.11815781891345978,0,True
149,0.8299843072891235,0.1848311871290207,0.0,1.4275310039520264,1.5960086584091187,1.6063206195831299,2.7196435928344727,0.1290285885334015,0,True
150,0.8254931569099426,0.1898251175880432,0.0,1.462721824645996,1.597595453262329,1.6083412170410156,2.6877081394195557,0.13518399000167847,0,True
151,0.8529416918754578,0.16917556524276733,0.0,1.4676371812820435,1.6617460250854492,1.6727392673492432,2.646667957305908,0.13117282092571259,0,True
152,0.8299662470817566,0.187093585729599,0.0,1.4134399890899658,1.580519437789917,1.590885877609253,2.59997820854187,0.125146746635437,0,True
153,0.8207911849021912,0.1898566037416458,0.0,1.4210028648376465,1.6661734580993652,1.676698088645935,2.857940912246704,0.1039026528596878,0,True
154,0.8266832828521729,0.18882441520690918,0.0,1.4297910928726196,1.5946218967437744,1.605003833770752,2.787736177444458,0.12080243229866028,0,True
155,0.8248103857040405,0.18741406500339508,0.0,1.3771899938583374,1.5622566938400269,1.572153091430664,2.436471462249756,0.136539027094841,0,True
156,0.8360389471054077,0.1789465993642807,0.0,1.4191676378250122,1.5677331686019897,1.5780388116836548,2.773219585418701,0.14353100955486298,0,True
157,0.840988278388977,0.17443227767944336,0.0,1.4328975677490234,1.5805575847625732,1.5910775661468506,2.8853933811187744,0.10670450329780579,0,True
158,0.8206300139427185,0.19033828377723694,0.0,1.3956596851348877,1.549540400505066,1.5596375465393066,2.6262755393981934,0.12721242010593414,0,True
159,0.8239743709564209,0.19180309772491455,0.0,1.4521634578704834,1.632305383682251,1.6430461406707764,2.4757888317108154,0.13252760469913483,0,True
160,0.8249852061271667,0.19470177590847015,0.0,1.468775987625122,1.6377205848693848,1.6486539840698242,2.6735782623291016,0.12609755992889404,0,True
161,0.8447235822677612,0.17442363500595093,0.0,1.4789713621139526,1.673277735710144,1.6844804286956787,2.8193917274475098,0.1228671595454216,0,True
162,0.8247550129890442,0.19272539019584656,0.0,1.4045085906982422,1.5834715366363525,1.5936250686645508,2.4507250785827637,0.13692517578601837,0,True
163,0.8284221887588501,0.19491736590862274,0.0,1.3907244205474854,1.6322929859161377,1.642422080039978,2.497873067855835,0.11848141252994537,0,True
164,0.8180550336837769,0.198446124792099,0.0,1.3945348262786865,1.5649113655090332,1.5749244689941406,2.693183183670044,0.11305710673332214,0,True
165,0.8237243890762329,0.19234824180603027,0.0,1.4272671937942505,1.6056475639343262,1.6161192655563354,2.7822747230529785,0.11617977172136307,0,True
166,0.822917103767395,0.192031130194664,0.0,1.439103603363037,1.587090015411377,1.5977171659469604,2.6567842960357666,0.12262243032455444,0,True
167,0.8377380967140198,0.17558404803276062,0.0,1.4422862529754639,1.594707727432251,1.6053681373596191,2.7609400749206543,0.12060439586639404,0,True
168,0.826707661151886,0.18775098025798798,0.0,1.369529366493225,1.53517746925354,1.5450286865234375,2.649038076400757,0.11650833487510681,0,True
169,0.8141575455665588,0.19798412919044495,0.0,1.4065439701080322,1.5708738565444946,1.5810070037841797,2.733149290084839,0.11531348526477814,0,True
170,0.8029881119728088,0.20515157282352448,0.0,1.4366792440414429,1.590282678604126,1.6007696390151978,2.78352952003479,0.11835671961307526,0,True
171,0.826494574546814,0.18606120347976685,0.0,1.4861894845962524,1.6430368423461914,1.653968095779419,2.7590508460998535,0.12407243251800537,0,True
172,0.8243851661682129,0.18752877414226532,0.0,1.428235650062561,1.5993993282318115,1.609950304031372,2.6388440132141113,0.11597082763910294,0,True
173,0.821779727935791,0.1865813136100769,0.0,1.418895959854126,1.614328145980835,1.6247811317443848,2.617522954940796,0.12989386916160583,0,True
174,0.8196466565132141,0.1890905499458313,0.0,1.4202942848205566,1.613301157951355,1.6236608028411865,2.7987749576568604,0.12676411867141724,0,True
175,0.8237694501876831,0.19145196676254272,0.0,1.3949815034866333,1.5666096210479736,1.5767650604248047,2.5931341648101807,0.13260766863822937,0,True
176,0.8167015314102173,0.18942704796791077,0.0,1.4036245346069336,1.5518548488616943,1.562180757522583,2.7016589641571045,0.1255800426006317,0,True
177,0.8207815885543823,0.1873822659254074,0.0,1.4524002075195312,1.5940464735031128,1.604843258857727,2.814340829849243,0.12462691217660904,0,True
178,0.8337752223014832,0.17766693234443665,0.0,1.4501953125,1.6161928176879883,1.6269105672836304,2.6241891384124756,0.13554097712039948,0,True
179,0.8246587514877319,0.182844877243042,0.0,1.4177886247634888,1.5990169048309326,1.609342098236084,2.8637139797210693,0.13126075267791748,0,True
180,0.8047133088111877,0.20372626185417175,0.0,1.4164352416992188,1.59846031665802,1.6086177825927734,2.718628168106079,0.12497249990701675,0,True
181,0.8228049278259277,0.19139361381530762,0.0,1.4759197235107422,1.6479039192199707,1.6587424278259277,2.8534395694732666,0.1107824444770813,0,True
182,0.8106338977813721,0.19483959674835205,0.0,1.4348169565200806,1.5802333354949951,1.5906989574432373,2.632532835006714,0.12626788020133972,0,True
183,0.8354439735412598,0.17796960473060608,0.0,1.449933409690857,1.6531364917755127,1.6640230417251587,2.6155741214752197,0.10004545748233795,0,True
184,0.832734227180481,0.17971619963645935,0.0,1.4128968715667725,1.5923361778259277,1.6027578115463257,2.763545274734497,0.11420635879039764,0,True
185,0.8343631029129028,0.18183618783950806,0.0,1.3880035877227783,1.6058886051177979,1.616026520729065,2.7100419998168945,0.12218484282493591,0,True
186,0.8231133222579956,0.19163107872009277,0.0,1.3909657001495361,1.5681930780410767,1.5782830715179443,2.618368625640869,0.12148413062095642,0,True
187,0.8246797919273376,0.1907719522714615,0.0,1.404170036315918,1.5727100372314453,1.5828580856323242,2.6603164672851562,0.11675304919481277,0,True
188,0.8390690684318542,0.17835213243961334,0.0,1.4553247690200806,1.6172672510147095,1.6279999017715454,2.616668939590454,0.11109399050474167,0,True
189,0.8386985063552856,0.174442321062088,0.0,1.4146897792816162,1.5649572610855103,1.575317621231079,2.4262654781341553,0.1322982758283615,0,True
190,0.8279637098312378,0.185972660779953,0.0,1.3856011629104614,1.574371099472046,1.5843473672866821,2.6596570014953613,0.11931554228067398,0,True
191,0.8302854895591736,0.18394337594509125,0.0,1.4296765327453613,1.625718116760254,1.636214256286621,2.717123031616211,0.10662345588207245,0,True
192,0.8462389707565308,0.17308731377124786,0.0,1.4762122631072998,1.6437397003173828,1.6547510623931885,2.7244765758514404,0.130408376455307,0,True
193,0.8551799654960632,0.1647820770740509,0.0,1.4468119144439697,1.636886477470398,1.6476855278015137,2.6206765174865723,0.111570805311203,0,True
194,0.8374701738357544,0.1892825961112976,0.0,1.4133164882659912,1.595147967338562,1.605441689491272,2.6585049629211426,0.11754556745290756,0,True
195,0.8319960832595825,0.18431779742240906,0.0,1.4097223281860352,1.6040095090866089,1.6141321659088135,2.5273799896240234,0.10748571157455444,0,True
196,0.8270614743232727,0.19795474410057068,0.0,1.4023869037628174,1.5401356220245361,1.5500907897949219,2.7699248790740967,0.11470106989145279,0,True
197,0.8447709083557129,0.17705699801445007,0.0,1.4576830863952637,1.5983847379684448,1.609144687652588,2.639397621154785,0.12250134348869324,0,True
198,0.845501720905304,0.18078869581222534,0.0,1.4676837921142578,1.5883996486663818,1.5991861820220947,2.614227771759033,0.12532451748847961,0,True
199,0.8476366996765137,0.17790602147579193,0.0,1.423696756362915,1.614070177078247,1.6245965957641602,2.5872840881347656,0.12724590301513672,0,True
200,0.8309251070022583,0.19202186167240143,0.0,1.4026939868927002,1.5728205442428589,1.5830471515655518,2.467818021774292,0.1149526834487915,0,True
201,0.8295544385910034,0.19350455701351166,0.0,1.435882806777954,1.632392168045044,1.6430301666259766,2.892174482345581,0.1327817142009735,0,True
202,0.8453771471977234,0.17727771401405334,0.0,1.4690721035003662,1.6657902002334595,1.6768908500671387,2.6952648162841797,0.12665849924087524,0,True
203,0.8500397205352783,0.182972252368927,0.0,1.450494408607483,1.6247267723083496,1.6356706619262695,2.680830717086792,0.13489526510238647,0,True
204,0.853927731513977,0.17261019349098206,0.0,1.408677101135254,1.637785792350769,1.6482740640640259,2.5708954334259033,0.12853191792964935,0,True
205,0.8215467929840088,0.1986422836780548,0.0,1.3665571212768555,1.550042748451233,1.559781551361084,2.7423346042633057,0.12818336486816406,0,True
206,0.8316942453384399,0.18820860981941223,0.0,1.4152017831802368,1.612795114517212,1.6230270862579346,2.6761183738708496,0.1291799545288086,0,True
207,0.8452199697494507,0.17918580770492554,0.0,1.4594998359680176,1.5758001804351807,1.5866217613220215,2.633605718612671,0.12636813521385193,0,True
208,0.847478985786438,0.1709926426410675,0.0,1.4469784498214722,1.5883673429489136,1.5991215705871582,2.664138078689575,0.11642266809940338,0,True
209,0.8478671312332153,0.17070263624191284,0.0,1.4297765493392944,1.5935697555541992,1.6039834022521973,2.7129037380218506,0.11690652370452881,0,True
210,0.8281314373016357,0.18385234475135803,0.0,1.4156277179718018,1.5684692859649658,1.5786101818084717,2.687328815460205,0.1263752281665802,0,True
211,0.826942503452301,0.1895882487297058,0.0,1.4254883527755737,1.6090809106826782,1.6194934844970703,2.8491861820220947,0.13438190519809723,0,True
212,0.8561885356903076,0.17023488879203796,0.0,1.5035319328308105,1.6609749794006348,1.6723276376724243,2.7837696075439453,0.11700820922851562,0,True
213,0.8582855463027954,0.16505497694015503,0.0,1.4579901695251465,1.6373538970947266,1.6482802629470825,2.63857364654541,0.11647549271583557,0,True
214,0.8363678455352783,0.1814178079366684,0.0,1.3983402252197266,1.6042859554290771,1.6145734786987305,2.887791633605957,0.11406826227903366,0,True
215,0.8225501775741577,0.19235563278198242,0.0,1.4054276943206787,1.6235384941101074,1.6338351964950562,2.596165418624878,0.11898206919431686,0,True
216,0.8301171064376831,0.1863536536693573,0.0,1.4446452856063843,1.6422181129455566,1.6529059410095215,2.4896280765533447,0.13593512773513794,0,True
217,0.8422139883041382,0.1729699671268463,0.0,1.454939365386963,1.610499620437622,1.6212151050567627,2.703855514526367,0.12647776305675507,0,True
218,0.848157525062561,0.16954964399337769,0.0,1.4201841354370117,1.5819733142852783,1.5924627780914307,2.570183277130127,0.12174166738986969,0,True
219,0.850389301776886,0.16065554320812225,0.0,1.3782542943954468,1.5708789825439453,1.5809439420700073,2.4866561889648438,0.11254002898931503,0,True
220,0.838302493095398,0.17597416043281555,0.0,1.3727353811264038,1.5331752300262451,1.5429877042770386,2.8663175106048584,0.11755422502756119,0,True
221,0.810914933681488,0.1971951425075531,0.0,1.3900213241577148,1.544668197631836,1.5545580387115479,2.470858573913574,0.12683305144309998,0,True
222,0.8267063498497009,0.18604204058647156,0.0,1.4762399196624756,1.619429349899292,1.6304004192352295,2.806032180786133,0.12079574167728424,0,True
223,0.8339635133743286,0.1859942227602005,0.0,1.4945286512374878,1.6547986268997192,1.6661112308502197,2.780949354171753,0.12182080000638962,0,True
224,0.8390775322914124,0.17578566074371338,0.0,1.4316554069519043,1.6392265558242798,1.649841070175171,2.605454683303833,0.11937885731458664,0,True
225,0.8366051912307739,0.17957228422164917,0.0,1.4008119106292725,1.6382601261138916,1.6485636234283447,2.612891912460327,0.1330222487449646,0,True
226,0.8331347703933716,0.18521729111671448,0.0,1.4005084037780762,1.6198835372924805,1.6299902200698853,2.656122922897339,0.11248287558555603,0,True
227,0.8454765677452087,0.17628629505634308,0.0,1.4141291379928589,1.6208155155181885,1.6313273906707764,2.5787196159362793,0.09997590631246567,0,True
228,0.8394758701324463,0.18626612424850464,0.0,1.4202104806900024,1.552391529083252,1.5628633499145508,2.5915260314941406,0.12345805019140244,0,True
229,0.8459476232528687,0.1690404713153839,0.0,1.4021050930023193,1.5526034832000732,1.562711477279663,2.545077085494995,0.11752431094646454,0,True
230,0.8517636060714722,0.16391728818416595,0.0,1.3891597986221313,1.510887861251831,1.5207802057266235,2.704897880554199,0.12169267237186432,0,True
231,0.8260875344276428,0.18740639090538025,0.0,1.3838229179382324,1.528247594833374,1.5381640195846558,2.5083658695220947,0.12660887837409973,0,True
232,0.8377403020858765,0.1829136610031128,0.0,1.4474735260009766,1.5885207653045654,1.5991771221160889,2.5068724155426025,0.1312306523323059,0,True
233,0.8262503147125244,0.18841148912906647,0.0,1.4589262008666992,1.6081979274749756,1.6191871166229248,2.7378716468811035,0.1118987649679184,0,True
234,0.8339157104492188,0.1855766475200653,0.0,1.5022871494293213,1.6927080154418945,1.7041783332824707,2.8006672859191895,0.1228104829788208,0,True
235,0.83477783203125,0.18077585101127625,0.0,1.4510746002197266,1.660588026046753,1.6715037822723389,2.614231824874878,0.11224935948848724,0,True
236,0.8146928548812866,0.20157307386398315,0.0,1.4211114645004272,1.6229796409606934,1.6332932710647583,2.688530921936035,0.12486809492111206,0,True
237,0.8268272876739502,0.18813851475715637,0.0,1.3976635932922363,1.5940158367156982,1.6041289567947388,2.6105358600616455,0.11206388473510742,0,True
238,0.8291375637054443,0.19075387716293335,0.0,1.3901653289794922,1.5682909488677979,1.578577995300293,2.53904390335083,0.11187940835952759,0,True
239,0.8398767113685608,0.18750900030136108,0.0,1.4279534816741943,1.578684687614441,1.5891934633255005,2.7170917987823486,0.11240935325622559,0,True
240,0.8086225390434265,0.21066811680793762,0.0,1.4145119190216064,1.531731128692627,1.541933298110962,2.7931432723999023,0.13457444310188293,0,True
241,0.8195581436157227,0.19359871745109558,0.0,1.4388206005096436,1.6091816425323486,1.6197227239608765,2.484220027923584,0.11235518008470535,0,True
242,0.8178618550300598,0.2047710418701172,0.0,1.442872166633606,1.5715157985687256,1.5821397304534912,2.6830897331237793,0.1305488646030426,0,True
243,0.8104315996170044,0.20436367392539978,0.0,1.4272611141204834,1.609539270401001,1.6200947761535645,2.6580655574798584,0.12272277474403381,0,True
244,0.8174146413803101,0.1978309601545334,0.0,1.481764316558838,1.6694419384002686,1.68070650100708,2.6531407833099365,0.11694379150867462,0,True
245,0.8365909457206726,0.18203958868980408,0.0,1.4719651937484741,1.6761430501937866,1.6873297691345215,2.725067615509033,0.12008947134017944,0,True
246,0.8401098847389221,0.17646661400794983,0.0,1.4095914363861084,1.6207234859466553,1.631147861480713,2.5927374362945557,0.12009286135435104,0,True
247,0.8090384006500244,0.19864946603775024,0.0,1.3654248714447021,1.5806221961975098,1.5904016494750977,2.7333309650421143,0.1321539431810379,0,True
248,0.8167498111724854,0.19675105810165405,0.0,1.4416074752807617,1.6322951316833496,1.6426430940628052,2.5736358165740967,0.11704019457101822,0,True
249,0.8368111848831177,0.18028661608695984,0.0,1.4481043815612793,1.5887439250946045,1.5993249416351318,2.7563679218292236,0.1137714684009552,0,True
250,0.812921941280365,0.20299863815307617,0.0,1.3888435363769531,1.5261399745941162,1.5360581874847412,2.386415719985962,0.10977022349834442,0,True
251,0.811657190322876,0.20370309054851532,0.0,1.3964202404022217,1.5546722412109375,1.5646464824676514,2.534661054611206,0.10945618152618408,0,True
252,0.8115278482437134,0.2083023190498352,0.0,1.414119005203247,1.5706965923309326,1.5808801651000977,2.532858371734619,0.11360302567481995,0,True
253,0.7978630661964417,0.2190961241722107,0.0,1.4110835790634155,1.584887981414795,1.5951207876205444,2.431809663772583,0.1410706639289856,0,True
254,0.812484860420227,0.20784443616867065,0.0,1.4764639139175415,1.676992416381836,1.6882810592651367,2.561627149581909,0.12308479100465775,0,True
255,0.840175986289978,0.18331941962242126,0.0,1.4810333251953125,1.6769248247146606,1.688265085220337,2.6972267627716064,0.12417449057102203,0,True
256,0.8234360218048096,0.1870003640651703,0.0,1.3857626914978027,1.5904271602630615,1.6006073951721191,2.6219265460968018,0.1331540197134018,0,True
257,0.8303985595703125,0.18455764651298523,0.0,1.378542423248291,1.5783649682998657,1.5882139205932617,2.605046272277832,0.10965195298194885,0,True
258,0.8200069665908813,0.19083267450332642,0.0,1.4149861335754395,1.5600510835647583,1.5702650547027588,2.6454715728759766,0.12586961686611176,0,True
259,0.8379578590393066,0.18207207322120667,0.0,1.4737539291381836,1.6004209518432617,1.6112444400787354,2.879305124282837,0.1272016018629074,0,True
260,0.8246906399726868,0.19059208035469055,0.0,1.4216804504394531,1.5302141904830933,1.5404415130615234,2.507185220718384,0.11664935946464539,0,True
261,0.8223721385002136,0.19361944496631622,0.0,1.4104762077331543,1.6017005443572998,1.6120867729187012,2.471301555633545,0.11140640079975128,0,True
262,0.8183656930923462,0.1972423940896988,0.0,1.4445579051971436,1.6316006183624268,1.6422514915466309,2.7596139907836914,0.12695065140724182,0,True
263,0.8125002384185791,0.2070283591747284,0.0,1.432599663734436,1.5980470180511475,1.6084799766540527,2.6667892932891846,0.12492252141237259,0,True
264,0.8324724435806274,0.19222086668014526,0.0,1.458391785621643,1.6571000814437866,1.6679670810699463,2.635446310043335,0.11167581379413605,0,True
265,0.8417493104934692,0.1905657947063446,0.0,1.4584946632385254,1.6222515106201172,1.6331452131271362,2.574239730834961,0.11994992196559906,0,True
266,0.8459266424179077,0.17292296886444092,0.0,1.3873364925384521,1.6235811710357666,1.6337456703186035,2.6116580963134766,0.12255202233791351,0,True
267,0.8089946508407593,0.20483717322349548,0.0,1.3736097812652588,1.5498963594436646,1.5594576597213745,2.5452170372009277,0.10646147280931473,0,True
268,0.8382295370101929,0.18053987622261047,0.0,1.4582102298736572,1.6459434032440186,1.6565988063812256,2.6008007526397705,0.12577414512634277,0,True
269,0.8287662863731384,0.18783700466156006,0.0,1.4401357173919678,1.5589001178741455,1.569382667541504,2.7037341594696045,0.12666761875152588,0,True
270,0.8341772556304932,0.17907842993736267,0.0,1.4327716827392578,1.609831690788269,1.6202945709228516,2.744882345199585,0.11048184335231781,0,True
271,0.8407155275344849,0.17780303955078125,0.0,1.4243193864822388,1.5767592191696167,1.587049961090088,2.580941677093506,0.10954226553440094,0,True
272,0.8368165493011475,0.17602777481079102,0.0,1.403778076171875,1.5790261030197144,1.5892531871795654,2.610273599624634,0.11231961101293564,0,True
273,0.8355960845947266,0.184749573469162,0.0,1.419373631477356,1.6011825799942017,1.6118030548095703,2.7016963958740234,0.11460620164871216,0,True
274,0.8604776859283447,0.16020306944847107,0.0,1.4867056608200073,1.6505862474441528,1.6618473529815674,2.6094563007354736,0.1275247186422348,0,True
275,0.8566741347312927,0.17038752138614655,0.0,1.4688575267791748,1.6239817142486572,1.6351128816604614,2.7152602672576904,0.12818820774555206,0,True
276,0.8552896976470947,0.16322335600852966,0.0,1.4232604503631592,1.6309155225753784,1.6414103507995605,2.7091994285583496,0.11435119062662125,0,True
277,0.84013432264328,0.16836608946323395,0.0,1.3701913356781006,1.5595152378082275,1.569188117980957,2.6477479934692383,0.12481410801410675,0,True
278,0.831994891166687,0.17740119993686676,0.0,1.3800032138824463,1.5544025897979736,1.5641597509384155,2.48771333694458,0.12331757694482803,0,True
279,0.8345823287963867,0.17179474234580994,0.0,1.4508051872253418,1.5680389404296875,1.5784800052642822,2.8351707458496094,0.10357342660427094,0,True
280,0.8422868251800537,0.177688330411911,0.0,1.463050365447998,1.5890227556228638,1.5998284816741943,2.7720284461975098,0.10978276282548904,0,True
281,0.8355134725570679,0.17648187279701233,0.0,1.441537857055664,1.6163873672485352,1.6270557641983032,2.869689702987671,0.10549043118953705,0,True
282,0.8270857334136963,0.18882879614830017,0.0,1.4257428646087646,1.6217151880264282,1.6322131156921387,2.8126473426818848,0.12083545327186584,0,True
283,0.836620569229126,0.18652404844760895,0.0,1.4439380168914795,1.6498088836669922,1.660577416419983,2.595344066619873,0.12170499563217163,0,True
284,0.8440325260162354,0.1759261190891266,0.0,1.4374059438705444,1.6267706155776978,1.6376233100891113,2.514085531234741,0.12874861061573029,0,True
285,0.8566443920135498,0.16951347887516022,0.0,1.4358139038085938,1.6172541379928589,1.6279711723327637,2.4716413021087646,0.11129089444875717,0,True
286,0.859894871711731,0.156014546751976,0.0,1.3960459232330322,1.6048252582550049,1.6150619983673096,2.598979949951172,0.10988710820674896,0,True
287,0.8389835357666016,0.17622637748718262,0.0,1.3780548572540283,1.5424939393997192,1.552245855331421,2.5590782165527344,0.12464285641908646,0,True
288,0.8413463234901428,0.1778946816921234,0.0,1.423426628112793,1.5876383781433105,1.5980217456817627,2.7076494693756104,0.1071808934211731,0,True
289,0.855756402015686,0.16916923224925995,0.0,1.4512845277786255,1.5849087238311768,1.5956816673278809,2.535378932952881,0.12108246982097626,0,True
290,0.8573097586631775,0.16477908194065094,0.0,1.440610647201538,1.5741372108459473,1.5847251415252686,2.8069605827331543,0.12069229036569595,0,True
291,0.8352067470550537,0.17830047011375427,0.0,1.3955488204956055,1.5728776454925537,1.5829083919525146,2.5759494304656982,0.1214960515499115,0,True
292,0.845984935760498,0.17128263413906097,0.0,1.463331699371338,1.664820671081543,1.6757184267044067,2.5528953075408936,0.11454381793737411,0,True
293,0.85386061668396,0.1734822690486908,0.0,1.4852889776229858,1.697483777999878,1.7088360786437988,2.7108664512634277,0.11774107813835144,0,True
294,0.8642769455909729,0.1619911789894104,0.0,1.4745306968688965,1.6947672367095947,1.7059831619262695,2.6340160369873047,0.10853378474712372,0,True
295,0.8788582682609558,0.15693515539169312,0.0,1.4370217323303223,1.627520203590393,1.6382570266723633,2.7024688720703125,0.10325805097818375,0,True
296,0.8744857907295227,0.14976350963115692,0.0,1.378841519355774,1.5456452369689941,1.5554618835449219,2.65621018409729,0.11201437562704086,0,True
297,0.852056086063385,0.1693846583366394,0.0,1.3547813892364502,1.4728307723999023,1.482268214225769,2.603566884994507,0.12032981216907501,0,True
298,0.8728219270706177,0.15071061253547668,0.0,1.4260900020599365,1.5682768821716309,1.5786609649658203,2.7571189403533936,0.12105313688516617,0,True
299,0.8816885948181152,0.14434880018234253,0.0,1.4721254110336304,1.5687668323516846,1.579624891281128,2.839306116104126,0.12907369434833527,0,True
300,0.8716622591018677,0.1524936854839325,0.0,1.441466212272644,1.5815304517745972,1.5919713973999023,2.6779232025146484,0.12494008243083954,0,True
301,0.8551285862922668,0.16714635491371155,0.9296875,1.4078878164291382,1.5957744121551514,1.6059606075286865,2.6561293601989746,0.13628201186656952,0,True
302,0.8712098598480225,0.14735595881938934,0.9296875,1.4781416654586792,1.679649829864502,1.690636157989502,2.6837077140808105,0.12618182599544525,0,True
303,0.8505450487136841,0.1657833755016327,0.9296875,1.449354887008667,1.6576581001281738,1.6685709953308105,2.788814067840576,0.13498534262180328,0,True
304,0.8651983737945557,0.15708719193935394,0.9296875,1.4561767578125,1.6775507926940918,1.6886661052703857,2.6786611080169678,0.12369053810834885,0,True
305,0.8651397228240967,0.15684634447097778,0.9296875,1.419776439666748,1.6264541149139404,1.6369898319244385,2.680697441101074,0.13035643100738525,0,True
306,0.855556309223175,0.1596449613571167,0.9296875,1.3523850440979004,1.5739810466766357,1.5835809707641602,2.6753807067871094,0.14614972472190857,0,True
307,0.8399782776832581,0.17375680804252625,0.9296875,1.347046136856079,1.551267385482788,1.5606980323791504,2.466947317123413,0.13038566708564758,0,True
308,0.8449847102165222,0.16973507404327393,0.9296875,1.4153324365615845,1.5829232931137085,1.5930917263031006,2.7419068813323975,0.12965211272239685,0,True
309,0.8512144088745117,0.16204646229743958,0.9296875,1.4469892978668213,1.574028491973877,1.5846178531646729,2.747262716293335,0.13564187288284302,0,True
310,0.8439093232154846,0.1679075062274933,0.9296875,1.3843178749084473,1.5837657451629639,1.5938613414764404,2.449065685272217,0.13477428257465363,0,True
311,0.8429275751113892,0.17918118834495544,0.9296875,1.3923894166946411,1.6094251871109009,1.6194539070129395,2.5286104679107666,0.12476422637701035,0,True
312,0.8287052512168884,0.19001293182373047,0.9296875,1.3952653408050537,1.6509665250778198,1.6611067056655884,2.663194417953491,0.13886430859565735,0,True
313,0.8520041108131409,0.17519240081310272,0.9296875,1.4526729583740234,1.6678029298782349,1.678676724433899,2.629152536392212,0.12885914742946625,0,True
314,0.8559337854385376,0.16117054224014282,0.9296875,1.415569543838501,1.636176347732544,1.6468713283538818,2.3306262493133545,0.1333765685558319,0,True
315,0.859661340713501,0.16451042890548706,0.9296875,1.4139236211776733,1.618518590927124,1.6289927959442139,2.7828123569488525,0.13609804213047028,0,True
316,0.8356791734695435,0.17753973603248596,0.9296875,1.365644931793213,1.5449615716934204,1.5544273853302002,2.7018814086914062,0.14056608080863953,0,True
317,0.8356049060821533,0.1808224618434906,0.9296875,1.3687756061553955,1.5313862562179565,1.5410263538360596,2.57075834274292,0.13207969069480896,0,True
318,0.8451472520828247,0.17081521451473236,0.9296875,1.434767484664917,1.5773181915283203,1.5877758264541626,2.7640154361724854,0.11126331239938736,0,True
319,0.8487725257873535,0.1685330867767334,0.9296875,1.435782551765442,1.583662986755371,1.5941517353057861,2.486565113067627,0.14761191606521606,0,True
320,0.837439775466919,0.1699620485305786,0.9296875,1.4150525331497192,1.5884599685668945,1.598798394203186,2.8816258907318115,0.14275908470153809,0,True
321,0.8435983657836914,0.1834363341331482,0.9296875,1.4449865818023682,1.6543080806732178,1.665125846862793,2.7606770992279053,0.1302230954170227,0,True
322,0.8433095216751099,0.17756706476211548,0.9296875,1.436720609664917,1.6501097679138184,1.6608844995498657,2.6449661254882812,0.13020673394203186,0,True
323,0.8495325446128845,0.17050954699516296,0.9296875,1.443246603012085,1.668818473815918,1.679766297340393,2.7103519439697266,0.13168415427207947,0,True
324,0.8477675318717957,0.1674671620130539,0.9296875,1.4339041709899902,1.6320322751998901,1.6428362131118774,2.6222496032714844,0.1343345046043396,0,True
325,0.8363857269287109,0.18016944825649261,0.9296875,1.3869142532348633,1.5763154029846191,1.5863478183746338,2.6474575996398926,0.12316056340932846,0,True
326,0.8244315385818481,0.19252926111221313,0.9296875,1.353062629699707,1.5414626598358154,1.5511925220489502,2.4640398025512695,0.1238434910774231,0,True
327,0.830531895160675,0.1929253786802292,0.9296875,1.4037474393844604,1.5474157333374023,1.5575032234191895,2.6635518074035645,0.12111316621303558,0,True
328,0.8401216268539429,0.1869090497493744,0.9296875,1.4335178136825562,1.5948433876037598,1.6054422855377197,2.594559669494629,0.1179540678858757,0,True
329,0.8483710885047913,0.16762852668762207,0.9296875,1.4377741813659668,1.5779976844787598,1.5885227918624878,2.8224120140075684,0.13995987176895142,0,True
330,0.8202580809593201,0.20032337307929993,0.9296875,1.3827381134033203,1.573376178741455,1.583457350730896,2.6685540676116943,0.13010093569755554,0,True
331,0.8450684547424316,0.18303433060646057,0.9296875,1.458564281463623,1.6647193431854248,1.6755660772323608,2.6853530406951904,0.11644850671291351,0,True
332,0.8455021381378174,0.1769302934408188,0.9296875,1.441159963607788,1.6098965406417847,1.62055504322052,2.5061490535736084,0.13189978897571564,0,True
333,0.8583718538284302,0.1665302962064743,0.9296875,1.4417792558670044,1.6576639413833618,1.668499231338501,2.707219362258911,0.13007839024066925,0,True
334,0.8625291585922241,0.16096702218055725,0.9296875,1.456833839416504,1.6535168886184692,1.6643747091293335,2.6001319885253906,0.12723401188850403,0,True
335,0.8473665714263916,0.16887111961841583,0.9296875,1.392331600189209,1.5798332691192627,1.5898150205612183,2.643850803375244,0.14630216360092163,0,True
336,0.8561548590660095,0.1662917584180832,0.9296875,1.3514304161071777,1.5585787296295166,1.5681787729263306,2.481727361679077,0.14040565490722656,0,True
337,0.8445426225662231,0.17666903138160706,0.9296875,1.374514102935791,1.5416042804718018,1.5514850616455078,2.501441240310669,0.1305815875530243,0,True
338,0.8677976131439209,0.15604855120182037,0.9296875,1.4393839836120605,1.604074478149414,1.6146979331970215,2.6750073432922363,0.13133952021598816,0,True
339,0.8513922691345215,0.1708681881427765,0.9296875,1.402282953262329,1.5678138732910156,1.5780613422393799,2.5071609020233154,0.12495613843202591,0,True
340,0.8496572971343994,0.17424660921096802,0.9296875,1.4261667728424072,1.612555980682373,1.6229345798492432,2.7384300231933594,0.1353851705789566,0,True
341,0.8577316999435425,0.164006769657135,0.9296875,1.4483344554901123,1.6432816982269287,1.6540648937225342,2.8702197074890137,0.13532201945781708,0,True
342,0.8486192226409912,0.1694505512714386,0.9296875,1.4380253553390503,1.6374425888061523,1.6479988098144531,2.6446540355682373,0.11192598193883896,0,True
343,0.8804736137390137,0.14766022562980652,0.9296875,1.4541008472442627,1.6704941987991333,1.6814781427383423,2.8638250827789307,0.11050301790237427,0,True
344,0.8787381649017334,0.15508529543876648,0.9296875,1.4096264839172363,1.576122760772705,1.5865113735198975,2.490448474884033,0.13569103181362152,0,True
345,0.8601905703544617,0.16072994470596313,0.9296875,1.389554738998413,1.5732014179229736,1.583242416381836,2.726757049560547,0.1277826875448227,0,True
346,0.8566715121269226,0.16650646924972534,0.9296875,1.3939412832260132,1.5711904764175415,1.581222414970398,2.5969748497009277,0.1357833445072174,0,True
347,0.8673048615455627,0.1551196426153183,0.9296875,1.4463772773742676,1.5983597040176392,1.6088811159133911,2.6689929962158203,0.132609024643898,0,True
348,0.8642072677612305,0.15732800960540771,0.9296875,1.4296060800552368,1.5700206756591797,1.5805108547210693,2.63590145111084,0.13039161264896393,0,True
349,0.8628431558609009,0.1605512797832489,0.9296875,1.415366768836975,1.60086989402771,1.611166000366211,2.706331491470337,0.13279280066490173,0,True
350,0.8637353181838989,0.16376200318336487,0.9296875,1.4181714057922363,1.592699408531189,1.6030353307724,2.6335151195526123,0.12219233810901642,0,True
351,0.8564730882644653,0.16624680161476135,0.9296875,1.412089467048645,1.615978717803955,1.6262953281402588,2.759073495864868,0.12878815829753876,0,True
352,0.8556532859802246,0.1703094244003296,0.9296875,1.4482969045639038,1.6344428062438965,1.6451635360717773,2.7301158905029297,0.13888037204742432,0,True
353,0.8566271662712097,0.1684127300977707,0.9296875,1.410534381866455,1.6038188934326172,1.6141777038574219,2.679896116256714,0.12967219948768616,0,True
354,0.852534294128418,0.17352816462516785,0.9296875,1.4000831842422485,1.5890642404556274,1.5992116928100586,2.5997989177703857,0.11208445578813553,0,True
355,0.8570784330368042,0.1676819920539856,0.9296875,1.41679847240448,1.6217925548553467,1.6322333812713623,2.633692741394043,0.12242461740970612,0,True
356,0.8492776155471802,0.18368488550186157,0.9296875,1.405497670173645,1.5846459865570068,1.594912052154541,2.5590035915374756,0.12343541532754898,0,True
357,0.868914008140564,0.16128425300121307,0.9296875,1.429926872253418,1.6105704307556152,1.621099591255188,2.889671564102173,0.1263699233531952,0,True
358,0.8649460077285767,0.1628413200378418,0.9296875,1.3878157138824463,1.5464987754821777,1.5564440488815308,2.6882572174072266,0.12518051266670227,0,True
359,0.8646319508552551,0.16876842081546783,0.9296875,1.3876423835754395,1.568922996520996,1.5789101123809814,2.611534833908081,0.12716010212898254,0,True
360,0.86842942237854,0.17099958658218384,0.9296875,1.4403274059295654,1.5931000709533691,1.603527307510376,2.7646970748901367,0.1299513727426529,0,True
361,0.8644863367080688,0.17354774475097656,0.9296875,1.4436402320861816,1.614736795425415,1.6253706216812134,2.7498421669006348,0.1370658278465271,0,True
362,0.8553109169006348,0.17557856440544128,0.9296875,1.4174432754516602,1.5978823900222778,1.60817551612854,2.4792137145996094,0.12563441693782806,0,True
363,0.8652600049972534,0.16334769129753113,0.9296875,1.4036822319030762,1.6018197536468506,1.6119945049285889,2.6961426734924316,0.12677493691444397,0,True
364,0.8484076261520386,0.17829526960849762,0.9375,1.3965283632278442,1.5751359462738037,1.585257649421692,2.781200885772705,0.12816113233566284,0,True
365,0.8570163249969482,0.16801801323890686,0.9375,1.4183995723724365,1.6295628547668457,1.640028715133667,2.7954728603363037,0.13626742362976074,0,True
366,0.8613305687904358,0.16860002279281616,0.9375,1.4232499599456787,1.5974867343902588,1.6079695224761963,2.675658702850342,0.13369335234165192,0,True
367,0.851722002029419,0.16886675357818604,0.9375,1.39301335811615,1.5837035179138184,1.593825101852417,2.4699196815490723,0.11706472188234329,0,True
368,0.851081371307373,0.16948989033699036,0.9375,1.4089409112930298,1.601296067237854,1.6116551160812378,2.8179712295532227,0.1142805814743042,0,True
369,0.8510448336601257,0.17196422815322876,0.9375,1.3994202613830566,1.6128075122833252,1.623128890991211,2.5370147228240967,0.12685538828372955,0,True
370,0.8516562581062317,0.17421235144138336,0.9375,1.3999234437942505,1.5990805625915527,1.6092473268508911,2.6278960704803467,0.12243212014436722,0,True
371,0.848351776599884,0.16925302147865295,0.9375,1.410959005355835,1.6028425693511963,1.6132056713104248,2.7362115383148193,0.13770461082458496,0,True
372,0.8458085060119629,0.17717263102531433,0.9375,1.3981308937072754,1.5679664611816406,1.5781152248382568,2.5919277667999268,0.12736836075782776,0,True
373,0.8315747976303101,0.18505744636058807,0.9375,1.3776023387908936,1.5558383464813232,1.5658488273620605,3.0348565578460693,0.13320176303386688,0,True
374,0.8213711380958557,0.1987791806459427,0.9453125,1.406281590461731,1.581521987915039,1.5917015075683594,2.5816216468811035,0.1379850208759308,0,True
375,0.8327451944351196,0.18907451629638672,0.953125,1.4317004680633545,1.612037181854248,1.622635841369629,2.7770819664001465,0.1287478655576706,0,True
376,0.8262835144996643,0.20051038265228271,0.953125,1.4228756427764893,1.609464168548584,1.6200571060180664,2.6841909885406494,0.12918904423713684,0,True
377,0.8471523523330688,0.1744491457939148,0.9609375,1.4255315065383911,1.6385436058044434,1.6490778923034668,2.619438886642456,0.13085241615772247,0,True
378,0.8278950452804565,0.1925954520702362,0.9609375,1.372708797454834,1.577264666557312,1.587119698524475,2.3749070167541504,0.12751346826553345,0,True
379,0.8484321236610413,0.1760333776473999,0.9609375,1.4280939102172852,1.6530694961547852,1.6636545658111572,2.5986244678497314,0.12865906953811646,0,True
380,0.8279262781143188,0.19906991720199585,0.9609375,1.4037227630615234,1.5534528493881226,1.563513159751892,2.595611333847046,0.13823112845420837,0,True
381,0.8368595838546753,0.18821164965629578,0.9609375,1.4318894147872925,1.6331474781036377,1.6435378789901733,2.7049765586853027,0.12396235018968582,0,True
382,0.8449075222015381,0.18311403691768646,0.9609375,1.435472011566162,1.5949697494506836,1.6055772304534912,2.615435838699341,0.1145966574549675,0,True
383,0.8312079310417175,0.18240737915039062,0.9609375,1.394147515296936,1.5917249917984009,1.6018738746643066,2.6896872520446777,0.13702309131622314,0,True
384,0.8522940874099731,0.17584992945194244,0.9609375,1.3942687511444092,1.6168432235717773,1.626951813697815,2.6246421337127686,0.11634829640388489,0,True
385,0.8411107063293457,0.18372534215450287,0.9609375,1.4041441679000854,1.5721256732940674,1.582220435142517,2.762223243713379,0.11941186338663101,0,True
386,0.8473986387252808,0.18433347344398499,0.9609375,1.411956787109375,1.6291353702545166,1.6395436525344849,2.6901984214782715,0.11935103684663773,0,True
387,0.8437602519989014,0.18399429321289062,0.9609375,1.4209986925125122,1.5916328430175781,1.6021147966384888,2.7716150283813477,0.1265239268541336,0,True
388,0.8571802377700806,0.16463883221149445,0.9609375,1.4156205654144287,1.599851131439209,1.6099828481674194,2.5856127738952637,0.12241482734680176,0,True
389,0.8489288091659546,0.17481446266174316,0.9609375,1.3894695043563843,1.5571157932281494,1.5672600269317627,2.462930917739868,0.12648193538188934,0,True
390,0.8329920768737793,0.19494473934173584,0.9609375,1.4041478633880615,1.5589101314544678,1.5690447092056274,2.412224292755127,0.13507413864135742,0,True
391,0.8281635046005249,0.197973370552063,0.9609375,1.4442555904388428,1.6015114784240723,1.6121177673339844,2.432636022567749,0.12960633635520935,0,True
392,0.8550690412521362,0.1687382161617279,0.9609375,1.4892417192459106,1.6669729948043823,1.6780997514724731,2.650351047515869,0.12450206279754639,0,True
393,0.8521697521209717,0.17219951748847961,0.9609375,1.4375463724136353,1.6384100914001465,1.649133324623108,2.5866079330444336,0.1165708526968956,0,True
394,0.8581753373146057,0.17326383292675018,0.9609375,1.4190139770507812,1.6448293924331665,1.655413269996643,2.680858850479126,0.12513472139835358,0,True
395,0.8513396978378296,0.18944531679153442,0.9609375,1.4039348363876343,1.6113783121109009,1.6217496395111084,2.558851718902588,0.13120552897453308,0,True
396,0.8654278516769409,0.1786785125732422,0.9609375,1.3897433280944824,1.602790117263794,1.612973928451538,2.6085610389709473,0.11187877506017685,0,True
397,0.8577929735183716,0.17526258528232574,0.96875,1.393742561340332,1.5634262561798096,1.5737152099609375,2.5130786895751953,0.11419737339019775,0,True
398,0.8494242429733276,0.179756298661232,0.96875,1.3859068155288696,1.5532740354537964,1.5634756088256836,2.713737964630127,0.13313165307044983,0,True
399,0.8509575128555298,0.1836472451686859,0.96875,1.4101628065109253,1.544064998626709,1.5543147325515747,2.5902903079986572,0.11440251022577286,0,True
400,0.8613803386688232,0.1797991245985031,0.96875,1.436914324760437,1.588324785232544,1.598766565322876,2.5641024112701416,0.14605285227298737,0,True
401,0.8508520722389221,0.18626999855041504,0.96875,1.4105850458145142,1.5975935459136963,1.6078402996063232,2.5071802139282227,0.11979427933692932,0,True
402,0.8556666374206543,0.1790742576122284,0.96875,1.4535119533538818,1.6414148807525635,1.6520493030548096,2.7019479274749756,0.1367429494857788,0,True
403,0.8557052612304688,0.16897103190422058,0.9765625,1.4482377767562866,1.665130853652954,1.6759395599365234,2.702615261077881,0.1324453055858612,0,True
404,0.8578930497169495,0.18687555193901062,0.9765625,1.431304931640625,1.6488161087036133,1.659461498260498,2.4930472373962402,0.1319507509469986,0,True
405,0.8353165984153748,0.19304817914962769,0.9765625,1.3830137252807617,1.5912754535675049,1.6013082265853882,2.570413589477539,0.12865735590457916,0,True
406,0.8612372875213623,0.1688401848077774,0.9765625,1.4065111875534058,1.618077039718628,1.6283482313156128,2.856555938720703,0.10777265578508377,0,True
407,0.8552626371383667,0.17627298831939697,0.9765625,1.4051623344421387,1.5498907566070557,1.559962511062622,2.5857577323913574,0.12908124923706055,0,True
408,0.843268632888794,0.17616117000579834,0.9921875,1.3813881874084473,1.5663862228393555,1.5763778686523438,2.7937746047973633,0.13073556125164032,0,True
409,0.8481863737106323,0.17670676112174988,0.9921875,1.412716031074524,1.5728636980056763,1.5830339193344116,2.640782594680786,0.12032172828912735,0,True
410,0.8290820121765137,0.19813275337219238,0.9921875,1.3946750164031982,1.5682438611984253,1.5782657861709595,2.505876064300537,0.13181078433990479,0,True
411,0.8476746082305908,0.17769396305084229,0.9921875,1.4546687602996826,1.6543917655944824,1.6651184558868408,2.6373603343963623,0.13179075717926025,0,True
412,0.8359519243240356,0.1839747577905655,0.9921875,1.4349608421325684,1.6120771169662476,1.6226186752319336,2.604445695877075,0.12566758692264557,0,True
413,0.866489052772522,0.15578076243400574,0.9921875,1.4658665657043457,1.6920621395111084,1.7030987739562988,2.5354795455932617,0.12493328750133514,0,True
414,0.8507488965988159,0.1688336431980133,1.0,1.4005972146987915,1.6116909980773926,1.6220271587371826,2.5748891830444336,0.13119067251682281,0,True
415,0.8528110980987549,0.16678324341773987,1.0,1.405224084854126,1.634036898612976,1.6441631317138672,2.7928786277770996,0.12147767841815948,0,True
416,0.8374436497688293,0.1852923333644867,1.0,1.3932746648788452,1.5587806701660156,1.5686867237091064,2.5485682487487793,0.13143830001354218,0,True
417,0.8388009071350098,0.1749187409877777,1.0,1.4061529636383057,1.5950847864151,1.6051744222640991,2.539921283721924,0.13146090507507324,0,True
418,0.8552059531211853,0.163699209690094,1.0,1.4244006872177124,1.5833714008331299,1.5937711000442505,2.541879892349243,0.1302793025970459,0,True
419,0.8517374396324158,0.16750594973564148,1.0,1.4388548135757446,1.5920413732528687,1.6025900840759277,2.347245693206787,0.13266223669052124,0,True
420,0.8311319351196289,0.19115416705608368,1.0,1.4003384113311768,1.5877070426940918,1.597952127456665,2.4358177185058594,0.14346495270729065,0,True
421,0.8438335061073303,0.1829947680234909,1.0,1.43852961063385,1.6504948139190674,1.6611403226852417,2.638007402420044,0.1367681473493576,0,True
422,0.8481109738349915,0.1722586750984192,1.0,1.4482462406158447,1.642768144607544,1.653505563735962,2.622690439224243,0.14005371928215027,0,True
423,0.8566677570343018,0.1665811687707901,1.0,1.432658076286316,1.6206591129302979,1.6314277648925781,2.6073853969573975,0.13305628299713135,0,True
424,0.8571395874023438,0.17351526021957397,1.0,1.4108498096466064,1.6201794147491455,1.6306109428405762,2.8015999794006348,0.141198992729187,0,True
425,0.8623033761978149,0.1658828854560852,1.0,1.392753005027771,1.5968434810638428,1.606999158859253,2.506629467010498,0.12705831229686737,0,True
426,0.8561915755271912,0.17102797329425812,1.0,1.3954931497573853,1.5492632389068604,1.5593676567077637,2.6179566383361816,0.11834222078323364,0,True
427,0.8591570854187012,0.17022958397865295,1.0,1.4211937189102173,1.5605111122131348,1.5708860158920288,2.632885694503784,0.1265789419412613,0,True
428,0.8699665069580078,0.1645280122756958,1.0,1.4251320362091064,1.574561357498169,1.5849937200546265,2.5373716354370117,0.12472556531429291,0,True
429,0.8714529275894165,0.16295862197875977,1.0,1.446090817451477,1.5928874015808105,1.6033697128295898,2.5473122596740723,0.13159072399139404,0,True
430,0.8668012619018555,0.16540244221687317,1.0,1.4283168315887451,1.625020980834961,1.6355664730072021,2.5946967601776123,0.13427114486694336,0,True
431,0.8749775886535645,0.1775827258825302,1.0,1.4765774011611938,1.6650922298431396,1.6760706901550293,2.6165318489074707,0.12753039598464966,0,True
432,0.8613313436508179,0.1819121241569519,1.0,1.430959701538086,1.6255522966384888,1.6360435485839844,2.3922057151794434,0.14293210208415985,0,True
433,0.8600321412086487,0.1736544966697693,1.0,1.4227306842803955,1.6238377094268799,1.6343185901641846,2.6683437824249268,0.12322288751602173,0,True
434,0.8680109977722168,0.16081206500530243,1.0,1.422223687171936,1.616446614265442,1.6269595623016357,2.6611196994781494,0.13432660698890686,0,True
435,0.8681796789169312,0.16518375277519226,1.0,1.4002188444137573,1.5784118175506592,1.5885577201843262,2.6488497257232666,0.13862594962120056,0,True
436,0.8566880226135254,0.16731594502925873,1.0,1.3958029747009277,1.5894358158111572,1.5994478464126587,2.740868091583252,0.11988942325115204,0,True
437,0.859972357749939,0.17475605010986328,1.0,1.4401799440383911,1.6275203227996826,1.638171911239624,2.667976140975952,0.12435057759284973,0,True
438,0.8562071919441223,0.17786554992198944,1.0,1.4382426738739014,1.596909761428833,1.6074960231781006,2.742107391357422,0.1421055644750595,0,True
439,0.8515100479125977,0.1745665818452835,1.0,1.419424057006836,1.5997731685638428,1.610187292098999,2.6454780101776123,0.14019830524921417,0,True
440,0.827140748500824,0.20160076022148132,1.0,1.4140651226043701,1.6060233116149902,1.616487741470337,2.710677146911621,0.13149023056030273,0,True
441,0.8554850816726685,0.17988665401935577,1.0,1.473963975906372,1.6861237287521362,1.6973299980163574,2.6349921226501465,0.1429862380027771,0,True
442,0.8577697277069092,0.17000851035118103,1.0,1.4401934146881104,1.6284022331237793,1.639084815979004,2.6834070682525635,0.12527412176132202,0,True
443,0.8541944026947021,0.17456349730491638,1.0,1.414144515991211,1.6170411109924316,1.627476453781128,2.5654983520507812,0.11997014284133911,0,True
444,0.8556536436080933,0.17060309648513794,1.0,1.3927555084228516,1.599990963935852,1.610137701034546,2.6785783767700195,0.13337519764900208,0,True
445,0.850243330001831,0.1696358323097229,1.0,1.3941287994384766,1.572861671447754,1.5829945802688599,2.58575701713562,0.1228281557559967,0,True
446,0.839794397354126,0.18091458082199097,1.0,1.4299156665802002,1.5851786136627197,1.595759391784668,2.6979894638061523,0.13221654295921326,0,True
447,0.8733202219009399,0.16460196673870087,1.0,1.4692964553833008,1.6450986862182617,1.6561819314956665,2.423090934753418,0.13295575976371765,0,True
448,0.862088680267334,0.17040583491325378,1.0,1.3859844207763672,1.553605318069458,1.563660979270935,2.4816246032714844,0.13740113377571106,0,True
449,0.8582625389099121,0.17257049679756165,1.0,1.3879890441894531,1.5761164426803589,1.5861088037490845,2.600421190261841,0.12190611660480499,0,True
450,0.8561230897903442,0.17615416646003723,1.0,1.4005975723266602,1.566108226776123,1.5761727094650269,2.545738458633423,0.113592728972435,0,True
451,0.8588390946388245,0.17327333986759186,1.0,1.4353218078613281,1.5838180780410767,1.5942888259887695,2.6727123260498047,0.1276465356349945,0,True
452,0.8680657148361206,0.16376131772994995,1.0,1.4396774768829346,1.602158546447754,1.6128573417663574,2.605231285095215,0.12460269033908844,0,True
453,0.8533086776733398,0.18435022234916687,1.0,1.4232197999954224,1.6136512756347656,1.6241573095321655,2.721248149871826,0.12247214466333389,0,True
454,0.8787857294082642,0.15868264436721802,1.0,1.4409947395324707,1.685273289680481,1.695966124534607,2.526780128479004,0.11871103942394257,0,True
455,0.853531539440155,0.1776217669248581,1.0,1.422067403793335,1.6095144748687744,1.6199758052825928,2.6801681518554688,0.1327272653579712,0,True
456,0.8713763356208801,0.1621510088443756,1.0,1.4227246046066284,1.618563175201416,1.6290074586868286,2.83949875831604,0.1250159740447998,0,True
457,0.8669928908348083,0.1727062463760376,1.0,1.4085153341293335,1.5630431175231934,1.5732691287994385,2.6165809631347656,0.13023176789283752,0,True
458,0.8490338325500488,0.17456050217151642,1.0,1.3959816694259644,1.567857027053833,1.5779798030853271,2.6405229568481445,0.13526833057403564,0,True
459,0.8653185367584229,0.17811806499958038,1.0,1.4291701316833496,1.588831901550293,1.5993858575820923,2.442301034927368,0.13512718677520752,0,True
460,0.841489851474762,0.19490738213062286,1.0,1.3973426818847656,1.5485401153564453,1.5585688352584839,2.5198023319244385,0.14237511157989502,0,True
461,0.860343337059021,0.1746526062488556,1.0,1.4273732900619507,1.6262080669403076,1.6368582248687744,2.6565685272216797,0.1324964463710785,0,True
462,0.8555623888969421,0.18208914995193481,1.0,1.4538017511367798,1.6184362173080444,1.6292593479156494,2.627927541732788,0.13304245471954346,0,True
463,0.8455989956855774,0.18278884887695312,1.0,1.428038239479065,1.6363632678985596,1.6467154026031494,2.5742294788360596,0.13561701774597168,0,True
464,0.8390507698059082,0.19238677620887756,1.0,1.4263712167739868,1.642587661743164,1.6530590057373047,2.626432418823242,0.14030539989471436,0,True
465,0.864276111125946,0.16578692197799683,1.0,1.4483686685562134,1.6570409536361694,1.667601466178894,2.74829363822937,0.14937910437583923,0,True
466,0.8425067663192749,0.18464301526546478,1.0,1.378535509109497,1.5799070596694946,1.589843511581421,2.510392665863037,0.15651854872703552,0,True
467,0.8314322233200073,0.1957186907529831,1.0,1.383258581161499,1.6141020059585571,1.6241271495819092,2.533698320388794,0.12812617421150208,0,True
468,0.8400777578353882,0.18574245274066925,1.0,1.434025764465332,1.6059372425079346,1.6163444519042969,2.700991153717041,0.13248389959335327,0,True
469,0.8342812061309814,0.18534088134765625,1.0,1.3926911354064941,1.574326753616333,1.5844638347625732,2.3405215740203857,0.14096812903881073,0,True
470,0.8366323709487915,0.19360467791557312,1.0,1.4017119407653809,1.5831806659698486,1.5934503078460693,2.5372745990753174,0.12112156301736832,0,True
471,0.8460469841957092,0.183542400598526,1.0,1.4188237190246582,1.5989203453063965,1.609327793121338,2.452147960662842,0.1300201416015625,0,True
472,0.8343268036842346,0.1979178935289383,1.0,1.3954479694366455,1.578122854232788,1.588503360748291,2.309072494506836,0.1308099776506424,0,True
473,0.8332177996635437,0.18793189525604248,1.0,1.4026809930801392,1.6059623956680298,1.616437315940857,2.4161174297332764,0.14019739627838135,0,True
474,0.8468642830848694,0.18508481979370117,1.0,1.4275343418121338,1.6322180032730103,1.6429734230041504,2.7605438232421875,0.1264668107032776,0,True
475,0.8364274501800537,0.1883142590522766,1.0,1.4097869396209717,1.6094841957092285,1.6199162006378174,2.6965548992156982,0.13529089093208313,0,True
476,0.8549779653549194,0.17207853496074677,1.0,1.432103157043457,1.632856011390686,1.6435803174972534,2.643622398376465,0.14479096233844757,0,True
477,0.8566683530807495,0.17184919118881226,1.0,1.4248533248901367,1.5834026336669922,1.5937087535858154,2.305710554122925,0.1266753375530243,0,True
478,0.843266487121582,0.18107092380523682,1.0,1.3839631080627441,1.5808112621307373,1.590694785118103,2.5097129344940186,0.11686675250530243,0,True
479,0.842123806476593,0.18135686218738556,1.0,1.4096441268920898,1.5801846981048584,1.5904221534729004,2.676636219024658,0.11687473952770233,0,True
480,0.8486758470535278,0.1805577576160431,1.0,1.4519752264022827,1.5776219367980957,1.5881887674331665,2.738346815109253,0.12897753715515137,0,True
481,0.8586716651916504,0.1798551082611084,1.0,1.4205758571624756,1.557043194770813,1.567368984222412,2.3993513584136963,0.13752201199531555,0,True
482,0.8417814373970032,0.18425333499908447,1.0,1.4118558168411255,1.5562174320220947,1.5663663148880005,2.5751047134399414,0.14440098404884338,0,True
483,0.842191755771637,0.18351498246192932,1.0,1.4314494132995605,1.6393953561782837,1.649936556816101,2.6447525024414062,0.13679255545139313,0,True
484,0.8600098490715027,0.1768854707479477,1.0,1.4813748598098755,1.6579205989837646,1.6690455675125122,2.6870062351226807,0.13803347945213318,0,True
485,0.845819354057312,0.1806279420852661,1.0,1.4054291248321533,1.6110622882843018,1.621392846107483,2.540998935699463,0.13798224925994873,0,True
486,0.8311655521392822,0.20064635574817657,1.0,1.3947278261184692,1.6053587198257446,1.6155543327331543,2.7771732807159424,0.12754926085472107,0,True
487,0.8487884998321533,0.17852386832237244,1.0,1.4368551969528198,1.6533677577972412,1.6639282703399658,2.631229877471924,0.1131276935338974,0,True
488,0.8386114835739136,0.18735407292842865,1.0,1.3965579271316528,1.5734280347824097,1.583583950996399,2.5357916355133057,0.12900912761688232,0,True
489,0.838053822517395,0.1901700645685196,1.0,1.3928110599517822,1.5773589611053467,1.5873684883117676,2.6514322757720947,0.1286284625530243,0,True
490,0.8535600304603577,0.17350222170352936,1.0,1.4300264120101929,1.5985684394836426,1.6090121269226074,2.6040594577789307,0.12489944696426392,0,True
491,0.8461041450500488,0.1781042218208313,1.0,1.417072057723999,1.5876498222351074,1.5980339050292969,2.4805078506469727,0.12867523729801178,0,True
492,0.8561445474624634,0.1700575053691864,1.0,1.414652943611145,1.6109563112258911,1.6213635206222534,2.6275899410247803,0.1230584904551506,0,True
493,0.8490861654281616,0.18306738138198853,1.0,1.4317342042922974,1.5900464057922363,1.600511074066162,2.621300220489502,0.12788617610931396,0,True
494,0.8470995426177979,0.17973583936691284,1.0,1.4402565956115723,1.6266651153564453,1.637213945388794,2.812570333480835,0.13019336760044098,0,True
495,0.8530888557434082,0.17380407452583313,1.0,1.4277944564819336,1.61737060546875,1.6278444528579712,2.509909152984619,0.13457521796226501,0,True
496,0.8639802932739258,0.1650107502937317,1.0,1.3785679340362549,1.5815088748931885,1.5914535522460938,2.41402006149292,0.1339145004749298,0,True
497,0.8375811576843262,0.18801891803741455,1.0,1.3450661897659302,1.5380222797393799,1.5475656986236572,2.3090057373046875,0.11748456209897995,0,True
498,0.8685010671615601,0.16874197125434875,1.0,1.452656626701355,1.6386619806289673,1.6495074033737183,2.688034772872925,0.12010206282138824,0,True
499,0.8571410179138184,0.17772217094898224,1.0,1.4400677680969238,1.5795931816101074,1.5902059078216553,2.521515130996704,0.1202082633972168,0,True
500,0.8589423894882202,0.1751759648323059,1.0,1.4086105823516846,1.6195757389068604,1.6299598217010498,2.65535306930542,0.12162292003631592,0,True
501,0.8766381740570068,0.16001072525978088,1.0,1.415825605392456,1.609384536743164,1.6198315620422363,2.6163222789764404,0.12688207626342773,0,True
502,0.8470073938369751,0.17778488993644714,1.0,1.3764835596084595,1.5727527141571045,1.5826209783554077,2.6595489978790283,0.13331696391105652,0,True
503,0.8700085878372192,0.16206274926662445,1.0,1.410386323928833,1.6171061992645264,1.6275458335876465,2.596482992172241,0.11750902235507965,0,True
504,0.854422926902771,0.18128424882888794,1.0,1.4142191410064697,1.5677454471588135,1.578055739402771,2.4823052883148193,0.1316087543964386,0,True
505,0.8504015803337097,0.1875731647014618,1.0,1.4290411472320557,1.628453254699707,1.638969898223877,2.601897954940796,0.1298770010471344,0,True
506,0.8656824827194214,0.1587611585855484,1.0,1.4520773887634277,1.6352589130401611,1.6460671424865723,2.772434949874878,0.13046206533908844,0,True
507,0.8493704795837402,0.16982464492321014,1.0,1.379469394683838,1.556077003479004,1.5660481452941895,2.560633420944214,0.13180507719516754,0,True
508,0.8465651273727417,0.1787850260734558,1.0,1.393507719039917,1.5879498720169067,1.5981330871582031,2.5112640857696533,0.13410070538520813,0,True
509,0.8604117631912231,0.16602584719657898,1.0,1.4573156833648682,1.6264336109161377,1.6373366117477417,2.6238579750061035,0.12123069912195206,0,True
510,0.8655996322631836,0.1601293683052063,1.0,1.4396971464157104,1.6256327629089355,1.6363508701324463,2.63352370262146,0.1306665688753128,0,True
511,0.8543125987052917,0.17223267257213593,1.0,1.396998405456543,1.5903136730194092,1.6005346775054932,2.5459957122802734,0.1336045116186142,0,True
512,0.8358179330825806,0.17693239450454712,1.0,1.38624906539917,1.5723998546600342,1.582512378692627,2.542330741882324,0.13147324323654175,0,True
513,0.8509652018547058,0.17364557087421417,1.0,1.4429999589920044,1.6055748462677002,1.6162668466567993,2.709639549255371,0.12283037602901459,0,True
514,0.8576207160949707,0.1759534627199173,1.0,1.4499921798706055,1.5931055545806885,1.6039273738861084,2.639907121658325,0.13120076060295105,0,True
515,0.8682563304901123,0.1580985188484192,1.0,1.4399428367614746,1.6420361995697021,1.6528862714767456,2.5498099327087402,0.13868214190006256,0,True
516,0.8538896441459656,0.1629842072725296,1.0,1.430587649345398,1.6445512771606445,1.6552187204360962,2.5617852210998535,0.1295296549797058,0,True
517,0.8564586043357849,0.1632573902606964,1.0,1.4303460121154785,1.6487822532653809,1.6593339443206787,2.5754754543304443,0.12830407917499542,0,True
518,0.8634350299835205,0.15560300648212433,1.0,1.4164496660232544,1.6189526319503784,1.629386067390442,2.576514720916748,0.1183866411447525,0,True
519,0.8566794395446777,0.17533811926841736,1.0,1.4087165594100952,1.5638248920440674,1.5740234851837158,2.6396291255950928,0.12667004764080048,0,True
520,0.8675525784492493,0.1604696363210678,1.0,1.4177608489990234,1.5825786590576172,1.592864751815796,2.3790500164031982,0.11950282752513885,0,True
521,0.8790509700775146,0.14702290296554565,1.0,1.4108688831329346,1.5676841735839844,1.5779446363449097,2.531947135925293,0.1306602507829666,0,True
522,0.8514528274536133,0.16976085305213928,1.0,1.39586341381073,1.550809621810913,1.5607181787490845,2.7848637104034424,0.13149164617061615,0,True
523,0.8426861763000488,0.18505768477916718,1.0,1.429518699645996,1.6055545806884766,1.6160112619400024,2.5641191005706787,0.13239315152168274,0,True
524,0.8708791732788086,0.16609954833984375,1.0,1.5065641403198242,1.677935242652893,1.6893657445907593,2.6980671882629395,0.14474278688430786,0,True
525,0.8837796449661255,0.1592540442943573,1.0,1.4423213005065918,1.632796049118042,1.64348566532135,2.554490089416504,0.143095463514328,0,True
526,0.8577332496643066,0.1796564757823944,1.0,1.3657344579696655,1.6025687456130981,1.6124563217163086,2.487178325653076,0.12742258608341217,0,True
527,0.8723317384719849,0.1588350087404251,1.0,1.40753173828125,1.6588302850723267,1.6690714359283447,2.5960235595703125,0.12158110737800598,0,True
528,0.8642705082893372,0.169477641582489,1.0,1.386705756187439,1.573564052581787,1.5835416316986084,2.7333505153656006,0.13223600387573242,0,True
529,0.8542630672454834,0.1656758040189743,1.0,1.3781471252441406,1.5816524028778076,1.5915288925170898,2.4472713470458984,0.12931737303733826,0,True
530,0.8728160262107849,0.15163511037826538,1.0,1.4142887592315674,1.5819240808486938,1.5921911001205444,2.536221742630005,0.12820574641227722,0,True
531,0.8635573387145996,0.16414526104927063,1.0,1.3900647163391113,1.54044771194458,1.5501680374145508,2.709970474243164,0.12368616461753845,0,True
532,0.8469796180725098,0.16917267441749573,1.0,1.3830289840698242,1.5676395893096924,1.5773671865463257,2.5550029277801514,0.1263454556465149,0,True
533,0.8537529110908508,0.17691045999526978,1.0,1.4175251722335815,1.5936341285705566,1.6038926839828491,2.485691785812378,0.11274763941764832,0,True
534,0.8595482110977173,0.17375627160072327,1.0,1.4653871059417725,1.6376252174377441,1.64860200881958,2.5946969985961914,0.11608424782752991,0,True
535,0.8666930794715881,0.1627439707517624,1.0,1.4833598136901855,1.6613658666610718,1.672560691833496,2.69549298286438,0.12442121654748917,0,True
536,0.8614859580993652,0.17019307613372803,1.0,1.419162392616272,1.6338618993759155,1.6444116830825806,2.724039316177368,0.129133939743042,0,True
537,0.8789787292480469,0.1553494930267334,1.0,1.4175310134887695,1.6599867343902588,1.6705021858215332,2.648496389389038,0.1215629130601883,0,True
538,0.8530975580215454,0.17379745841026306,1.0,1.3666054010391235,1.5659433603286743,1.5757906436920166,2.5210607051849365,0.13064852356910706,0,True
539,0.8830872774124146,0.15314850211143494,1.0,1.414414644241333,1.6036286354064941,1.614034652709961,2.673614263534546,0.113689124584198,0,True
540,0.8816715478897095,0.15128399431705475,1.0,1.4171284437179565,1.54005765914917,1.5503767728805542,2.6303749084472656,0.10755310952663422,0,True
541,0.8613332509994507,0.1636691689491272,1.0,1.3826096057891846,1.540637493133545,1.5504752397537231,2.6058545112609863,0.12874653935432434,0,True
542,0.8516413569450378,0.17158904671669006,1.0,1.404740333557129,1.5671799182891846,1.5772569179534912,2.6994893550872803,0.14731374382972717,0,True
543,0.86423259973526,0.16389527916908264,1.0,1.455531358718872,1.640306830406189,1.6510264873504639,2.7021331787109375,0.12521572411060333,0,True
544,0.8589150309562683,0.16766852140426636,1.0,1.4285532236099243,1.6092677116394043,1.6199744939804077,2.6319758892059326,0.14020022749900818,0,True
545,0.8687015771865845,0.16073139011859894,1.0,1.4498356580734253,1.6530169248580933,1.6639971733093262,2.5517568588256836,0.13299915194511414,0,True
546,0.8505120277404785,0.17910286784172058,1.0,1.3949265480041504,1.6239614486694336,1.6343374252319336,2.6818575859069824,0.13292163610458374,0,True
547,0.868013322353363,0.15986575186252594,1.0,1.432753086090088,1.6723387241363525,1.6830357313156128,2.713444471359253,0.12990784645080566,0,True
548,0.8841969966888428,0.14803391695022583,1.0,1.4088592529296875,1.6212959289550781,1.6316848993301392,2.461557626724243,0.1373029202222824,0,True
549,0.8792780637741089,0.1514468491077423,1.0,1.3537733554840088,1.5542182922363281,1.5638995170593262,2.434156894683838,0.1428697109222412,0,True
550,0.8704418540000916,0.1539815366268158,1.0,1.349610447883606,1.5282206535339355,1.5377545356750488,2.566037893295288,0.11999364197254181,0,True
551,0.8612605333328247,0.1626078188419342,1.0,1.40346097946167,1.5269675254821777,1.5369722843170166,2.7368271350860596,0.14863234758377075,0,True
552,0.8639740943908691,0.1629096418619156,1.0,1.4487614631652832,1.6053955554962158,1.6160746812820435,2.802870988845825,0.12490559369325638,0,True
553,0.8730833530426025,0.15951299667358398,1.0,1.4708364009857178,1.6297461986541748,1.6407850980758667,2.67421817779541,0.1328171193599701,0,True
554,0.8588566184043884,0.1741817444562912,1.0,1.4144558906555176,1.6020970344543457,1.6126055717468262,2.3786306381225586,0.13663944602012634,0,True
555,0.869868278503418,0.16125896573066711,1.0,1.4456615447998047,1.657771348953247,1.668548822402954,2.7351605892181396,0.13595402240753174,0,True
556,0.8667038679122925,0.16567982733249664,1.0,1.4549789428710938,1.6446841955184937,1.6553752422332764,2.614337682723999,0.12176959961652756,0,True
557,0.8838820457458496,0.15531399846076965,1.0,1.4201555252075195,1.6441065073013306,1.6546223163604736,2.5777945518493652,0.12981143593788147,0,True
558,0.8782394528388977,0.15401631593704224,1.0,1.380603551864624,1.558790922164917,1.568659782409668,2.652365207672119,0.12067234516143799,0,True
559,0.8729792833328247,0.15525765717029572,1.0,1.370430588722229,1.5541496276855469,1.563920021057129,2.7272145748138428,0.10941432416439056,0,True
560,0.8746433258056641,0.15919402241706848,1.0,1.412611722946167,1.5647141933441162,1.5747826099395752,2.6520988941192627,0.11541225016117096,0,True
561,0.8808515667915344,0.15231391787528992,1.0,1.4230332374572754,1.6005818843841553,1.6108720302581787,2.6325924396514893,0.11980988085269928,0,True
562,0.8957540392875671,0.15267083048820496,1.0,1.4558110237121582,1.6311477422714233,1.6419727802276611,2.6754953861236572,0.12233623117208481,0,True
563,0.8842507600784302,0.15688669681549072,1.0,1.428687334060669,1.6252431869506836,1.635763168334961,2.426344633102417,0.12380188703536987,0,True
564,0.8712834119796753,0.15999694168567657,1.0,1.4270238876342773,1.6443889141082764,1.6548130512237549,2.6357176303863525,0.13847965002059937,0,True
565,0.8829202651977539,0.1495766043663025,1.0,1.4438018798828125,1.6614794731140137,1.6723111867904663,2.6272451877593994,0.11770401895046234,0,True
566,0.8743563890457153,0.16253125667572021,1.0,1.4053462743759155,1.6039352416992188,1.614234209060669,2.707979440689087,0.12758201360702515,0,True
567,0.8781771659851074,0.15326352417469025,1.0,1.3974757194519043,1.605366826057434,1.615555763244629,2.8872909545898438,0.11353547871112823,0,True
568,0.8776886463165283,0.15121367573738098,1.0,1.385563611984253,1.5636109113693237,1.5734838247299194,2.8941571712493896,0.14056678116321564,0,True
569,0.8783267140388489,0.15353718400001526,1.0,1.3796805143356323,1.5644257068634033,1.5743052959442139,2.3699679374694824,0.1302441954612732,0,True
570,0.8672060966491699,0.1582922339439392,1.0,1.4006328582763672,1.5532057285308838,1.5633318424224854,2.5590875148773193,0.1368921399116516,0,True
571,0.8782010674476624,0.15651792287826538,1.0,1.4444931745529175,1.6099302768707275,1.6204662322998047,2.760613441467285,0.14092394709587097,0,True
572,0.8677213191986084,0.15912359952926636,1.0,1.426037073135376,1.63337242603302,1.6438970565795898,2.592667818069458,0.12415970116853714,0,True
573,0.8604193329811096,0.1622653305530548,1.0,1.42963707447052,1.6499700546264648,1.660482406616211,2.51814866065979,0.1376972496509552,0,True
574,0.8651726245880127,0.1607857346534729,1.0,1.4290505647659302,1.6677356958389282,1.6784409284591675,2.663252592086792,0.13480724394321442,0,True
575,0.8785510063171387,0.14895474910736084,1.0,1.425814151763916,1.6396238803863525,1.650223731994629,2.6560420989990234,0.12796258926391602,0,True
576,0.8530542254447937,0.16399139165878296,1.0,1.3657013177871704,1.5667682886123657,1.5766170024871826,2.507263660430908,0.1424715220928192,0,True
577,0.8523163795471191,0.15937145054340363,1.0,1.3700730800628662,1.6018222570419312,1.61168372631073,2.7601733207702637,0.1401006281375885,0,True
578,0.8637635707855225,0.15565483272075653,1.0,1.413071870803833,1.5949907302856445,1.6053466796875,2.585275173187256,0.13347329199314117,0,True
579,0.8394654989242554,0.18145015835762024,1.0,1.3759081363677979,1.5460104942321777,1.5559324026107788,2.4340052604675293,0.13415765762329102,0,True
580,0.8381913900375366,0.17835579812526703,1.0,1.423599362373352,1.601835012435913,1.6122654676437378,2.7041373252868652,0.12189255654811859,0,True
581,0.8527231216430664,0.1638355702161789,1.0,1.4418435096740723,1.6095905303955078,1.6201213598251343,2.56816029548645,0.10929930210113525,0,True
582,0.8339440226554871,0.182674378156662,1.0,1.432373046875,1.6091585159301758,1.6197168827056885,2.697572708129883,0.11027728021144867,0,True
583,0.835731029510498,0.18338832259178162,1.0,1.4134371280670166,1.6265432834625244,1.6368988752365112,2.5478477478027344,0.12527504563331604,0,True
584,0.8363165855407715,0.18972736597061157,1.0,1.4219770431518555,1.6016802787780762,1.6120831966400146,2.787060022354126,0.1355837881565094,0,True
585,0.8571964502334595,0.1738966554403305,1.0,1.4781687259674072,1.6711041927337646,1.6822876930236816,2.690061330795288,0.12191515415906906,0,True
586,0.8600273132324219,0.16802455484867096,1.0,1.430018424987793,1.6226414442062378,1.633394479751587,2.580990791320801,0.13298311829566956,0,True
587,0.8652403354644775,0.16614988446235657,1.0,1.4202523231506348,1.6150872707366943,1.6254167556762695,2.6062166690826416,0.12734103202819824,0,True
588,0.8624551296234131,0.16837075352668762,1.0,1.3904087543487549,1.6004948616027832,1.6105804443359375,2.7998390197753906,0.12792542576789856,0,True
589,0.8580371141433716,0.1785924732685089,1.0,1.3834669589996338,1.5511707067489624,1.5609939098358154,2.5446877479553223,0.11776774376630783,0,True
590,0.8530600070953369,0.17073507606983185,1.0,1.4055410623550415,1.5749969482421875,1.5851619243621826,2.6888067722320557,0.12239254266023636,0,True
591,0.8585595488548279,0.16841286420822144,1.0,1.453648328781128,1.5946412086486816,1.6052615642547607,2.6283462047576904,0.11193632334470749,0,True
592,0.8610401749610901,0.16468822956085205,1.0,1.4145175218582153,1.6090986728668213,1.6194641590118408,2.469069719314575,0.1076449304819107,0,True
593,0.8597995042800903,0.16950207948684692,1.0,1.4022841453552246,1.6212276220321655,1.6316406726837158,2.5230488777160645,0.11924898624420166,0,True
594,0.8768700361251831,0.15158410370349884,1.0,1.441300392150879,1.6792449951171875,1.6900529861450195,2.6766293048858643,0.11187869310379028,0,True
595,0.8712831735610962,0.1637018322944641,1.0,1.440755009651184,1.6495269536972046,1.6602118015289307,2.5642294883728027,0.12839508056640625,0,True
596,0.8691226243972778,0.1542096883058548,1.0,1.4038435220718384,1.63338303565979,1.6436514854431152,2.8336164951324463,0.12867604196071625,0,True
597,0.861332893371582,0.15954846143722534,1.0,1.3649739027023315,1.586815357208252,1.596712350845337,2.6030197143554688,0.11557900905609131,0,True
598,0.8487409949302673,0.16814124584197998,1.0,1.3635755777359009,1.5721418857574463,1.5819125175476074,2.5547473430633545,0.12250091135501862,0,True
599,0.8657565116882324,0.15467268228530884,1.0,1.4140841960906982,1.5750644207000732,1.5853254795074463,2.807158946990967,0.10568158328533173,0,True
600,0.8643642663955688,0.1615607738494873,1.0,1.39625084400177,1.5346362590789795,1.5448238849639893,2.529587745666504,0.11255050450563431,0,True
601,0.8460658192634583,0.1745096892118454,1.0,1.3995074033737183,1.5703375339508057,1.58053457736969,2.434431791305542,0.12366680055856705,0,True
602,0.8439245223999023,0.18191972374916077,1.0,1.4347474575042725,1.6075329780578613,1.6180429458618164,2.5208756923675537,0.12521441280841827,0,True
603,0.8654159307479858,0.15845483541488647,1.0,1.4833052158355713,1.664182186126709,1.6752201318740845,2.66416597366333,0.14812961220741272,0,True
604,0.8514045476913452,0.16329598426818848,1.0,1.4481148719787598,1.6145977973937988,1.625352382659912,2.5483527183532715,0.12763813138008118,0,True
605,0.8566409349441528,0.16116315126419067,1.0,1.4289422035217285,1.6524264812469482,1.663001537322998,2.7641448974609375,0.1206473708152771,0,True
606,0.8612797856330872,0.16412386298179626,1.0,1.4411613941192627,1.645593285560608,1.6562608480453491,2.8275768756866455,0.13122990727424622,0,True
607,0.8579440712928772,0.16218407452106476,1.0,1.4202055931091309,1.6231815814971924,1.633500337600708,2.6220924854278564,0.13197016716003418,0,True
608,0.8431237936019897,0.1819566786289215,1.0,1.3871160745620728,1.5838319063186646,1.5936903953552246,2.4270520210266113,0.12153740227222443,0,True
609,0.863727331161499,0.1680094301700592,1.0,1.462639570236206,1.6429827213287354,1.653780460357666,2.7099649906158447,0.12073661386966705,0,True
610,0.8679060935974121,0.1690073162317276,1.0,1.4406452178955078,1.5868651866912842,1.5974338054656982,2.629150629043579,0.1327235996723175,0,True
611,0.860763669013977,0.16243180632591248,1.0,1.3725874423980713,1.5599135160446167,1.5698535442352295,2.6226630210876465,0.12334322929382324,0,True
612,0.8606436848640442,0.1667369157075882,1.0,1.4179298877716064,1.6044858694076538,1.6149344444274902,2.4400062561035156,0.11850570142269135,0,True
613,0.8752169609069824,0.15465261042118073,1.0,1.4616024494171143,1.6653308868408203,1.6762607097625732,2.742948055267334,0.13543812930583954,0,True
614,0.8858401775360107,0.1453409641981125,1.0,1.4530142545700073,1.622740387916565,1.6335465908050537,2.7543773651123047,0.12851648032665253,0,True
615,0.8764477968215942,0.14923813939094543,1.0,1.3881359100341797,1.6124906539916992,1.6226747035980225,2.5260469913482666,0.13239872455596924,0,True
616,0.880582869052887,0.15849584341049194,1.0,1.4204977750778198,1.6453993320465088,1.6559300422668457,2.881979465484619,0.130539208650589,0,True
617,0.8841222524642944,0.15661874413490295,1.0,1.4267972707748413,1.6268894672393799,1.6372342109680176,2.6480090618133545,0.1452544927597046,0,True
618,0.8739042282104492,0.16065840423107147,1.0,1.3964488506317139,1.5539696216583252,1.5639419555664062,2.630246639251709,0.14087790250778198,0,True
619,0.8587439060211182,0.17517855763435364,1.0,1.3739655017852783,1.543460488319397,1.5529873371124268,2.5569891929626465,0.122724249958992,0,True
620,0.872338056564331,0.1559644341468811,1.0,1.4133529663085938,1.5723685026168823,1.5824980735778809,2.630136728286743,0.12400402128696442,0,True
621,0.8620306253433228,0.16650345921516418,1.0,1.4072779417037964,1.5424795150756836,1.552544355392456,2.769592046737671,0.12231791764497757,0,True
622,0.8689018487930298,0.16870993375778198,1.0,1.4391275644302368,1.6184494495391846,1.6291029453277588,2.498349905014038,0.10386649519205093,0,True
623,0.8919073939323425,0.15424516797065735,1.0,1.4584884643554688,1.6501421928405762,1.6611133813858032,2.6436476707458496,0.11100422590970993,0,True
624,0.85731041431427,0.17071670293807983,1.0,1.4214421510696411,1.6071076393127441,1.6175320148468018,2.5141258239746094,0.1401762217283249,0,True
625,0.8606825470924377,0.16843244433403015,1.0,1.4162933826446533,1.664011001586914,1.6743351221084595,2.5693726539611816,0.12303964048624039,0,True
626,0.8593422770500183,0.17359891533851624,1.0,1.412772297859192,1.6053177118301392,1.615595817565918,2.5360219478607178,0.1275903582572937,0,True
627,0.8624303936958313,0.17578952014446259,1.0,1.3871681690216064,1.5996007919311523,1.6096460819244385,2.458883047103882,0.12500005960464478,0,True
628,0.8756276965141296,0.16779491305351257,1.0,1.4146783351898193,1.5857292413711548,1.596124291419983,2.5581412315368652,0.12085886299610138,0,True
629,0.8560114502906799,0.1795780062675476,1.0,1.3851940631866455,1.5656895637512207,1.5756183862686157,2.5052268505096436,0.13491159677505493,0,True
630,0.8429573774337769,0.18341638147830963,1.0,1.3950474262237549,1.585076928138733,1.5949809551239014,2.729815721511841,0.13091862201690674,0,True
631,0.840596079826355,0.18798527121543884,1.0,1.4159214496612549,1.6025409698486328,1.6127302646636963,2.692622661590576,0.12651190161705017,0,True
632,0.854861855506897,0.1827601194381714,1.0,1.463578462600708,1.6360094547271729,1.6470119953155518,2.6918859481811523,0.13102367520332336,0,True
633,0.8558956384658813,0.17812761664390564,1.0,1.4316291809082031,1.6167781352996826,1.627427101135254,2.4360408782958984,0.12407421320676804,0,True
634,0.8505109548568726,0.18333764374256134,1.0,1.4077714681625366,1.6119928359985352,1.6222927570343018,2.505450487136841,0.11990112066268921,0,True
635,0.8386296033859253,0.19277773797512054,1.0,1.4074792861938477,1.6252532005310059,1.6355626583099365,2.6392905712127686,0.1281299889087677,0,True
636,0.8455493450164795,0.19271567463874817,1.0,1.428939938545227,1.6055381298065186,1.6159427165985107,2.5950818061828613,0.14520089328289032,0,True
637,0.8310748338699341,0.1985359787940979,1.0,1.3921725749969482,1.58738112449646,1.5975390672683716,2.5568034648895264,0.13392789661884308,0,True
638,0.8470188975334167,0.1840687096118927,1.0,1.410765528678894,1.5921971797943115,1.6024072170257568,2.7699661254882812,0.13256008923053741,0,True
639,0.8499412536621094,0.17353594303131104,1.0,1.4143636226654053,1.5922176837921143,1.6025758981704712,2.5675110816955566,0.141593337059021,0,True
640,0.856397807598114,0.16392050683498383,1.0,1.4083335399627686,1.610540747642517,1.6209373474121094,2.794914960861206,0.14357241988182068,0,True
641,0.8468257188796997,0.17735867202281952,1.0,1.3836946487426758,1.564495325088501,1.5745091438293457,2.500239849090576,0.13953563570976257,0,True
642,0.8490268588066101,0.18740251660346985,1.0,1.4102771282196045,1.5947296619415283,1.604902744293213,2.6468746662139893,0.1197725161910057,0,True
643,0.8671926259994507,0.16596673429012299,1.0,1.4415342807769775,1.6253697872161865,1.6360582113265991,2.5829100608825684,0.133175328373909,0,True
644,0.8627946376800537,0.17261603474617004,1.0,1.4286608695983887,1.603058099746704,1.6135838031768799,2.3701648712158203,0.13535162806510925,0,True
645,0.8657619953155518,0.16199585795402527,1.0,1.4088720083236694,1.6167213916778564,1.6271041631698608,2.5613980293273926,0.1337156742811203,0,True
646,0.8651821613311768,0.16615429520606995,1.0,1.3947405815124512,1.5736699104309082,1.5836849212646484,2.6625380516052246,0.13288986682891846,0,True
647,0.8570582866668701,0.16613027453422546,1.0,1.3949685096740723,1.5815953016281128,1.5916144847869873,2.494889736175537,0.12912601232528687,0,True
648,0.8746939897537231,0.16187843680381775,1.0,1.4551728963851929,1.6358628273010254,1.6466913223266602,2.5622715950012207,0.11832629889249802,0,True
649,0.8709377646446228,0.16191452741622925,1.0,1.4539165496826172,1.6302416324615479,1.6410397291183472,2.5935893058776855,0.11815913021564484,0,True
650,0.8570659160614014,0.17562738060951233,1.0,1.452113151550293,1.6251630783081055,1.6356914043426514,2.5628111362457275,0.12537385523319244,0,True
651,0.8449191451072693,0.18395181000232697,1.0,1.3924096822738647,1.6032230854034424,1.6132402420043945,2.386774778366089,0.12480951845645905,0,True
652,0.8579282164573669,0.1686297059059143,1.0,1.4197943210601807,1.6221656799316406,1.6323866844177246,2.6938068866729736,0.12168808281421661,0,True
653,0.8586753606796265,0.17269259691238403,1.0,1.3889813423156738,1.5909794569015503,1.6011043787002563,2.5671234130859375,0.12731796503067017,0,True
654,0.8578894138336182,0.16818344593048096,1.0,1.3947944641113281,1.5859429836273193,1.5960404872894287,2.537043809890747,0.11935436725616455,0,True
655,0.8766803741455078,0.15714934468269348,1.0,1.432163119316101,1.6217423677444458,1.632309913635254,2.673809051513672,0.12102043628692627,0,True
656,0.8463135957717896,0.17593297362327576,1.0,1.3754147291183472,1.5691065788269043,1.5790992975234985,2.5358846187591553,0.12335674464702606,0,True
657,0.84941166639328,0.17934370040893555,1.0,1.4125407934188843,1.6126275062561035,1.622833251953125,2.6522557735443115,0.13747599720954895,0,True
658,0.8448597192764282,0.17659083008766174,1.0,1.4404938220977783,1.6221275329589844,1.6327807903289795,2.591116428375244,0.1124870628118515,0,True
659,0.8704379796981812,0.1599513590335846,1.0,1.4736237525939941,1.6821155548095703,1.6932933330535889,2.608579397201538,0.12933972477912903,0,True
660,0.8758304119110107,0.14857757091522217,1.0,1.4081816673278809,1.6072089672088623,1.6176295280456543,2.797531843185425,0.12325532734394073,0,True
661,0.8369971513748169,0.18118080496788025,1.0,1.3390061855316162,1.5699901580810547,1.5794799327850342,2.5009360313415527,0.1085595190525055,0,True
662,0.8633577823638916,0.1575513333082199,1.0,1.4441282749176025,1.6565542221069336,1.6672043800354004,2.7251741886138916,0.1263279914855957,0,True
663,0.8541421890258789,0.16527840495109558,1.0,1.4308634996414185,1.5777465105056763,1.588134765625,2.5863795280456543,0.1414162516593933,0,True
664,0.857239842414856,0.16582369804382324,1.0,1.4361133575439453,1.6080491542816162,1.6186974048614502,2.7542810440063477,0.15274202823638916,0,True
665,0.8631713390350342,0.1676638424396515,1.0,1.435988187789917,1.6318227052688599,1.6424829959869385,2.6922452449798584,0.12843844294548035,0,True
666,0.8573005795478821,0.1626322865486145,1.0,1.4003891944885254,1.5939404964447021,1.603988528251648,2.8744449615478516,0.12930187582969666,0,True
667,0.835367739200592,0.1779032200574875,1.0,1.369441270828247,1.577694296836853,1.587510585784912,2.549039840698242,0.14007697999477386,0,True
668,0.8566393852233887,0.17007721960544586,1.0,1.4814828634262085,1.647866129875183,1.6588106155395508,2.850142478942871,0.1299569308757782,0,True
669,0.8663403391838074,0.15882129967212677,1.0,1.469683051109314,1.6293870210647583,1.6403523683547974,2.4966015815734863,0.12355685234069824,0,True
670,0.8584391474723816,0.15810029208660126,1.0,1.4012975692749023,1.5899665355682373,1.6002106666564941,2.9043543338775635,0.1391967535018921,0,True
671,0.8433734178543091,0.16891694068908691,1.0,1.363023281097412,1.5606443881988525,1.5703033208847046,2.6984353065490723,0.12240304052829742,0,True
672,0.8591557741165161,0.16762107610702515,1.0,1.406582236289978,1.6039984226226807,1.6142058372497559,2.5460946559906006,0.1150616705417633,0,True
673,0.854642391204834,0.16631504893302917,1.0,1.4527552127838135,1.6064298152923584,1.6173328161239624,2.7117679119110107,0.15075886249542236,0,True
674,0.8697320222854614,0.15702050924301147,1.0,1.4432313442230225,1.645293951034546,1.6560745239257812,2.491804838180542,0.12399782240390778,0,True
675,0.8775200843811035,0.1589101105928421,1.0,1.4240915775299072,1.6148971319198608,1.6254494190216064,2.78037428855896,0.13747620582580566,0,True
676,0.8494912385940552,0.16948364675045013,1.0,1.3813507556915283,1.5897377729415894,1.5996662378311157,2.4197652339935303,0.12818782031536102,0,True
677,0.8352564573287964,0.18314746022224426,1.0,1.3593281507492065,1.5732651948928833,1.5830097198486328,2.7453701496124268,0.12904277443885803,0,True
678,0.8518764972686768,0.17585322260856628,1.0,1.4637469053268433,1.612235188484192,1.6229946613311768,2.698587656021118,0.1161607950925827,0,True
679,0.8683326244354248,0.1610947549343109,1.0,1.4299440383911133,1.5868284702301025,1.5973279476165771,2.5637543201446533,0.12552443146705627,0,True
680,0.850540280342102,0.18394988775253296,1.0,1.3719549179077148,1.538130760192871,1.548095703125,2.496647834777832,0.1248655691742897,0,True
681,0.8529641628265381,0.1874370276927948,1.0,1.4005331993103027,1.5759637355804443,1.5860893726348877,2.556154489517212,0.1241091787815094,0,True
682,0.8534180521965027,0.18498852849006653,1.0,1.404948353767395,1.5744967460632324,1.5846837759017944,2.6016838550567627,0.1472119837999344,0,True
683,0.8448350429534912,0.1883958876132965,1.0,1.426856517791748,1.5941390991210938,1.604589581489563,2.5419933795928955,0.13855460286140442,0,True
684,0.8640921711921692,0.17389431595802307,1.0,1.4562264680862427,1.6364901065826416,1.6475715637207031,2.5207931995391846,0.11182738840579987,0,True
685,0.8595367670059204,0.17215201258659363,1.0,1.4389715194702148,1.6213531494140625,1.6320700645446777,2.653230667114258,0.11724574863910675,0,True
686,0.8431687355041504,0.19036966562271118,1.0,1.4161643981933594,1.6077011823654175,1.6181097030639648,2.8046138286590576,0.1432848870754242,0,True
687,0.8543840646743774,0.1848110407590866,1.0,1.42191743850708,1.6319282054901123,1.6423548460006714,2.597353458404541,0.12120382487773895,0,True
688,0.8578134775161743,0.16607820987701416,1.0,1.4272129535675049,1.609405279159546,1.6199922561645508,2.5372402667999268,0.12358012050390244,0,True
689,0.8498303294181824,0.17219319939613342,1.0,1.3850271701812744,1.568221926689148,1.5782777070999146,2.3324339389801025,0.14079192280769348,0,True
690,0.8418978452682495,0.18726292252540588,1.0,1.3937480449676514,1.584043264389038,1.5941920280456543,2.562976121902466,0.1318998634815216,0,True
691,0.8530139327049255,0.17296209931373596,1.0,1.4344598054885864,1.600830078125,1.6113359928131104,2.674436330795288,0.12471533566713333,0,True
692,0.8511521816253662,0.17548763751983643,1.0,1.4220256805419922,1.588787317276001,1.5993714332580566,2.6053693294525146,0.13225238025188446,0,True
693,0.8645476698875427,0.16298392415046692,1.0,1.4201054573059082,1.602225661277771,1.6126636266708374,2.618067502975464,0.1308181881904602,0,True
694,0.8515724539756775,0.1746232509613037,1.0,1.4251166582107544,1.5987896919250488,1.6092549562454224,2.701530933380127,0.12240389734506607,0,True
695,0.8520601987838745,0.17631562054157257,1.0,1.4256794452667236,1.6271553039550781,1.6376194953918457,2.8655447959899902,0.10944496840238571,0,True
696,0.8663195371627808,0.1724144071340561,1.0,1.4490532875061035,1.6383427381515503,1.6490631103515625,2.4492921829223633,0.1349797546863556,0,True
697,0.8559263944625854,0.1694805920124054,1.0,1.4104359149932861,1.6317201852798462,1.6419992446899414,2.747818946838379,0.1287214159965515,0,True
698,0.8852337598800659,0.15388035774230957,1.0,1.4291054010391235,1.6545917987823486,1.6650675535202026,2.6228034496307373,0.12609407305717468,0,True
699,0.8670567274093628,0.16396047174930573,1.0,1.3617799282073975,1.5410962104797363,1.550765037536621,2.506331443786621,0.134674072265625,0,True
700,0.8513182401657104,0.1807502806186676,1.0,1.3659749031066895,1.555683970451355,1.565258264541626,2.475888729095459,0.11831068992614746,0,True
701,0.8600674271583557,0.17033720016479492,1.0,1.4197715520858765,1.5769258737564087,1.587249755859375,2.7773618698120117,0.12168320268392563,0,True
702,0.8648337125778198,0.16965803503990173,1.0,1.4432544708251953,1.5900781154632568,1.6005680561065674,2.828765392303467,0.12568411231040955,0,True
703,0.872039794921875,0.1577119529247284,1.0,1.4390186071395874,1.616815209388733,1.6274027824401855,2.71152663230896,0.12367500364780426,0,True
704,0.8788772821426392,0.15106943249702454,1.0,1.4564508199691772,1.6437324285507202,1.6545798778533936,2.652740240097046,0.1274757981300354,0,True
705,0.8740907907485962,0.1551976054906845,1.0,1.4176805019378662,1.6462786197662354,1.656739354133606,2.5174357891082764,0.11986769735813141,0,True
706,0.8637779951095581,0.16546688973903656,1.0,1.4099195003509521,1.6535595655441284,1.6638221740722656,2.3942620754241943,0.13669344782829285,0,True
707,0.8914953470230103,0.15146765112876892,1.0,1.4512250423431396,1.6754934787750244,1.6863349676132202,3.0081911087036133,0.11301210522651672,0,True
708,0.8775674104690552,0.15704867243766785,1.0,1.4226796627044678,1.5904853343963623,1.6009516716003418,2.469756841659546,0.1255757361650467,0,True
709,0.877138614654541,0.15997165441513062,1.0,1.4055299758911133,1.577579140663147,1.5878968238830566,2.498755693435669,0.12374303489923477,0,True
710,0.8675219416618347,0.17139391601085663,1.0,1.4004597663879395,1.5525527000427246,1.562601089477539,2.548476457595825,0.1245398223400116,0,True
711,0.8587918281555176,0.17722824215888977,1.0,1.4162578582763672,1.580812692642212,1.591076374053955,2.5620484352111816,0.12449045479297638,0,True
712,0.8422638177871704,0.19636370241641998,1.0,1.4308266639709473,1.5799434185028076,1.5903927087783813,2.6185169219970703,0.12317642569541931,0,True
713,0.8716022968292236,0.16980969905853271,1.0,1.51943039894104,1.6989047527313232,1.7104129791259766,2.716982841491699,0.11619260907173157,0,True
714,0.8787825703620911,0.16805468499660492,1.0,1.4687483310699463,1.6561541557312012,1.6672474145889282,2.5337884426116943,0.13064362108707428,0,True
715,0.8517190217971802,0.18049705028533936,1.0,1.3648090362548828,1.630631685256958,1.640578269958496,2.5279743671417236,0.13228052854537964,0,True
716,0.8673809766769409,0.15850168466567993,1.0,1.3937543630599976,1.6513292789459229,1.6615982055664062,2.4480459690093994,0.11571185290813446,0,True
717,0.8631775379180908,0.16488274931907654,1.0,1.4138765335083008,1.5962612628936768,1.6067497730255127,2.4282619953155518,0.12829440832138062,0,True
718,0.8742618560791016,0.15763559937477112,1.0,1.4062230587005615,1.6009198427200317,1.611255407333374,2.554264783859253,0.11755724251270294,0,True
719,0.874792218208313,0.149640753865242,1.0,1.3833482265472412,1.5465108156204224,1.5564532279968262,2.6986563205718994,0.12382253259420395,0,True
720,0.8549736142158508,0.16249461472034454,1.0,1.3622931241989136,1.5152547359466553,1.5247489213943481,2.602168560028076,0.1204395741224289,0,True
721,0.8525550365447998,0.16427935659885406,1.0,1.379721999168396,1.5401334762573242,1.549958348274231,2.5729851722717285,0.13938871026039124,0,True
722,0.823891282081604,0.1966644823551178,1.0,1.408746361732483,1.5347423553466797,1.5449800491333008,2.752148151397705,0.13313664495944977,0,True
723,0.8624951839447021,0.16919496655464172,1.0,1.5200777053833008,1.6915104389190674,1.703195333480835,2.822655439376831,0.13230222463607788,0,True
724,0.8576365113258362,0.17470386624336243,1.0,1.451753854751587,1.6379668712615967,1.6489088535308838,2.456507921218872,0.1331920027732849,0,True
725,0.8497203588485718,0.17394965887069702,1.0,1.4054393768310547,1.6661990880966187,1.676519513130188,2.5768513679504395,0.13614879548549652,0,True
726,0.8598032593727112,0.16628792881965637,1.0,1.3970050811767578,1.672227382659912,1.682558298110962,2.6556308269500732,0.13567766547203064,0,True
727,0.8492077589035034,0.18085679411888123,1.0,1.370138168334961,1.606553554534912,1.616451382637024,2.498619794845581,0.1173631101846695,0,True
728,0.8491075038909912,0.17337460815906525,1.0,1.384566307067871,1.5823590755462646,1.5925037860870361,2.800429582595825,0.13174515962600708,0,True
729,0.8574079275131226,0.17540445923805237,1.0,1.3808765411376953,1.5094958543777466,1.5192620754241943,2.7578048706054688,0.12329301238059998,0,True
730,0.8333179354667664,0.19119592010974884,1.0,1.3800581693649292,1.530168890953064,1.5399783849716187,2.8239634037017822,0.1391829252243042,0,True
731,0.8385009169578552,0.19674381613731384,1.0,1.4202126264572144,1.5675338506698608,1.5776677131652832,2.564927101135254,0.14563724398612976,0,True
732,0.8533334732055664,0.18265359103679657,1.0,1.4507710933685303,1.5991318225860596,1.6097627878189087,2.590540885925293,0.12581172585487366,0,True
733,0.8515350818634033,0.17645663022994995,1.0,1.4510473012924194,1.6489882469177246,1.6598858833312988,2.585625171661377,0.12652599811553955,0,True
734,0.8617064356803894,0.1723388135433197,1.0,1.4490139484405518,1.6784651279449463,1.6894128322601318,2.471510887145996,0.1406611204147339,0,True
735,0.8467920422554016,0.18414649367332458,1.0,1.4312770366668701,1.649479866027832,1.659909725189209,2.4952776432037354,0.1402558982372284,0,True
736,0.8542641997337341,0.18031157553195953,1.0,1.4186012744903564,1.6794761419296265,1.6899776458740234,2.5158212184906006,0.12685073912143707,0,True
737,0.8601460456848145,0.1761946678161621,1.0,1.435472011566162,1.6450928449630737,1.6557095050811768,2.5288379192352295,0.12324165552854538,0,True
738,0.869347095489502,0.1705726832151413,1.0,1.4076032638549805,1.6056036949157715,1.6158009767532349,2.635108470916748,0.12088726460933685,0,True
739,0.8543869256973267,0.1783277988433838,1.0,1.357801914215088,1.490892767906189,1.500418782234192,2.621332883834839,0.12793070077896118,0,True
740,0.8399016857147217,0.20105598866939545,1.0,1.3763363361358643,1.5278986692428589,1.5374137163162231,2.419926881790161,0.13828280568122864,0,True
741,0.845924973487854,0.19618462026119232,1.0,1.4361618757247925,1.571359395980835,1.581742763519287,2.6062307357788086,0.12847808003425598,0,True
742,0.8418412208557129,0.20104853808879852,1.0,1.4569207429885864,1.601541519165039,1.6122868061065674,2.7007405757904053,0.14430230855941772,0,True
743,0.8563012480735779,0.1785101294517517,1.0,1.4613642692565918,1.665297508239746,1.676285743713379,2.697909355163574,0.13698866963386536,0,True
744,0.8679588437080383,0.17447355389595032,1.0,1.4378750324249268,1.6535983085632324,1.6644017696380615,2.733750104904175,0.1428523063659668,0,True
745,0.8497416973114014,0.18760359287261963,1.0,1.4010207653045654,1.6521167755126953,1.6624395847320557,2.3943095207214355,0.12626677751541138,0,True
746,0.8717818260192871,0.17465254664421082,1.0,1.4227837324142456,1.6435706615447998,1.6540509462356567,2.7760274410247803,0.14113464951515198,0,True
747,0.8772839307785034,0.16382138431072235,1.0,1.3888533115386963,1.5693166255950928,1.5792940855026245,2.5712127685546875,0.13840290904045105,0,True
748,0.8626893162727356,0.16143998503684998,1.0,1.3455613851547241,1.5304473638534546,1.5399986505508423,2.423003673553467,0.1323816478252411,0,True
749,0.8574652671813965,0.16489967703819275,1.0,1.3638346195220947,1.5299749374389648,1.5395371913909912,2.5377180576324463,0.13252297043800354,0,True
750,0.8586614727973938,0.15735793113708496,1.0,1.3961814641952515,1.5501627922058105,1.5600274801254272,2.7570981979370117,0.12845343351364136,0,True
751,0.8667930364608765,0.15604402124881744,1.0,1.4378889799118042,1.590658187866211,1.601175308227539,2.5775251388549805,0.12671419978141785,0,True
752,0.8457437753677368,0.1781577616930008,1.0,1.4355663061141968,1.6078237295150757,1.6183977127075195,2.5311572551727295,0.13286098837852478,0,True
753,0.862807035446167,0.17513027787208557,1.0,1.4617046117782593,1.6756157875061035,1.6865031719207764,2.6596274375915527,0.1410341113805771,0,True
754,0.8644432425498962,0.17021684348583221,1.0,1.4626116752624512,1.684579610824585,1.6955738067626953,2.5483102798461914,0.1328819990158081,0,True
755,0.862585186958313,0.17454847693443298,1.0,1.4330642223358154,1.6773900985717773,1.688101053237915,2.645728588104248,0.13040782511234283,0,True
756,0.8697159290313721,0.163648322224617,1.0,1.4194120168685913,1.6524662971496582,1.6631304025650024,2.6696953773498535,0.11752400547266006,0,True
757,0.8663353323936462,0.16507048904895782,1.0,1.378123164176941,1.5539500713348389,1.564086675643921,2.505504846572876,0.1291930079460144,0,True
758,0.8691985607147217,0.1587626338005066,1.0,1.3696117401123047,1.532300591468811,1.542040467262268,2.6985020637512207,0.1128794327378273,0,True
759,0.8481788039207458,0.18224740028381348,1.0,1.3741451501846313,1.508394479751587,1.5181090831756592,2.4551851749420166,0.11703506112098694,0,True
760,0.8821322917938232,0.14978709816932678,1.0,1.4776132106781006,1.6253764629364014,1.636303424835205,2.719954490661621,0.12330406159162521,0,True
761,0.8632296323776245,0.1708964705467224,1.0,1.450777292251587,1.5533589124679565,1.5640156269073486,2.5142383575439453,0.14450514316558838,0,True
762,0.8599432110786438,0.17365562915802002,1.0,1.426414966583252,1.6243185997009277,1.6347692012786865,2.771226406097412,0.1331043839454651,0,True
763,0.8810831904411316,0.14861562848091125,1.0,1.473010778427124,1.675295352935791,1.6864330768585205,2.6720778942108154,0.1435563564300537,0,True
764,0.8653510212898254,0.17031654715538025,1.0,1.4433534145355225,1.659142017364502,1.6698286533355713,2.481843948364258,0.14272594451904297,0,True
765,0.877693772315979,0.1585913747549057,1.0,1.4574178457260132,1.6811366081237793,1.6922141313552856,2.486098527908325,0.13636700809001923,0,True
766,0.8726154565811157,0.15770864486694336,1.0,1.4387552738189697,1.651315450668335,1.661900520324707,2.6210405826568604,0.13200685381889343,0,True
767,0.875054121017456,0.1593722105026245,1.0,1.3872344493865967,1.6062865257263184,1.616445541381836,2.656686544418335,0.11032284796237946,0,True
768,0.8652512431144714,0.16024024784564972,1.0,1.3427908420562744,1.5340818166732788,1.543668270111084,2.4101808071136475,0.12706370651721954,0,True
769,0.8488311767578125,0.17700302600860596,1.0,1.3767786026000977,1.5197744369506836,1.5294779539108276,2.506192684173584,0.13554733991622925,0,True
770,0.8653835654258728,0.17188629508018494,1.0,1.4333257675170898,1.5833131074905396,1.5937691926956177,2.563403844833374,0.12720675766468048,0,True
771,0.8559682369232178,0.16467790305614471,1.0,1.4342255592346191,1.5484250783920288,1.558890461921692,2.3813955783843994,0.12953567504882812,0,True
772,0.8402312397956848,0.18422038853168488,1.0,1.4112513065338135,1.575451135635376,1.5856430530548096,2.603376865386963,0.13731271028518677,0,True
773,0.8527196645736694,0.1772232949733734,1.0,1.4519827365875244,1.6654473543167114,1.676156997680664,2.7091987133026123,0.11689585447311401,0,True
774,0.8736655712127686,0.16103233397006989,1.0,1.4823524951934814,1.6893577575683594,1.7005324363708496,2.7502799034118652,0.12780921161174774,0,True
775,0.862514853477478,0.17042326927185059,1.0,1.4311625957489014,1.6488958597183228,1.6595669984817505,2.537710428237915,0.12730500102043152,0,True
776,0.8617881536483765,0.17670531570911407,1.0,1.406764268875122,1.645117998123169,1.6555601358413696,2.637726306915283,0.11502881348133087,0,True
777,0.8549742698669434,0.17970705032348633,1.0,1.4276626110076904,1.646644115447998,1.6572184562683105,2.7542901039123535,0.11687986552715302,0,True
778,0.8474289178848267,0.1777188628911972,1.0,1.3730882406234741,1.5635707378387451,1.5733928680419922,2.5176286697387695,0.1299443542957306,0,True
779,0.8459787368774414,0.1742936223745346,1.0,1.3598365783691406,1.5251648426055908,1.5345780849456787,2.441602945327759,0.1020909920334816,0,True
780,0.8539415597915649,0.17545929551124573,1.0,1.424790859222412,1.5439399480819702,1.5540771484375,2.4904966354370117,0.11605805158615112,0,True
781,0.8500556349754333,0.18200324475765228,1.0,1.3903756141662598,1.5345401763916016,1.544571042060852,2.7024354934692383,0.1338960826396942,0,True
782,0.8371822834014893,0.18700969219207764,1.0,1.4118151664733887,1.5795583724975586,1.5896105766296387,2.5131170749664307,0.11358948051929474,0,True
783,0.8558821678161621,0.1740308403968811,1.0,1.4954924583435059,1.6903882026672363,1.7015621662139893,2.8353750705718994,0.12258229404687881,0,True
784,0.8630843162536621,0.16541017591953278,1.0,1.495601773262024,1.7053240537643433,1.7166917324066162,2.7654945850372314,0.12131497263908386,0,True
785,0.8648030161857605,0.16357670724391937,1.0,1.438207745552063,1.6677882671356201,1.6785811185836792,2.551213264465332,0.11102001368999481,0,True
786,0.8799260854721069,0.14863067865371704,1.0,1.3985698223114014,1.6635115146636963,1.6739189624786377,2.4603147506713867,0.11281125992536545,0,True
787,0.8715558052062988,0.15616020560264587,1.0,1.3595103025436401,1.6038360595703125,1.6136285066604614,2.5447230339050293,0.11154972016811371,0,True
788,0.8765643239021301,0.15228542685508728,1.0,1.3815852403640747,1.5773944854736328,1.5872244834899902,2.4966750144958496,0.11726552248001099,0,True
789,0.8657931089401245,0.16391423344612122,1.0,1.3551476001739502,1.4984586238861084,1.5080654621124268,2.5293326377868652,0.10370843857526779,0,True
790,0.8461650609970093,0.1795995831489563,1.0,1.36558198928833,1.4866052865982056,1.4961010217666626,2.449453830718994,0.13104501366615295,0,True
791,0.84194016456604,0.1778365671634674,1.0,1.4299390316009521,1.573377013206482,1.583762526512146,2.7558274269104004,0.12399299442768097,0,True
792,0.8404744863510132,0.184052973985672,1.0,1.486655831336975,1.6343013048171997,1.6453192234039307,2.6940126419067383,0.12342135608196259,0,True
793,0.8444507122039795,0.17870143055915833,1.0,1.4732975959777832,1.6677601337432861,1.6787831783294678,2.7290539741516113,0.12138433754444122,0,True
794,0.8502520322799683,0.17925746738910675,1.0,1.4535890817642212,1.6576530933380127,1.6686136722564697,2.630634307861328,0.13967561721801758,0,True
795,0.8362452983856201,0.1866939216852188,1.0,1.424264907836914,1.6647613048553467,1.6752606630325317,2.5744833946228027,0.12755544483661652,0,True
796,0.862985372543335,0.16275617480278015,1.0,1.436288595199585,1.6833317279815674,1.6940016746520996,2.576871156692505,0.11733154952526093,0,True
797,0.8359599709510803,0.183294415473938,1.0,1.365949273109436,1.55881929397583,1.5684444904327393,2.678539276123047,0.1229960024356842,0,True
798,0.8505603671073914,0.1688981056213379,1.0,1.3830912113189697,1.5836905241012573,1.5936213731765747,2.562206983566284,0.12111960351467133,0,True
799,0.8300590515136719,0.19435147941112518,1.0,1.3814136981964111,1.516298532485962,1.5261179208755493,2.591102361679077,0.134799987077713,0,True
800,0.8470773696899414,0.1744457483291626,1.0,1.413895845413208,1.5977022647857666,1.607983946800232,2.459606885910034,0.1282232701778412,0,True
801,0.8477197885513306,0.17495308816432953,1.0,1.4126629829406738,1.571364402770996,1.5816378593444824,2.561939001083374,0.12015208601951599,0,True
802,0.833350419998169,0.18869605660438538,1.0,1.4084502458572388,1.5972483158111572,1.6075615882873535,2.5492196083068848,0.1364767998456955,0,True
803,0.8409939408302307,0.18246866762638092,1.0,1.4426344633102417,1.6678335666656494,1.6786353588104248,2.642277956008911,0.11356061697006226,0,True
804,0.8647029399871826,0.16806283593177795,1.0,1.4877296686172485,1.712729811668396,1.7241675853729248,2.754727602005005,0.11223733425140381,0,True
805,0.8574800491333008,0.17657411098480225,1.0,1.4032914638519287,1.6352710723876953,1.6457858085632324,2.5050718784332275,0.13176864385604858,0,True
806,0.8588101863861084,0.16514691710472107,1.0,1.3576964139938354,1.6172248125076294,1.6271231174468994,2.708249568939209,0.11648989468812943,0,True
807,0.8589716553688049,0.15782460570335388,1.0,1.371572494506836,1.5740909576416016,1.5840586423873901,2.3309078216552734,0.12311536073684692,0,True
808,0.8578470945358276,0.16662225127220154,1.0,1.4217301607131958,1.5803450345993042,1.5907909870147705,2.6707260608673096,0.11978225409984589,0,True
809,0.8632211685180664,0.15538066625595093,1.0,1.4279632568359375,1.5592702627182007,1.5697487592697144,2.765532970428467,0.12257371842861176,0,True
810,0.8603683710098267,0.16108354926109314,1.0,1.4135104417800903,1.5490423440933228,1.559212565422058,2.5991601943969727,0.12183363735675812,0,True
811,0.8483291864395142,0.17239049077033997,1.0,1.3978610038757324,1.5419018268585205,1.551904320716858,2.4429187774658203,0.12686967849731445,0,True
812,0.8481965661048889,0.167602077126503,1.0,1.4513328075408936,1.622732400894165,1.6333067417144775,2.737821578979492,0.13189391791820526,0,True
813,0.8554319143295288,0.16828802227973938,1.0,1.4723713397979736,1.667881727218628,1.6788854598999023,2.587430000305176,0.1234801784157753,0,True
814,0.8648688793182373,0.16102242469787598,1.0,1.4576218128204346,1.6728975772857666,1.6839745044708252,2.450732946395874,0.11381947994232178,0,True
815,0.855707585811615,0.17502348124980927,1.0,1.414487361907959,1.648808240890503,1.6593607664108276,2.592496156692505,0.11969693005084991,0,True
816,0.8433270454406738,0.1801009625196457,1.0,1.3950510025024414,1.6348856687545776,1.6449743509292603,2.793704032897949,0.11702360212802887,0,True
817,0.8502305746078491,0.17232264578342438,1.0,1.4066956043243408,1.6162376403808594,1.6264134645462036,2.515377998352051,0.13162681460380554,0,True
818,0.8481314778327942,0.1749141365289688,1.0,1.4140981435775757,1.5829956531524658,1.5933623313903809,2.4298133850097656,0.12780961394309998,0,True
819,0.8527883291244507,0.17693009972572327,1.0,1.4103055000305176,1.5608360767364502,1.5710824728012085,2.690261125564575,0.13629519939422607,0,True
820,0.8504095673561096,0.17550498247146606,1.0,1.3794602155685425,1.5348831415176392,1.5446827411651611,2.4060165882110596,0.1189681738615036,0,True
821,0.8464882373809814,0.1733786165714264,1.0,1.3882883787155151,1.539154291152954,1.5491015911102295,2.5433642864227295,0.11195451021194458,0,True
822,0.8390225768089294,0.18932858109474182,1.0,1.445440649986267,1.5960030555725098,1.6065394878387451,2.69765567779541,0.12763206660747528,0,True
823,0.881258487701416,0.16161048412322998,1.0,1.5279862880706787,1.719052791595459,1.7307599782943726,2.6312146186828613,0.12956759333610535,0,True
824,0.8865086436271667,0.16081559658050537,1.0,1.4846229553222656,1.6492209434509277,1.6603878736495972,2.6284573078155518,0.13691434264183044,0,True
825,0.8697984218597412,0.16726019978523254,1.0,1.3983478546142578,1.6521790027618408,1.6624233722686768,2.5899007320404053,0.12404293566942215,0,True
826,0.8713341355323792,0.16303202509880066,1.0,1.4044734239578247,1.6624171733856201,1.672760009765625,2.6437342166900635,0.12636128067970276,0,True
827,0.8944501876831055,0.14415451884269714,1.0,1.444347858428955,1.6571857929229736,1.6679553985595703,2.596353054046631,0.1400965303182602,0,True
828,0.8808162212371826,0.15872682631015778,1.0,1.3942956924438477,1.5558266639709473,1.5658390522003174,2.5409998893737793,0.13130362331867218,0,True
829,0.8702748417854309,0.1596023142337799,1.0,1.3803037405014038,1.54226553440094,1.5519449710845947,2.719724178314209,0.11509129405021667,0,True
830,0.880774974822998,0.1547907292842865,1.0,1.3932825326919556,1.5473277568817139,1.5571017265319824,2.7951107025146484,0.12903684377670288,0,True
831,0.8562061786651611,0.1759493052959442,1.0,1.3798433542251587,1.511256456375122,1.520918607711792,2.6029601097106934,0.1336534023284912,0,True
832,0.8793348073959351,0.1601855605840683,1.0,1.4715163707733154,1.6366097927093506,1.6474354267120361,2.5534827709198,0.13869789242744446,0,True
833,0.8812392950057983,0.16128450632095337,1.0,1.4768855571746826,1.644172191619873,1.6551446914672852,2.5969574451446533,0.12653592228889465,0,True
834,0.8819723129272461,0.16613037884235382,1.0,1.437068223953247,1.6529920101165771,1.6637245416641235,2.6911776065826416,0.13184848427772522,0,True
835,0.8717708587646484,0.16208094358444214,1.0,1.41109299659729,1.6559829711914062,1.6663928031921387,2.662419080734253,0.11983127892017365,0,True
836,0.8514963388442993,0.18205571174621582,1.0,1.4132124185562134,1.6624667644500732,1.6728487014770508,2.5376601219177246,0.12656229734420776,0,True
837,0.8853204250335693,0.16150200366973877,1.0,1.4453797340393066,1.6990406513214111,1.7098438739776611,2.5181267261505127,0.12516573071479797,0,True
838,0.8745173215866089,0.16529233753681183,1.0,1.375527024269104,1.5507582426071167,1.560607671737671,2.2967264652252197,0.13753116130828857,0,True
839,0.872370719909668,0.15386873483657837,1.0,1.349045753479004,1.562194585800171,1.5719115734100342,2.4814839363098145,0.12528511881828308,0,True
840,0.8534262180328369,0.17158950865268707,1.0,1.3781177997589111,1.5330314636230469,1.54270601272583,2.623436450958252,0.12408018857240677,0,True
841,0.8572574853897095,0.16843175888061523,1.0,1.4090938568115234,1.5635638236999512,1.5735511779785156,2.742785930633545,0.11206313222646713,0,True
842,0.8644400835037231,0.16124925017356873,1.0,1.4329001903533936,1.594771385192871,1.605320930480957,2.3579652309417725,0.11132790148258209,0,True
843,0.8610541820526123,0.16277644038200378,1.0,1.4606047868728638,1.648324728012085,1.6593643426895142,2.694024085998535,0.12989088892936707,0,True
844,0.8648101091384888,0.16769281029701233,1.0,1.4565236568450928,1.67714262008667,1.6880789995193481,2.832874059677124,0.12928490340709686,0,True
845,0.851595938205719,0.18401631712913513,1.0,1.380381464958191,1.597121238708496,1.6070640087127686,2.5570802688598633,0.1183261126279831,0,True
846,0.8491158485412598,0.17825639247894287,1.0,1.3825535774230957,1.609758734703064,1.6197733879089355,2.780362606048584,0.11806239932775497,0,True
847,0.866100013256073,0.16560852527618408,1.0,1.4265047311782837,1.6176214218139648,1.6281652450561523,2.711562395095825,0.11226756870746613,0,True
848,0.8517557382583618,0.1727585345506668,1.0,1.4038187265396118,1.5859031677246094,1.5961248874664307,2.62618088722229,0.12230445444583893,0,True
849,0.8538748025894165,0.17134509980678558,1.0,1.37785005569458,1.5676543712615967,1.5776149034500122,2.393326759338379,0.1048557460308075,0,True
850,0.8485553860664368,0.1883033663034439,1.0,1.4221575260162354,1.6062902212142944,1.6167572736740112,2.6718738079071045,0.10693557560443878,0,True
851,0.8380423784255981,0.19384750723838806,1.0,1.4489504098892212,1.623374342918396,1.6339902877807617,2.831446647644043,0.13583922386169434,0,True
852,0.8520715236663818,0.1797109991312027,1.0,1.4621105194091797,1.6409193277359009,1.6516709327697754,2.778533458709717,0.13758820295333862,0,True
853,0.8563286662101746,0.18350355327129364,1.0,1.4417724609375,1.6295256614685059,1.6402716636657715,2.413975238800049,0.1174839586019516,0,True
854,0.861980676651001,0.17028206586837769,1.0,1.417654275894165,1.6584413051605225,1.6689114570617676,2.7002763748168945,0.12324381619691849,0,True
855,0.8362659215927124,0.1877344250679016,1.0,1.377764344215393,1.597943663597107,1.6078805923461914,2.5634922981262207,0.12990990281105042,0,True
856,0.8519004583358765,0.18301552534103394,1.0,1.4246275424957275,1.6239218711853027,1.6341359615325928,2.4712371826171875,0.14349178969860077,0,True
857,0.8796316385269165,0.1648072898387909,1.0,1.4550756216049194,1.6393508911132812,1.6502639055252075,2.6858248710632324,0.13299742341041565,0,True
858,0.8548843264579773,0.1736678183078766,1.0,1.409252405166626,1.5920281410217285,1.6024012565612793,2.4715535640716553,0.14078322052955627,0,True
859,0.8708217144012451,0.16872850060462952,1.0,1.4112409353256226,1.6173148155212402,1.6275599002838135,2.669069290161133,0.11177958548069,0,True
860,0.8582735061645508,0.17921140789985657,1.0,1.3773118257522583,1.560594081878662,1.5703940391540527,2.5518360137939453,0.12277895212173462,0,True
861,0.8470185399055481,0.17989900708198547,1.0,1.3889833688735962,1.5858323574066162,1.5957852602005005,2.533560276031494,0.13017484545707703,0,True
862,0.8433482646942139,0.18402761220932007,1.0,1.4379807710647583,1.6077624559402466,1.6183733940124512,2.7634472846984863,0.13334858417510986,0,True
863,0.8697600364685059,0.15796101093292236,1.0,1.4913582801818848,1.6731663942337036,1.6843457221984863,2.690230369567871,0.11884809285402298,0,True
864,0.8630895018577576,0.17639517784118652,1.0,1.423324704170227,1.6149680614471436,1.6257591247558594,2.4525866508483887,0.13484174013137817,0,True
865,0.8466006517410278,0.17553868889808655,1.0,1.388980507850647,1.6000404357910156,1.6100409030914307,2.4028096199035645,0.11914324760437012,0,True
866,0.8472992777824402,0.17324165999889374,1.0,1.3920021057128906,1.6026694774627686,1.612678050994873,2.4935996532440186,0.10756708681583405,0,True
867,0.8540533781051636,0.17253407835960388,1.0,1.4375249147415161,1.6119946241378784,1.6225199699401855,2.504819393157959,0.12335830926895142,0,True
868,0.8546074628829956,0.17753654718399048,1.0,1.462288498878479,1.6364936828613281,1.6473987102508545,2.9630300998687744,0.11506744474172592,0,True
869,0.8540987968444824,0.178462415933609,1.0,1.4239776134490967,1.579223871231079,1.5895971059799194,2.4614853858947754,0.11930209398269653,0,True
870,0.84504234790802,0.19111353158950806,1.0,1.3926763534545898,1.5660042762756348,1.575891375541687,2.5172691345214844,0.10917886346578598,0,True
871,0.8409091234207153,0.1895873099565506,1.0,1.4136426448822021,1.5776439905166626,1.5878089666366577,2.6331145763397217,0.12540458142757416,0,True
872,0.8408169746398926,0.19320182502269745,1.0,1.4543795585632324,1.6479517221450806,1.658649206161499,2.599081516265869,0.12205904722213745,0,True
873,0.8689709901809692,0.15961098670959473,1.0,1.4910404682159424,1.691962718963623,1.7032694816589355,2.5063586235046387,0.12864629924297333,0,True
874,0.8320852518081665,0.19628140330314636,1.0,1.3988721370697021,1.6161059141159058,1.6264179944992065,2.7934257984161377,0.12433505803346634,0,True
875,0.8358362913131714,0.18512824177742004,1.0,1.3876163959503174,1.6420336961746216,1.6521482467651367,2.5670528411865234,0.1061176210641861,0,True
876,0.845123827457428,0.17924091219902039,1.0,1.4003124237060547,1.6104180812835693,1.6205863952636719,2.506511688232422,0.11637835949659348,0,True
877,0.8466375470161438,0.17411671578884125,1.0,1.3864774703979492,1.5564168691635132,1.566328525543213,2.4118640422821045,0.117878757417202,0,True
878,0.8539468050003052,0.17751479148864746,1.0,1.4212087392807007,1.5526446104049683,1.5629596710205078,2.4335479736328125,0.12739717960357666,0,True
879,0.840739905834198,0.17757780849933624,1.0,1.4295024871826172,1.578740119934082,1.5891214609146118,2.4008774757385254,0.12747237086296082,0,True
880,0.8444454669952393,0.18002790212631226,1.0,1.426239252090454,1.610908031463623,1.6211997270584106,2.6141676902770996,0.1346064954996109,0,True
881,0.8489330410957336,0.17768368124961853,1.0,1.436718225479126,1.6275148391723633,1.6381232738494873,2.651904582977295,0.13647949695587158,0,True
882,0.8693946003913879,0.16311049461364746,1.0,1.4761886596679688,1.6736921072006226,1.6849145889282227,2.63897705078125,0.1348540186882019,0,True
883,0.8774291276931763,0.15720996260643005,1.0,1.4527020454406738,1.6448051929473877,1.655670166015625,2.687624454498291,0.13339778780937195,0,True
884,0.8805871605873108,0.1472259759902954,1.0,1.4072411060333252,1.6190582513809204,1.6294115781784058,2.5311412811279297,0.14124037325382233,0,True
885,0.8703246712684631,0.15191107988357544,1.0,1.3657810688018799,1.5954983234405518,1.605305552482605,2.383772850036621,0.12423356622457504,0,True
886,0.885631799697876,0.14457371830940247,1.0,1.4204485416412354,1.6254172325134277,1.6357730627059937,2.417097568511963,0.11835404485464096,0,True
887,0.8637298941612244,0.1676938533782959,1.0,1.421182632446289,1.5657416582107544,1.576070785522461,2.579010486602783,0.13207796216011047,0,True
888,0.8842120170593262,0.15105240046977997,1.0,1.4466288089752197,1.5686997175216675,1.579329252243042,2.6668121814727783,0.13355836272239685,0,True
889,0.8645630478858948,0.16345974802970886,1.0,1.3958649635314941,1.5212397575378418,1.531133770942688,2.546015977859497,0.13002978265285492,0,True
890,0.855443000793457,0.17095127701759338,1.0,1.4127914905548096,1.6041182279586792,1.6142501831054688,2.4387948513031006,0.12673312425613403,0,True
891,0.8761070966720581,0.15254320204257965,1.0,1.4543535709381104,1.6618506908416748,1.6728512048721313,2.362710475921631,0.13623452186584473,0,True
892,0.8805494904518127,0.15835802257061005,1.0,1.468214988708496,1.6872559785842896,1.698375940322876,2.7386367321014404,0.14282913506031036,0,True
893,0.8896321654319763,0.14609460532665253,1.0,1.449183702468872,1.6823906898498535,1.6933999061584473,2.5303561687469482,0.1422969400882721,0,True
894,0.8853310346603394,0.14004528522491455,1.0,1.4015109539031982,1.636000633239746,1.6463468074798584,2.6105499267578125,0.12395113706588745,0,True
895,0.886940062046051,0.1449306607246399,1.0,1.3895437717437744,1.6323572397232056,1.6424657106399536,2.7068729400634766,0.12451516836881638,0,True
896,0.8908475637435913,0.14311912655830383,1.0,1.380539059638977,1.5578858852386475,1.5676567554473877,2.531576633453369,0.14093710482120514,0,True
897,0.8694732785224915,0.15916606783866882,1.0,1.3661463260650635,1.512293815612793,1.5218517780303955,2.388432025909424,0.13167156279087067,0,True
898,0.8914380073547363,0.13997258245944977,1.0,1.4055873155593872,1.5628182888031006,1.5727696418762207,2.45442533493042,0.11957325041294098,0,True
899,0.8850622773170471,0.14827731251716614,1.0,1.4489668607711792,1.5596654415130615,1.5701532363891602,2.5682804584503174,0.12763991951942444,0,True
900,0.8723893761634827,0.1575741171836853,1.0,1.4672396183013916,1.6060309410095215,1.6166813373565674,2.5915651321411133,0.12839454412460327,0,True
901,0.8760888576507568,0.16083237528800964,1.0,1.481657862663269,1.6481091976165771,1.6590919494628906,2.640735626220703,0.11597111821174622,0,True
902,0.8947815895080566,0.14747697114944458,1.0,1.4943989515304565,1.7041738033294678,1.7155375480651855,2.5542705059051514,0.11592723429203033,0,True
903,0.8938980102539062,0.14323706924915314,1.0,1.4384616613388062,1.661062240600586,1.671866536140442,2.5973777770996094,0.11503978073596954,0,True
904,0.8955327868461609,0.14194640517234802,1.0,1.406930685043335,1.6100316047668457,1.6202023029327393,2.5419137477874756,0.12314039468765259,0,True
905,0.8872758150100708,0.15018536150455475,1.0,1.382030963897705,1.573056936264038,1.58298659324646,2.58742618560791,0.12157244980335236,0,True
906,0.8800625801086426,0.16351646184921265,1.0,1.4141157865524292,1.5846683979034424,1.5948870182037354,2.625999689102173,0.1204521656036377,0,True
907,0.8923459053039551,0.14664730429649353,1.0,1.4223575592041016,1.582289218902588,1.592635154724121,2.4775519371032715,0.13160613179206848,0,True
908,0.8883185386657715,0.14030605554580688,1.0,1.393202781677246,1.54380464553833,1.553807020187378,2.5205025672912598,0.138253852725029,0,True
909,0.8651155233383179,0.1683521270751953,1.0,1.3927943706512451,1.5678038597106934,1.5778696537017822,2.5837020874023438,0.138788104057312,0,True
910,0.895146906375885,0.15036249160766602,1.0,1.4726864099502563,1.670619010925293,1.6816158294677734,2.507378578186035,0.1201244667172432,0,True
911,0.8812397718429565,0.1570342779159546,1.0,1.4371120929718018,1.6365480422973633,1.647311806678772,2.4093823432922363,0.1418529450893402,0,True
912,0.8705996870994568,0.17262205481529236,1.0,1.4326549768447876,1.6686861515045166,1.679356575012207,2.6175034046173096,0.13987724483013153,0,True
913,0.8682623505592346,0.16703030467033386,1.0,1.4264392852783203,1.6788016557693481,1.689497709274292,2.528116464614868,0.13904033601284027,0,True
914,0.8738024234771729,0.1538960486650467,1.0,1.4062670469284058,1.6403595209121704,1.6507556438446045,2.6793391704559326,0.11980283260345459,0,True
915,0.8406549692153931,0.18261423707008362,1.0,1.3553845882415771,1.5428829193115234,1.5523505210876465,2.4233150482177734,0.1423594057559967,0,True
916,0.8578230142593384,0.16001588106155396,1.0,1.3766169548034668,1.5619921684265137,1.5717928409576416,2.6478617191314697,0.12117929756641388,0,True
917,0.8674156069755554,0.1642952561378479,1.0,1.432334542274475,1.5390994548797607,1.5494340658187866,2.4860000610351562,0.12745067477226257,0,True
918,0.8375616669654846,0.18508964776992798,1.0,1.4152309894561768,1.5504534244537354,1.5606727600097656,2.5245721340179443,0.1305939257144928,0,True
919,0.8619301319122314,0.16532297432422638,1.0,1.4496002197265625,1.62861967086792,1.6393976211547852,2.604487419128418,0.11796650290489197,0,True
920,0.8501729369163513,0.18025052547454834,1.0,1.4148225784301758,1.6009576320648193,1.6114333868026733,2.396988868713379,0.13285915553569794,0,True
921,0.8635581731796265,0.15558768808841705,1.0,1.4610296487808228,1.6964067220687866,1.7074337005615234,2.555339813232422,0.13605649769306183,0,True
922,0.853042721748352,0.17782816290855408,1.0,1.430891513824463,1.6447688341140747,1.655480146408081,2.6896395683288574,0.1255735456943512,0,True
923,0.8727138638496399,0.15951097011566162,1.0,1.434126615524292,1.6517064571380615,1.6623117923736572,2.7021830081939697,0.12115803360939026,0,True
924,0.8624355792999268,0.1577981859445572,1.0,1.38200843334198,1.5732717514038086,1.5832595825195312,2.8746540546417236,0.13262955844402313,0,True
925,0.8521046042442322,0.16546891629695892,1.0,1.3410412073135376,1.5360229015350342,1.5454144477844238,2.410989999771118,0.11701935529708862,0,True
926,0.8589360117912292,0.15677426755428314,1.0,1.391361951828003,1.5643155574798584,1.5742161273956299,2.6716506481170654,0.1212637796998024,0,True
927,0.8608767986297607,0.17362487316131592,1.0,1.4207403659820557,1.5535396337509155,1.5637409687042236,2.616600751876831,0.13397011160850525,0,True
928,0.8646340370178223,0.16296003758907318,1.0,1.4408652782440186,1.5716311931610107,1.582080602645874,2.6291847229003906,0.13385847210884094,0,True
929,0.8374913930892944,0.18582773208618164,1.0,1.4233745336532593,1.5696444511413574,1.5800418853759766,2.7702221870422363,0.13950808346271515,0,True
930,0.8700530529022217,0.14742684364318848,1.0,1.478248119354248,1.7042402029037476,1.715478777885437,2.652740955352783,0.12039121240377426,0,True
931,0.8793299198150635,0.148024320602417,1.0,1.466092824935913,1.6728928089141846,1.6840734481811523,2.8063302040100098,0.12425011396408081,0,True
932,0.8533053398132324,0.17260794341564178,1.0,1.4248532056808472,1.6651523113250732,1.675750732421875,2.6119141578674316,0.12697851657867432,0,True
933,0.8929685354232788,0.14862032234668732,1.0,1.4517866373062134,1.6952705383300781,1.7061913013458252,2.721727132797241,0.10009854286909103,0,True
934,0.8802521228790283,0.14650635421276093,1.0,1.3781769275665283,1.5700918436050415,1.5799918174743652,2.54584002494812,0.12742093205451965,0,True
935,0.8677483797073364,0.15029849112033844,1.0,1.3486872911453247,1.5495195388793945,1.5590593814849854,2.457650661468506,0.12205098569393158,0,True
936,0.851557195186615,0.17032819986343384,1.0,1.3788243532180786,1.5232620239257812,1.5330508947372437,2.418658494949341,0.11357144266366959,0,True
937,0.8556240200996399,0.17231574654579163,1.0,1.441387414932251,1.5809940099716187,1.591463327407837,2.786907911300659,0.11904920637607574,0,True
938,0.8506889343261719,0.17690452933311462,1.0,1.4262678623199463,1.5927352905273438,1.60313081741333,2.45600962638855,0.11690786480903625,0,True
939,0.8459256887435913,0.18729108572006226,1.0,1.4414472579956055,1.614123821258545,1.6246910095214844,2.6854910850524902,0.1209193617105484,0,True
940,0.8622555732727051,0.17506521940231323,1.0,1.456656575202942,1.6644904613494873,1.6753941774368286,2.5782053470611572,0.12343601882457733,0,True
941,0.8418196439743042,0.18307164311408997,1.0,1.4143010377883911,1.6046087741851807,1.6151368618011475,2.652144432067871,0.14576385915279388,0,True
942,0.8565196990966797,0.17813389003276825,1.0,1.4262107610702515,1.6806371212005615,1.691218376159668,2.544055223464966,0.13683363795280457,0,True
943,0.880333662033081,0.1612839251756668,1.0,1.4449634552001953,1.6469846963882446,1.6578595638275146,2.6514928340911865,0.12494076788425446,0,True
944,0.8625041246414185,0.1589730679988861,1.0,1.3736679553985596,1.578015685081482,1.5879077911376953,2.5241494178771973,0.14070862531661987,0,True
945,0.8736794590950012,0.16142401099205017,1.0,1.369767665863037,1.5767850875854492,1.586687684059143,2.591341018676758,0.11102987080812454,0,True
946,0.8703222274780273,0.15286852419376373,1.0,1.4191023111343384,1.573245882987976,1.5834465026855469,2.7043888568878174,0.11751361191272736,0,True
947,0.8958537578582764,0.1389135867357254,1.0,1.4150797128677368,1.5633695125579834,1.57358980178833,2.602475643157959,0.13418421149253845,0,True
948,0.8758705854415894,0.1596544086933136,1.0,1.3976037502288818,1.529859185218811,1.5398107767105103,2.4174180030822754,0.13997794687747955,0,True
949,0.886428952217102,0.16201770305633545,1.0,1.4366838932037354,1.6116118431091309,1.6220967769622803,2.6456010341644287,0.1208730936050415,0,True
950,0.8782855868339539,0.1611328125,1.0,1.442363977432251,1.6163692474365234,1.6270586252212524,2.538346529006958,0.11528725922107697,0,True
951,0.8849092721939087,0.16249658167362213,1.0,1.4617931842803955,1.6592390537261963,1.6701548099517822,2.608854055404663,0.10355377197265625,0,True
952,0.88633131980896,0.16208747029304504,1.0,1.4499437808990479,1.6638712882995605,1.6748712062835693,2.598802328109741,0.12607410550117493,0,True
953,0.8913986086845398,0.15964925289154053,1.0,1.4537746906280518,1.6673710346221924,1.6781967878341675,2.597471237182617,0.1390891969203949,0,True
954,0.8840879797935486,0.1612432599067688,1.0,1.3958631753921509,1.62174654006958,1.631981611251831,2.6347744464874268,0.12431654334068298,0,True
955,0.8973110914230347,0.14735224843025208,1.0,1.4184598922729492,1.62020742893219,1.6306732892990112,2.73583984375,0.11282625794410706,0,True
956,0.8835489153862,0.14761751890182495,1.0,1.3865296840667725,1.5494335889816284,1.5593841075897217,2.533165216445923,0.12117481231689453,0,True
957,0.8653070330619812,0.17089305818080902,1.0,1.3765947818756104,1.5221905708312988,1.5318129062652588,2.4385769367218018,0.13703498244285583,0,True
958,0.8786359429359436,0.16238242387771606,1.0,1.4200007915496826,1.5666065216064453,1.5767782926559448,2.6868717670440674,0.11599390208721161,0,True
959,0.868596613407135,0.1617833524942398,1.0,1.4497368335723877,1.5832545757293701,1.5937957763671875,2.6382064819335938,0.1445075124502182,0,True
960,0.0634213238954544,0.9374945759773254,1.0,1.4613213539123535,1.6681749820709229,1.6790111064910889,2.524796485900879,0.006249076686799526,119,True
961,0.04257524013519287,0.9624760746955872,0.0703125,1.26998770236969,1.0815637111663818,1.092395305633545,2.4834957122802734,2.067086696624756,0,True
962,0.012740403413772583,0.9928365349769592,0.0703125,1.8010449409484863,1.5291705131530762,1.538923978805542,3.2352652549743652,3.0311269760131836,0,True
963,0.009644899517297745,1.0006613731384277,0.0703125,2.2014670372009277,0.9875731468200684,1.0006155967712402,3.319228410720825,4.0936279296875,0,True
964,-0.035549938678741455,1.0444538593292236,0.0703125,2.5407371520996094,0.8347367644309998,0.8481109142303467,3.5140881538391113,4.286891937255859,0,True
965,-0.018944280222058296,1.024352788925171,0.0703125,2.515896797180176,0.9329681992530823,0.9459894299507141,3.7376797199249268,3.2598299980163574,0,True
966,0.004478951916098595,0.9990408420562744,0.0703125,2.063488245010376,1.1426231861114502,1.1536154747009277,3.0995874404907227,2.058690071105957,0,True
967,0.057164065539836884,0.948028564453125,0.0703125,1.6665410995483398,1.3515641689300537,1.3591029644012451,3.389207363128662,1.2552701234817505,0,True
968,0.10275282710790634,0.9062941074371338,0.0703125,1.4608917236328125,1.5214858055114746,1.5263917446136475,3.5343289375305176,0.8238111138343811,0,True
969,0.1280161738395691,0.8759510517120361,0.0703125,1.3807377815246582,1.6278856992721558,1.632131576538086,3.845714807510376,0.598548412322998,0,True
970,0.15319252014160156,0.851576566696167,0.0703125,1.225335717201233,1.6360208988189697,1.6391350030899048,3.4130165576934814,0.3942416310310364,0,True
971,0.1644461452960968,0.843081533908844,0.0703125,1.1546298265457153,1.621150016784668,1.624207615852356,3.3895392417907715,0.3350357115268707,0,True
972,0.1844380795955658,0.8242059946060181,0.0703125,1.1328760385513306,1.5914812088012695,1.5948069095611572,3.2727243900299072,0.3084402084350586,0,True
973,0.18763220310211182,0.8203707933425903,0.0703125,1.0562591552734375,1.5263619422912598,1.5299652814865112,3.1184017658233643,0.27259689569473267,0,True
974,0.20283988118171692,0.8034639358520508,0.0703125,1.043824315071106,1.4862271547317505,1.4901962280273438,3.0412704944610596,0.2579360604286194,0,True
975,0.2254507839679718,0.7842543125152588,0.0703125,1.0901639461517334,1.4911627769470215,1.4964768886566162,2.9935853481292725,0.2525428831577301,0,True
976,0.23084253072738647,0.7742193341255188,0.0703125,1.1153405904769897,1.4526000022888184,1.458756923675537,2.776216506958008,0.27253544330596924,0,True
977,0.2575278580188751,0.7485904693603516,0.0703125,1.1575119495391846,1.5027453899383545,1.5097010135650635,3.0090224742889404,0.2787274420261383,0,True
978,0.28654763102531433,0.7195332050323486,0.0703125,1.2014795541763306,1.5051584243774414,1.5124059915542603,2.639594554901123,0.27157390117645264,0,True
979,0.31770288944244385,0.6857587099075317,0.0703125,1.2316923141479492,1.5453169345855713,1.553209900856018,2.801490545272827,0.2983914911746979,0,True
980,0.348957896232605,0.6612473726272583,0.0703125,1.3154754638671875,1.576058030128479,1.5850350856781006,3.1162784099578857,0.28326407074928284,0,True
981,0.3733091950416565,0.6435790061950684,0.0703125,1.3293676376342773,1.538232445716858,1.5474867820739746,2.6432242393493652,0.30750250816345215,0,True
982,0.38224291801452637,0.6285276412963867,0.0703125,1.3397141695022583,1.5310626029968262,1.5405008792877197,3.0945563316345215,0.27804338932037354,0,True
983,0.4001021385192871,0.6079607009887695,0.0703125,1.3387770652770996,1.4862797260284424,1.4955620765686035,2.8916585445404053,0.2670109272003174,0,True
984,0.42579010128974915,0.5808902382850647,0.0703125,1.3564143180847168,1.4530010223388672,1.4621490240097046,3.514082193374634,0.25838154554367065,0,True
985,0.4436417818069458,0.5635572075843811,0.0703125,1.3434381484985352,1.4158244132995605,1.4248919486999512,3.7453508377075195,0.24752509593963623,0,True
986,0.4503690004348755,0.5614742040634155,0.0703125,1.3777146339416504,1.442622423171997,1.452082633972168,3.417506694793701,0.25214874744415283,0,True
987,0.45643192529678345,0.5511953830718994,0.0703125,1.3414149284362793,1.4769487380981445,1.486161231994629,3.136538028717041,0.23355379700660706,0,True
988,0.47071027755737305,0.5399631261825562,0.0703125,1.414214849472046,1.5198962688446045,1.5300456285476685,4.085732460021973,0.2362365871667862,0,True
989,0.49109554290771484,0.5190865397453308,0.0703125,1.4122717380523682,1.5550590753555298,1.5653159618377686,3.098987579345703,0.26030969619750977,0,True
990,0.5103292465209961,0.5035606622695923,0.0703125,1.3584527969360352,1.5066015720367432,1.5163160562515259,2.4169092178344727,0.26823997497558594,0,True
991,0.5287631750106812,0.487178772687912,0.0703125,1.314231276512146,1.4811763763427734,1.4904026985168457,2.6419577598571777,0.2603544592857361,0,True
992,0.5632762908935547,0.45229294896125793,0.0703125,1.3985249996185303,1.549419641494751,1.5595372915267944,3.31131649017334,0.21611851453781128,0,True
993,0.5885084271430969,0.4319062829017639,0.0703125,1.4403822422027588,1.5453319549560547,1.5559724569320679,3.355055093765259,0.21140149235725403,0,True
994,0.5822713971138,0.42679935693740845,0.0703125,1.3834526538848877,1.5186491012573242,1.5283427238464355,2.505509376525879,0.22684231400489807,0,True
995,0.5966224670410156,0.41442906856536865,0.0703125,1.385393738746643,1.4885849952697754,1.498096227645874,3.1201376914978027,0.23933644592761993,0,True
996,0.5849688053131104,0.4250034689903259,0.0703125,1.3764055967330933,1.5035827159881592,1.513112187385559,3.1605825424194336,0.2264687865972519,0,True
997,0.6082617044448853,0.4028107523918152,0.0703125,1.4429631233215332,1.5866031646728516,1.5970920324325562,2.70326828956604,0.24306552112102509,0,True
998,0.6214672923088074,0.3902285695075989,0.0703125,1.396756887435913,1.5492291450500488,1.5591527223587036,2.485689878463745,0.25643661618232727,0,True
999,0.6334738731384277,0.37500205636024475,0.0703125,1.4292230606079102,1.5751996040344238,1.585364580154419,3.226916790008545,0.22683031857013702,1,True
1000,0.6670718193054199,0.3548813462257385,0.0703125,1.434689998626709,1.6164147853851318,1.6268947124481201,2.6977269649505615,0.23003901541233063,0,True
