step,mean_vel_x,mean_abs_vx_error,p2_fault_active_mean,residual_action_mean_norm,final_action_mean_norm,base_action_mean_norm,residual_action_max_norm,mean_abs_yaw_error,done_count,no_nan_inf
1,0.020502150058746338,0.9794977903366089,0.0,1.0498050451278687,0.9142557978630066,0.9142557978630066,1.3388910293579102,2.061772346496582,0,True
2,0.033264316618442535,0.9709169864654541,0.0,1.8181871175765991,1.5846452713012695,1.5846452713012695,3.347421884536743,3.091454029083252,0,True
3,0.013051055371761322,0.9910723567008972,0.0,2.248533248901367,1.016845703125,1.016845703125,3.428307294845581,4.417593002319336,0,True
4,-0.07100585848093033,1.0723768472671509,0.0,2.5931813716888428,0.8589857220649719,0.8589857220649719,3.6856529712677,4.770753860473633,0,True
5,-0.04169810190796852,1.0416980981826782,0.0,2.6010208129882812,1.0296611785888672,1.0296611785888672,3.494708299636841,3.543353319168091,0,True
6,-0.03132430836558342,1.0313242673873901,0.0,2.215212821960449,1.2130625247955322,1.2130625247955322,3.3779890537261963,2.3976073265075684,0,True
7,0.00938730500638485,0.9906126856803894,0.0,1.8523396253585815,1.4370228052139282,1.4370228052139282,3.6455090045928955,1.3307480812072754,0,True
8,0.07967342436313629,0.9203265905380249,0.0,1.5937035083770752,1.6704398393630981,1.6704398393630981,3.7549662590026855,0.7483375072479248,0,True
9,0.11504215002059937,0.8852716088294983,0.0,1.4694976806640625,1.785828948020935,1.785828948020935,3.768888473510742,0.49323880672454834,0,True
10,0.11953932046890259,0.8804606795310974,0.0,1.3219393491744995,1.7196451425552368,1.7196451425552368,3.602881908416748,0.40599989891052246,0,True
11,0.1250571608543396,0.8749428987503052,0.0,1.2342665195465088,1.6751842498779297,1.6751842498779297,3.683375358581543,0.31457579135894775,0,True
12,0.14573869109153748,0.8542612791061401,0.0,1.239957332611084,1.6431479454040527,1.6431479454040527,3.600325345993042,0.2854848802089691,0,True
13,0.1613287478685379,0.8386712670326233,0.0,1.2234183549880981,1.6304373741149902,1.6304373741149902,3.4000799655914307,0.2675546109676361,0,True
14,0.18500494956970215,0.8149950504302979,0.0,1.2090706825256348,1.5971986055374146,1.5971986055374146,3.3511900901794434,0.2453165501356125,0,True
15,0.19950991868972778,0.8004900217056274,0.0,1.1996779441833496,1.5747615098953247,1.5747615098953247,3.2429678440093994,0.2500137686729431,0,True
16,0.20678995549678802,0.7941195964813232,0.0,1.1731140613555908,1.5551106929779053,1.5551106929779053,3.030129909515381,0.22962266206741333,0,True
17,0.22182053327560425,0.7781794667243958,0.0,1.2039380073547363,1.5492976903915405,1.5492976903915405,2.9106180667877197,0.22368745505809784,0,True
18,0.25419318675994873,0.749364972114563,0.0,1.2989985942840576,1.6265584230422974,1.6265584230422974,2.9369523525238037,0.24386003613471985,0,True
19,0.2907785177230835,0.7115538120269775,0.0,1.3273321390151978,1.644737720489502,1.644737720489502,2.7972781658172607,0.25246670842170715,0,True
20,0.31203725934028625,0.6909201741218567,0.0,1.3124520778656006,1.608880877494812,1.608880877494812,2.6034023761749268,0.24716517329216003,0,True
21,0.3298938274383545,0.670220136642456,0.0,1.3104242086410522,1.586381196975708,1.586381196975708,2.707698106765747,0.25729691982269287,0,True
22,0.34860095381736755,0.6514301896095276,0.0,1.3118665218353271,1.5255019664764404,1.5255019664764404,3.183013916015625,0.24117229878902435,0,True
23,0.37351638078689575,0.631898045539856,0.0,1.38531494140625,1.5527360439300537,1.5527360439300537,3.520073890686035,0.20455807447433472,0,True
24,0.39336884021759033,0.6079537868499756,0.0,1.3663790225982666,1.4893624782562256,1.4893624782562256,3.0034260749816895,0.22327250242233276,0,True
25,0.39181607961654663,0.6092422008514404,0.0,1.3020398616790771,1.4361401796340942,1.4361401796340942,3.5718917846679688,0.1990589201450348,0,True
26,0.39864712953567505,0.6013529300689697,0.0,1.3154462575912476,1.489467740058899,1.489467740058899,3.1724517345428467,0.2138761281967163,0,True
27,0.4065682590007782,0.5964127779006958,0.0,1.347215175628662,1.5027670860290527,1.5027670860290527,3.213535785675049,0.2196221500635147,0,True
28,0.44701844453811646,0.5610453486442566,0.0,1.4169235229492188,1.57709801197052,1.57709801197052,3.267512083053589,0.2285693883895874,0,True
29,0.45992791652679443,0.5447878837585449,0.0,1.4196312427520752,1.5950140953063965,1.5950140953063965,2.72886061668396,0.25094297528266907,0,True
30,0.4749385714530945,0.526943564414978,0.0,1.3736034631729126,1.5982794761657715,1.5982794761657715,2.8790485858917236,0.26313692331314087,0,True
31,0.4515661597251892,0.5503984093666077,0.0078125,1.3004708290100098,1.5244816541671753,1.5244816541671753,2.574974775314331,0.2397139072418213,0,True
32,0.44989752769470215,0.5518898963928223,0.0078125,1.282151222229004,1.5197339057922363,1.5197339057922363,3.6933236122131348,0.23133111000061035,0,True
33,0.47646141052246094,0.5274989008903503,0.0234375,1.3541533946990967,1.5095261335372925,1.5095261335372925,3.4898009300231934,0.2457217127084732,0,True
34,0.4887455105781555,0.5238094925880432,0.0234375,1.355393409729004,1.5101783275604248,1.5101783275604248,2.810864210128784,0.22301140427589417,0,True
35,0.49193480610847473,0.5171945095062256,0.03125,1.3360059261322021,1.51371431350708,1.51371431350708,2.8959696292877197,0.20282712578773499,0,True
36,0.48384082317352295,0.5218672752380371,0.0390625,1.3555254936218262,1.5481382608413696,1.5481382608413696,2.8422892093658447,0.2370588183403015,0,True
37,0.4983564615249634,0.5081367492675781,0.046875,1.3875055313110352,1.6104402542114258,1.6104402542114258,2.8229358196258545,0.21265248954296112,0,True
38,0.5363818407058716,0.46853122115135193,0.0625,1.4051934480667114,1.5983608961105347,1.5983608961105347,3.640376329421997,0.20221221446990967,0,True
39,0.542387068271637,0.46375495195388794,0.0703125,1.3706110715866089,1.551329493522644,1.551329493522644,3.061746597290039,0.258090615272522,0,True
40,0.5783730745315552,0.4325507581233978,0.0859375,1.3571507930755615,1.596784234046936,1.596784234046936,3.300497055053711,0.24644416570663452,0,True
41,0.5744203329086304,0.4309339225292206,0.09375,1.3310843706130981,1.5093786716461182,1.5093786716461182,2.617550849914551,0.24176737666130066,0,True
42,0.5571160316467285,0.44457465410232544,0.09375,1.2664759159088135,1.4491147994995117,1.4491147994995117,2.5821762084960938,0.21195803582668304,0,True
43,0.5550875663757324,0.4467763304710388,0.109375,1.3180009126663208,1.4573101997375488,1.4573101997375488,2.614642381668091,0.20956109464168549,0,True
44,0.5940865278244019,0.41148895025253296,0.1171875,1.420392632484436,1.553697109222412,1.553697109222412,2.6464481353759766,0.18983763456344604,0,True
45,0.5949376821517944,0.41494855284690857,0.125,1.3910672664642334,1.5496454238891602,1.5496454238891602,3.303654432296753,0.2195953130722046,0,True
46,0.6106997728347778,0.3995521068572998,0.125,1.3685338497161865,1.551626443862915,1.551626443862915,3.8614189624786377,0.23020301759243011,0,True
47,0.6070108413696289,0.40818315744400024,0.125,1.3623614311218262,1.5624022483825684,1.5624022483825684,3.122272253036499,0.20907652378082275,0,True
48,0.6382663249969482,0.37912893295288086,0.1328125,1.4205306768417358,1.6151723861694336,1.6151723861694336,2.755913257598877,0.21483348309993744,0,True
49,0.6380610466003418,0.37263891100883484,0.140625,1.405043125152588,1.5570331811904907,1.5570331811904907,4.430086135864258,0.20999129116535187,0,True
50,0.6378950476646423,0.37956133484840393,0.140625,1.3687498569488525,1.5451552867889404,1.5451552867889404,3.371931314468384,0.2302381545305252,0,True
51,0.6496985554695129,0.3723355829715729,0.140625,1.4086707830429077,1.5697743892669678,1.5697743892669678,3.7026171684265137,0.1842864453792572,0,True
52,0.6409301161766052,0.37324485182762146,0.140625,1.4144601821899414,1.5482172966003418,1.5482172966003418,3.967958927154541,0.17565569281578064,0,True
53,0.6474578380584717,0.3681362569332123,0.1640625,1.3877290487289429,1.5180225372314453,1.5180225372314453,3.7044966220855713,0.18920522928237915,0,True
54,0.6585125923156738,0.3614923357963562,0.1796875,1.4085559844970703,1.5594031810760498,1.5594031810760498,3.8230106830596924,0.21176522970199585,0,True
55,0.6772282123565674,0.3454447388648987,0.1953125,1.4575225114822388,1.5887278318405151,1.5887278318405151,3.9220776557922363,0.21016009151935577,0,True
56,0.6892378330230713,0.33673110604286194,0.203125,1.4082903861999512,1.5361897945404053,1.5361897945404053,4.015653610229492,0.21114708483219147,0,True
57,0.6836855411529541,0.34579581022262573,0.2109375,1.4344507455825806,1.5756323337554932,1.5756323337554932,3.956913709640503,0.1893770396709442,0,True
58,0.7110844850540161,0.3287002444267273,0.21875,1.491043210029602,1.6414189338684082,1.6414189338684082,3.891692638397217,0.18143795430660248,0,True
59,0.7000970840454102,0.33722543716430664,0.21875,1.4341025352478027,1.6161255836486816,1.6161255836486816,3.7172691822052,0.18523332476615906,0,True
60,0.7028623819351196,0.3414440155029297,0.21875,1.4310685396194458,1.6028251647949219,1.6028251647949219,3.484170436859131,0.21310175955295563,0,True
61,0.7036929130554199,0.34406203031539917,0.2265625,1.409615397453308,1.5302717685699463,1.5302717685699463,2.8956096172332764,0.21264144778251648,0,True
62,0.7052409648895264,0.3384913206100464,0.234375,1.3924062252044678,1.5625483989715576,1.5625483989715576,2.9295763969421387,0.2002626359462738,1,True
63,0.7303023338317871,0.3150287866592407,0.234375,1.4317991733551025,1.6140124797821045,1.6140124797821045,2.5806374549865723,0.2163398563861847,0,True
64,0.7248413562774658,0.3359622657299042,0.234375,1.4190301895141602,1.522504210472107,1.522504210472107,2.9025940895080566,0.25382551550865173,0,True
65,0.7235860824584961,0.31239521503448486,0.2578125,1.466322898864746,1.6267521381378174,1.6267521381378174,3.927672863006592,0.22197626531124115,0,True
66,0.7117520570755005,0.31701114773750305,0.2578125,1.4554086923599243,1.5825551748275757,1.5825551748275757,3.035942554473877,0.23363469541072845,0,True
67,0.6846429109573364,0.34160009026527405,0.265625,1.4592807292938232,1.6101410388946533,1.6101410388946533,3.138242244720459,0.27468129992485046,0,True
68,0.7118986248970032,0.3186662197113037,0.2734375,1.4787323474884033,1.6361606121063232,1.6361606121063232,3.03448224067688,0.22936967015266418,0,True
69,0.7163230180740356,0.30705273151397705,0.2734375,1.4470760822296143,1.6054726839065552,1.6054726839065552,2.814234733581543,0.19765567779541016,0,True
70,0.6976355910301208,0.32891571521759033,0.2734375,1.3793070316314697,1.5653064250946045,1.5653064250946045,2.5782859325408936,0.24640092253684998,0,True
71,0.711368978023529,0.31725674867630005,0.2734375,1.4483654499053955,1.6283910274505615,1.6283910274505615,2.9826924800872803,0.2368410974740982,0,True
72,0.6866726875305176,0.3372213840484619,0.28125,1.4168837070465088,1.574889063835144,1.574889063835144,2.5475621223449707,0.19912868738174438,0,True
73,0.6700037717819214,0.3539031445980072,0.2890625,1.4258134365081787,1.6051337718963623,1.6051337718963623,2.793436288833618,0.2083491086959839,1,True
74,0.6778812408447266,0.3435514271259308,0.28125,1.4311978816986084,1.603890061378479,1.603890061378479,2.6686394214630127,0.22243209183216095,1,True
75,0.6984604597091675,0.32909902930259705,0.2890625,1.453611135482788,1.652406096458435,1.652406096458435,2.691324234008789,0.21612265706062317,0,True
76,0.6766048073768616,0.3437504768371582,0.3046875,1.4312236309051514,1.6049766540527344,1.6049766540527344,2.700734853744507,0.2382189929485321,1,True
77,0.6627699732780457,0.3511795401573181,0.3046875,1.4163438081741333,1.5958271026611328,1.5958271026611328,2.7079520225524902,0.27825137972831726,0,True
78,0.670232892036438,0.34256720542907715,0.3046875,1.4783165454864502,1.6080471277236938,1.6080471277236938,3.163393497467041,0.3157570958137512,0,True
79,0.6707127094268799,0.34009405970573425,0.3203125,1.4557523727416992,1.5637538433074951,1.5637538433074951,3.4835169315338135,0.28982964158058167,0,True
80,0.6834124326705933,0.32849788665771484,0.3203125,1.3976638317108154,1.5717267990112305,1.5717267990112305,2.8590281009674072,0.24076667428016663,0,True
81,0.6962385177612305,0.3254392743110657,0.328125,1.4078677892684937,1.5726089477539062,1.5726089477539062,4.708608627319336,0.1958795040845871,0,True
82,0.7049353122711182,0.3156008720397949,0.3359375,1.3914871215820312,1.5779510736465454,1.5779510736465454,3.204517126083374,0.17486132681369781,0,True
83,0.7161161303520203,0.3074951171875,0.359375,1.4015617370605469,1.5643941164016724,1.5643941164016724,3.781597375869751,0.19690462946891785,0,True
84,0.7292758822441101,0.2950156331062317,0.359375,1.4030386209487915,1.6125409603118896,1.6125409603118896,2.654712200164795,0.18245553970336914,0,True
85,0.717867374420166,0.3080459535121918,0.3671875,1.3981258869171143,1.5843942165374756,1.5843942165374756,2.616438865661621,0.16027645766735077,0,True
86,0.739007294178009,0.2859368324279785,0.3671875,1.42704439163208,1.648991346359253,1.648991346359253,2.7546262741088867,0.1436830461025238,0,True
87,0.7289940118789673,0.2896449565887451,0.390625,1.3803718090057373,1.5736768245697021,1.5736768245697021,2.648689031600952,0.13830654323101044,0,True
88,0.7408008575439453,0.2798815965652466,0.390625,1.3822671175003052,1.6320691108703613,1.6320691108703613,2.6753644943237305,0.1608932912349701,1,True
89,0.7628782987594604,0.2597050368785858,0.390625,1.4285882711410522,1.622395396232605,1.622395396232605,2.717435836791992,0.17435607314109802,0,True
90,0.7633864283561707,0.2698386013507843,0.4140625,1.3975012302398682,1.5804357528686523,1.5804357528686523,2.542404890060425,0.1763288974761963,0,True
91,0.7395522594451904,0.2869485914707184,0.4140625,1.3801074028015137,1.5695672035217285,1.5695672035217285,2.5516517162323,0.17726832628250122,0,True
92,0.7590508460998535,0.2652105689048767,0.4296875,1.4207861423492432,1.6057724952697754,1.6057724952697754,2.7652721405029297,0.17783087491989136,0,True
93,0.7482544183731079,0.27113229036331177,0.4453125,1.3812329769134521,1.5424832105636597,1.5424832105636597,3.053743839263916,0.1654442846775055,0,True
94,0.7607921957969666,0.26731953024864197,0.453125,1.3920726776123047,1.576891303062439,1.576891303062439,3.1608939170837402,0.1588093340396881,1,True
95,0.7767351865768433,0.24397438764572144,0.453125,1.4309067726135254,1.6156938076019287,1.6156938076019287,2.5534491539001465,0.15396085381507874,1,True
96,0.7712929248809814,0.25006189942359924,0.4609375,1.4327815771102905,1.6138055324554443,1.6138055324554443,3.109121322631836,0.1862117052078247,0,True
97,0.777491569519043,0.2387809306383133,0.46875,1.4289939403533936,1.6193654537200928,1.6193654537200928,2.7277638912200928,0.17913886904716492,0,True
98,0.7541643381118774,0.2621850371360779,0.46875,1.395471453666687,1.5723705291748047,1.5723705291748047,2.461974859237671,0.20125693082809448,0,True
99,0.7693942189216614,0.25145938992500305,0.4765625,1.420508861541748,1.6052007675170898,1.6052007675170898,2.7391984462738037,0.19950932264328003,0,True
100,0.7739723324775696,0.2441333830356598,0.5,1.4412813186645508,1.5637425184249878,1.5637425184249878,3.3480422496795654,0.1908506453037262,0,True
101,0.7727773189544678,0.24521265923976898,0.5,1.4179463386535645,1.5603827238082886,1.5603827238082886,2.925532341003418,0.18035352230072021,0,True
102,0.7682053446769714,0.24981021881103516,0.5234375,1.400208592414856,1.5298683643341064,1.5298683643341064,2.8733479976654053,0.1853543221950531,0,True
103,0.7761567831039429,0.24245581030845642,0.53125,1.4198740720748901,1.5873515605926514,1.5873515605926514,2.623243570327759,0.1680382639169693,0,True
104,0.7767852544784546,0.2505311071872711,0.5390625,1.4260177612304688,1.6207613945007324,1.6207613945007324,2.6980762481689453,0.13521458208560944,0,True
105,0.799941897392273,0.2356642782688141,0.546875,1.4420344829559326,1.6215145587921143,1.6215145587921143,2.597181797027588,0.15401729941368103,0,True
106,0.788792073726654,0.24330639839172363,0.546875,1.3981285095214844,1.6082191467285156,1.6082191467285156,2.579101085662842,0.15371735394001007,0,True
107,0.7917615175247192,0.2328873723745346,0.5625,1.4130946397781372,1.6326267719268799,1.6326267719268799,2.661591053009033,0.13674107193946838,0,True
108,0.7905426025390625,0.2379245162010193,0.5703125,1.4252784252166748,1.6419322490692139,1.6419322490692139,2.6846983432769775,0.11992897838354111,0,True
109,0.8086129426956177,0.22732622921466827,0.5703125,1.4500781297683716,1.6403608322143555,1.6403608322143555,2.7302491664886475,0.1350347399711609,0,True
110,0.799138605594635,0.22671489417552948,0.578125,1.3835866451263428,1.5482699871063232,1.5482699871063232,2.766526937484741,0.12733688950538635,0,True
111,0.8047126531600952,0.2182084619998932,0.5859375,1.3650822639465332,1.575494408607483,1.575494408607483,2.424065351486206,0.13593752682209015,0,True
112,0.801134467124939,0.2222590297460556,0.5859375,1.3842241764068604,1.5524799823760986,1.5524799823760986,2.5485665798187256,0.1295684576034546,0,True
113,0.7928298115730286,0.23079919815063477,0.609375,1.4224008321762085,1.6010377407073975,1.6010377407073975,2.6591267585754395,0.13418349623680115,0,True
114,0.8090791702270508,0.2145855724811554,0.609375,1.4660286903381348,1.6690137386322021,1.6690137386322021,2.810516357421875,0.1479257047176361,0,True
115,0.8033313155174255,0.22312632203102112,0.6171875,1.4205389022827148,1.6357684135437012,1.6357684135437012,2.511415958404541,0.13799011707305908,1,True
116,0.8183460235595703,0.20207485556602478,0.6171875,1.384123682975769,1.632723331451416,1.632723331451416,2.5964560508728027,0.15307766199111938,0,True
117,0.7922570109367371,0.218468576669693,0.6171875,1.3903038501739502,1.538260579109192,1.538260579109192,2.6591906547546387,0.16218166053295135,0,True
118,0.8133619427680969,0.20271900296211243,0.625,1.4099280834197998,1.6038472652435303,1.6038472652435303,2.551551342010498,0.16768717765808105,0,True
119,0.8094242215156555,0.2102218121290207,0.640625,1.3938212394714355,1.5244503021240234,1.5244503021240234,2.7611351013183594,0.17181962728500366,0,True
120,0.8197159767150879,0.20122434198856354,0.640625,1.4251892566680908,1.5753092765808105,1.5753092765808105,2.756850242614746,0.17196784913539886,0,True
121,0.8052710294723511,0.218755841255188,0.6484375,1.4060399532318115,1.5551351308822632,1.5551351308822632,2.8177642822265625,0.1608164757490158,0,True
122,0.8108876943588257,0.2071560025215149,0.671875,1.4398373365402222,1.6416716575622559,1.6416716575622559,2.7093472480773926,0.1670452207326889,0,True
123,0.8245226144790649,0.2031320333480835,0.6796875,1.4471288919448853,1.6503303050994873,1.6503303050994873,2.94852352142334,0.15573909878730774,0,True
124,0.8357975482940674,0.1940888911485672,0.6796875,1.479865312576294,1.6973052024841309,1.6973052024841309,2.7991271018981934,0.14169034361839294,0,True
125,0.8331111669540405,0.19848062098026276,0.6875,1.4125211238861084,1.6583062410354614,1.6583062410354614,2.6831846237182617,0.12573689222335815,0,True
126,0.8174562454223633,0.21357038617134094,0.7109375,1.3567564487457275,1.6000323295593262,1.6000323295593262,2.6042520999908447,0.14409463107585907,0,True
127,0.8273245096206665,0.1998925805091858,0.7421875,1.3953672647476196,1.5882313251495361,1.5882313251495361,2.8341195583343506,0.13090631365776062,0,True
128,0.8159708976745605,0.1969267725944519,0.7421875,1.3785200119018555,1.5189920663833618,1.5189920663833618,2.4550042152404785,0.13768281042575836,0,True
129,0.8223955631256104,0.2013562023639679,0.75,1.4042412042617798,1.5698703527450562,1.5698703527450562,2.7345356941223145,0.13453465700149536,0,True
130,0.8245726823806763,0.19647644460201263,0.7578125,1.392957329750061,1.5410761833190918,1.5410761833190918,2.66819429397583,0.14213745296001434,0,True
131,0.8187752962112427,0.20189930498600006,0.7734375,1.3911850452423096,1.5749479532241821,1.5749479532241821,2.7507753372192383,0.1328841745853424,0,True
132,0.8156859874725342,0.2066386640071869,0.796875,1.4093408584594727,1.6330406665802002,1.6330406665802002,2.567157030105591,0.12492619454860687,0,True
133,0.8269546031951904,0.20661428570747375,0.8046875,1.4555630683898926,1.6668119430541992,1.6668119430541992,2.5995731353759766,0.12046511471271515,0,True
134,0.831525444984436,0.19100739061832428,0.8125,1.4303990602493286,1.6798009872436523,1.6798009872436523,2.4793758392333984,0.11800418794155121,0,True
135,0.8395459055900574,0.18508338928222656,0.8125,1.4040520191192627,1.6537621021270752,1.6537621021270752,2.6097121238708496,0.12492388486862183,0,True
136,0.8341676592826843,0.18967297673225403,0.828125,1.3408782482147217,1.606419324874878,1.606419324874878,2.524087905883789,0.1156863197684288,0,True
137,0.8317486047744751,0.19404929876327515,0.84375,1.359787940979004,1.5763068199157715,1.5763068199157715,2.5230679512023926,0.1279534101486206,0,True
138,0.8326348662376404,0.19299712777137756,0.8515625,1.3978735208511353,1.5593931674957275,1.5593931674957275,2.7498016357421875,0.1390123963356018,0,True
139,0.8183753490447998,0.20054201781749725,0.8515625,1.365464687347412,1.5206595659255981,1.5206595659255981,2.468493938446045,0.1298731118440628,0,True
140,0.8177714347839355,0.1987522840499878,0.8515625,1.3949079513549805,1.5466201305389404,1.5466201305389404,2.6738452911376953,0.131657212972641,0,True
141,0.8312426805496216,0.1894264817237854,0.8671875,1.4309537410736084,1.5930800437927246,1.5930800437927246,2.5548207759857178,0.14177009463310242,0,True
142,0.8164790868759155,0.20069751143455505,0.875,1.4190112352371216,1.5885118246078491,1.5885118246078491,2.7808516025543213,0.1404556930065155,0,True
143,0.832471489906311,0.19386431574821472,0.890625,1.469364881515503,1.6728479862213135,1.6728479862213135,2.779923439025879,0.13662797212600708,0,True
144,0.8263527750968933,0.19961772859096527,0.8984375,1.458025574684143,1.6809709072113037,1.6809709072113037,2.673457145690918,0.12734556198120117,0,True
145,0.8426134586334229,0.17940562963485718,0.90625,1.4595928192138672,1.7125303745269775,1.7125303745269775,2.900587320327759,0.1310025304555893,0,True
146,0.8278857469558716,0.19250346720218658,0.921875,1.3667244911193848,1.6107736825942993,1.6107736825942993,2.514620542526245,0.12534140050411224,0,True
147,0.8297117948532104,0.18557710945606232,0.921875,1.3826961517333984,1.6180373430252075,1.6180373430252075,2.5695130825042725,0.13501521944999695,0,True
148,0.8436508774757385,0.17015501856803894,0.921875,1.3987501859664917,1.572439193725586,1.572439193725586,2.560878276824951,0.1348307877779007,0,True
149,0.8451483249664307,0.1729213148355484,0.9375,1.3608372211456299,1.5057682991027832,1.5057682991027832,2.692126989364624,0.1375872790813446,0,True
150,0.8058392405509949,0.2071172595024109,0.9375,1.328152060508728,1.4656848907470703,1.4656848907470703,2.3391857147216797,0.1403152048587799,0,True
151,0.8093931674957275,0.20176029205322266,0.9609375,1.418938398361206,1.5918948650360107,1.5918948650360107,2.646352529525757,0.13154470920562744,0,True
152,0.8313887119293213,0.17932257056236267,0.9609375,1.486319661140442,1.6494020223617554,1.6494020223617554,2.639246702194214,0.1395721435546875,0,True
153,0.8328135013580322,0.18123787641525269,0.9609375,1.4734891653060913,1.6841158866882324,1.6841158866882324,2.8130855560302734,0.12011203169822693,0,True
154,0.8414846658706665,0.1791742891073227,0.9609375,1.4085685014724731,1.6704919338226318,1.6704919338226318,2.586444616317749,0.1289505660533905,0,True
155,0.8305213451385498,0.18255147337913513,0.9609375,1.3539211750030518,1.6376526355743408,1.6376526355743408,2.5880706310272217,0.11846285313367844,0,True
156,0.8334946632385254,0.19141122698783875,0.9609375,1.3706753253936768,1.606989860534668,1.606989860534668,2.6035234928131104,0.12053728103637695,0,True
157,0.8362081050872803,0.18556943535804749,0.9609375,1.4022334814071655,1.5790274143218994,1.5790274143218994,2.806097984313965,0.13004747033119202,0,True
158,0.8586921095848083,0.16581542789936066,0.9609375,1.4155956506729126,1.5962021350860596,1.5962021350860596,2.8906772136688232,0.11986678093671799,0,True
159,0.8397828340530396,0.17451217770576477,0.9609375,1.3403323888778687,1.515440821647644,1.515440821647644,2.3839221000671387,0.1265181601047516,0,True
160,0.8296588063240051,0.1853334903717041,0.96875,1.3235145807266235,1.5166046619415283,1.5166046619415283,2.451796770095825,0.11631391942501068,0,True
161,0.8236335515975952,0.20074792206287384,0.96875,1.4053187370300293,1.5493676662445068,1.5493676662445068,2.6667962074279785,0.14397522807121277,0,True
162,0.8625690340995789,0.15904398262500763,0.96875,1.5188164710998535,1.6721638441085815,1.6721638441085815,2.703798532485962,0.13320764899253845,0,True
163,0.8655038475990295,0.16677230596542358,0.96875,1.4734464883804321,1.6523447036743164,1.6523447036743164,2.7551121711730957,0.13500447571277618,0,True
164,0.8486380577087402,0.17158973217010498,0.96875,1.4190796613693237,1.650278091430664,1.650278091430664,2.8246753215789795,0.14192111790180206,0,True
165,0.843147873878479,0.17513936758041382,0.96875,1.3700511455535889,1.6417267322540283,1.6417267322540283,2.6505227088928223,0.11977849900722504,0,True
166,0.8332963585853577,0.18836139142513275,0.96875,1.3706557750701904,1.6025115251541138,1.6025115251541138,2.6820194721221924,0.11895166337490082,0,True
167,0.8560788631439209,0.17501486837863922,0.96875,1.413738489151001,1.6211178302764893,1.6211178302764893,2.7750823497772217,0.12127085030078888,0,True
168,0.8573093414306641,0.1677096039056778,0.96875,1.4025737047195435,1.5713157653808594,1.5713157653808594,2.7052271366119385,0.13675928115844727,0,True
169,0.8439973592758179,0.17499743402004242,0.96875,1.355245590209961,1.5641040802001953,1.5641040802001953,2.505645513534546,0.12331292778253555,0,True
170,0.8281672596931458,0.18853819370269775,0.96875,1.340907335281372,1.5315340757369995,1.5315340757369995,2.457580327987671,0.12721073627471924,0,True
171,0.827752947807312,0.19917213916778564,0.96875,1.4060556888580322,1.5951142311096191,1.5951142311096191,2.727644205093384,0.12550902366638184,0,True
172,0.8379018306732178,0.1837751865386963,0.96875,1.4497466087341309,1.6449275016784668,1.6449275016784668,2.677755832672119,0.1359529197216034,0,True
173,0.8370833396911621,0.17987117171287537,0.9765625,1.4363563060760498,1.6296961307525635,1.6296961307525635,2.4884891510009766,0.12860742211341858,0,True
174,0.8268985748291016,0.1866336166858673,0.9765625,1.3731045722961426,1.6382136344909668,1.6382136344909668,2.5911929607391357,0.10758206248283386,0,True
175,0.8155144453048706,0.19706189632415771,0.9765625,1.360784888267517,1.625657320022583,1.625657320022583,2.770294427871704,0.1401137113571167,0,True
176,0.8219842910766602,0.19570636749267578,0.9765625,1.4052971601486206,1.6592354774475098,1.6592354774475098,2.602050304412842,0.12523427605628967,0,True
177,0.8159043192863464,0.2032109797000885,0.9765625,1.420784592628479,1.6084718704223633,1.6084718704223633,2.6142382621765137,0.12153008580207825,0,True
178,0.826270580291748,0.1967828869819641,0.9765625,1.438431978225708,1.6175105571746826,1.6175105571746826,2.729558229446411,0.11806324124336243,0,True
179,0.8210702538490295,0.19380506873130798,0.9765625,1.378888726234436,1.5633471012115479,1.5633471012115479,2.6786983013153076,0.1275380253791809,0,True
180,0.788932204246521,0.22793716192245483,0.9765625,1.3358426094055176,1.5116897821426392,1.5116897821426392,2.5294158458709717,0.14173294603824615,0,True
181,0.8054640889167786,0.2100999355316162,0.9765625,1.4191489219665527,1.6097935438156128,1.6097935438156128,2.7564010620117188,0.12855218350887299,0,True
182,0.830601692199707,0.19738024473190308,0.9765625,1.4889020919799805,1.661069393157959,1.661069393157959,2.533379316329956,0.12689918279647827,0,True
183,0.8320630788803101,0.1936292201280594,0.9765625,1.4680004119873047,1.646432638168335,1.646432638168335,2.8554980754852295,0.13107776641845703,0,True
184,0.8213934898376465,0.20131564140319824,0.9765625,1.4008581638336182,1.6450159549713135,1.6450159549713135,2.698690414428711,0.12960776686668396,0,True
185,0.8288359642028809,0.18611928820610046,0.9765625,1.4254298210144043,1.6748406887054443,1.6748406887054443,2.6502716541290283,0.12174183875322342,0,True
186,0.8319774866104126,0.18456342816352844,0.9765625,1.405332326889038,1.6364812850952148,1.6364812850952148,2.718078374862671,0.11885078251361847,0,True
187,0.8312890529632568,0.19034384191036224,0.9765625,1.3971863985061646,1.5794345140457153,1.5794345140457153,2.5049633979797363,0.14577730000019073,0,True
188,0.8488213419914246,0.1685200035572052,0.9765625,1.3836073875427246,1.5659615993499756,1.5659615993499756,2.6923093795776367,0.12293963879346848,0,True
189,0.807520866394043,0.20209181308746338,0.9765625,1.3192684650421143,1.4931305646896362,1.4931305646896362,2.3599460124969482,0.12056224048137665,0,True
190,0.8183390498161316,0.1895691603422165,0.9765625,1.3999805450439453,1.619338035583496,1.619338035583496,2.609858989715576,0.14252443611621857,0,True
191,0.8267742991447449,0.1838911771774292,0.9765625,1.4567252397537231,1.620557427406311,1.620557427406311,2.424999713897705,0.13896507024765015,0,True
192,0.8258075714111328,0.19352254271507263,0.9765625,1.472474217414856,1.6800745725631714,1.6800745725631714,2.6195878982543945,0.13800844550132751,0,True
193,0.8304011225700378,0.1872914582490921,0.9765625,1.4728082418441772,1.684833288192749,1.684833288192749,2.9111225605010986,0.1264697015285492,0,True
194,0.8227159976959229,0.18977311253547668,0.984375,1.3834335803985596,1.625718355178833,1.625718355178833,2.6571547985076904,0.11528870463371277,0,True
195,0.8030129671096802,0.2109977900981903,0.984375,1.3505494594573975,1.5953046083450317,1.5953046083450317,2.785139322280884,0.130919948220253,0,True
196,0.7871969938278198,0.2224472463130951,0.984375,1.3873528242111206,1.6046823263168335,1.6046823263168335,2.6994805335998535,0.12543630599975586,0,True
197,0.8271315693855286,0.19289173185825348,0.984375,1.475421667098999,1.66171395778656,1.66171395778656,2.931584358215332,0.11509636044502258,0,True
198,0.8084746599197388,0.21371126174926758,0.984375,1.4066333770751953,1.5660793781280518,1.5660793781280518,2.4986445903778076,0.1372782438993454,0,True
199,0.7838979959487915,0.2296973019838333,0.984375,1.3475254774093628,1.5517003536224365,1.5517003536224365,2.487348794937134,0.12065847218036652,0,True
200,0.8239672183990479,0.19061848521232605,0.984375,1.4293642044067383,1.6546577215194702,1.6546577215194702,2.663355827331543,0.1168377548456192,0,True
201,0.8165743350982666,0.2039744257926941,0.984375,1.4315317869186401,1.5811498165130615,1.5811498165130615,2.7508809566497803,0.12873569130897522,0,True
202,0.8119861483573914,0.20852304995059967,0.984375,1.4299006462097168,1.6534409523010254,1.6534409523010254,2.5231733322143555,0.11667346954345703,0,True
203,0.8366841077804565,0.18149510025978088,0.984375,1.4592394828796387,1.6792553663253784,1.6792553663253784,2.78706431388855,0.11307485401630402,0,True
204,0.8278506994247437,0.19079270958900452,0.984375,1.3887264728546143,1.608723759651184,1.608723759651184,2.4951648712158203,0.11468137800693512,0,True
205,0.8227032423019409,0.1932152807712555,0.984375,1.4027955532073975,1.6217120885849,1.6217120885849,2.710625410079956,0.13894245028495789,0,True
206,0.8306891918182373,0.18934713304042816,0.984375,1.3919157981872559,1.5961902141571045,1.5961902141571045,2.583545207977295,0.11878672242164612,0,True
207,0.8530772924423218,0.1719495952129364,0.984375,1.4185774326324463,1.5980747938156128,1.5980747938156128,2.5597853660583496,0.121598981320858,0,True
208,0.8485981225967407,0.18298503756523132,0.984375,1.390977382659912,1.5401266813278198,1.5401266813278198,2.636749505996704,0.12315630912780762,0,True
209,0.833208441734314,0.18852278590202332,0.984375,1.3767435550689697,1.5583913326263428,1.5583913326263428,2.574756145477295,0.12903007864952087,0,True
210,0.8377563953399658,0.18299417197704315,0.984375,1.4136378765106201,1.6162035465240479,1.6162035465240479,2.566652536392212,0.13113310933113098,0,True
211,0.8316184282302856,0.19478458166122437,0.984375,1.4386123418807983,1.6284902095794678,1.6284902095794678,2.7041256427764893,0.129795104265213,0,True
212,0.8443982601165771,0.18705788254737854,0.984375,1.4760948419570923,1.677156925201416,1.677156925201416,2.716677188873291,0.14397412538528442,0,True
213,0.8547383546829224,0.17590457201004028,0.984375,1.4549859762191772,1.6649433374404907,1.6649433374404907,2.462474822998047,0.1322651207447052,0,True
214,0.8235992193222046,0.19692407548427582,0.9921875,1.3426103591918945,1.5875260829925537,1.5875260829925537,2.667349338531494,0.117703378200531,0,True
215,0.8145057559013367,0.2070634663105011,0.9921875,1.371286392211914,1.6042330265045166,1.6042330265045166,2.5448853969573975,0.10729336738586426,0,True
216,0.8283124566078186,0.19249916076660156,1.0,1.4088815450668335,1.5870702266693115,1.5870702266693115,2.5435967445373535,0.12906897068023682,0,True
217,0.8302958011627197,0.19520288705825806,1.0,1.4168691635131836,1.5748507976531982,1.5748507976531982,2.5609447956085205,0.13797780871391296,0,True
218,0.8348034024238586,0.19256478548049927,1.0,1.4113094806671143,1.578148603439331,1.578148603439331,2.6235697269439697,0.12609271705150604,0,True
219,0.8085064888000488,0.2093970626592636,1.0,1.373582124710083,1.5857224464416504,1.5857224464416504,2.420452356338501,0.11541401594877243,0,True
220,0.8017374277114868,0.21772709488868713,1.0,1.4268128871917725,1.6483957767486572,1.6483957767486572,2.6049447059631348,0.1368684470653534,0,True
221,0.8297065496444702,0.18704591691493988,1.0,1.4870754480361938,1.709740161895752,1.709740161895752,2.4485652446746826,0.11372745037078857,0,True
222,0.8359099626541138,0.18194562196731567,1.0,1.449308156967163,1.6577949523925781,1.6577949523925781,2.7389373779296875,0.12704020738601685,0,True
223,0.8266141414642334,0.1917855590581894,1.0,1.371280550956726,1.621003270149231,1.621003270149231,2.534836769104004,0.12243786454200745,0,True
224,0.833970308303833,0.18236304819583893,1.0,1.3677006959915161,1.6109113693237305,1.6109113693237305,2.7636606693267822,0.12386144697666168,0,True
225,0.8247599601745605,0.1889614313840866,1.0,1.3559675216674805,1.5591671466827393,1.5591671466827393,2.5397377014160156,0.13191308081150055,0,True
226,0.8189296126365662,0.19279462099075317,1.0,1.387976884841919,1.580796241760254,1.580796241760254,2.454002857208252,0.13006463646888733,0,True
227,0.8492048978805542,0.1817178875207901,1.0,1.4557714462280273,1.6184680461883545,1.6184680461883545,2.7074546813964844,0.1325758993625641,0,True
228,0.8351296186447144,0.18191754817962646,1.0,1.412475824356079,1.5594520568847656,1.5594520568847656,2.755099296569824,0.11558970808982849,0,True
229,0.8349953293800354,0.1813373863697052,1.0,1.3975062370300293,1.6183857917785645,1.6183857917785645,2.719374895095825,0.1224672794342041,0,True
230,0.8485092520713806,0.1696205884218216,1.0,1.426040768623352,1.6555593013763428,1.6555593013763428,2.589845657348633,0.12422105669975281,0,True
231,0.8439940214157104,0.17154008150100708,1.0,1.4308300018310547,1.643319845199585,1.643319845199585,2.724224805831909,0.12777617573738098,0,True
232,0.8478257656097412,0.16966396570205688,1.0,1.4147251844406128,1.627147912979126,1.627147912979126,2.814375638961792,0.13977989554405212,0,True
233,0.8521294593811035,0.1610223352909088,1.0,1.3865482807159424,1.5943918228149414,1.5943918228149414,2.7163939476013184,0.1139841079711914,0,True
234,0.8448032140731812,0.16871029138565063,1.0,1.3592009544372559,1.570061206817627,1.570061206817627,2.5461010932922363,0.12434866279363632,0,True
235,0.8312593698501587,0.18331332504749298,1.0,1.3796665668487549,1.5631792545318604,1.5631792545318604,2.627732276916504,0.12153027951717377,0,True
236,0.844768226146698,0.18264946341514587,1.0,1.461090326309204,1.6307549476623535,1.6307549476623535,2.609282970428467,0.1205504760146141,0,True
237,0.866804838180542,0.16339018940925598,1.0,1.4640867710113525,1.6357227563858032,1.6357227563858032,2.7264256477355957,0.10392949730157852,0,True
238,0.8610846996307373,0.16560983657836914,1.0,1.4251198768615723,1.636864423751831,1.636864423751831,2.8073251247406006,0.12153086066246033,0,True
239,0.8334895968437195,0.1859746277332306,1.0,1.3674817085266113,1.5902767181396484,1.5902767181396484,2.7459778785705566,0.13051354885101318,0,True
240,0.8484725952148438,0.17467910051345825,1.0,1.4298783540725708,1.661758542060852,1.661758542060852,2.7238690853118896,0.11924215406179428,0,True
241,0.8613798022270203,0.17208635807037354,1.0,1.4620471000671387,1.6275665760040283,1.6275665760040283,2.7092158794403076,0.12486083805561066,0,True
242,0.8638705015182495,0.1657084822654724,1.0,1.4167492389678955,1.612073540687561,1.612073540687561,2.5058999061584473,0.12724490463733673,0,True
243,0.849743127822876,0.17954415082931519,1.0,1.3829824924468994,1.5658679008483887,1.5658679008483887,2.47269868850708,0.13356737792491913,0,True
244,0.8563441038131714,0.169767826795578,1.0,1.4135987758636475,1.6187729835510254,1.6187729835510254,2.715500831604004,0.13550931215286255,0,True
245,0.8423490524291992,0.18465372920036316,1.0,1.3967442512512207,1.5852904319763184,1.5852904319763184,2.3488173484802246,0.13081638514995575,0,True
246,0.8619900941848755,0.17115125060081482,1.0,1.445777416229248,1.6453940868377686,1.6453940868377686,2.909926176071167,0.11686956882476807,0,True
247,0.8716166019439697,0.15182393789291382,1.0,1.4267280101776123,1.6189438104629517,1.6189438104629517,2.6134212017059326,0.11186335980892181,0,True
248,0.8383216857910156,0.18469202518463135,1.0,1.3346927165985107,1.5353851318359375,1.5353851318359375,2.5993335247039795,0.12857277691364288,0,True
249,0.8467261791229248,0.17384038865566254,1.0,1.3935681581497192,1.6236460208892822,1.6236460208892822,2.581702470779419,0.10652927309274673,0,True
250,0.8510871529579163,0.1629716157913208,1.0,1.4274606704711914,1.5895671844482422,1.5895671844482422,2.698223829269409,0.14395013451576233,0,True
251,0.8501796722412109,0.1698104292154312,1.0,1.3959016799926758,1.5804111957550049,1.5804111957550049,2.7892441749572754,0.13078215718269348,0,True
252,0.8489072918891907,0.16363273561000824,1.0,1.399804711341858,1.6113754510879517,1.6113754510879517,2.6853013038635254,0.12023746222257614,0,True
253,0.842822253704071,0.17994758486747742,1.0,1.4140071868896484,1.6300510168075562,1.6300510168075562,2.764171600341797,0.12296102941036224,0,True
254,0.8349385261535645,0.1801290214061737,1.0,1.394892692565918,1.639200210571289,1.639200210571289,2.7229080200195312,0.11639157682657242,0,True
255,0.8249465227127075,0.19178080558776855,1.0,1.378090739250183,1.5992763042449951,1.5992763042449951,2.632075071334839,0.13071420788764954,0,True
256,0.8194102048873901,0.19330953061580658,1.0,1.4027950763702393,1.6193138360977173,1.6193138360977173,2.599498748779297,0.12342099845409393,0,True
257,0.8380779027938843,0.18539109826087952,1.0,1.443098545074463,1.62800133228302,1.62800133228302,2.7171385288238525,0.11901373416185379,0,True
258,0.8260296583175659,0.19388265907764435,1.0,1.3946611881256104,1.594555377960205,1.594555377960205,2.721679449081421,0.11710580438375473,0,True
259,0.824702262878418,0.19917833805084229,1.0,1.377636194229126,1.567190408706665,1.567190408706665,2.5875332355499268,0.12700586020946503,0,True
260,0.8118646144866943,0.20436392724514008,1.0,1.373589277267456,1.5681746006011963,1.5681746006011963,2.568551540374756,0.1164248138666153,0,True
261,0.8114465475082397,0.20620664954185486,1.0,1.4191337823867798,1.618591547012329,1.618591547012329,2.6437132358551025,0.13189435005187988,0,True
262,0.8326549530029297,0.18206369876861572,1.0,1.4625756740570068,1.641753077507019,1.641753077507019,2.597158193588257,0.13758395612239838,0,True
263,0.8214777112007141,0.20313578844070435,1.0,1.4209671020507812,1.595591425895691,1.595591425895691,2.5279459953308105,0.13009357452392578,0,True
264,0.8180943727493286,0.21129663288593292,1.0,1.4029154777526855,1.6361552476882935,1.6361552476882935,2.6404924392700195,0.11825623363256454,0,True
265,0.8248012065887451,0.19393327832221985,1.0,1.4324958324432373,1.6426771879196167,1.6426771879196167,2.567617654800415,0.1279817670583725,0,True
266,0.8377035856246948,0.18173402547836304,1.0,1.428720474243164,1.6693354845046997,1.6693354845046997,2.600490093231201,0.12622973322868347,0,True
267,0.853224515914917,0.1745065152645111,1.0,1.4205539226531982,1.6356897354125977,1.6356897354125977,2.419672727584839,0.1264706701040268,0,True
268,0.864290177822113,0.1567922681570053,1.0,1.4077494144439697,1.607578992843628,1.607578992843628,2.495692729949951,0.11657934635877609,0,True
269,0.8471777439117432,0.17130009829998016,1.0,1.3529274463653564,1.546318769454956,1.546318769454956,2.454214572906494,0.1219894289970398,0,True
270,0.8487558364868164,0.17314234375953674,1.0,1.3850078582763672,1.5498707294464111,1.5498707294464111,2.4119904041290283,0.13031721115112305,0,True
271,0.8380603790283203,0.1796911060810089,1.0,1.403085470199585,1.5371382236480713,1.5371382236480713,2.5232038497924805,0.13581505417823792,0,True
272,0.8456646203994751,0.18038439750671387,1.0,1.452566385269165,1.5923542976379395,1.5923542976379395,2.684412717819214,0.11967873573303223,0,True
273,0.8582364916801453,0.17081376910209656,1.0,1.4434857368469238,1.611242413520813,1.611242413520813,2.725266695022583,0.13142690062522888,0,True
274,0.8371248245239258,0.19008752703666687,1.0,1.4065550565719604,1.6207027435302734,1.6207027435302734,2.4673120975494385,0.1265987604856491,0,True
275,0.8562467694282532,0.16778182983398438,1.0,1.444153070449829,1.705681324005127,1.705681324005127,2.7291948795318604,0.11994519084692001,0,True
276,0.8646920919418335,0.160557821393013,1.0,1.4513484239578247,1.652681589126587,1.652681589126587,2.7896108627319336,0.1299731433391571,0,True
277,0.8665642738342285,0.15983623266220093,1.0,1.4104456901550293,1.6389234066009521,1.6389234066009521,2.546480417251587,0.11867282539606094,0,True
278,0.8700324296951294,0.1648412048816681,1.0,1.4020307064056396,1.611330509185791,1.611330509185791,2.882658004760742,0.13354814052581787,0,True
279,0.8742128610610962,0.15847256779670715,1.0,1.384401559829712,1.6024889945983887,1.6024889945983887,2.73634934425354,0.12061052024364471,0,True
280,0.866142213344574,0.16190502047538757,1.0,1.3638460636138916,1.5553644895553589,1.5553644895553589,2.484746217727661,0.12315434217453003,0,True
281,0.8681941628456116,0.15764294564723969,1.0,1.4135591983795166,1.5744984149932861,1.5744984149932861,2.7191004753112793,0.12790590524673462,0,True
282,0.8496938943862915,0.1718524992465973,1.0,1.3886897563934326,1.5496455430984497,1.5496455430984497,2.6639323234558105,0.11448819190263748,0,True
283,0.8528204560279846,0.16933685541152954,1.0,1.4308255910873413,1.618913173675537,1.618913173675537,2.7498676776885986,0.11121447384357452,0,True
284,0.8549506664276123,0.17565429210662842,1.0,1.4415717124938965,1.6427209377288818,1.6427209377288818,2.8480441570281982,0.10505210608243942,0,True
285,0.8615297675132751,0.1656283140182495,1.0,1.435124158859253,1.673991084098816,1.673991084098816,2.582822561264038,0.10931435227394104,0,True
286,0.8584729433059692,0.16105400025844574,1.0,1.4044723510742188,1.6385831832885742,1.6385831832885742,2.5979065895080566,0.13870489597320557,0,True
287,0.8598641753196716,0.1627374142408371,1.0,1.4047253131866455,1.6511536836624146,1.6511536836624146,2.4681789875030518,0.11444215476512909,0,True
288,0.8547344207763672,0.17186369001865387,1.0,1.386624813079834,1.6445462703704834,1.6445462703704834,2.7785186767578125,0.12089183926582336,0,True
289,0.8548516035079956,0.17192773520946503,1.0,1.3784966468811035,1.5860583782196045,1.5860583782196045,2.514369010925293,0.11638350784778595,0,True
290,0.8387737274169922,0.18618682026863098,1.0,1.363340973854065,1.5492923259735107,1.5492923259735107,2.5401172637939453,0.13624949753284454,0,True
291,0.845779538154602,0.17579931020736694,1.0,1.3858948945999146,1.5594696998596191,1.5594696998596191,2.535425901412964,0.12119490653276443,0,True
292,0.8428536653518677,0.17834344506263733,1.0,1.3677687644958496,1.5266633033752441,1.5266633033752441,2.461460828781128,0.12435673177242279,0,True
293,0.8370518088340759,0.1837078034877777,1.0,1.3867824077606201,1.5669347047805786,1.5669347047805786,2.6423678398132324,0.13519349694252014,0,True
294,0.8322093486785889,0.2037094384431839,1.0,1.453094244003296,1.6526827812194824,1.6526827812194824,2.615562915802002,0.12954378128051758,0,True
295,0.8490071296691895,0.18100669980049133,1.0,1.4920285940170288,1.7163660526275635,1.7163660526275635,2.760620594024658,0.119950070977211,0,True
296,0.8578577041625977,0.17501777410507202,1.0,1.4519190788269043,1.6668294668197632,1.6668294668197632,2.6566152572631836,0.12493714690208435,0,True
297,0.850427508354187,0.17626267671585083,1.0,1.396330714225769,1.6618046760559082,1.6618046760559082,2.5983829498291016,0.14637556672096252,0,True
298,0.8497017621994019,0.17862941324710846,1.0,1.3718149662017822,1.6018390655517578,1.6018390655517578,2.4653427600860596,0.1304396092891693,0,True
299,0.8315610289573669,0.19770242273807526,1.0,1.3677306175231934,1.5663686990737915,1.5663686990737915,2.751849412918091,0.14923569560050964,0,True
300,0.8473795056343079,0.18558865785598755,1.0,1.4178330898284912,1.6041259765625,1.6041259765625,2.536851406097412,0.1451888382434845,0,True
301,0.8601198196411133,0.168157160282135,1.0,1.4276823997497559,1.5805082321166992,1.5805082321166992,2.486313581466675,0.14825472235679626,0,True
302,0.845862090587616,0.18587607145309448,1.0,1.3844250440597534,1.5736455917358398,1.5736455917358398,2.588514804840088,0.13459590077400208,0,True
303,0.8372981548309326,0.1929270625114441,1.0,1.3836289644241333,1.588252067565918,1.588252067565918,2.5968172550201416,0.12271016836166382,0,True
304,0.8549919128417969,0.1799468994140625,1.0,1.4085148572921753,1.612288475036621,1.612288475036621,2.7126052379608154,0.1418752670288086,0,True
305,0.8401410579681396,0.19276905059814453,1.0,1.414576530456543,1.592264175415039,1.592264175415039,3.0718483924865723,0.13805817067623138,0,True
306,0.8698115348815918,0.17888686060905457,1.0,1.4859508275985718,1.7004371881484985,1.7004371881484985,2.616077184677124,0.11548154801130295,0,True
307,0.8826417922973633,0.16180601716041565,1.0,1.4622596502304077,1.689836025238037,1.689836025238037,2.7504818439483643,0.11677522212266922,0,True
308,0.8718472719192505,0.16001036763191223,1.0,1.368882179260254,1.6157500743865967,1.6157500743865967,2.6550066471099854,0.13722097873687744,0,True
309,0.8466330766677856,0.17826946079730988,1.0,1.3380694389343262,1.5721158981323242,1.5721158981323242,2.4162404537200928,0.12650690972805023,0,True
310,0.8707737922668457,0.16006243228912354,1.0,1.4282914400100708,1.6346089839935303,1.6346089839935303,2.7675137519836426,0.12207244336605072,0,True
311,0.884809136390686,0.14694133400917053,1.0,1.4218573570251465,1.5639055967330933,1.5639055967330933,2.585545539855957,0.13557544350624084,0,True
312,0.8776681423187256,0.1578579545021057,1.0,1.3787496089935303,1.5462758541107178,1.5462758541107178,2.5315847396850586,0.1311178207397461,0,True
313,0.8767873048782349,0.15922772884368896,1.0,1.4050800800323486,1.590257167816162,1.590257167816162,2.7266414165496826,0.14714086055755615,0,True
314,0.8638235926628113,0.17302420735359192,1.0,1.413482666015625,1.5933811664581299,1.5933811664581299,2.53706431388855,0.13210883736610413,0,True
315,0.8622757196426392,0.16509102284908295,1.0,1.4385206699371338,1.6339783668518066,1.6339783668518066,2.667569160461426,0.13466550409793854,0,True
316,0.8680600523948669,0.18604876101016998,1.0,1.4419360160827637,1.6521360874176025,1.6521360874176025,2.5810744762420654,0.1350376158952713,0,True
317,0.8889415264129639,0.15526503324508667,1.0,1.4665746688842773,1.6892313957214355,1.6892313957214355,2.817239999771118,0.14043572545051575,0,True
318,0.8719045519828796,0.16386422514915466,1.0,1.4038829803466797,1.63189697265625,1.63189697265625,2.548854351043701,0.12524156272411346,0,True
319,0.8704179525375366,0.16387099027633667,1.0,1.37746000289917,1.6243362426757812,1.6243362426757812,2.5737783908843994,0.1198088526725769,0,True
320,0.8733240962028503,0.1580398678779602,1.0,1.3968205451965332,1.6057430505752563,1.6057430505752563,2.508335828781128,0.12435539811849594,0,True
321,0.876130223274231,0.15618807077407837,1.0,1.4040061235427856,1.5871672630310059,1.5871672630310059,2.6751575469970703,0.12065701186656952,0,True
322,0.8686659932136536,0.15859314799308777,1.0,1.4023798704147339,1.5705658197402954,1.5705658197402954,2.8532145023345947,0.11838295310735703,0,True
323,0.8639335036277771,0.1747998297214508,1.0,1.4122061729431152,1.6036491394042969,1.6036491394042969,2.8008551597595215,0.12412986159324646,0,True
324,0.8685284852981567,0.1658588945865631,1.0,1.4199514389038086,1.6122874021530151,1.6122874021530151,2.6058831214904785,0.1185450479388237,0,True
325,0.8554880619049072,0.16937756538391113,1.0,1.3999109268188477,1.58384108543396,1.58384108543396,2.5113461017608643,0.13830111920833588,0,True
326,0.8662435412406921,0.16919255256652832,1.0,1.421619176864624,1.6390401124954224,1.6390401124954224,2.680633306503296,0.13985049724578857,0,True
327,0.8766336441040039,0.14958466589450836,1.0,1.434752106666565,1.6480114459991455,1.6480114459991455,2.6087419986724854,0.1471315622329712,0,True
328,0.8733099102973938,0.15269722044467926,1.0,1.410705804824829,1.6391029357910156,1.6391029357910156,2.581562042236328,0.14093981683254242,0,True
329,0.8672304153442383,0.1540537327528,1.0,1.3947577476501465,1.6239768266677856,1.6239768266677856,2.5153634548187256,0.13325387239456177,0,True
330,0.8638441562652588,0.1556628793478012,1.0,1.3744423389434814,1.59999680519104,1.59999680519104,2.3389484882354736,0.1353650838136673,0,True
331,0.8680771589279175,0.15170639753341675,1.0,1.4112571477890015,1.598563551902771,1.598563551902771,2.6260826587677,0.15193992853164673,0,True
332,0.8597652316093445,0.1574699878692627,1.0,1.3886377811431885,1.550756573677063,1.550756573677063,2.4272050857543945,0.1416454315185547,0,True
333,0.8511704206466675,0.17323657870292664,1.0,1.3548946380615234,1.5715657472610474,1.5715657472610474,2.5442590713500977,0.13210798799991608,0,True
334,0.853022038936615,0.16929642856121063,1.0,1.4052928686141968,1.6157134771347046,1.6157134771347046,2.667137622833252,0.11957865208387375,0,True
335,0.8548290133476257,0.17321977019309998,1.0,1.428417444229126,1.6225377321243286,1.6225377321243286,2.5267322063446045,0.13189221918582916,0,True
336,0.8426499366760254,0.17638786137104034,1.0,1.444329023361206,1.621861219406128,1.621861219406128,2.808274269104004,0.1356593668460846,0,True
337,0.8536651134490967,0.1635192632675171,1.0,1.4307618141174316,1.6594352722167969,1.6594352722167969,2.607168674468994,0.11570984870195389,0,True
338,0.8568980693817139,0.16288767755031586,1.0,1.4186978340148926,1.6454530954360962,1.6454530954360962,2.6136820316314697,0.10775536298751831,0,True
339,0.85364830493927,0.16148585081100464,1.0,1.4268910884857178,1.6328306198120117,1.6328306198120117,2.690539598464966,0.13213306665420532,0,True
340,0.8477444648742676,0.1655840128660202,1.0,1.384488582611084,1.6216983795166016,1.6216983795166016,2.4802439212799072,0.13390779495239258,0,True
341,0.8409350514411926,0.17382410168647766,1.0,1.4157536029815674,1.618797779083252,1.618797779083252,2.6563775539398193,0.12316420674324036,0,True
342,0.845212459564209,0.1748722344636917,1.0,1.4204410314559937,1.586314082145691,1.586314082145691,2.7068519592285156,0.12509463727474213,0,True
343,0.8380765914916992,0.1808256208896637,1.0,1.3789222240447998,1.552240252494812,1.552240252494812,2.3050448894500732,0.12167541682720184,0,True
344,0.8270320892333984,0.19285835325717926,1.0,1.3715933561325073,1.552200198173523,1.552200198173523,2.5114493370056152,0.119474858045578,0,True
345,0.823341965675354,0.19965597987174988,1.0,1.3998130559921265,1.5779879093170166,1.5779879093170166,2.74495530128479,0.12498900294303894,0,True
346,0.844925582408905,0.17834940552711487,1.0,1.4332184791564941,1.6315646171569824,1.6315646171569824,2.488419771194458,0.12701359391212463,0,True
347,0.8590874671936035,0.17507058382034302,1.0,1.4476697444915771,1.6524364948272705,1.6524364948272705,2.654731035232544,0.12553134560585022,0,True
348,0.8509900569915771,0.18135859072208405,1.0,1.4383022785186768,1.6546709537506104,1.6546709537506104,2.6288695335388184,0.14709505438804626,0,True
349,0.8398010730743408,0.18282043933868408,1.0,1.3834415674209595,1.6499857902526855,1.6499857902526855,2.6185410022735596,0.14146602153778076,0,True
350,0.8506836295127869,0.1683807075023651,1.0,1.4140959978103638,1.651105523109436,1.651105523109436,2.4654080867767334,0.132578507065773,0,True
351,0.8604514598846436,0.173647940158844,1.0,1.4265209436416626,1.6250553131103516,1.6250553131103516,2.52305269241333,0.1446039378643036,0,True
352,0.8479523658752441,0.18063925206661224,1.0,1.3942492008209229,1.5856825113296509,1.5856825113296509,2.4952664375305176,0.13957999646663666,0,True
353,0.8494957685470581,0.17880511283874512,1.0,1.3708683252334595,1.5603923797607422,1.5603923797607422,2.6832263469696045,0.12610003352165222,0,True
354,0.8360377550125122,0.18660658597946167,1.0,1.349015712738037,1.5344429016113281,1.5344429016113281,2.2521255016326904,0.12949469685554504,0,True
355,0.8356648087501526,0.19139666855335236,1.0,1.4014647006988525,1.577570915222168,1.577570915222168,2.670069456100464,0.14663901925086975,0,True
356,0.857879638671875,0.17620620131492615,1.0,1.480429768562317,1.6460539102554321,1.6460539102554321,2.5203943252563477,0.12712641060352325,0,True
357,0.8527381420135498,0.17879065871238708,1.0,1.4249796867370605,1.6021018028259277,1.6021018028259277,2.7230732440948486,0.13104979693889618,0,True
358,0.8483407497406006,0.18359291553497314,1.0,1.3814830780029297,1.6125361919403076,1.6125361919403076,2.5046303272247314,0.12272850424051285,0,True
359,0.8369243144989014,0.18507471680641174,1.0,1.3651525974273682,1.6205859184265137,1.6205859184265137,2.319338798522949,0.12465205788612366,0,True
360,0.8448885679244995,0.17880117893218994,1.0,1.4106942415237427,1.6706095933914185,1.6706095933914185,2.493924856185913,0.13971827924251556,0,True
361,0.8623809218406677,0.17194026708602905,1.0,1.4438986778259277,1.6691806316375732,1.6691806316375732,2.56065034866333,0.13151641190052032,0,True
362,0.857039213180542,0.18074391782283783,1.0,1.3893598318099976,1.5650532245635986,1.5650532245635986,2.7347121238708496,0.1409839391708374,0,True
363,0.8441632986068726,0.1829199492931366,1.0,1.338925838470459,1.5643723011016846,1.5643723011016846,2.692077159881592,0.1276879608631134,0,True
364,0.8511389493942261,0.17434437572956085,1.0,1.3737112283706665,1.5528126955032349,1.5528126955032349,2.5033602714538574,0.1339436173439026,0,True
365,0.8381803035736084,0.19214148819446564,1.0,1.372408390045166,1.5364503860473633,1.5364503860473633,2.408273935317993,0.1453293412923813,0,True
366,0.8571010828018188,0.18703851103782654,1.0,1.4628233909606934,1.6138403415679932,1.6138403415679932,2.7863376140594482,0.13729038834571838,0,True
367,0.8724550604820251,0.16076898574829102,1.0,1.4561381340026855,1.6228221654891968,1.6228221654891968,2.765918493270874,0.11911117285490036,0,True
368,0.8498982191085815,0.18045096099376678,1.0,1.3911068439483643,1.6053334474563599,1.6053334474563599,2.6988685131073,0.1273142248392105,0,True
369,0.8509089946746826,0.17413330078125,1.0,1.4155614376068115,1.6863082647323608,1.6863082647323608,2.6390902996063232,0.12880438566207886,0,True
370,0.8722440004348755,0.15851625800132751,1.0,1.4733166694641113,1.6892235279083252,1.6892235279083252,2.8263278007507324,0.1473153829574585,0,True
371,0.8598681688308716,0.16915108263492584,1.0,1.4380074739456177,1.6199922561645508,1.6199922561645508,3.008882999420166,0.12996159493923187,0,True
372,0.8714587688446045,0.1558435559272766,1.0,1.4260071516036987,1.6200597286224365,1.6200597286224365,2.8425211906433105,0.12261064350605011,0,True
373,0.8558182716369629,0.17243587970733643,1.0,1.3518695831298828,1.5501399040222168,1.5501399040222168,2.47226881980896,0.11901378631591797,0,True
374,0.8560737371444702,0.16938963532447815,1.0,1.3799660205841064,1.5844285488128662,1.5844285488128662,2.589261054992676,0.11494456976652145,0,True
375,0.8798295259475708,0.15784108638763428,1.0,1.4245394468307495,1.5804997682571411,1.5804997682571411,2.654707193374634,0.1240590438246727,0,True
376,0.8768873810768127,0.15934616327285767,1.0,1.3943660259246826,1.5667085647583008,1.5667085647583008,2.4937164783477783,0.11389012634754181,0,True
377,0.900564432144165,0.14115875959396362,1.0,1.4243409633636475,1.6324113607406616,1.6324113607406616,2.666541337966919,0.10419304668903351,0,True
378,0.8687926530838013,0.15870849788188934,1.0,1.3917009830474854,1.5781006813049316,1.5781006813049316,2.4591643810272217,0.13511696457862854,0,True
379,0.8978514075279236,0.1357133686542511,1.0,1.4522151947021484,1.7003097534179688,1.7003097534179688,2.515496253967285,0.1412329524755478,0,True
380,0.8993567824363708,0.14477725327014923,1.0,1.458138108253479,1.6322745084762573,1.6322745084762573,2.589869737625122,0.15273219347000122,0,True
381,0.9032164812088013,0.13398757576942444,1.0,1.4121583700180054,1.6281009912490845,1.6281009912490845,2.5925159454345703,0.12401501834392548,0,True
382,0.8970876932144165,0.13354316353797913,1.0,1.3667255640029907,1.575011968612671,1.575011968612671,2.627063512802124,0.11463861167430878,0,True
383,0.8771856427192688,0.15417203307151794,1.0,1.3728739023208618,1.5468215942382812,1.5468215942382812,2.6569149494171143,0.13357175886631012,0,True
384,0.8914163112640381,0.13742616772651672,1.0,1.3958876132965088,1.5794734954833984,1.5794734954833984,2.688936233520508,0.12223301827907562,0,True
385,0.8805991411209106,0.15426287055015564,1.0,1.4132975339889526,1.5475285053253174,1.5475285053253174,2.4219956398010254,0.12551063299179077,0,True
386,0.8857414722442627,0.14208081364631653,1.0,1.4068748950958252,1.612917423248291,1.612917423248291,2.5743229389190674,0.11759565025568008,0,True
387,0.8886300325393677,0.13925111293792725,1.0,1.4134652614593506,1.6008050441741943,1.6008050441741943,2.701124668121338,0.12907640635967255,0,True
388,0.8813536763191223,0.14775510132312775,1.0,1.4144346714019775,1.6452977657318115,1.6452977657318115,2.5876522064208984,0.1291142702102661,0,True
389,0.8932372331619263,0.13770708441734314,1.0,1.4540544748306274,1.7046736478805542,1.7046736478805542,2.654533624649048,0.12318437546491623,0,True
390,0.8886243104934692,0.15133023262023926,1.0,1.4481253623962402,1.6627438068389893,1.6627438068389893,3.0835843086242676,0.12211082130670547,0,True
391,0.8944892883300781,0.14233550429344177,1.0,1.4101933240890503,1.638747215270996,1.638747215270996,2.7249021530151367,0.12835705280303955,0,True
392,0.8557369709014893,0.16276401281356812,1.0,1.3593266010284424,1.547333002090454,1.547333002090454,2.348227024078369,0.14925459027290344,0,True
393,0.860200047492981,0.16139018535614014,1.0,1.413151502609253,1.6124266386032104,1.6124266386032104,2.7251176834106445,0.10908902436494827,0,True
394,0.8787506222724915,0.15410581231117249,1.0,1.4443683624267578,1.6077446937561035,1.6077446937561035,2.7797889709472656,0.11970663070678711,0,True
395,0.8675335645675659,0.1523655205965042,1.0,1.3833012580871582,1.5733006000518799,1.5733006000518799,2.512367010116577,0.14267250895500183,0,True
396,0.8768949508666992,0.14953777194023132,1.0,1.3734536170959473,1.6146689653396606,1.6146689653396606,2.6439743041992188,0.13207265734672546,0,True
397,0.8605003952980042,0.16521799564361572,1.0,1.4054796695709229,1.6144447326660156,1.6144447326660156,2.5009572505950928,0.1406671404838562,0,True
398,0.8696460723876953,0.15468484163284302,1.0,1.4424171447753906,1.6702964305877686,1.6702964305877686,2.6593289375305176,0.13783948123455048,0,True
399,0.8656063079833984,0.16427826881408691,1.0,1.4066507816314697,1.6161928176879883,1.6161928176879883,2.64332914352417,0.12030543386936188,0,True
400,0.8728901147842407,0.15280556678771973,1.0,1.4232722520828247,1.6630141735076904,1.6630141735076904,2.635664463043213,0.12522311508655548,0,True
401,0.8822628259658813,0.1503273844718933,1.0,1.3941009044647217,1.6349411010742188,1.6349411010742188,2.6605758666992188,0.11563912034034729,0,True
402,0.8638678789138794,0.16615688800811768,1.0,1.3810842037200928,1.5862877368927002,1.5862877368927002,2.48187255859375,0.12514883279800415,0,True
403,0.8449636697769165,0.18988001346588135,1.0,1.369381308555603,1.5729496479034424,1.5729496479034424,2.517957925796509,0.11925505846738815,0,True
404,0.8715583682060242,0.1681458055973053,1.0,1.4458199739456177,1.6191822290420532,1.6191822290420532,2.6946122646331787,0.12637019157409668,0,True
405,0.8503075242042542,0.18108539283275604,1.0,1.3977769613265991,1.5674716234207153,1.5674716234207153,2.4762473106384277,0.11935587227344513,0,True
406,0.8658954501152039,0.17076553404331207,1.0,1.4273650646209717,1.6382265090942383,1.6382265090942383,2.721229314804077,0.12743200361728668,0,True
407,0.8628020286560059,0.16669684648513794,1.0,1.4070476293563843,1.6110584735870361,1.6110584735870361,2.5969605445861816,0.1363481879234314,0,True
408,0.856770396232605,0.16990222036838531,1.0,1.377981424331665,1.5959248542785645,1.5959248542785645,2.3222806453704834,0.14784486591815948,0,True
409,0.8603287935256958,0.1755596101284027,1.0,1.4241816997528076,1.6203749179840088,1.6203749179840088,2.687434673309326,0.13496866822242737,0,True
410,0.8737103343009949,0.16058534383773804,1.0,1.4676531553268433,1.667762041091919,1.667762041091919,2.549433469772339,0.13746292889118195,0,True
411,0.8711775541305542,0.1615457832813263,1.0,1.439083218574524,1.6213042736053467,1.6213042736053467,2.642486095428467,0.13864144682884216,0,True
412,0.8567203283309937,0.168869286775589,1.0,1.384772777557373,1.604282021522522,1.604282021522522,2.47187876701355,0.12312698364257812,0,True
413,0.8378692865371704,0.18634150922298431,1.0,1.385192632675171,1.6085922718048096,1.6085922718048096,2.5179004669189453,0.1301833689212799,0,True
414,0.8299053907394409,0.20457147061824799,1.0,1.4184949398040771,1.6252293586730957,1.6252293586730957,2.576711416244507,0.12473267316818237,0,True
415,0.8565782904624939,0.17862734198570251,1.0,1.4967597723007202,1.6947615146636963,1.6947615146636963,2.821669340133667,0.12134039402008057,0,True
416,0.8663642406463623,0.16703787446022034,1.0,1.4212292432785034,1.590332269668579,1.590332269668579,2.516787528991699,0.12254031002521515,0,True
417,0.8530250787734985,0.1728241890668869,1.0,1.342736005783081,1.5768885612487793,1.5768885612487793,2.4921693801879883,0.10817916691303253,0,True
418,0.8451410531997681,0.18011018633842468,1.0,1.36558997631073,1.5907306671142578,1.5907306671142578,2.65232253074646,0.12445048987865448,0,True
419,0.8538702726364136,0.17521491646766663,1.0,1.4183200597763062,1.6260279417037964,1.6260279417037964,2.6081061363220215,0.12490414828062057,0,True
420,0.8705155849456787,0.17046372592449188,1.0,1.4344226121902466,1.6053581237792969,1.6053581237792969,2.6098062992095947,0.1265488713979721,0,True
421,0.8588731288909912,0.17929375171661377,1.0,1.4235694408416748,1.6139142513275146,1.6139142513275146,2.485865592956543,0.13418154418468475,0,True
422,0.8687360882759094,0.16684529185295105,1.0,1.4057555198669434,1.6382508277893066,1.6382508277893066,2.5893967151641846,0.11835448443889618,0,True
423,0.8613443374633789,0.16923506557941437,1.0,1.383678913116455,1.6043810844421387,1.6043810844421387,2.5525946617126465,0.13766434788703918,0,True
424,0.8331384658813477,0.1943396031856537,1.0,1.3374156951904297,1.547098994255066,1.547098994255066,2.3965065479278564,0.1352216750383377,0,True
425,0.844636857509613,0.1921345591545105,1.0,1.4292315244674683,1.643202304840088,1.643202304840088,2.761306047439575,0.12988895177841187,0,True
426,0.8881375789642334,0.1537468135356903,1.0,1.5145771503448486,1.6737779378890991,1.6737779378890991,2.6822402477264404,0.12961649894714355,0,True
427,0.8613580465316772,0.15957686305046082,1.0,1.3908560276031494,1.5855668783187866,1.5855668783187866,2.7007896900177,0.12679530680179596,0,True
428,0.8475465774536133,0.174555242061615,1.0,1.3892238140106201,1.6224781274795532,1.6224781274795532,2.8595831394195557,0.13021767139434814,0,True
429,0.8537731170654297,0.17841079831123352,1.0,1.4216508865356445,1.6203690767288208,1.6203690767288208,2.586632490158081,0.12480118125677109,0,True
430,0.8693503141403198,0.15616610646247864,1.0,1.4279909133911133,1.647478699684143,1.647478699684143,2.639209270477295,0.12524910271167755,0,True
431,0.8747568130493164,0.15134760737419128,1.0,1.4231228828430176,1.6080760955810547,1.6080760955810547,2.9139130115509033,0.1202792078256607,0,True
432,0.8596664667129517,0.16373759508132935,1.0,1.3777618408203125,1.5880212783813477,1.5880212783813477,2.6586930751800537,0.12217528373003006,0,True
433,0.8539197444915771,0.16426080465316772,1.0,1.394421935081482,1.6141059398651123,1.6141059398651123,2.437159538269043,0.13340452313423157,0,True
434,0.8628057241439819,0.16224032640457153,1.0,1.4188804626464844,1.6394758224487305,1.6394758224487305,2.6807949542999268,0.11826802790164948,0,True
435,0.8721275925636292,0.16298168897628784,1.0,1.4367804527282715,1.6485788822174072,1.6485788822174072,2.6036343574523926,0.13148383796215057,0,True
436,0.876545786857605,0.15631641447544098,1.0,1.4142909049987793,1.6272156238555908,1.6272156238555908,2.6038031578063965,0.11996916681528091,0,True
437,0.8641382455825806,0.1686980426311493,1.0,1.3810157775878906,1.6075056791305542,1.6075056791305542,2.8195900917053223,0.11758404225111008,0,True
438,0.861817479133606,0.16897091269493103,1.0,1.3973674774169922,1.6171642541885376,1.6171642541885376,2.455554485321045,0.11911459267139435,0,True
439,0.866459846496582,0.16204455494880676,1.0,1.4126085042953491,1.595473051071167,1.595473051071167,2.5268313884735107,0.1235959455370903,0,True
440,0.8679437637329102,0.15940068662166595,1.0,1.42763090133667,1.6140971183776855,1.6140971183776855,2.8414664268493652,0.12309255450963974,0,True
441,0.8666172027587891,0.16885575652122498,1.0,1.4054759740829468,1.5956875085830688,1.5956875085830688,2.5377345085144043,0.12647965550422668,0,True
442,0.8537495136260986,0.17934158444404602,1.0,1.391133189201355,1.5659372806549072,1.5659372806549072,2.4531054496765137,0.11957436800003052,0,True
443,0.8453352451324463,0.17999261617660522,1.0,1.4071836471557617,1.5960270166397095,1.5960270166397095,2.5225284099578857,0.13137619197368622,0,True
444,0.8626984357833862,0.16588981449604034,1.0,1.4543511867523193,1.655798077583313,1.655798077583313,2.753474712371826,0.12472281605005264,0,True
445,0.8670447468757629,0.16309420764446259,1.0,1.4466170072555542,1.6509037017822266,1.6509037017822266,2.739866018295288,0.12653857469558716,0,True
446,0.8638617992401123,0.16795191168785095,1.0,1.4325783252716064,1.6501985788345337,1.6501985788345337,2.601915121078491,0.1270875334739685,0,True
447,0.8786932826042175,0.16130571067333221,1.0,1.4197062253952026,1.6559302806854248,1.6559302806854248,2.6026816368103027,0.12399973720312119,0,True
448,0.8579342365264893,0.17475628852844238,1.0,1.3891539573669434,1.5707603693008423,1.5707603693008423,2.5714893341064453,0.11422038078308105,0,True
449,0.8698487281799316,0.15667229890823364,1.0,1.4073231220245361,1.6163192987442017,1.6163192987442017,2.581939697265625,0.11924669146537781,0,True
450,0.8802847266197205,0.1585027277469635,1.0,1.4134629964828491,1.5845630168914795,1.5845630168914795,2.6000959873199463,0.12267226725816727,0,True
451,0.8614888191223145,0.16694538295269012,1.0,1.39156174659729,1.5834078788757324,1.5834078788757324,2.628828763961792,0.1315043717622757,0,True
452,0.8707548379898071,0.16021320223808289,1.0,1.4357874393463135,1.6351120471954346,1.6351120471954346,2.5495572090148926,0.12496943771839142,0,True
453,0.8922160267829895,0.1409713625907898,1.0,1.4302470684051514,1.6252882480621338,1.6252882480621338,2.5314438343048096,0.12088306993246078,0,True
454,0.8780004978179932,0.15626630187034607,1.0,1.3795154094696045,1.5876340866088867,1.5876340866088867,2.597332000732422,0.11052722483873367,0,True
455,0.8728100061416626,0.1555485725402832,1.0,1.39070463180542,1.620949387550354,1.620949387550354,2.4232850074768066,0.11927762627601624,0,True
456,0.8942710161209106,0.1348673701286316,1.0,1.4334323406219482,1.6326947212219238,1.6326947212219238,2.63749098777771,0.13047710061073303,0,True
457,0.8864626884460449,0.13919806480407715,1.0,1.4238488674163818,1.6194167137145996,1.6194167137145996,2.663350820541382,0.13630321621894836,0,True
458,0.8851441144943237,0.14041677117347717,1.0,1.3985800743103027,1.6049165725708008,1.6049165725708008,2.353374719619751,0.1333775818347931,0,True
459,0.8666713237762451,0.16718065738677979,1.0,1.399181842803955,1.586837649345398,1.586837649345398,2.666720390319824,0.11420963704586029,0,True
460,0.8562648296356201,0.1700463443994522,1.0,1.407132625579834,1.5979453325271606,1.5979453325271606,2.8581674098968506,0.1272759884595871,0,True
461,0.8320397138595581,0.18876934051513672,1.0,1.4152469635009766,1.5967806577682495,1.5967806577682495,2.6602745056152344,0.14597991108894348,0,True
462,0.8708741664886475,0.16300536692142487,1.0,1.482058048248291,1.6870222091674805,1.6870222091674805,2.752694845199585,0.13570329546928406,0,True
463,0.8509067893028259,0.18164703249931335,1.0,1.4342968463897705,1.5867366790771484,1.5867366790771484,2.7233493328094482,0.12578634917736053,0,True
464,0.8431522846221924,0.18427681922912598,1.0,1.3920392990112305,1.6255433559417725,1.6255433559417725,2.682851791381836,0.12292715907096863,0,True
465,0.8540005683898926,0.17681628465652466,1.0,1.388260006904602,1.6080775260925293,1.6080775260925293,2.526550054550171,0.1384667158126831,0,True
466,0.840606153011322,0.1888657808303833,1.0,1.4013872146606445,1.6150730848312378,1.6150730848312378,2.5529098510742188,0.1234896332025528,0,True
467,0.8628048896789551,0.17614349722862244,1.0,1.4573698043823242,1.6633808612823486,1.6633808612823486,2.7731196880340576,0.12790831923484802,0,True
468,0.8780615329742432,0.15560925006866455,1.0,1.4606860876083374,1.6662838459014893,1.6662838459014893,2.7651991844177246,0.13028961420059204,0,True
469,0.8569768667221069,0.16706490516662598,1.0,1.3798919916152954,1.5825469493865967,1.5825469493865967,2.64741587638855,0.13723012804985046,0,True
470,0.859653115272522,0.16846340894699097,1.0,1.3748575448989868,1.5947331190109253,1.5947331190109253,2.651499032974243,0.11829886585474014,0,True
471,0.8507205247879028,0.18133719265460968,1.0,1.3747797012329102,1.5773200988769531,1.5773200988769531,2.431769371032715,0.1290634274482727,0,True
472,0.8621171116828918,0.17665661871433258,1.0,1.4197617769241333,1.6026556491851807,1.6026556491851807,2.550676107406616,0.1261734813451767,0,True
473,0.8673756718635559,0.16205689311027527,1.0,1.4422485828399658,1.6200180053710938,1.6200180053710938,2.7445592880249023,0.1268242597579956,0,True
474,0.8589832782745361,0.17027291655540466,1.0,1.4018375873565674,1.5918595790863037,1.5918595790863037,2.5476760864257812,0.12533248960971832,0,True
475,0.8530253767967224,0.1718219816684723,1.0,1.378227710723877,1.6104254722595215,1.6104254722595215,2.7640552520751953,0.11174982786178589,0,True
476,0.8572418093681335,0.17341996729373932,1.0,1.3935987949371338,1.6172780990600586,1.6172780990600586,2.57599139213562,0.10578414052724838,0,True
477,0.8592826724052429,0.1755492389202118,1.0,1.4286834001541138,1.6339632272720337,1.6339632272720337,2.621858835220337,0.10483185946941376,0,True
478,0.8676332235336304,0.1631687432527542,1.0,1.4622564315795898,1.64670991897583,1.64670991897583,2.6809017658233643,0.13220976293087006,0,True
479,0.8677754402160645,0.17219018936157227,1.0,1.4080090522766113,1.6080408096313477,1.6080408096313477,2.5847249031066895,0.12269791215658188,0,True
480,0.86065673828125,0.16230396926403046,1.0,1.3888952732086182,1.6066436767578125,1.6066436767578125,2.508587598800659,0.11406762897968292,0,True
481,0.8565942049026489,0.16900634765625,1.0,1.4034113883972168,1.565321683883667,1.565321683883667,2.5775113105773926,0.1217699944972992,0,True
482,0.8512271642684937,0.1672508418560028,1.0,1.3889389038085938,1.5898690223693848,1.5898690223693848,2.6500942707061768,0.10854995250701904,0,True
483,0.8752626180648804,0.16376285254955292,1.0,1.4550814628601074,1.6243791580200195,1.6243791580200195,2.64070200920105,0.10402844846248627,0,True
484,0.8672217726707458,0.16745270788669586,1.0,1.4211382865905762,1.6169028282165527,1.6169028282165527,2.5869550704956055,0.12578177452087402,0,True
485,0.8716244697570801,0.16966018080711365,1.0,1.429092288017273,1.6635565757751465,1.6635565757751465,2.703174114227295,0.10912693291902542,0,True
486,0.8692824244499207,0.17191436886787415,1.0,1.425864815711975,1.6598693132400513,1.6598693132400513,2.5757951736450195,0.12668637931346893,0,True
487,0.8531496524810791,0.18795347213745117,1.0,1.418027400970459,1.6187210083007812,1.6187210083007812,2.8819644451141357,0.11632567644119263,0,True
488,0.8738428354263306,0.17684724926948547,1.0,1.4332937002182007,1.6428126096725464,1.6428126096725464,2.7644925117492676,0.1322842240333557,0,True
489,0.8817509412765503,0.1679821014404297,1.0,1.4209494590759277,1.6049846410751343,1.6049846410751343,2.7467408180236816,0.12389884144067764,0,True
490,0.848028302192688,0.18600425124168396,1.0,1.3774733543395996,1.5702731609344482,1.5702731609344482,2.5856781005859375,0.11937947571277618,0,True
491,0.8614503145217896,0.17170776426792145,1.0,1.4164507389068604,1.6257908344268799,1.6257908344268799,2.6286497116088867,0.12163420766592026,0,True
492,0.8629787564277649,0.17573049664497375,1.0,1.4227122068405151,1.5964583158493042,1.5964583158493042,2.7745754718780518,0.13504213094711304,0,True
493,0.8809186220169067,0.16444401443004608,1.0,1.4174234867095947,1.62363862991333,1.62363862991333,2.6550281047821045,0.14416834712028503,0,True
494,0.873822033405304,0.15913695096969604,1.0,1.4168481826782227,1.6328628063201904,1.6328628063201904,2.63293194770813,0.13461442291736603,0,True
495,0.8879483938217163,0.1451047658920288,1.0,1.4033268690109253,1.6454031467437744,1.6454031467437744,2.5453097820281982,0.12362121045589447,0,True
496,0.8840281367301941,0.1438296139240265,1.0,1.3546648025512695,1.5903832912445068,1.5903832912445068,2.433051347732544,0.1312168687582016,0,True
497,0.8649265766143799,0.16516511142253876,1.0,1.382542371749878,1.5673177242279053,1.5673177242279053,2.8132662773132324,0.11613507568836212,0,True
498,0.8683109283447266,0.16040977835655212,1.0,1.419183611869812,1.636786937713623,1.636786937713623,2.7258520126342773,0.11478308588266373,0,True
499,0.8646986484527588,0.17156347632408142,1.0,1.4212547540664673,1.5957818031311035,1.5957818031311035,2.7760987281799316,0.1280319094657898,0,True
500,0.8559415340423584,0.16724789142608643,1.0,1.3961210250854492,1.615853190422058,1.615853190422058,2.4813055992126465,0.1319478452205658,0,True
501,0.8486107587814331,0.18192246556282043,1.0,1.4128968715667725,1.6144174337387085,1.6144174337387085,2.644134521484375,0.11326336860656738,0,True
502,0.8551314473152161,0.18182995915412903,1.0,1.426992416381836,1.6343715190887451,1.6343715190887451,2.6800761222839355,0.10938365757465363,0,True
503,0.8559480905532837,0.17549574375152588,1.0,1.3797571659088135,1.620300531387329,1.620300531387329,2.5723347663879395,0.1182379424571991,0,True
504,0.8607573509216309,0.1679277867078781,1.0,1.3855626583099365,1.6107739210128784,1.6107739210128784,2.592862129211426,0.1289384663105011,0,True
505,0.8375954627990723,0.18431636691093445,1.0,1.3700344562530518,1.6011544466018677,1.6011544466018677,2.664898157119751,0.11991042643785477,0,True
506,0.8614978790283203,0.1687629520893097,1.0,1.4106154441833496,1.631876826286316,1.631876826286316,2.6064815521240234,0.11032460629940033,0,True
507,0.8641479015350342,0.16516821086406708,1.0,1.4083267450332642,1.5751469135284424,1.5751469135284424,2.876081705093384,0.12677887082099915,0,True
508,0.8714604377746582,0.15957900881767273,1.0,1.3664424419403076,1.5630403757095337,1.5630403757095337,2.4700920581817627,0.13389310240745544,0,True
509,0.8467429280281067,0.17646732926368713,1.0,1.3587684631347656,1.5518150329589844,1.5518150329589844,2.4221763610839844,0.1170738935470581,0,True
510,0.858784556388855,0.16750285029411316,1.0,1.4338057041168213,1.6602883338928223,1.6602883338928223,2.6635563373565674,0.11993058025836945,0,True
511,0.8556989431381226,0.17770716547966003,1.0,1.4599214792251587,1.6365320682525635,1.6365320682525635,2.507443428039551,0.13208895921707153,0,True
512,0.870184063911438,0.15696758031845093,1.0,1.4356358051300049,1.6646455526351929,1.6646455526351929,2.619112491607666,0.11282967031002045,0,True
513,0.8573014140129089,0.17592255771160126,1.0,1.4062777757644653,1.628385305404663,1.628385305404663,2.737283945083618,0.132200688123703,0,True
514,0.8694475889205933,0.16621160507202148,1.0,1.397843360900879,1.6398813724517822,1.6398813724517822,2.671449899673462,0.11836612224578857,0,True
515,0.85811847448349,0.17137326300144196,1.0,1.3497861623764038,1.5342159271240234,1.5342159271240234,2.3899409770965576,0.12131121754646301,0,True
516,0.8569523096084595,0.1741299331188202,1.0,1.3947930335998535,1.5609740018844604,1.5609740018844604,2.659846305847168,0.1177283227443695,0,True
517,0.8688220977783203,0.15717342495918274,1.0,1.4547736644744873,1.6145896911621094,1.6145896911621094,2.76241397857666,0.12403769791126251,0,True
518,0.8687072396278381,0.16314905881881714,1.0,1.4313886165618896,1.5793871879577637,1.5793871879577637,2.533827781677246,0.1515730321407318,0,True
519,0.8487728834152222,0.18031786382198334,1.0,1.376192569732666,1.5860662460327148,1.5860662460327148,2.684509754180908,0.165111243724823,0,True
520,0.8510760068893433,0.17624646425247192,1.0,1.4374399185180664,1.6725115776062012,1.6725115776062012,2.7794196605682373,0.13709373772144318,0,True
521,0.8609915971755981,0.17088785767555237,1.0,1.487562894821167,1.7012739181518555,1.7012739181518555,2.725595712661743,0.13845624029636383,0,True
522,0.8689560890197754,0.1600845456123352,1.0,1.4401261806488037,1.6909549236297607,1.6909549236297607,2.6250133514404297,0.14663490653038025,0,True
523,0.8719969987869263,0.15706515312194824,1.0,1.384061336517334,1.6352295875549316,1.6352295875549316,2.587580442428589,0.1431054323911667,0,True
524,0.8473330736160278,0.17915081977844238,1.0,1.3411847352981567,1.5854039192199707,1.5854039192199707,2.5584025382995605,0.14085370302200317,0,True
525,0.8505471348762512,0.17547275125980377,1.0,1.3840417861938477,1.5814392566680908,1.5814392566680908,2.6967172622680664,0.13037103414535522,0,True
526,0.8467008471488953,0.17906904220581055,1.0,1.3875195980072021,1.5613527297973633,1.5613527297973633,3.0631954669952393,0.11536342650651932,0,True
527,0.8779364824295044,0.15252044796943665,1.0,1.467315673828125,1.6358532905578613,1.6358532905578613,2.743605852127075,0.1369021236896515,0,True
528,0.875475287437439,0.15157783031463623,1.0,1.402239441871643,1.5793126821517944,1.5793126821517944,2.540134906768799,0.1189432218670845,0,True
529,0.8543142676353455,0.1684476137161255,1.0,1.3816365003585815,1.5914829969406128,1.5914829969406128,2.5444767475128174,0.12736229598522186,0,True
530,0.8563909530639648,0.16908112168312073,1.0,1.4318873882293701,1.6326031684875488,1.6326031684875488,2.828615665435791,0.12424033135175705,0,True
531,0.8821635246276855,0.15983262658119202,1.0,1.4901304244995117,1.6941051483154297,1.6941051483154297,2.8879690170288086,0.12919989228248596,0,True
532,0.8671643137931824,0.1698797345161438,1.0,1.4230537414550781,1.654893159866333,1.654893159866333,2.5402543544769287,0.13096734881401062,0,True
533,0.8697242736816406,0.154468834400177,1.0,1.3905912637710571,1.6466752290725708,1.6466752290725708,2.5906460285186768,0.13237622380256653,0,True
534,0.855414628982544,0.16332492232322693,1.0,1.3482692241668701,1.587491750717163,1.587491750717163,2.427638530731201,0.13305038213729858,0,True
535,0.8601816296577454,0.16236652433872223,1.0,1.387665033340454,1.5839765071868896,1.5839765071868896,2.733046293258667,0.13724693655967712,0,True
536,0.8784744143486023,0.1554698348045349,1.0,1.441667914390564,1.6049188375473022,1.6049188375473022,2.6382956504821777,0.13075748085975647,0,True
537,0.8769127130508423,0.15890082716941833,1.0,1.4194369316101074,1.5836174488067627,1.5836174488067627,2.4869110584259033,0.12088720500469208,0,True
538,0.8789722919464111,0.16039839386940002,1.0,1.4063081741333008,1.5858948230743408,1.5858948230743408,2.622056484222412,0.1211785301566124,0,True
539,0.8607950210571289,0.16620132327079773,1.0,1.4024691581726074,1.6099908351898193,1.6099908351898193,2.4401779174804688,0.1181056946516037,0,True
540,0.8672829866409302,0.16945281624794006,1.0,1.4708075523376465,1.6765437126159668,1.6765437126159668,2.609877109527588,0.11270352452993393,0,True
541,0.8822771310806274,0.15852072834968567,1.0,1.4631223678588867,1.6838434934616089,1.6838434934616089,2.527453660964966,0.10331393033266068,0,True
542,0.8796100616455078,0.14951330423355103,1.0,1.4263317584991455,1.6503105163574219,1.6503105163574219,2.7352616786956787,0.12664435803890228,0,True
543,0.8737903833389282,0.14763101935386658,1.0,1.3550209999084473,1.5922906398773193,1.5922906398773193,2.484262228012085,0.11041160672903061,0,True
544,0.840204119682312,0.1796048879623413,1.0,1.3523668050765991,1.5447334051132202,1.5447334051132202,2.6507296562194824,0.10375893861055374,0,True
545,0.8604247570037842,0.16211926937103271,1.0,1.4246606826782227,1.6191104650497437,1.6191104650497437,2.6829845905303955,0.1132744550704956,0,True
546,0.8883026838302612,0.1576717495918274,1.0,1.487834095954895,1.6269826889038086,1.6269826889038086,2.6752634048461914,0.11366434395313263,0,True
547,0.8784526586532593,0.15100134909152985,1.0,1.423603892326355,1.5891616344451904,1.5891616344451904,2.626305341720581,0.13316772878170013,0,True
548,0.8671054840087891,0.15735772252082825,1.0,1.3708467483520508,1.6066334247589111,1.6066334247589111,2.4718518257141113,0.14161518216133118,0,True
549,0.8790712952613831,0.15403985977172852,1.0,1.430398941040039,1.6474807262420654,1.6474807262420654,2.4711763858795166,0.12024205178022385,0,True
550,0.8778301477432251,0.15730975568294525,1.0,1.4555314779281616,1.65794038772583,1.65794038772583,2.7822957038879395,0.12148387730121613,0,True
551,0.8994560241699219,0.15181604027748108,1.0,1.4644179344177246,1.6731996536254883,1.6731996536254883,2.690418004989624,0.11880416423082352,0,True
552,0.9131729006767273,0.14765571057796478,1.0,1.4270260334014893,1.6490159034729004,1.6490159034729004,2.6858601570129395,0.1261528581380844,0,True
553,0.8815593719482422,0.16089719533920288,1.0,1.3535480499267578,1.587531328201294,1.587531328201294,2.5538852214813232,0.12999290227890015,0,True
554,0.8828768730163574,0.14997361600399017,1.0,1.3579766750335693,1.574730396270752,1.574730396270752,2.3751800060272217,0.11581854522228241,0,True
555,0.8925576210021973,0.15418344736099243,1.0,1.4378747940063477,1.6024091243743896,1.6024091243743896,2.6428937911987305,0.11212050914764404,0,True
556,0.909559428691864,0.1560562252998352,1.0,1.4495112895965576,1.602673888206482,1.602673888206482,2.5673038959503174,0.11262862384319305,0,True
557,0.8885161280632019,0.16123661398887634,1.0,1.3986108303070068,1.5643646717071533,1.5643646717071533,2.466517210006714,0.10998166352510452,0,True
558,0.8661425113677979,0.18096981942653656,1.0,1.3998314142227173,1.6186802387237549,1.6186802387237549,2.555258274078369,0.11281874030828476,0,True
559,0.8760208487510681,0.16441428661346436,1.0,1.4575334787368774,1.6488029956817627,1.6488029956817627,2.7065327167510986,0.11416460573673248,0,True
560,0.8808130025863647,0.16230636835098267,1.0,1.4179906845092773,1.654825210571289,1.654825210571289,2.48728346824646,0.10936761647462845,0,True
561,0.8962453603744507,0.16947168111801147,1.0,1.430579662322998,1.6299214363098145,1.6299214363098145,2.5997912883758545,0.09813390672206879,0,True
562,0.9048269987106323,0.14856548607349396,1.0,1.4027254581451416,1.625681757926941,1.625681757926941,2.689390182495117,0.11909322440624237,0,True
563,0.882987380027771,0.15816737711429596,1.0,1.3600088357925415,1.5638818740844727,1.5638818740844727,2.544921398162842,0.1286071240901947,0,True
564,0.867145299911499,0.16670039296150208,1.0,1.369458556175232,1.566159725189209,1.566159725189209,2.605727434158325,0.12469969689846039,0,True
565,0.8902634382247925,0.1571466475725174,1.0,1.4427013397216797,1.6276564598083496,1.6276564598083496,2.486531972885132,0.13745151460170746,0,True
566,0.8926564455032349,0.14995214343070984,1.0,1.4485015869140625,1.6030775308609009,1.6030775308609009,2.6469075679779053,0.13426342606544495,0,True
567,0.8737922310829163,0.16338121891021729,1.0,1.3792343139648438,1.5758181810379028,1.5758181810379028,2.2965927124023438,0.12200187146663666,0,True
568,0.8585020303726196,0.17731109261512756,1.0,1.3996270895004272,1.592495322227478,1.592495322227478,2.6772429943084717,0.1263241171836853,0,True
569,0.8548616170883179,0.1753918081521988,1.0,1.4206739664077759,1.6527190208435059,1.6527190208435059,2.5993218421936035,0.13195252418518066,0,True
570,0.886626660823822,0.15948009490966797,1.0,1.4794669151306152,1.671478271484375,1.671478271484375,2.603820323944092,0.13073952496051788,0,True
571,0.8724275231361389,0.16280949115753174,1.0,1.4304943084716797,1.6266940832138062,1.6266940832138062,2.5839946269989014,0.11855260282754898,0,True
572,0.8743902444839478,0.1599988043308258,1.0,1.402318000793457,1.6457586288452148,1.6457586288452148,2.8707520961761475,0.14455632865428925,0,True
573,0.8710087537765503,0.16623003780841827,1.0,1.3916667699813843,1.6207859516143799,1.6207859516143799,2.5509798526763916,0.12597939372062683,0,True
574,0.8612141609191895,0.1743745058774948,1.0,1.3860750198364258,1.600172758102417,1.600172758102417,2.806736469268799,0.129146546125412,0,True
575,0.8785607814788818,0.16145308315753937,1.0,1.422674298286438,1.608202338218689,1.608202338218689,2.820991039276123,0.11796705424785614,0,True
576,0.8593195676803589,0.17478099465370178,1.0,1.3825582265853882,1.5668716430664062,1.5668716430664062,2.4649550914764404,0.13585172593593597,0,True
577,0.8683183789253235,0.1706375628709793,1.0,1.4153635501861572,1.649071216583252,1.649071216583252,2.693286895751953,0.13078008592128754,0,True
578,0.8546514511108398,0.18211650848388672,1.0,1.3982611894607544,1.582033395767212,1.582033395767212,2.358947992324829,0.14619575440883636,0,True
579,0.8560131788253784,0.17764315009117126,1.0,1.3975989818572998,1.6355921030044556,1.6355921030044556,2.633369207382202,0.13287803530693054,0,True
580,0.8663098216056824,0.17767132818698883,1.0,1.4269781112670898,1.644284963607788,1.644284963607788,2.5142996311187744,0.11887215077877045,0,True
581,0.8559503555297852,0.17615732550621033,1.0,1.4292337894439697,1.6177072525024414,1.6177072525024414,2.598351240158081,0.12547114491462708,0,True
582,0.8552579879760742,0.17268171906471252,1.0,1.404003381729126,1.623559594154358,1.623559594154358,2.4522907733917236,0.11559560149908066,0,True
583,0.8507504463195801,0.18360835313796997,1.0,1.4006246328353882,1.5978219509124756,1.5978219509124756,2.585195779800415,0.12707185745239258,0,True
584,0.8702720403671265,0.16890579462051392,1.0,1.4233510494232178,1.6267939805984497,1.6267939805984497,2.760735273361206,0.1350744515657425,0,True
585,0.8700611591339111,0.1630442887544632,1.0,1.399137258529663,1.5797803401947021,1.5797803401947021,2.400282621383667,0.12572401762008667,0,True
586,0.8610478639602661,0.17067700624465942,1.0,1.4040319919586182,1.5977911949157715,1.5977911949157715,2.516500234603882,0.1239190548658371,0,True
587,0.8751668930053711,0.16247600317001343,1.0,1.45646333694458,1.6359107494354248,1.6359107494354248,2.684647560119629,0.1390119045972824,0,True
588,0.8681997060775757,0.16699381172657013,1.0,1.4362168312072754,1.6185431480407715,1.6185431480407715,2.721346855163574,0.12881538271903992,0,True
589,0.8828112483024597,0.15256652235984802,1.0,1.4594497680664062,1.6404441595077515,1.6404441595077515,2.66330885887146,0.12505009770393372,0,True
590,0.8487631678581238,0.1749759316444397,1.0,1.3983734846115112,1.5889816284179688,1.5889816284179688,2.4703733921051025,0.13162264227867126,0,True
591,0.8690354824066162,0.16326332092285156,1.0,1.4055399894714355,1.655756950378418,1.655756950378418,2.7009944915771484,0.12021295726299286,0,True
592,0.8486568927764893,0.17851684987545013,1.0,1.4104573726654053,1.5952210426330566,1.5952210426330566,2.6661648750305176,0.1438165009021759,0,True
593,0.8764290809631348,0.16414658725261688,1.0,1.4346685409545898,1.667560338973999,1.667560338973999,2.7702138423919678,0.11829480528831482,0,True
594,0.8728846907615662,0.1662381887435913,1.0,1.4213361740112305,1.627598762512207,1.627598762512207,2.6788434982299805,0.13731297850608826,0,True
595,0.8706824779510498,0.1641976535320282,1.0,1.4092695713043213,1.6120883226394653,1.6120883226394653,2.5358052253723145,0.13086971640586853,0,True
596,0.8806982040405273,0.1580071598291397,1.0,1.3913451433181763,1.6219749450683594,1.6219749450683594,2.730358123779297,0.128323033452034,0,True
597,0.8645659685134888,0.17214472591876984,1.0,1.3930104970932007,1.5929063558578491,1.5929063558578491,2.4514613151550293,0.12838326394557953,0,True
598,0.8813365697860718,0.15841761231422424,1.0,1.41984224319458,1.6248724460601807,1.6248724460601807,2.777817487716675,0.12688368558883667,0,True
599,0.8755937814712524,0.1591527760028839,1.0,1.411500334739685,1.5953843593597412,1.5953843593597412,2.6468825340270996,0.13320505619049072,0,True
600,0.8813698291778564,0.15822237730026245,1.0,1.4228086471557617,1.636909008026123,1.636909008026123,2.720043897628784,0.12768173217773438,0,True
601,0.8828732967376709,0.164805606007576,1.0,1.4122865200042725,1.5979127883911133,1.5979127883911133,2.748197317123413,0.12066149711608887,0,True
602,0.8715038895606995,0.16768231987953186,1.0,1.4146394729614258,1.6010425090789795,1.6010425090789795,2.79919695854187,0.12371624261140823,0,True
603,0.8931213617324829,0.1507645547389984,1.0,1.3989630937576294,1.5976448059082031,1.5976448059082031,2.735445261001587,0.11336588114500046,0,True
604,0.8801906108856201,0.17218726873397827,1.0,1.3971251249313354,1.5684213638305664,1.5684213638305664,2.5635180473327637,0.11904996633529663,0,True
605,0.8825290203094482,0.16361193358898163,1.0,1.4120579957962036,1.6151918172836304,1.6151918172836304,2.470221519470215,0.12210948765277863,0,True
606,0.8895097970962524,0.1593666821718216,1.0,1.418248176574707,1.6180672645568848,1.6180672645568848,2.5368006229400635,0.1260756105184555,0,True
607,0.8885495662689209,0.14944234490394592,1.0,1.419954538345337,1.6343953609466553,1.6343953609466553,2.6599674224853516,0.12740343809127808,0,True
608,0.8814460039138794,0.1591854691505432,1.0,1.3866363763809204,1.5994560718536377,1.5994560718536377,2.729724407196045,0.1408196985721588,0,True
609,0.8928647041320801,0.1475989669561386,1.0,1.4116731882095337,1.6431899070739746,1.6431899070739746,2.626094341278076,0.12498484551906586,0,True
610,0.8922870755195618,0.16187526285648346,1.0,1.4107823371887207,1.5941135883331299,1.5941135883331299,2.6767144203186035,0.14082445204257965,0,True
611,0.8706200122833252,0.15924072265625,1.0,1.3611794710159302,1.5579848289489746,1.5579848289489746,2.5365161895751953,0.13622790575027466,0,True
612,0.8898129463195801,0.15148751437664032,1.0,1.414172887802124,1.615156650543213,1.615156650543213,2.6316497325897217,0.11785298585891724,0,True
613,0.890873908996582,0.1519336700439453,1.0,1.4181689023971558,1.596251130104065,1.596251130104065,2.735746145248413,0.1345093548297882,0,True
614,0.8840793967247009,0.15068906545639038,1.0,1.4190592765808105,1.6158545017242432,1.6158545017242432,2.7253124713897705,0.1302202343940735,0,True
615,0.9029880166053772,0.137943297624588,1.0,1.4135890007019043,1.653839349746704,1.653839349746704,2.6318817138671875,0.11656385660171509,0,True
616,0.8839983940124512,0.1490854173898697,1.0,1.4043891429901123,1.6147167682647705,1.6147167682647705,2.4253108501434326,0.13586410880088806,0,True
617,0.8841201066970825,0.1462801694869995,1.0,1.3900668621063232,1.6216216087341309,1.6216216087341309,2.549562931060791,0.12281240522861481,0,True
618,0.8628616333007812,0.16498209536075592,1.0,1.3958947658538818,1.5884389877319336,1.5884389877319336,2.804628372192383,0.11682510375976562,0,True
619,0.9103143811225891,0.13063322007656097,1.0,1.4374587535858154,1.6499831676483154,1.6499831676483154,2.7110860347747803,0.11316937953233719,0,True
620,0.8829801678657532,0.14233118295669556,1.0,1.3574607372283936,1.542024850845337,1.542024850845337,2.6416091918945312,0.12804916501045227,0,True
621,0.8766279220581055,0.1566956341266632,1.0,1.3857386112213135,1.6190189123153687,1.6190189123153687,2.6514222621917725,0.1189112737774849,0,True
622,0.8774830102920532,0.15893369913101196,1.0,1.4179260730743408,1.6113708019256592,1.6113708019256592,2.655777931213379,0.12663421034812927,0,True
623,0.860782265663147,0.17249548435211182,1.0,1.400048017501831,1.606695294380188,1.606695294380188,2.6297407150268555,0.1456032246351242,0,True
624,0.8801642656326294,0.15898513793945312,1.0,1.4307901859283447,1.6351412534713745,1.6351412534713745,2.600248098373413,0.12220266461372375,0,True
625,0.8889818787574768,0.15041202306747437,1.0,1.4367659091949463,1.6476242542266846,1.6476242542266846,2.762244701385498,0.10757116228342056,0,True
626,0.9021137952804565,0.1431157886981964,1.0,1.428248643875122,1.668043613433838,1.668043613433838,2.6416385173797607,0.12525784969329834,0,True
627,0.864911675453186,0.1761247217655182,1.0,1.3696881532669067,1.581543207168579,1.581543207168579,2.541267156600952,0.1287669837474823,0,True
628,0.8774126768112183,0.16409091651439667,1.0,1.3987107276916504,1.6359570026397705,1.6359570026397705,2.5448598861694336,0.12255135178565979,0,True
629,0.8941327929496765,0.1533239781856537,1.0,1.4417362213134766,1.620833396911621,1.620833396911621,2.587023973464966,0.11180844902992249,0,True
630,0.8752133846282959,0.16700956225395203,1.0,1.409496545791626,1.5933929681777954,1.5933929681777954,2.621018886566162,0.12103687226772308,0,True
631,0.8661831617355347,0.1715610772371292,1.0,1.390064001083374,1.6017625331878662,1.6017625331878662,2.508186101913452,0.11986101418733597,0,True
632,0.8872389793395996,0.15302342176437378,1.0,1.4326733350753784,1.641404151916504,1.641404151916504,2.836663007736206,0.11826634407043457,0,True
633,0.8719587326049805,0.16981437802314758,1.0,1.4177355766296387,1.6056524515151978,1.6056524515151978,2.6471521854400635,0.11061475425958633,0,True
634,0.8831363916397095,0.16324569284915924,1.0,1.3983509540557861,1.6141345500946045,1.6141345500946045,2.6147220134735107,0.1059630811214447,0,True
635,0.8909797668457031,0.15510645508766174,1.0,1.436995267868042,1.6208598613739014,1.6208598613739014,2.6750903129577637,0.11382515728473663,0,True
636,0.8877114057540894,0.15440917015075684,1.0,1.4181348085403442,1.647278070449829,1.647278070449829,2.4915428161621094,0.10880052298307419,0,True
637,0.8794565796852112,0.16074112057685852,1.0,1.4222984313964844,1.6345453262329102,1.6345453262329102,2.635061502456665,0.10961997509002686,0,True
638,0.8970897793769836,0.15145409107208252,1.0,1.4171202182769775,1.64487886428833,1.64487886428833,2.5489449501037598,0.11256536096334457,0,True
639,0.8955739736557007,0.1491912603378296,1.0,1.3977197408676147,1.609083652496338,1.609083652496338,2.7349061965942383,0.11260546743869781,0,True
640,0.8900420069694519,0.1426984667778015,1.0,1.3992648124694824,1.6220676898956299,1.6220676898956299,2.7649574279785156,0.12688009440898895,0,True
641,0.898139476776123,0.1339433193206787,1.0,1.4356108903884888,1.6299738883972168,1.6299738883972168,2.5582494735717773,0.1463313102722168,0,True
642,0.9015159606933594,0.1424148827791214,1.0,1.4093773365020752,1.6057332754135132,1.6057332754135132,2.4588375091552734,0.13247071206569672,0,True
643,0.8892267942428589,0.15111985802650452,1.0,1.4010661840438843,1.5955414772033691,1.5955414772033691,2.6538619995117188,0.13308192789554596,0,True
644,0.8673031330108643,0.17772386968135834,1.0,1.4136888980865479,1.614502191543579,1.614502191543579,2.804960012435913,0.13447996973991394,0,True
645,0.8865311145782471,0.15452295541763306,1.0,1.4378414154052734,1.6681218147277832,1.6681218147277832,2.6254916191101074,0.1376112848520279,0,True
646,0.8658589124679565,0.1677466481924057,1.0,1.4107370376586914,1.6076003313064575,1.6076003313064575,2.552499294281006,0.12625843286514282,0,True
647,0.8939034342765808,0.14949019253253937,1.0,1.4368269443511963,1.680661916732788,1.680661916732788,2.7473456859588623,0.11442411690950394,0,True
648,0.8845608234405518,0.155848890542984,1.0,1.3589900732040405,1.5730563402175903,1.5730563402175903,2.6013550758361816,0.11868207901716232,0,True
649,0.8686833381652832,0.164004385471344,1.0,1.3670706748962402,1.5693541765213013,1.5693541765213013,2.854541540145874,0.12909764051437378,0,True
650,0.8730326890945435,0.17030048370361328,1.0,1.4092198610305786,1.5788848400115967,1.5788848400115967,2.5342977046966553,0.1342749148607254,0,True
651,0.889464259147644,0.15319129824638367,1.0,1.4291945695877075,1.5918294191360474,1.5918294191360474,2.4771130084991455,0.13570736348628998,0,True
652,0.8793708682060242,0.15866871178150177,1.0,1.4262827634811401,1.6003003120422363,1.6003003120422363,2.747567653656006,0.13948479294776917,0,True
653,0.871605634689331,0.16176602244377136,1.0,1.4367468357086182,1.6536777019500732,1.6536777019500732,2.604893207550049,0.12659011781215668,0,True
654,0.8934472799301147,0.14068911969661713,1.0,1.4302587509155273,1.675606608390808,1.675606608390808,2.5785558223724365,0.12064609676599503,0,True
655,0.87066650390625,0.15756049752235413,1.0,1.3736259937286377,1.5959842205047607,1.5959842205047607,2.581395149230957,0.11428408324718475,0,True
656,0.8726884722709656,0.1630568504333496,1.0,1.4233982563018799,1.627510905265808,1.627510905265808,2.8678083419799805,0.12205078452825546,0,True
657,0.8969329595565796,0.1386251151561737,1.0,1.4366021156311035,1.6225991249084473,1.6225991249084473,2.726156711578369,0.10957854241132736,0,True
658,0.8823634386062622,0.15042853355407715,1.0,1.4107520580291748,1.5712618827819824,1.5712618827819824,2.671290397644043,0.11730525642633438,0,True
659,0.8608478307723999,0.16995084285736084,1.0,1.396689534187317,1.585641860961914,1.585641860961914,2.5969533920288086,0.118804931640625,0,True
660,0.8771129250526428,0.1515974998474121,1.0,1.4148496389389038,1.6314220428466797,1.6314220428466797,2.586805582046509,0.12001308798789978,0,True
661,0.8761134147644043,0.15260416269302368,1.0,1.4250462055206299,1.6126952171325684,1.6126952171325684,2.827937602996826,0.1442928910255432,0,True
662,0.8869758248329163,0.14065799117088318,1.0,1.4326539039611816,1.6541945934295654,1.6541945934295654,2.550130605697632,0.11132751405239105,0,True
663,0.8995364308357239,0.13787797093391418,1.0,1.4263619184494019,1.653102993965149,1.653102993965149,2.569349765777588,0.12365617603063583,0,True
664,0.8929720520973206,0.13646970689296722,1.0,1.3946746587753296,1.640755534172058,1.640755534172058,2.5470380783081055,0.13025903701782227,0,True
665,0.8694761395454407,0.1545439064502716,1.0,1.3642246723175049,1.5726698637008667,1.5726698637008667,2.4662392139434814,0.12817621231079102,0,True
666,0.881623387336731,0.1474420428276062,1.0,1.3970849514007568,1.6195330619812012,1.6195330619812012,2.787917137145996,0.1278078407049179,0,True
667,0.8851460218429565,0.15448585152626038,1.0,1.4337337017059326,1.6028146743774414,1.6028146743774414,2.6256957054138184,0.1197013109922409,0,True
668,0.8740842342376709,0.16002637147903442,1.0,1.3934054374694824,1.6057541370391846,1.6057541370391846,2.3678345680236816,0.12865962088108063,0,True
669,0.8679137229919434,0.16765084862709045,1.0,1.401094675064087,1.6083672046661377,1.6083672046661377,2.6107468605041504,0.13287200033664703,0,True
670,0.8611819744110107,0.1768675297498703,1.0,1.394148349761963,1.624422550201416,1.624422550201416,2.6998414993286133,0.1219792366027832,0,True
671,0.8892560005187988,0.1643735021352768,1.0,1.4588370323181152,1.6716911792755127,1.6716911792755127,2.5477101802825928,0.1157776489853859,0,True
672,0.8777286410331726,0.15804067254066467,1.0,1.4107294082641602,1.6080961227416992,1.6080961227416992,2.6062417030334473,0.1137491837143898,0,True
673,0.8751927614212036,0.16688498854637146,1.0,1.414759874343872,1.6103434562683105,1.6103434562683105,2.6379520893096924,0.12205918878316879,0,True
674,0.8655722141265869,0.16508454084396362,1.0,1.4327012300491333,1.6542799472808838,1.6542799472808838,2.607301712036133,0.12406025826931,0,True
675,0.8774974346160889,0.15347041189670563,1.0,1.4320788383483887,1.6373155117034912,1.6373155117034912,2.5669913291931152,0.12255833297967911,0,True
676,0.870116114616394,0.16675905883312225,1.0,1.4040544033050537,1.5989693403244019,1.5989693403244019,2.6192550659179688,0.13814769685268402,0,True
677,0.8854864835739136,0.14708855748176575,1.0,1.3868608474731445,1.6126723289489746,1.6126723289489746,2.575139284133911,0.12710393965244293,0,True
678,0.8715136051177979,0.1556003838777542,1.0,1.3697508573532104,1.572765588760376,1.572765588760376,2.5493879318237305,0.13000482320785522,0,True
679,0.8739777207374573,0.16256409883499146,1.0,1.4104143381118774,1.6039514541625977,1.6039514541625977,2.8508102893829346,0.1251448690891266,0,True
680,0.874710738658905,0.17289385199546814,1.0,1.4329228401184082,1.6123590469360352,1.6123590469360352,2.4950785636901855,0.12669913470745087,0,True
681,0.8979750871658325,0.14460280537605286,1.0,1.4725689888000488,1.6757601499557495,1.6757601499557495,2.5517971515655518,0.12247403711080551,0,True
682,0.8875716328620911,0.15609879791736603,1.0,1.4160157442092896,1.6120356321334839,1.6120356321334839,2.5348598957061768,0.12954388558864594,0,True
683,0.8670315742492676,0.1655718982219696,1.0,1.3848261833190918,1.614518642425537,1.614518642425537,2.554722309112549,0.13348349928855896,0,True
684,0.8825538754463196,0.15725389122962952,1.0,1.4265997409820557,1.6500046253204346,1.6500046253204346,2.5606987476348877,0.1280432641506195,0,True
685,0.8756546974182129,0.16652323305606842,1.0,1.4240024089813232,1.6115520000457764,1.6115520000457764,2.794496774673462,0.12054811418056488,0,True
686,0.8804455995559692,0.15762335062026978,1.0,1.4479420185089111,1.6547974348068237,1.6547974348068237,2.640847682952881,0.12254830449819565,0,True
687,0.8948493003845215,0.13777416944503784,1.0,1.4378727674484253,1.6496191024780273,1.6496191024780273,2.624314546585083,0.1233089417219162,0,True
688,0.8930395841598511,0.142999529838562,1.0,1.3795738220214844,1.591683268547058,1.591683268547058,2.5257604122161865,0.12194007635116577,0,True
689,0.8726376295089722,0.1609739363193512,1.0,1.3496859073638916,1.5573136806488037,1.5573136806488037,2.655911684036255,0.12395018339157104,0,True
690,0.9008044600486755,0.13532152771949768,1.0,1.437624454498291,1.6209510564804077,1.6209510564804077,2.6060688495635986,0.1185082346200943,0,True
691,0.9114353656768799,0.13784393668174744,1.0,1.4512803554534912,1.589926838874817,1.589926838874817,2.537672996520996,0.11472489684820175,0,True
692,0.8876516819000244,0.13992652297019958,1.0,1.4001481533050537,1.5747079849243164,1.5747079849243164,2.574284791946411,0.12794223427772522,0,True
693,0.895909309387207,0.13179144263267517,1.0,1.39694344997406,1.6174695491790771,1.6174695491790771,2.705967903137207,0.11288146674633026,0,True
694,0.8911758065223694,0.1445809155702591,1.0,1.4191340208053589,1.6285380125045776,1.6285380125045776,2.82633376121521,0.11862905323505402,0,True
695,0.8912392854690552,0.14209076762199402,1.0,1.4287605285644531,1.6059693098068237,1.6059693098068237,2.5510830879211426,0.14199289679527283,0,True
696,0.9167914390563965,0.1244513988494873,1.0,1.464219093322754,1.658677101135254,1.658677101135254,2.6695313453674316,0.11239524185657501,0,True
697,0.9033113121986389,0.13749417662620544,1.0,1.4172136783599854,1.616808295249939,1.616808295249939,2.5699312686920166,0.12664949893951416,0,True
698,0.8966822624206543,0.13637593388557434,1.0,1.3967570066452026,1.6362271308898926,1.6362271308898926,2.567925453186035,0.126478910446167,0,True
699,0.8872908353805542,0.15100084245204926,1.0,1.393268346786499,1.6068023443222046,1.6068023443222046,2.46624493598938,0.10427317023277283,0,True
700,0.8866356611251831,0.14749905467033386,1.0,1.3994767665863037,1.6335488557815552,1.6335488557815552,2.499967575073242,0.09982188791036606,0,True
701,0.8897547721862793,0.15242502093315125,1.0,1.4064055681228638,1.581225872039795,1.581225872039795,2.7964208126068115,0.13000404834747314,0,True
702,0.8873881101608276,0.15326562523841858,1.0,1.4064792394638062,1.5924873352050781,1.5924873352050781,2.70432448387146,0.12002161145210266,0,True
703,0.8799891471862793,0.16415926814079285,1.0,1.3957884311676025,1.589826226234436,1.589826226234436,2.459275484085083,0.12181046605110168,0,True
704,0.8593319058418274,0.16539010405540466,1.0,1.3836010694503784,1.5740300416946411,1.5740300416946411,2.402142286300659,0.12057909369468689,0,True
705,0.8568354845046997,0.16969439387321472,1.0,1.3999272584915161,1.5886352062225342,1.5886352062225342,2.579528331756592,0.12493471801280975,0,True
706,0.869806170463562,0.16868188977241516,1.0,1.4464528560638428,1.6331993341445923,1.6331993341445923,2.6521477699279785,0.12595026195049286,0,True
707,0.8751418590545654,0.16895842552185059,1.0,1.433408498764038,1.6513442993164062,1.6513442993164062,2.5808286666870117,0.1125500425696373,0,True
708,0.8705992102622986,0.1605982482433319,1.0,1.4191668033599854,1.662568211555481,1.662568211555481,2.5531904697418213,0.1303960680961609,0,True
709,0.8756697177886963,0.15524934232234955,1.0,1.4385173320770264,1.655335783958435,1.655335783958435,2.756070137023926,0.12839153409004211,0,True
710,0.8672466278076172,0.1647247076034546,1.0,1.3910634517669678,1.607255458831787,1.607255458831787,2.6162149906158447,0.11734485626220703,0,True
711,0.8707618713378906,0.16257065534591675,1.0,1.3952299356460571,1.6115310192108154,1.6115310192108154,2.8684394359588623,0.11919993162155151,0,True
712,0.8722286224365234,0.16084173321723938,1.0,1.4079475402832031,1.5998525619506836,1.5998525619506836,2.573638439178467,0.11231309175491333,0,True
713,0.8839024901390076,0.1568017303943634,1.0,1.457594871520996,1.628629446029663,1.628629446029663,2.6972110271453857,0.11958920955657959,0,True
714,0.8866665363311768,0.15593601763248444,1.0,1.4071638584136963,1.5722084045410156,1.5722084045410156,2.65763258934021,0.13254882395267487,0,True
715,0.8607218861579895,0.17197726666927338,1.0,1.3777663707733154,1.5759246349334717,1.5759246349334717,2.8020381927490234,0.1260821372270584,0,True
716,0.8630271553993225,0.16977375745773315,1.0,1.437108039855957,1.661842942237854,1.661842942237854,2.57027006149292,0.1075846403837204,0,True
717,0.8847760558128357,0.16184675693511963,1.0,1.4327306747436523,1.6515727043151855,1.6515727043151855,2.6091737747192383,0.12065580487251282,0,True
718,0.8704016208648682,0.16815286874771118,1.0,1.4204185009002686,1.6421139240264893,1.6421139240264893,2.6073129177093506,0.12085732817649841,0,True
719,0.9089834690093994,0.14153869450092316,1.0,1.4660305976867676,1.6976341009140015,1.6976341009140015,2.7222089767456055,0.12254904210567474,0,True
720,0.884516179561615,0.1547507643699646,1.0,1.3981131315231323,1.6131632328033447,1.6131632328033447,2.5906662940979004,0.12311164289712906,0,True
721,0.8844763040542603,0.15245123207569122,1.0,1.3960931301116943,1.6309211254119873,1.6309211254119873,2.521486282348633,0.1255246102809906,0,True
722,0.8980755805969238,0.13694052398204803,1.0,1.4169189929962158,1.6126410961151123,1.6126410961151123,2.46100115776062,0.13094502687454224,0,True
723,0.8939074873924255,0.14512023329734802,1.0,1.3839590549468994,1.558587670326233,1.558587670326233,2.7201154232025146,0.12671983242034912,0,True
724,0.8659257888793945,0.16724757850170135,1.0,1.3660814762115479,1.5163313150405884,1.5163313150405884,2.6978235244750977,0.11962617933750153,0,True
725,0.8905702829360962,0.14564570784568787,1.0,1.4379732608795166,1.6375064849853516,1.6375064849853516,2.708352565765381,0.1168326586484909,0,True
726,0.9026983380317688,0.14879965782165527,1.0,1.4607326984405518,1.638288974761963,1.638288974761963,2.72316837310791,0.12243634462356567,0,True
727,0.8958024978637695,0.14213556051254272,1.0,1.4212305545806885,1.6214650869369507,1.6214650869369507,2.6143462657928467,0.13104310631752014,0,True
728,0.8861836194992065,0.14730238914489746,1.0,1.4115943908691406,1.6502227783203125,1.6502227783203125,2.67850399017334,0.1265869289636612,0,True
729,0.9227408170700073,0.11987066268920898,1.0,1.474433422088623,1.7088865041732788,1.7088865041732788,2.693553924560547,0.12321960180997849,0,True
730,0.8978624939918518,0.1451946347951889,1.0,1.3901089429855347,1.5904576778411865,1.5904576778411865,2.5982677936553955,0.12782371044158936,0,True
731,0.892389178276062,0.14322715997695923,1.0,1.3469834327697754,1.5816895961761475,1.5816895961761475,2.6339406967163086,0.12325242161750793,0,True
732,0.9026433229446411,0.14022451639175415,1.0,1.407001256942749,1.5704834461212158,1.5704834461212158,2.755466938018799,0.10047175735235214,0,True
733,0.8948646783828735,0.14795765280723572,1.0,1.4277206659317017,1.5677471160888672,1.5677471160888672,2.657288074493408,0.11667730659246445,0,True
734,0.865393877029419,0.1673256903886795,1.0,1.4127306938171387,1.5594490766525269,1.5594490766525269,2.7228829860687256,0.12418162822723389,0,True
735,0.8777406811714172,0.17015641927719116,1.0,1.455000400543213,1.6538678407669067,1.6538678407669067,2.635806083679199,0.11163042485713959,0,True
736,0.8922810554504395,0.15537524223327637,1.0,1.4496570825576782,1.6596059799194336,1.6596059799194336,2.688551425933838,0.12345024198293686,0,True
737,0.8781587481498718,0.1719721406698227,1.0,1.4095664024353027,1.6459769010543823,1.6459769010543823,2.635241746902466,0.12449993938207626,0,True
738,0.8817493319511414,0.16569721698760986,1.0,1.4461207389831543,1.7207551002502441,1.7207551002502441,2.7465980052948,0.12443247437477112,0,True
739,0.9231728315353394,0.13222700357437134,1.0,1.4704440832138062,1.733695149421692,1.733695149421692,2.757615089416504,0.12620848417282104,0,True
740,0.9042036533355713,0.1427745670080185,1.0,1.3535809516906738,1.5623559951782227,1.5623559951782227,2.1989729404449463,0.1342969536781311,0,True
741,0.8850394487380981,0.1542123705148697,1.0,1.3189432621002197,1.5639554262161255,1.5639554262161255,2.707791805267334,0.131209135055542,0,True
742,0.904550313949585,0.14454972743988037,1.0,1.408355712890625,1.607496976852417,1.607496976852417,2.656672477722168,0.1369912326335907,0,True
743,0.9004597067832947,0.15312770009040833,1.0,1.419140100479126,1.5463972091674805,1.5463972091674805,2.575957775115967,0.134152352809906,0,True
744,0.8629056811332703,0.17905792593955994,1.0,1.3650970458984375,1.5196478366851807,1.5196478366851807,2.3181869983673096,0.1238672137260437,0,True
745,0.8863837122917175,0.16439521312713623,1.0,1.4609184265136719,1.649451732635498,1.649451732635498,2.848452091217041,0.12256047874689102,0,True
746,0.8831623792648315,0.15619200468063354,1.0,1.4500691890716553,1.6646182537078857,1.6646182537078857,2.504326581954956,0.11807563900947571,0,True
747,0.8984925746917725,0.1458575278520584,1.0,1.4688677787780762,1.6986298561096191,1.6986298561096191,2.6343002319335938,0.129867285490036,0,True
748,0.8813227415084839,0.1500645875930786,1.0,1.39693284034729,1.6252050399780273,1.6252050399780273,2.6838607788085938,0.12204176932573318,0,True
749,0.8788059949874878,0.15861718356609344,1.0,1.392541766166687,1.6401069164276123,1.6401069164276123,2.800448417663574,0.12453761696815491,0,True
750,0.9111554622650146,0.1344587802886963,1.0,1.4266695976257324,1.651315689086914,1.651315689086914,2.652226209640503,0.11259264498949051,0,True
751,0.883884847164154,0.1490502953529358,1.0,1.3768374919891357,1.5618034601211548,1.5618034601211548,2.4518790245056152,0.12594327330589294,0,True
752,0.8707478642463684,0.16961123049259186,1.0,1.389912486076355,1.59389328956604,1.59389328956604,2.7003495693206787,0.11871011555194855,0,True
753,0.8834024667739868,0.15455842018127441,1.0,1.4289751052856445,1.6240606307983398,1.6240606307983398,2.7678966522216797,0.12437669932842255,0,True
754,0.8777579665184021,0.1569589227437973,1.0,1.407219648361206,1.5835202932357788,1.5835202932357788,2.808026075363159,0.11996810138225555,0,True
755,0.870780885219574,0.1643315702676773,1.0,1.3829445838928223,1.5984288454055786,1.5984288454055786,2.7828986644744873,0.11304596066474915,0,True
756,0.8763119578361511,0.1646450161933899,1.0,1.4305460453033447,1.6506502628326416,1.6506502628326416,2.516573429107666,0.12149393558502197,0,True
757,0.8784266710281372,0.15938788652420044,1.0,1.4337291717529297,1.6450146436691284,1.6450146436691284,2.6873068809509277,0.128312349319458,0,True
758,0.8558124303817749,0.17058829963207245,1.0,1.395258903503418,1.625400424003601,1.625400424003601,2.734955072402954,0.13109517097473145,0,True
759,0.8886533975601196,0.14924338459968567,1.0,1.4373719692230225,1.68893563747406,1.68893563747406,2.583224058151245,0.1201261430978775,0,True
760,0.8822308778762817,0.1591317355632782,1.0,1.3892745971679688,1.592268943786621,1.592268943786621,2.615567684173584,0.12555257976055145,0,True
761,0.8652471303939819,0.16793175041675568,1.0,1.3527274131774902,1.556612253189087,1.556612253189087,2.705547571182251,0.12785305082798004,0,True
762,0.8722124099731445,0.1616760492324829,1.0,1.39262855052948,1.576160192489624,1.576160192489624,2.5978786945343018,0.12479984015226364,0,True
763,0.8587216138839722,0.17632214725017548,1.0,1.4184954166412354,1.5692569017410278,1.5692569017410278,2.480644702911377,0.12450812757015228,0,True
764,0.8740549683570862,0.16463392972946167,1.0,1.474218726158142,1.6374797821044922,1.6374797821044922,2.7299418449401855,0.12155446410179138,0,True
765,0.8675512075424194,0.16378343105316162,1.0,1.4466705322265625,1.6308307647705078,1.6308307647705078,2.5322682857513428,0.12796342372894287,0,True
766,0.891475260257721,0.1535206139087677,1.0,1.431009292602539,1.674813985824585,1.674813985824585,2.5079116821289062,0.10597648471593857,0,True
767,0.8526445627212524,0.18247243762016296,1.0,1.364406943321228,1.5768258571624756,1.5768258571624756,2.5879883766174316,0.12429951876401901,0,True
768,0.8702707290649414,0.17813317477703094,1.0,1.4227700233459473,1.6751303672790527,1.6751303672790527,2.6631665229797363,0.11313225328922272,0,True
769,0.9034050107002258,0.154794380068779,1.0,1.4834539890289307,1.6699542999267578,1.6699542999267578,2.616595983505249,0.10940124094486237,0,True
770,0.857940137386322,0.17939934134483337,1.0,1.3824695348739624,1.5769140720367432,1.5769140720367432,2.544309616088867,0.13268256187438965,0,True
771,0.8609006404876709,0.17473015189170837,1.0,1.3572425842285156,1.583348035812378,1.583348035812378,2.501509666442871,0.11722920835018158,0,True
772,0.8577775955200195,0.18181775510311127,1.0,1.3932464122772217,1.5884054899215698,1.5884054899215698,2.6465089321136475,0.12929514050483704,0,True
773,0.8876686692237854,0.1550304889678955,1.0,1.4342403411865234,1.623628854751587,1.623628854751587,2.646898031234741,0.1221456304192543,0,True
774,0.8770252466201782,0.17937105894088745,1.0,1.4074687957763672,1.5850030183792114,1.5850030183792114,2.499988317489624,0.12721872329711914,0,True
775,0.8791036605834961,0.16209308803081512,1.0,1.4124395847320557,1.6473867893218994,1.6473867893218994,2.727545738220215,0.13305175304412842,0,True
776,0.8668546676635742,0.16617992520332336,1.0,1.4068248271942139,1.6422659158706665,1.6422659158706665,2.706875801086426,0.1222868412733078,0,True
777,0.8627285957336426,0.17094752192497253,1.0,1.401640772819519,1.6509063243865967,1.6509063243865967,2.722350835800171,0.1402168571949005,0,True
778,0.8665452003479004,0.1559731364250183,1.0,1.4069260358810425,1.6388089656829834,1.6388089656829834,2.5670461654663086,0.13447995483875275,0,True
779,0.877032458782196,0.15600161254405975,1.0,1.4138281345367432,1.6119024753570557,1.6119024753570557,2.7390496730804443,0.130762979388237,0,True
780,0.8731082677841187,0.1574350744485855,1.0,1.393789291381836,1.6062532663345337,1.6062532663345337,2.645784378051758,0.1379721611738205,0,True
781,0.862534761428833,0.16633903980255127,1.0,1.3709778785705566,1.5658833980560303,1.5658833980560303,2.5327959060668945,0.1283629834651947,0,True
782,0.8604865074157715,0.17535626888275146,1.0,1.4052040576934814,1.6077146530151367,1.6077146530151367,2.597677707672119,0.1467708796262741,0,True
783,0.8661783337593079,0.17538341879844666,1.0,1.4631152153015137,1.6715185642242432,1.6715185642242432,2.5349245071411133,0.1510259062051773,0,True
784,0.8669382929801941,0.17444616556167603,1.0,1.4678256511688232,1.67216956615448,1.67216956615448,2.611907958984375,0.140104740858078,0,True
785,0.8661129474639893,0.1629972904920578,1.0,1.4108257293701172,1.6736865043640137,1.6736865043640137,2.6916615962982178,0.12054458260536194,0,True
786,0.8487482070922852,0.17932099103927612,1.0,1.3778290748596191,1.6187511682510376,1.6187511682510376,2.3867404460906982,0.12409606575965881,0,True
787,0.8546831607818604,0.17339567840099335,1.0,1.4077097177505493,1.6602270603179932,1.6602270603179932,2.577449321746826,0.14228011667728424,0,True
788,0.8622922897338867,0.17336145043373108,1.0,1.4270402193069458,1.6367104053497314,1.6367104053497314,2.7051944732666016,0.13230270147323608,0,True
789,0.861213207244873,0.1738562136888504,1.0,1.3939496278762817,1.6011347770690918,1.6011347770690918,2.7951500415802,0.1480473279953003,0,True
790,0.847414493560791,0.18160896003246307,1.0,1.4112837314605713,1.598996877670288,1.598996877670288,2.5672054290771484,0.12827721238136292,0,True
791,0.8522339463233948,0.17161870002746582,1.0,1.4232292175292969,1.6377549171447754,1.6377549171447754,2.6433863639831543,0.12699082493782043,0,True
792,0.8453567028045654,0.18243646621704102,1.0,1.4116885662078857,1.5893088579177856,1.5893088579177856,2.674469232559204,0.12849493324756622,0,True
793,0.833975076675415,0.19666725397109985,1.0,1.3947949409484863,1.6162168979644775,1.6162168979644775,2.5744524002075195,0.12118272483348846,0,True
794,0.8588416576385498,0.17332366108894348,1.0,1.4487159252166748,1.6633163690567017,1.6633163690567017,2.8159992694854736,0.13056743144989014,0,True
795,0.8603457808494568,0.17245864868164062,1.0,1.4119091033935547,1.6263468265533447,1.6263468265533447,2.7059543132781982,0.1298084259033203,0,True
796,0.8492233753204346,0.17876681685447693,1.0,1.408332109451294,1.6368472576141357,1.6368472576141357,2.5564780235290527,0.11573724448680878,0,True
797,0.8708024621009827,0.15049047768115997,1.0,1.4436912536621094,1.6597506999969482,1.6597506999969482,2.5410940647125244,0.1234336569905281,0,True
798,0.8664529919624329,0.161285400390625,1.0,1.4311094284057617,1.6136748790740967,1.6136748790740967,2.7142417430877686,0.12443031370639801,0,True
799,0.8725311756134033,0.16134366393089294,1.0,1.4072893857955933,1.6247684955596924,1.6247684955596924,2.795759677886963,0.13767483830451965,0,True
800,0.8706894516944885,0.15664058923721313,1.0,1.406315803527832,1.6136181354522705,1.6136181354522705,2.4363837242126465,0.14351016283035278,0,True
801,0.8531891703605652,0.1752205491065979,1.0,1.419083833694458,1.6029574871063232,1.6029574871063232,2.927422046661377,0.11605671048164368,0,True
802,0.8632373809814453,0.16747376322746277,1.0,1.4330973625183105,1.6501344442367554,1.6501344442367554,2.576728582382202,0.1106889396905899,0,True
803,0.8660690784454346,0.16467970609664917,1.0,1.415999412536621,1.6225664615631104,1.6225664615631104,2.464108467102051,0.119166299700737,0,True
804,0.8574596643447876,0.16794784367084503,1.0,1.3929290771484375,1.6324827671051025,1.6324827671051025,2.576676845550537,0.1282912790775299,0,True
805,0.8768972158432007,0.1501109004020691,1.0,1.4247363805770874,1.6604903936386108,1.6604903936386108,2.6953532695770264,0.11938728392124176,0,True
806,0.8723244667053223,0.15262487530708313,1.0,1.3943530321121216,1.6232001781463623,1.6232001781463623,2.4462292194366455,0.11915112286806107,0,True
807,0.857307493686676,0.17512114346027374,1.0,1.3954484462738037,1.6142973899841309,1.6142973899841309,2.468777656555176,0.10865173488855362,0,True
808,0.8783891201019287,0.157588928937912,1.0,1.4460055828094482,1.6354374885559082,1.6354374885559082,2.5808045864105225,0.1124955341219902,0,True
809,0.8777283430099487,0.16321299970149994,1.0,1.399948239326477,1.5777132511138916,1.5777132511138916,2.6358349323272705,0.12373773008584976,0,True
810,0.8646724224090576,0.16504675149917603,1.0,1.365201711654663,1.589195966720581,1.589195966720581,2.4702279567718506,0.11190561950206757,0,True
811,0.8534773588180542,0.18683455884456635,1.0,1.395514726638794,1.5829964876174927,1.5829964876174927,2.6239469051361084,0.13875515758991241,0,True
812,0.8786723017692566,0.16972947120666504,1.0,1.5062274932861328,1.68854558467865,1.68854558467865,2.5810322761535645,0.14236310124397278,0,True
813,0.8822711110115051,0.17184025049209595,1.0,1.4811350107192993,1.6408369541168213,1.6408369541168213,2.785886287689209,0.14299072325229645,0,True
814,0.8914275765419006,0.1564548760652542,1.0,1.4176414012908936,1.6563239097595215,1.6563239097595215,2.697364330291748,0.12721601128578186,0,True
815,0.8902431726455688,0.15887954831123352,1.0,1.3960082530975342,1.6088311672210693,1.6088311672210693,2.6000404357910156,0.1378875970840454,0,True
816,0.8752365112304688,0.16352468729019165,1.0,1.3833260536193848,1.6059273481369019,1.6059273481369019,2.596714496612549,0.12485092878341675,0,True
817,0.9053114652633667,0.14642207324504852,1.0,1.4788882732391357,1.6644790172576904,1.6644790172576904,2.7651257514953613,0.1262940913438797,0,True
818,0.8838146924972534,0.15684029459953308,1.0,1.426349401473999,1.5913338661193848,1.5913338661193848,2.5717837810516357,0.1254395991563797,0,True
819,0.8913722634315491,0.14342302083969116,1.0,1.418932318687439,1.6257599592208862,1.6257599592208862,2.647639513015747,0.13903382420539856,0,True
820,0.8762418031692505,0.15443405508995056,1.0,1.3724366426467896,1.5735383033752441,1.5735383033752441,2.6815807819366455,0.13602454960346222,0,True
821,0.8773296475410461,0.1618017852306366,1.0,1.393345594406128,1.6256738901138306,1.6256738901138306,2.516244411468506,0.11186634749174118,0,True
822,0.8809128999710083,0.15276014804840088,1.0,1.4521760940551758,1.6533193588256836,1.6533193588256836,2.712235927581787,0.12533876299858093,0,True
823,0.8990522027015686,0.1468115746974945,1.0,1.4515712261199951,1.6447187662124634,1.6447187662124634,2.7019026279449463,0.11981897056102753,0,True
824,0.8722461462020874,0.15982937812805176,1.0,1.3674986362457275,1.5808287858963013,1.5808287858963013,2.5032684803009033,0.11845545470714569,0,True
825,0.8753719329833984,0.1595374345779419,1.0,1.3760745525360107,1.6036746501922607,1.6036746501922607,2.905637502670288,0.11822020262479782,0,True
826,0.889985978603363,0.14845578372478485,1.0,1.4341554641723633,1.6140916347503662,1.6140916347503662,3.1280410289764404,0.11219412088394165,0,True
827,0.9027107954025269,0.1447228193283081,1.0,1.456168532371521,1.621178388595581,1.621178388595581,2.6241674423217773,0.13159923255443573,0,True
828,0.902421772480011,0.14057987928390503,1.0,1.4293277263641357,1.5956430435180664,1.5956430435180664,2.582622528076172,0.13115514814853668,0,True
829,0.8853369355201721,0.1492820382118225,1.0,1.4175469875335693,1.6065399646759033,1.6065399646759033,2.693995475769043,0.1242322027683258,0,True
830,0.890998899936676,0.1425618976354599,1.0,1.4129904508590698,1.6585726737976074,1.6585726737976074,2.5227324962615967,0.1225612536072731,0,True
831,0.8861874938011169,0.1474262773990631,1.0,1.4224326610565186,1.643807053565979,1.643807053565979,2.3586392402648926,0.13364872336387634,0,True
832,0.8957853317260742,0.15172752737998962,1.0,1.4267045259475708,1.6348623037338257,1.6348623037338257,2.4888720512390137,0.12110115587711334,0,True
833,0.9117619395256042,0.13425590097904205,1.0,1.4449702501296997,1.6336307525634766,1.6336307525634766,2.671567678451538,0.11790627241134644,0,True
834,0.8953344821929932,0.14175771176815033,1.0,1.381090521812439,1.5775926113128662,1.5775926113128662,2.478529214859009,0.13052082061767578,0,True
835,0.8905319571495056,0.1476667821407318,1.0,1.3787978887557983,1.57735276222229,1.57735276222229,2.654005765914917,0.12321103364229202,0,True
836,0.8851429224014282,0.1469685584306717,1.0,1.3874833583831787,1.585893154144287,1.585893154144287,2.6222455501556396,0.1035207062959671,0,True
837,0.88950514793396,0.16065506637096405,1.0,1.4478623867034912,1.6145427227020264,1.6145427227020264,2.538064479827881,0.12471005320549011,0,True
838,0.8933617472648621,0.14930948615074158,1.0,1.4394466876983643,1.6485038995742798,1.6485038995742798,2.593622922897339,0.1445867419242859,0,True
839,0.8934963941574097,0.14853471517562866,1.0,1.4146636724472046,1.6484864950180054,1.6484864950180054,2.5120747089385986,0.11721733212471008,0,True
840,0.8760659098625183,0.1583845317363739,1.0,1.3878564834594727,1.6553990840911865,1.6553990840911865,2.535081148147583,0.12481044232845306,0,True
841,0.8716230392456055,0.1633320450782776,1.0,1.403638243675232,1.6461772918701172,1.6461772918701172,2.7180776596069336,0.12918157875537872,0,True
842,0.8797770738601685,0.15408658981323242,1.0,1.4272416830062866,1.648629903793335,1.648629903793335,2.602699041366577,0.11435612291097641,0,True
843,0.9019264578819275,0.13293644785881042,1.0,1.4296691417694092,1.6306543350219727,1.6306543350219727,2.8233792781829834,0.11929266154766083,0,True
844,0.8758155703544617,0.15395811200141907,1.0,1.349208116531372,1.542949914932251,1.542949914932251,2.330138683319092,0.1254296600818634,0,True
845,0.8847270011901855,0.1498515009880066,1.0,1.3720879554748535,1.5755035877227783,1.5755035877227783,2.579050064086914,0.12887907028198242,0,True
846,0.8862294554710388,0.1509033590555191,1.0,1.4065442085266113,1.5671437978744507,1.5671437978744507,2.58437180519104,0.12893855571746826,0,True
847,0.8839125633239746,0.16249600052833557,1.0,1.4426746368408203,1.6083533763885498,1.6083533763885498,2.581758737564087,0.12467072159051895,0,True
848,0.892856240272522,0.15619054436683655,1.0,1.5034464597702026,1.6750738620758057,1.6750738620758057,2.99088716506958,0.13037745654582977,0,True
849,0.8691042065620422,0.16254442930221558,1.0,1.4513769149780273,1.6547276973724365,1.6547276973724365,2.627612590789795,0.12074404209852219,0,True
850,0.8653980493545532,0.17003633081912994,1.0,1.4153244495391846,1.6752030849456787,1.6752030849456787,2.674635648727417,0.11532925069332123,0,True
851,0.8874051570892334,0.1543356329202652,1.0,1.4639532566070557,1.7130789756774902,1.7130789756774902,2.710538148880005,0.11750659346580505,0,True
852,0.8789045214653015,0.1619539111852646,1.0,1.4169652462005615,1.6260778903961182,1.6260778903961182,2.6818044185638428,0.12849633395671844,0,True
853,0.8764735460281372,0.16233593225479126,1.0,1.3682070970535278,1.609478235244751,1.609478235244751,2.481264114379883,0.1287163645029068,0,True
854,0.8642841577529907,0.1648344248533249,1.0,1.3689188957214355,1.5511415004730225,1.5511415004730225,2.5193374156951904,0.13283076882362366,0,True
855,0.8643046617507935,0.1667848378419876,1.0,1.3768844604492188,1.556540608406067,1.556540608406067,2.441998243331909,0.12180430442094803,0,True
856,0.8606510758399963,0.17390374839305878,1.0,1.396982192993164,1.5291061401367188,1.5291061401367188,2.492004632949829,0.12049507349729538,0,True
857,0.8597401976585388,0.18015214800834656,1.0,1.4360260963439941,1.6123137474060059,1.6123137474060059,2.6116437911987305,0.1221005767583847,0,True
858,0.8886961936950684,0.15271808207035065,1.0,1.4758710861206055,1.6917322874069214,1.6917322874069214,2.8492109775543213,0.11724831908941269,0,True
859,0.8671462535858154,0.1790233552455902,1.0,1.4072728157043457,1.6319146156311035,1.6319146156311035,2.619199275970459,0.13240711390972137,0,True
860,0.866933286190033,0.1777382344007492,1.0,1.4133329391479492,1.718221664428711,1.718221664428711,2.5802903175354004,0.12059971690177917,0,True
861,0.8912960886955261,0.1638191044330597,1.0,1.4360320568084717,1.6777546405792236,1.6777546405792236,2.6690268516540527,0.11591695994138718,0,True
862,0.8851096630096436,0.14751183986663818,1.0,1.3914403915405273,1.603549599647522,1.603549599647522,2.6514217853546143,0.11830990016460419,0,True
863,0.8752143383026123,0.16157077252864838,1.0,1.3606388568878174,1.5502527952194214,1.5502527952194214,2.46899676322937,0.11147820949554443,0,True
864,0.8793879151344299,0.16082867980003357,1.0,1.3795557022094727,1.5343036651611328,1.5343036651611328,2.5877976417541504,0.11010697484016418,0,True
865,0.8780732154846191,0.1557450145483017,1.0,1.3831596374511719,1.5188723802566528,1.5188723802566528,2.554147720336914,0.12948788702487946,0,True
866,0.862391471862793,0.17531424760818481,1.0,1.3859082460403442,1.5310907363891602,1.5310907363891602,2.481830596923828,0.13749855756759644,0,True
867,0.8811179399490356,0.16007938981056213,1.0,1.463234305381775,1.6603398323059082,1.6603398323059082,2.555961847305298,0.11761148273944855,0,True
868,0.8885979652404785,0.16650500893592834,1.0,1.487175703048706,1.7074289321899414,1.7074289321899414,2.710197925567627,0.12035152316093445,0,True
869,0.873759925365448,0.16859708726406097,1.0,1.4289188385009766,1.6956157684326172,1.6956157684326172,2.779045581817627,0.12413349747657776,0,True
870,0.8634833693504333,0.17546477913856506,1.0,1.4097331762313843,1.6774265766143799,1.6774265766143799,2.546834945678711,0.12496571242809296,0,True
871,0.8790919780731201,0.15610691905021667,1.0,1.4603397846221924,1.7330632209777832,1.7330632209777832,2.6208913326263428,0.13884055614471436,0,True
872,0.8787962794303894,0.1710996925830841,1.0,1.4139472246170044,1.6218676567077637,1.6218676567077637,2.5387985706329346,0.1238577589392662,0,True
873,0.8448037505149841,0.1856737583875656,1.0,1.3139125108718872,1.5091595649719238,1.5091595649719238,2.395256519317627,0.13449148833751678,0,True
874,0.8597122430801392,0.1686493456363678,1.0,1.3836134672164917,1.5742824077606201,1.5742824077606201,2.6119420528411865,0.12685072422027588,0,True
875,0.873382031917572,0.1664622575044632,1.0,1.4200458526611328,1.5731768608093262,1.5731768608093262,2.7665653228759766,0.1296509951353073,0,True
876,0.8667944669723511,0.1729629933834076,1.0,1.434488296508789,1.5844933986663818,1.5844933986663818,2.72811222076416,0.1399163007736206,0,True
877,0.8798616528511047,0.15705889463424683,1.0,1.4610530138015747,1.6446771621704102,1.6446771621704102,2.718323230743408,0.13688552379608154,0,True
878,0.8803530931472778,0.164969339966774,1.0,1.482647180557251,1.7031265497207642,1.7031265497207642,2.5321733951568604,0.13261157274246216,0,True
879,0.8932566046714783,0.1454363316297531,1.0,1.471818208694458,1.7116055488586426,1.7116055488586426,2.4980857372283936,0.127498060464859,0,True
880,0.8707925081253052,0.16261263191699982,1.0,1.4078946113586426,1.6270027160644531,1.6270027160644531,2.5179684162139893,0.12370794266462326,0,True
881,0.8918726444244385,0.15206918120384216,1.0,1.4125611782073975,1.6682274341583252,1.6682274341583252,2.682595729827881,0.12201493233442307,0,True
882,0.870947539806366,0.16636823117733002,1.0,1.3862956762313843,1.5766448974609375,1.5766448974609375,2.4632925987243652,0.11437221616506577,0,True
883,0.8660969138145447,0.1708519458770752,1.0,1.407590389251709,1.614969253540039,1.614969253540039,2.5242269039154053,0.11277271807193756,0,True
884,0.8704730868339539,0.17426633834838867,1.0,1.416092872619629,1.5795422792434692,1.5795422792434692,2.579859972000122,0.12457408756017685,0,True
885,0.8773847818374634,0.1674373745918274,1.0,1.4146595001220703,1.5954701900482178,1.5954701900482178,2.550694704055786,0.13465850055217743,0,True
886,0.8714890480041504,0.1641155183315277,1.0,1.398054599761963,1.5979554653167725,1.5979554653167725,2.508358955383301,0.13615556061267853,0,True
887,0.8675642013549805,0.17597529292106628,1.0,1.4198956489562988,1.6070386171340942,1.6070386171340942,2.623774766921997,0.12585322558879852,0,True
888,0.8900257349014282,0.1467832326889038,1.0,1.434971809387207,1.6572818756103516,1.6572818756103516,2.5133650302886963,0.1296127438545227,0,True
889,0.8835952281951904,0.16518762707710266,1.0,1.4236805438995361,1.6125385761260986,1.6125385761260986,2.6777842044830322,0.11674890667200089,0,True
890,0.9096407890319824,0.14047503471374512,1.0,1.453502893447876,1.6959019899368286,1.6959019899368286,2.7134664058685303,0.12465469539165497,0,True
891,0.9008122682571411,0.14103229343891144,1.0,1.390725016593933,1.589930772781372,1.589930772781372,2.649644613265991,0.11307018995285034,0,True
892,0.8923147320747375,0.14522001147270203,1.0,1.3653149604797363,1.5994958877563477,1.5994958877563477,2.810494899749756,0.10977542400360107,0,True
893,0.8815397620201111,0.1616116166114807,1.0,1.3951411247253418,1.5831794738769531,1.5831794738769531,2.504957437515259,0.11738754063844681,0,True
894,0.9003986120223999,0.15320487320423126,1.0,1.4678568840026855,1.6443008184432983,1.6443008184432983,2.458972454071045,0.12189480662345886,0,True
895,0.9023535251617432,0.14950895309448242,1.0,1.4484755992889404,1.6234195232391357,1.6234195232391357,2.6336023807525635,0.11799372732639313,0,True
896,0.8936797976493835,0.1525263488292694,1.0,1.3824050426483154,1.6034470796585083,1.6034470796585083,2.5499439239501953,0.12738028168678284,0,True
897,0.8738424181938171,0.17508482933044434,1.0,1.4066753387451172,1.6137452125549316,1.6137452125549316,2.6732656955718994,0.12453053146600723,0,True
898,0.8844327926635742,0.1589144766330719,1.0,1.4247760772705078,1.6285784244537354,1.6285784244537354,2.5969557762145996,0.11749111860990524,0,True
899,0.8727390766143799,0.16128866374492645,1.0,1.432677984237671,1.6047024726867676,1.6047024726867676,2.6489951610565186,0.11612334847450256,0,True
900,0.9008104801177979,0.1484888345003128,1.0,1.471418857574463,1.687941312789917,1.687941312789917,2.643230676651001,0.11625127494335175,0,True
901,0.8710004091262817,0.17202791571617126,1.0,1.378542184829712,1.5977318286895752,1.5977318286895752,2.4189329147338867,0.11178741604089737,0,True
902,0.8848947882652283,0.15682604908943176,1.0,1.4001073837280273,1.6733739376068115,1.6733739376068115,2.6423940658569336,0.1270793378353119,0,True
903,0.884135901927948,0.1589268445968628,1.0,1.3911266326904297,1.5950474739074707,1.5950474739074707,2.331587553024292,0.13679006695747375,0,True
904,0.8540868759155273,0.1780136078596115,1.0,1.3809900283813477,1.566556453704834,1.566556453704834,2.44160795211792,0.13358542323112488,0,True
905,0.8744375705718994,0.16507801413536072,1.0,1.4392831325531006,1.6433827877044678,1.6433827877044678,3.025247573852539,0.1161881536245346,0,True
906,0.8734314441680908,0.16384436190128326,1.0,1.421808123588562,1.580458164215088,1.580458164215088,2.445465564727783,0.12111731618642807,0,True
907,0.8802657723426819,0.154680997133255,1.0,1.4010961055755615,1.6167925596237183,1.6167925596237183,2.514253854751587,0.12018776684999466,0,True
908,0.8526265621185303,0.17543268203735352,1.0,1.3965775966644287,1.5820881128311157,1.5820881128311157,2.5458171367645264,0.11950568854808807,0,True
909,0.8654949069023132,0.16785678267478943,1.0,1.4577085971832275,1.6896547079086304,1.6896547079086304,2.793973684310913,0.13111485540866852,0,True
910,0.8906875252723694,0.1546441614627838,1.0,1.4740290641784668,1.6783969402313232,1.6783969402313232,2.723654270172119,0.1272670477628708,0,True
911,0.8644019365310669,0.16265201568603516,1.0,1.3922953605651855,1.612330675125122,1.612330675125122,2.4049184322357178,0.1310815066099167,0,True
912,0.8900845050811768,0.14517971873283386,1.0,1.4013230800628662,1.6547414064407349,1.6547414064407349,2.896784782409668,0.1257776916027069,0,True
913,0.8828073740005493,0.1556832492351532,1.0,1.4000130891799927,1.5916390419006348,1.5916390419006348,2.7072298526763916,0.12761181592941284,0,True
914,0.8724163770675659,0.16417615115642548,1.0,1.4064254760742188,1.5941227674484253,1.5941227674484253,2.8675105571746826,0.12506963312625885,0,True
915,0.8721821308135986,0.1591525375843048,1.0,1.4052684307098389,1.5817792415618896,1.5817792415618896,2.729318618774414,0.10433250665664673,0,True
916,0.8660299777984619,0.17625144124031067,1.0,1.4219224452972412,1.5956435203552246,1.5956435203552246,2.682001829147339,0.1207369714975357,0,True
917,0.8840674161911011,0.15829598903656006,1.0,1.4474351406097412,1.6561331748962402,1.6561331748962402,2.634622573852539,0.12486254423856735,0,True
918,0.8829301595687866,0.1542774736881256,1.0,1.4241946935653687,1.6304612159729004,1.6304612159729004,2.668755292892456,0.11848487704992294,0,True
919,0.8775359392166138,0.1594763696193695,1.0,1.405332326889038,1.6635206937789917,1.6635206937789917,2.4843106269836426,0.12250931560993195,0,True
920,0.8981456756591797,0.14638492465019226,1.0,1.4329174757003784,1.6720917224884033,1.6720917224884033,2.6792612075805664,0.11264011263847351,0,True
921,0.8807505369186401,0.16868913173675537,1.0,1.4063606262207031,1.6104516983032227,1.6104516983032227,2.6734347343444824,0.13240858912467957,0,True
922,0.8873873949050903,0.15298110246658325,1.0,1.3883748054504395,1.6187056303024292,1.6187056303024292,2.6924960613250732,0.1374550610780716,0,True
923,0.8887693881988525,0.15726226568222046,1.0,1.415423035621643,1.6018874645233154,1.6018874645233154,2.59147047996521,0.13808557391166687,0,True
924,0.9042258262634277,0.13304665684700012,1.0,1.4289003610610962,1.6185314655303955,1.6185314655303955,2.685206651687622,0.1262458860874176,0,True
925,0.8869447708129883,0.14322522282600403,1.0,1.3624207973480225,1.552464485168457,1.552464485168457,2.2900102138519287,0.1265457570552826,0,True
926,0.875907838344574,0.16892609000205994,1.0,1.4243731498718262,1.5918335914611816,1.5918335914611816,2.774543046951294,0.1164102852344513,0,True
927,0.8839661478996277,0.1528049111366272,1.0,1.4445942640304565,1.6435887813568115,1.6435887813568115,2.733875274658203,0.1275262087583542,0,True
928,0.8782541155815125,0.1714661568403244,1.0,1.45317542552948,1.6422977447509766,1.6422977447509766,2.6129324436187744,0.12025731801986694,0,True
929,0.896132230758667,0.1508752405643463,1.0,1.4681999683380127,1.702289342880249,1.702289342880249,2.6284918785095215,0.12127263844013214,0,True
930,0.889822244644165,0.14996185898780823,1.0,1.4305121898651123,1.662697672843933,1.662697672843933,2.518697738647461,0.11956789344549179,0,True
931,0.9009061455726624,0.14408636093139648,1.0,1.4052739143371582,1.6427170038223267,1.6427170038223267,2.547553062438965,0.12589901685714722,0,True
932,0.8810533881187439,0.1545223444700241,1.0,1.3655084371566772,1.5681421756744385,1.5681421756744385,2.5047686100006104,0.12168321013450623,0,True
933,0.8740203380584717,0.15873464941978455,1.0,1.3827540874481201,1.5671100616455078,1.5671100616455078,2.6661624908447266,0.12576955556869507,0,True
934,0.8935067057609558,0.14052699506282806,1.0,1.4396600723266602,1.6114976406097412,1.6114976406097412,2.653860569000244,0.1262606680393219,0,True
935,0.8868230581283569,0.1455291211605072,1.0,1.4270294904708862,1.5787172317504883,1.5787172317504883,2.5007338523864746,0.1288994401693344,0,True
936,0.877409815788269,0.16252082586288452,1.0,1.4192769527435303,1.6056511402130127,1.6056511402130127,2.692474842071533,0.13186712563037872,0,True
937,0.8863763213157654,0.15717139840126038,1.0,1.4485387802124023,1.6443889141082764,1.6443889141082764,2.5329835414886475,0.13011640310287476,0,True
938,0.8865096569061279,0.16144120693206787,1.0,1.4281790256500244,1.6494567394256592,1.6494567394256592,2.443135976791382,0.10697045922279358,0,True
939,0.8786767721176147,0.16180647909641266,1.0,1.4302122592926025,1.6355259418487549,1.6355259418487549,2.726353406906128,0.10892100632190704,0,True
940,0.8894033432006836,0.15645116567611694,1.0,1.4422497749328613,1.6847038269042969,1.6847038269042969,2.699294328689575,0.11361829936504364,0,True
941,0.868857741355896,0.16685187816619873,1.0,1.4075167179107666,1.6330633163452148,1.6330633163452148,2.5280349254608154,0.1148454025387764,0,True
942,0.8825728297233582,0.15715980529785156,1.0,1.4114799499511719,1.6476657390594482,1.6476657390594482,2.533360004425049,0.12165062129497528,0,True
943,0.8861790299415588,0.15650537610054016,1.0,1.4027445316314697,1.595741629600525,1.595741629600525,2.5125346183776855,0.13575711846351624,0,True
944,0.8802398443222046,0.15363439917564392,1.0,1.3793742656707764,1.587930679321289,1.587930679321289,2.725663423538208,0.13565269112586975,0,True
945,0.8750557899475098,0.16020846366882324,1.0,1.4034311771392822,1.5621222257614136,1.5621222257614136,2.7000834941864014,0.12426170706748962,0,True
946,0.8580309152603149,0.17321789264678955,1.0,1.3935312032699585,1.5450026988983154,1.5450026988983154,2.7175652980804443,0.1300600916147232,0,True
947,0.8695195913314819,0.16293415427207947,1.0,1.423888087272644,1.599635124206543,1.599635124206543,2.587984800338745,0.1273168921470642,0,True
948,0.8598320484161377,0.17507506906986237,1.0,1.4361985921859741,1.6433024406433105,1.6433024406433105,2.7728421688079834,0.12718814611434937,0,True
949,0.8588073253631592,0.17544251680374146,1.0,1.4550894498825073,1.6726319789886475,1.6726319789886475,2.486417531967163,0.1167382299900055,0,True
950,0.8756649494171143,0.16225746273994446,1.0,1.4218776226043701,1.6610760688781738,1.6610760688781738,2.787876844406128,0.1367051899433136,0,True
951,0.8615757822990417,0.16837570071220398,1.0,1.3937029838562012,1.6677188873291016,1.6677188873291016,2.4900405406951904,0.11265827715396881,0,True
952,0.8682936429977417,0.17945998907089233,1.0,1.4228434562683105,1.6687438488006592,1.6687438488006592,2.8427915573120117,0.12834063172340393,0,True
953,0.86749267578125,0.17363685369491577,1.0,1.4197399616241455,1.6481455564498901,1.6481455564498901,2.758810043334961,0.11468268185853958,0,True
954,0.8757838606834412,0.1676279455423355,1.0,1.4112293720245361,1.606744408607483,1.606744408607483,2.662527084350586,0.11663125455379486,0,True
955,0.8496702909469604,0.1827256679534912,1.0,1.3418867588043213,1.5300228595733643,1.5300228595733643,2.733247995376587,0.13204477727413177,0,True
956,0.8638198971748352,0.16622622311115265,1.0,1.3936958312988281,1.5642513036727905,1.5642513036727905,2.5679755210876465,0.10591833293437958,0,True
957,0.8598214387893677,0.1765800416469574,1.0,1.4162461757659912,1.5694458484649658,1.5694458484649658,2.5959653854370117,0.11240684986114502,0,True
958,0.8690345287322998,0.17426052689552307,1.0,1.4585832357406616,1.6445447206497192,1.6445447206497192,2.4406325817108154,0.10950107872486115,0,True
959,0.8694967031478882,0.1703428030014038,1.0,1.4456193447113037,1.6554573774337769,1.6554573774337769,2.4659621715545654,0.12070097774267197,0,True
960,0.049321338534355164,0.9534071683883667,1.0,1.4580732583999634,1.7016079425811768,1.7016079425811768,2.662663221359253,0.006284699775278568,120,True
961,0.04959616810083389,0.9544267058372498,0.0625,1.2891273498535156,1.1226708889007568,1.1226708889007568,2.5991368293762207,2.152665853500366,0,True
962,0.03216884657740593,0.9770197868347168,0.0625,1.8229196071624756,1.5420432090759277,1.5420432090759277,3.6593146324157715,3.1385436058044434,0,True
963,0.015224266797304153,0.9925801753997803,0.0625,2.2013187408447266,0.9875825047492981,0.9875825047492981,3.3578593730926514,4.224998474121094,0,True
964,-0.03722000494599342,1.043249249458313,0.0625,2.533459424972534,0.7871807217597961,0.7871807217597961,3.6162877082824707,4.4283294677734375,0,True
965,-0.008270688354969025,1.0151302814483643,0.0625,2.5522570610046387,0.8953110575675964,0.8953110575675964,3.732879638671875,3.324435234069824,0,True
966,0.018770979717373848,0.9838195443153381,0.0625,2.0786423683166504,1.1685028076171875,1.1685028076171875,3.184263229370117,2.0168962478637695,0,True
967,0.0655260682106018,0.9396616220474243,0.0625,1.6654951572418213,1.415748119354248,1.415748119354248,3.4452931880950928,1.2225689888000488,0,True
968,0.10524553060531616,0.9003783464431763,0.0625,1.424063801765442,1.5363235473632812,1.5363235473632812,3.519700288772583,0.8181073665618896,0,True
969,0.14788103103637695,0.8545641303062439,0.0625,1.3410552740097046,1.6457490921020508,1.6457490921020508,3.464855670928955,0.5995282530784607,0,True
970,0.160040482878685,0.8441319465637207,0.0625,1.2349903583526611,1.6655949354171753,1.6655949354171753,3.3858532905578613,0.4193745255470276,0,True
971,0.1702280342578888,0.8381915092468262,0.0625,1.145904541015625,1.6456632614135742,1.6456632614135742,3.395850896835327,0.3292751908302307,0,True
972,0.18913212418556213,0.820159912109375,0.0625,1.0911715030670166,1.5610169172286987,1.5610169172286987,3.2842583656311035,0.3100859522819519,0,True
973,0.19763195514678955,0.8119697570800781,0.0625,1.0470696687698364,1.5232570171356201,1.5232570171356201,3.1135878562927246,0.2795587480068207,0,True
974,0.20913589000701904,0.7977496385574341,0.0625,1.0466123819351196,1.4805376529693604,1.4805376529693604,3.0421204566955566,0.2642107605934143,0,True
975,0.21411293745040894,0.7906942367553711,0.0625,1.052253007888794,1.4618936777114868,1.4618936777114868,2.9889142513275146,0.28035253286361694,0,True
976,0.22275012731552124,0.7799981832504272,0.0625,1.1173572540283203,1.4819284677505493,1.4819284677505493,2.772620439529419,0.2674241065979004,0,True
977,0.24697911739349365,0.7565476894378662,0.0625,1.1668192148208618,1.5371999740600586,1.5371999740600586,2.634873151779175,0.2933651804924011,0,True
978,0.2783058285713196,0.7272146940231323,0.0625,1.2312065362930298,1.5818760395050049,1.5818760395050049,3.214902400970459,0.2786753475666046,0,True
979,0.3121647834777832,0.6982601881027222,0.0625,1.273892879486084,1.6009163856506348,1.6009163856506348,3.1325340270996094,0.3030274212360382,0,True
980,0.367492139339447,0.6418231129646301,0.0625,1.3757061958312988,1.6680686473846436,1.6680686473846436,3.150919198989868,0.3129075765609741,0,True
981,0.38577884435653687,0.6242312788963318,0.0625,1.3339853286743164,1.5714049339294434,1.5714049339294434,2.6254773139953613,0.2997874617576599,0,True
982,0.39353111386299133,0.6152703166007996,0.0625,1.3018205165863037,1.5175920724868774,1.5175920724868774,2.7527849674224854,0.2826846241950989,0,True
983,0.42811161279678345,0.5823168754577637,0.0625,1.314537525177002,1.4626657962799072,1.4626657962799072,3.03157901763916,0.2426193505525589,0,True
984,0.4467776417732239,0.5600285530090332,0.0625,1.3165569305419922,1.408492088317871,1.408492088317871,2.9113118648529053,0.23900702595710754,0,True
985,0.4441356062889099,0.5629090666770935,0.0625,1.3662242889404297,1.4369275569915771,1.4369275569915771,3.336677074432373,0.25074058771133423,0,True
986,0.4812883734703064,0.5260003805160522,0.0625,1.3906863927841187,1.4902057647705078,1.4902057647705078,3.0721981525421143,0.25207436084747314,0,True
987,0.49559739232063293,0.5116743445396423,0.0625,1.373405933380127,1.4942325353622437,1.4942325353622437,2.6439626216888428,0.2577368915081024,0,True
988,0.521088182926178,0.48539525270462036,0.0625,1.4308717250823975,1.5574054718017578,1.5574054718017578,4.14166259765625,0.22316735982894897,0,True
989,0.5291865468025208,0.4836301803588867,0.0625,1.441051721572876,1.5568835735321045,1.5568835735321045,4.102575778961182,0.21770282089710236,0,True
990,0.5489609241485596,0.46162864565849304,0.0625,1.3753951787948608,1.5394614934921265,1.5394614934921265,3.0353639125823975,0.25367051362991333,0,True
991,0.5850247740745544,0.4383159279823303,0.078125,1.3860199451446533,1.5611650943756104,1.5611650943756104,2.547513723373413,0.2337547242641449,0,True
992,0.5958731174468994,0.4202762842178345,0.0859375,1.3463006019592285,1.540719747543335,1.540719747543335,3.3382225036621094,0.22494079172611237,0,True
993,0.6015853881835938,0.4129409193992615,0.09375,1.3071012496948242,1.4736506938934326,1.4736506938934326,3.80889630317688,0.22283285856246948,0,True
994,0.5831880569458008,0.42651546001434326,0.09375,1.277101755142212,1.4058010578155518,1.4058010578155518,2.7362656593322754,0.22197391092777252,0,True
995,0.5988667011260986,0.4116089344024658,0.1015625,1.3619062900543213,1.4465827941894531,1.4465827941894531,2.6497108936309814,0.22917456924915314,0,True
996,0.5868788957595825,0.4257955849170685,0.1015625,1.3893636465072632,1.4541480541229248,1.4541480541229248,2.820267915725708,0.2098304033279419,0,True
997,0.6229181885719299,0.3951020836830139,0.109375,1.4823403358459473,1.600637435913086,1.600637435913086,2.891756296157837,0.22694092988967896,0,True
998,0.6273515224456787,0.381600558757782,0.1328125,1.4615347385406494,1.6264688968658447,1.6264688968658447,3.6817054748535156,0.23388779163360596,0,True
999,0.6256726384162903,0.3856099843978882,0.15625,1.408179521560669,1.6372084617614746,1.6372084617614746,2.7262697219848633,0.22192341089248657,1,True
1000,0.6634280681610107,0.34487050771713257,0.1640625,1.4749882221221924,1.7211936712265015,1.7211936712265015,2.8974809646606445,0.22965559363365173,0,True
