step,mean_vel_x,mean_abs_vx_error,p2_fault_active_mean,residual_action_mean_norm,final_action_mean_norm,base_action_mean_norm,residual_action_max_norm,mean_abs_yaw_error,done_count,no_nan_inf
1,0.022244587540626526,0.9777553081512451,0.0,1.0498050451278687,0.8918578624725342,0.9142557978630066,1.3388910293579102,1.9985554218292236,0,True
2,0.035885654389858246,0.9681751728057861,0.0,1.8072706460952759,1.5642459392547607,1.5886073112487793,3.338090658187866,2.965672492980957,0,True
3,0.016751525923609734,0.9874277114868164,0.0,2.2095417976379395,0.9803587794303894,1.0152502059936523,3.388667106628418,4.207144737243652,0,True
4,-0.07183767110109329,1.0734056234359741,0.0,2.5344882011413574,0.8360122442245483,0.8687136173248291,3.6082231998443604,4.572380542755127,0,True
5,-0.0413079634308815,1.0413079261779785,0.0,2.555737257003784,0.9869935512542725,1.0189794301986694,3.4509739875793457,3.3840696811676025,0,True
6,-0.034373149275779724,1.034373164176941,0.0,2.178013324737549,1.1838045120239258,1.2121045589447021,3.463019371032715,2.4234848022460938,0,True
7,0.005190931260585785,0.9948090314865112,0.0,1.8966965675354004,1.378623604774475,1.4002569913864136,3.390268564224243,1.549034833908081,0,True
8,0.0660007894039154,0.9339991807937622,0.0,1.6528184413909912,1.6003010272979736,1.6144788265228271,3.769049882888794,0.8942368030548096,0,True
9,0.10685288906097412,0.8936967849731445,0.0,1.5347740650177002,1.7247724533081055,1.7352843284606934,3.674621820449829,0.5240317583084106,0,True
10,0.12272009998559952,0.8779495358467102,0.0,1.3849130868911743,1.7316765785217285,1.7361869812011719,3.534111261367798,0.4124513864517212,0,True
11,0.1323038786649704,0.8682875633239746,0.0,1.246544361114502,1.6710636615753174,1.6733825206756592,3.65374755859375,0.310802698135376,0,True
12,0.14340758323669434,0.8566844463348389,0.0,1.2429225444793701,1.6438136100769043,1.6474593877792358,3.5695159435272217,0.30712735652923584,0,True
13,0.16878733038902283,0.8315927386283875,0.0,1.2366743087768555,1.6429810523986816,1.6503112316131592,3.4195096492767334,0.2732229232788086,0,True
14,0.19000335037708282,0.8106178045272827,0.0,1.2125895023345947,1.5882256031036377,1.597182273864746,3.3611960411071777,0.2445501685142517,0,True
15,0.18819007277488708,0.8118098974227905,0.0,1.1694707870483398,1.5469151735305786,1.55613112449646,3.251847267150879,0.23925729095935822,0,True
16,0.20276007056236267,0.7980284690856934,0.0,1.217270851135254,1.5707303285598755,1.5833253860473633,3.0704126358032227,0.21630796790122986,0,True
17,0.22762852907180786,0.7723714709281921,0.0,1.2083022594451904,1.550801396369934,1.5645761489868164,2.942544460296631,0.24557462334632874,0,True
18,0.26521041989326477,0.7356885075569153,0.0,1.3303697109222412,1.6127464771270752,1.6300718784332275,2.955350637435913,0.214168518781662,0,True
19,0.28876250982284546,0.7171549797058105,0.0,1.2766566276550293,1.569518804550171,1.586287260055542,2.8150734901428223,0.255344033241272,0,True
20,0.2970731258392334,0.7076852321624756,0.0,1.2983957529067993,1.5700184106826782,1.5880167484283447,2.9436988830566406,0.25198894739151,0,True
21,0.30319344997406006,0.7005367279052734,0.0,1.3068721294403076,1.5241438150405884,1.5425630807876587,2.8421237468719482,0.25100547075271606,0,True
22,0.3380957543849945,0.6685055494308472,0.0,1.3789911270141602,1.560570240020752,1.58176851272583,3.2579052448272705,0.21787501871585846,0,True
23,0.35814031958580017,0.6445844173431396,0.0,1.3864893913269043,1.5454342365264893,1.5673480033874512,2.8600525856018066,0.2303093671798706,0,True
24,0.37996548414230347,0.6214102506637573,0.0,1.3669294118881226,1.490067481994629,1.5111035108566284,2.937880754470825,0.24255633354187012,0,True
25,0.399854838848114,0.6017402410507202,0.0,1.3543750047683716,1.4716737270355225,1.4925134181976318,3.156257152557373,0.25026899576187134,0,True
26,0.40335506200790405,0.5988691449165344,0.0,1.3409876823425293,1.4608376026153564,1.4816005229949951,2.722548484802246,0.2287389039993286,0,True
27,0.3979366421699524,0.6040911674499512,0.0,1.3646974563598633,1.4678075313568115,1.4894976615905762,3.895653486251831,0.21471834182739258,0,True
28,0.41241639852523804,0.5897992849349976,0.0,1.3684189319610596,1.489396095275879,1.5119225978851318,2.606194257736206,0.20945516228675842,0,True
29,0.434589684009552,0.5690173506736755,0.0,1.382081151008606,1.4824433326721191,1.505675196647644,3.13893985748291,0.23850056529045105,0,True
30,0.43133145570755005,0.5697976350784302,0.0,1.322429895401001,1.4865045547485352,1.5084023475646973,2.343749523162842,0.23023907840251923,0,True
31,0.45247724652290344,0.5480692982673645,0.0,1.3926749229431152,1.5381911993026733,1.5616471767425537,3.7861053943634033,0.21478688716888428,0,True
32,0.432556688785553,0.56747967004776,0.0,1.3287262916564941,1.5056568384170532,1.5280251502990723,2.6185462474823,0.20180562138557434,0,True
33,0.4478501081466675,0.5539081692695618,0.0,1.343470573425293,1.5265324115753174,1.5493366718292236,3.006911516189575,0.23867210745811462,0,True
34,0.46798545122146606,0.5368990302085876,0.0,1.379727840423584,1.5240753889083862,1.5481898784637451,3.401477813720703,0.245955690741539,0,True
35,0.4618222117424011,0.5444027781486511,0.0,1.3517413139343262,1.4856469631195068,1.5088281631469727,2.805295944213867,0.22736187279224396,0,True
36,0.48716917634010315,0.5179389715194702,0.0,1.3828351497650146,1.543777585029602,1.568258285522461,2.6889686584472656,0.21684801578521729,0,True
37,0.4845544099807739,0.5195045471191406,0.0,1.3651740550994873,1.5159356594085693,1.539963722229004,2.6569416522979736,0.21519170701503754,0,True
38,0.499168336391449,0.507391095161438,0.0,1.3415188789367676,1.5344555377960205,1.5581271648406982,2.519550085067749,0.20873108506202698,0,True
39,0.5306479930877686,0.4741896986961365,0.0,1.4075522422790527,1.5459582805633545,1.5710456371307373,3.4304778575897217,0.20024898648262024,0,True
40,0.5269172191619873,0.4756600558757782,0.0,1.366390347480774,1.5193884372711182,1.5434596538543701,2.82474422454834,0.23530897498130798,0,True
41,0.5373049378395081,0.471260666847229,0.0,1.3678743839263916,1.513169288635254,1.5370045900344849,2.8305013179779053,0.20317202806472778,0,True
42,0.5556710362434387,0.456898957490921,0.0,1.3734970092773438,1.5291171073913574,1.5535156726837158,2.9360191822052,0.20300891995429993,0,True
43,0.5475168824195862,0.46198922395706177,0.0,1.3424427509307861,1.499457836151123,1.523314118385315,2.4502573013305664,0.20221665501594543,0,True
44,0.5678795576095581,0.4429108798503876,0.0,1.3749361038208008,1.5378377437591553,1.5619373321533203,2.7154488563537598,0.19006475806236267,0,True
45,0.5628179311752319,0.4458879828453064,0.0,1.355210781097412,1.5025877952575684,1.5258007049560547,2.6949574947357178,0.20196141302585602,0,True
46,0.5816897749900818,0.42898887395858765,0.0,1.3665964603424072,1.5284950733184814,1.5520204305648804,2.4885520935058594,0.19596880674362183,0,True
47,0.6053875088691711,0.41029250621795654,0.0,1.405557632446289,1.515416145324707,1.540210247039795,3.063415288925171,0.18817520141601562,0,True
48,0.6183629035949707,0.39815688133239746,0.0,1.3698830604553223,1.5185878276824951,1.542042851448059,2.733548879623413,0.20917214453220367,0,True
49,0.6306626796722412,0.38682064414024353,0.0,1.42954683303833,1.5699009895324707,1.594365119934082,4.448980808258057,0.18184182047843933,0,True
50,0.6366115808486938,0.38501399755477905,0.0,1.4488786458969116,1.5606660842895508,1.5862480401992798,4.26177453994751,0.17686699330806732,0,True
51,0.6257584691047668,0.39015263319015503,0.0,1.416024088859558,1.5461862087249756,1.5708144903182983,3.2250142097473145,0.19402679800987244,0,True
52,0.634570300579071,0.38459980487823486,0.0,1.4053304195404053,1.5260791778564453,1.5496526956558228,3.642531394958496,0.18832328915596008,0,True
53,0.6286182999610901,0.39110803604125977,0.0,1.4012553691864014,1.4921770095825195,1.5157712697982788,3.972761869430542,0.20091867446899414,0,True
54,0.6298754215240479,0.39010316133499146,0.0,1.379032850265503,1.4908616542816162,1.513883352279663,3.935760498046875,0.22267374396324158,0,True
55,0.6402082443237305,0.37649667263031006,0.0,1.4614685773849487,1.5674829483032227,1.592466950416565,3.81076717376709,0.21867653727531433,0,True
56,0.6444264650344849,0.37700629234313965,0.0,1.4546540975570679,1.5315473079681396,1.5567336082458496,3.972088575363159,0.21232493221759796,0,True
57,0.6559377312660217,0.3696073293685913,0.0,1.4713815450668335,1.5630006790161133,1.5883787870407104,4.104748725891113,0.20626132190227509,0,True
58,0.6743403673171997,0.34974145889282227,0.0,1.5048198699951172,1.591003179550171,1.6165010929107666,5.280908584594727,0.19568771123886108,0,True
59,0.6543986797332764,0.3795357346534729,0.0,1.4705562591552734,1.5884824991226196,1.6135557889938354,4.177125930786133,0.20745554566383362,0,True
60,0.6517741084098816,0.3849564790725708,0.0,1.466740369796753,1.589223861694336,1.6153239011764526,2.7185280323028564,0.20244421064853668,0,True
61,0.6724405288696289,0.36416447162628174,0.0,1.447271704673767,1.5616776943206787,1.5868436098098755,3.123109817504883,0.20368121564388275,0,True
62,0.6937146782875061,0.3426511883735657,0.0,1.4416382312774658,1.57485032081604,1.600211501121521,2.7864603996276855,0.20687556266784668,1,True
63,0.6889941692352295,0.3453054130077362,0.0,1.4073470830917358,1.5084736347198486,1.532698631286621,2.565464973449707,0.21014542877674103,0,True
64,0.699823260307312,0.3293425440788269,0.0,1.4468743801116943,1.5327861309051514,1.5579006671905518,2.9152450561523438,0.24654632806777954,0,True
65,0.696338951587677,0.32451608777046204,0.0,1.4843647480010986,1.5651776790618896,1.5915381908416748,3.8325891494750977,0.23649047315120697,0,True
66,0.6957188844680786,0.32148075103759766,0.0,1.4707579612731934,1.5692883729934692,1.5954638719558716,3.43394136428833,0.25314468145370483,0,True
67,0.6831828355789185,0.3355693221092224,0.0,1.4635353088378906,1.558058500289917,1.5837347507476807,3.3261377811431885,0.2712109386920929,0,True
68,0.6896302700042725,0.3307081460952759,0.0,1.442062258720398,1.5463039875030518,1.5708410739898682,2.9735753536224365,0.21968021988868713,0,True
69,0.6910773515701294,0.32362866401672363,0.0,1.4424594640731812,1.553033709526062,1.5780891180038452,2.6879937648773193,0.1862693428993225,0,True
70,0.6792047023773193,0.3322931230068207,0.0,1.4712915420532227,1.5623775720596313,1.587226152420044,4.382129192352295,0.23591895401477814,0,True
71,0.676681399345398,0.3396092653274536,0.0,1.4536643028259277,1.5969536304473877,1.6224937438964844,2.9248151779174805,0.21442675590515137,0,True
72,0.6948094367980957,0.32760077714920044,0.0,1.4513201713562012,1.604012370109558,1.6296287775039673,2.734910011291504,0.20599989593029022,0,True
73,0.6772871017456055,0.34426403045654297,0.0,1.4019478559494019,1.5458765029907227,1.5699515342712402,2.784315586090088,0.19928264617919922,1,True
74,0.7093671560287476,0.31417563557624817,0.0,1.4473201036453247,1.6008281707763672,1.6264742612838745,3.5375852584838867,0.21431368589401245,1,True
75,0.6828771829605103,0.3354049324989319,0.0,1.4214202165603638,1.5513862371444702,1.5764117240905762,2.9171249866485596,0.20748716592788696,1,True
76,0.6777014136314392,0.33870843052864075,0.0,1.4111394882202148,1.5712125301361084,1.595935344696045,2.748060703277588,0.24710577726364136,0,True
77,0.6964902877807617,0.31256288290023804,0.0,1.4590855836868286,1.5994929075241089,1.6258800029754639,2.6684579849243164,0.2793924808502197,0,True
78,0.6799905300140381,0.328471839427948,0.0,1.4360098838806152,1.5091350078582764,1.5342376232147217,3.078321933746338,0.32825762033462524,0,True
79,0.6727262735366821,0.3341180086135864,0.0,1.4073011875152588,1.5100806951522827,1.5346317291259766,3.3804233074188232,0.29332470893859863,0,True
80,0.6680470108985901,0.34267133474349976,0.0,1.4527499675750732,1.5231106281280518,1.5487043857574463,2.942408323287964,0.20629173517227173,0,True
81,0.6726847887039185,0.33687084913253784,0.0,1.412086009979248,1.5682053565979004,1.5936733484268188,2.6083953380584717,0.16877825558185577,0,True
82,0.690750241279602,0.3160243630409241,0.0,1.443363070487976,1.5998306274414062,1.6263670921325684,3.118711233139038,0.18671630322933197,0,True
83,0.688908576965332,0.31685346364974976,0.0,1.3849961757659912,1.5751521587371826,1.600048542022705,2.8620243072509766,0.18566980957984924,0,True
84,0.6819636821746826,0.3283514082431793,0.0,1.355485200881958,1.5846643447875977,1.6087108850479126,2.6267616748809814,0.19022059440612793,0,True
85,0.6818740963935852,0.3265814781188965,0.0,1.4052059650421143,1.6035782098770142,1.628989338874817,2.744396448135376,0.15370015799999237,0,True
86,0.6984199285507202,0.30401310324668884,0.0,1.4364209175109863,1.599457859992981,1.6257209777832031,2.6737163066864014,0.14397084712982178,0,True
87,0.6942882537841797,0.3091146945953369,0.0,1.3501935005187988,1.5448546409606934,1.5690762996673584,2.68805193901062,0.14742901921272278,0,True
88,0.6872166991233826,0.31722068786621094,0.0,1.3250782489776611,1.5253245830535889,1.548354148864746,2.6143901348114014,0.1562471091747284,0,True
89,0.6929956674575806,0.3100358843803406,0.0,1.367714524269104,1.5612902641296387,1.5857994556427002,2.409615993499756,0.14094778895378113,0,True
90,0.704351544380188,0.30213600397109985,0.0,1.4017088413238525,1.5407991409301758,1.5661230087280273,2.510265588760376,0.12650346755981445,0,True
91,0.7062559127807617,0.30383580923080444,0.0,1.379820704460144,1.5264017581939697,1.551382303237915,2.752016305923462,0.13393038511276245,0,True
92,0.7027623653411865,0.30620667338371277,0.0,1.3931488990783691,1.5472276210784912,1.5722980499267578,2.67121958732605,0.13204017281532288,0,True
93,0.7118103504180908,0.2993014454841614,0.0,1.387090802192688,1.5684365034103394,1.5933189392089844,2.808382034301758,0.1390700489282608,0,True
94,0.7205051779747009,0.2902350127696991,0.0,1.4187349081039429,1.5871987342834473,1.6129642724990845,2.8073179721832275,0.14056703448295593,0,True
95,0.7226405143737793,0.286093533039093,0.0,1.413576364517212,1.584365725517273,1.610111951828003,2.9777755737304688,0.13665878772735596,1,True
96,0.7274954319000244,0.27815529704093933,0.0,1.400390863418579,1.5715086460113525,1.5971795320510864,2.6204113960266113,0.14359740912914276,0,True
97,0.7268967628479004,0.27590203285217285,0.0,1.41152024269104,1.5692205429077148,1.59531831741333,2.92021107673645,0.1637723296880722,0,True
98,0.7222057580947876,0.2796727418899536,0.0,1.4059271812438965,1.540448546409607,1.565540075302124,2.462742328643799,0.17088016867637634,0,True
99,0.718756914138794,0.2875267565250397,0.0,1.4066015481948853,1.5656102895736694,1.5913352966308594,2.674326181411743,0.17415107786655426,0,True
100,0.745782732963562,0.2612972855567932,0.0,1.469083547592163,1.5756123065948486,1.602627158164978,3.162205696105957,0.15275876224040985,0,True
101,0.7387934923171997,0.26833775639533997,0.0,1.4216662645339966,1.5366437435150146,1.5626416206359863,3.917833089828491,0.14257627725601196,0,True
102,0.7336609363555908,0.27290940284729004,0.0,1.3970882892608643,1.5697903633117676,1.5949318408966064,2.7231974601745605,0.12882767617702484,0,True
103,0.7356577515602112,0.2678242623806,0.0,1.4094771146774292,1.5713863372802734,1.5966289043426514,2.787442207336426,0.13780733942985535,0,True
104,0.7320135831832886,0.27693599462509155,0.0,1.4153722524642944,1.5666649341583252,1.5922350883483887,2.641920804977417,0.13990360498428345,0,True
105,0.7169458866119385,0.28839045763015747,0.0,1.4167437553405762,1.5371313095092773,1.5623098611831665,2.6428771018981934,0.12474321573972702,0,True
106,0.7444115281105042,0.2638721764087677,0.0,1.4339091777801514,1.5986748933792114,1.6248652935028076,2.6456892490386963,0.13307934999465942,0,True
107,0.7486587762832642,0.2577623724937439,0.0,1.4268462657928467,1.5790935754776,1.6049225330352783,2.6602375507354736,0.14250701665878296,0,True
108,0.7393102049827576,0.266689658164978,0.0,1.3842754364013672,1.5703455209732056,1.5952296257019043,2.629688024520874,0.13358576595783234,0,True
109,0.7345114946365356,0.270197331905365,0.0,1.391024112701416,1.5692206621170044,1.5940566062927246,2.5945496559143066,0.1474706530570984,0,True
110,0.7495566606521606,0.2600593566894531,0.0,1.4384775161743164,1.6180248260498047,1.6442244052886963,2.6927154064178467,0.1349145770072937,0,True
111,0.7358500361442566,0.2772524952888489,0.0,1.402493953704834,1.5443611145019531,1.569570779800415,2.9545176029205322,0.12599217891693115,0,True
112,0.7398092746734619,0.2692353129386902,0.0,1.3778692483901978,1.5686808824539185,1.5935866832733154,2.7010958194732666,0.10619545727968216,0,True
113,0.7374513149261475,0.2687193751335144,0.0,1.3973033428192139,1.554232120513916,1.5791655778884888,2.757179021835327,0.12570756673812866,0,True
114,0.7494226694107056,0.2550867199897766,0.0,1.4013116359710693,1.5705740451812744,1.595815896987915,2.485989809036255,0.14558002352714539,0,True
115,0.7478662729263306,0.25814586877822876,0.0,1.39485764503479,1.532536268234253,1.5573819875717163,2.6167945861816406,0.11915092170238495,0,True
116,0.7683507204055786,0.2427075207233429,0.0,1.4669619798660278,1.597976565361023,1.6247891187667847,2.7366743087768555,0.13313263654708862,0,True
117,0.7565259337425232,0.2517470419406891,0.0,1.4281091690063477,1.5710251331329346,1.5968117713928223,2.585505723953247,0.11867240071296692,0,True
118,0.7606018781661987,0.244780033826828,0.0,1.4454536437988281,1.5942213535308838,1.6205122470855713,2.899210214614868,0.1489797830581665,0,True
119,0.755034327507019,0.24874794483184814,0.0,1.4127166271209717,1.5752009153366089,1.6003073453903198,2.542689323425293,0.1405867040157318,1,True
120,0.7807542085647583,0.2233603149652481,0.0,1.4324336051940918,1.6200599670410156,1.6462262868881226,2.691293716430664,0.13411492109298706,0,True
121,0.7608798146247864,0.24294757843017578,0.0,1.3847041130065918,1.5455811023712158,1.5701749324798584,2.531015157699585,0.1419599950313568,0,True
122,0.7684240341186523,0.23613688349723816,0.0,1.408235788345337,1.587022066116333,1.612120270729065,2.73427414894104,0.15056347846984863,0,True
123,0.758068323135376,0.2444474697113037,0.0,1.3985264301300049,1.5361286401748657,1.5608336925506592,2.482795238494873,0.155574768781662,0,True
124,0.7784878611564636,0.22739355266094208,0.0,1.4392750263214111,1.5703424215316772,1.5961952209472656,2.7340824604034424,0.16892631351947784,1,True
125,0.7698945999145508,0.23444578051567078,0.0,1.4392423629760742,1.5500030517578125,1.5763949155807495,2.6097850799560547,0.19352051615715027,0,True
126,0.7941560745239258,0.21689796447753906,0.0,1.4712295532226562,1.6071635484695435,1.6344468593597412,2.709602117538452,0.19705459475517273,0,True
127,0.7850924730300903,0.2182672619819641,0.0,1.434112548828125,1.5705987215042114,1.5965685844421387,2.644906759262085,0.19327136874198914,0,True
128,0.7773921489715576,0.23082467913627625,0.0,1.4148709774017334,1.5869653224945068,1.6123430728912354,2.5195770263671875,0.1814660131931305,1,True
129,0.7870934009552002,0.2262653112411499,0.0,1.4200918674468994,1.5704848766326904,1.596739649772644,2.624530553817749,0.1817610263824463,0,True
130,0.7955496311187744,0.2205176055431366,0.0,1.4270468950271606,1.5703210830688477,1.5962870121002197,2.767711877822876,0.14632903039455414,0,True
131,0.7895327210426331,0.22348570823669434,0.0,1.41196608543396,1.54331636428833,1.5685940980911255,2.8743438720703125,0.15946301817893982,0,True
132,0.7961205840110779,0.21650388836860657,0.0,1.427235722541809,1.5800690650939941,1.6059588193893433,3.0614805221557617,0.14225810766220093,0,True
133,0.7902746200561523,0.22281986474990845,0.0,1.4246926307678223,1.5246219635009766,1.5500247478485107,2.600848913192749,0.15676282346248627,0,True
134,0.7761487364768982,0.23379066586494446,0.0,1.4127956628799438,1.5333530902862549,1.558713674545288,2.7154037952423096,0.13719435036182404,0,True
135,0.8085107803344727,0.204743891954422,0.0,1.4728243350982666,1.5933811664581299,1.620683193206787,2.6696789264678955,0.12419329583644867,0,True
136,0.7955707907676697,0.21441718935966492,0.0,1.4281026124954224,1.5690146684646606,1.5949525833129883,2.764216423034668,0.14662200212478638,0,True
137,0.7909762859344482,0.2137148082256317,0.0,1.4051663875579834,1.5889484882354736,1.6143989562988281,2.613008737564087,0.12791985273361206,0,True
138,0.7987254858016968,0.21010076999664307,0.0,1.4389431476593018,1.6147377490997314,1.6415421962738037,2.7126071453094482,0.12474215030670166,0,True
139,0.8146733045578003,0.20302607119083405,0.0,1.448337435722351,1.629462718963623,1.6562080383300781,2.7572646141052246,0.139498770236969,0,True
140,0.8088944554328918,0.19983381032943726,0.0,1.4018125534057617,1.5667192935943604,1.5919471979141235,2.8163630962371826,0.15086886286735535,0,True
141,0.8105528950691223,0.19548484683036804,0.0,1.4208098649978638,1.5745476484298706,1.6003479957580566,2.695687770843506,0.12989303469657898,0,True
142,0.8290949463844299,0.18457001447677612,0.0,1.45420503616333,1.6005349159240723,1.62721586227417,2.7418229579925537,0.1334981471300125,0,True
143,0.8175424337387085,0.19374175369739532,0.0,1.429332971572876,1.5377347469329834,1.5634028911590576,2.499171018600464,0.1256808638572693,0,True
144,0.8060533404350281,0.20498256385326385,0.0,1.4280203580856323,1.539299726486206,1.5647482872009277,2.67972469329834,0.1342458426952362,0,True
145,0.8057332038879395,0.20773689448833466,0.0,1.425469160079956,1.5578044652938843,1.5831981897354126,2.7008025646209717,0.12132027745246887,1,True
146,0.8107475638389587,0.20408281683921814,0.0,1.4222205877304077,1.577365517616272,1.6029090881347656,2.8029842376708984,0.12888260185718536,0,True
147,0.8103336095809937,0.19753749668598175,0.0,1.46818208694458,1.6160197257995605,1.6432243585586548,2.531200885772705,0.1546143740415573,0,True
148,0.8237881064414978,0.1877327859401703,0.0,1.4894078969955444,1.6463637351989746,1.674468755722046,2.7082371711730957,0.17220112681388855,0,True
149,0.8206407427787781,0.18797984719276428,0.0,1.4600846767425537,1.6352598667144775,1.662602186203003,3.02703595161438,0.17478150129318237,0,True
150,0.8352498412132263,0.1765350103378296,0.0,1.4243993759155273,1.6197686195373535,1.646294116973877,2.9894261360168457,0.14724600315093994,0,True
151,0.8175318837165833,0.19094452261924744,0.0,1.379479169845581,1.5288660526275635,1.5532798767089844,2.4527149200439453,0.15518838167190552,0,True
152,0.8172246217727661,0.19349831342697144,0.0,1.388967752456665,1.5218873023986816,1.54618239402771,2.608842134475708,0.13248597085475922,0,True
153,0.8159079551696777,0.198927104473114,0.0,1.4227142333984375,1.4969995021820068,1.521821141242981,2.6328701972961426,0.12669791281223297,0,True
154,0.8280855417251587,0.1925659477710724,0.0,1.4185936450958252,1.5349056720733643,1.5604121685028076,2.475593328475952,0.1269415020942688,0,True
155,0.7985460758209229,0.213438481092453,0.0,1.4357695579528809,1.5319856405258179,1.557460904121399,2.632784366607666,0.12895658612251282,0,True
156,0.819806694984436,0.18714317679405212,0.0,1.480574369430542,1.642195701599121,1.669054388999939,2.5839931964874268,0.1258927285671234,0,True
157,0.8351768255233765,0.17374810576438904,0.0,1.488847255706787,1.6407004594802856,1.6682713031768799,2.71319842338562,0.12288057059049606,0,True
158,0.8177438378334045,0.19746500253677368,0.0,1.4327449798583984,1.62418532371521,1.650564193725586,2.495072603225708,0.12485900521278381,0,True
159,0.8390849232673645,0.17821088433265686,0.0,1.4523539543151855,1.6588000059127808,1.6855807304382324,2.762559652328491,0.10867561399936676,0,True
160,0.8325986862182617,0.17902390658855438,0.0,1.4287028312683105,1.5773673057556152,1.6033360958099365,2.6641411781311035,0.122884601354599,0,True
161,0.82707279920578,0.17931312322616577,0.0,1.3993020057678223,1.5746160745620728,1.59967041015625,2.8694188594818115,0.1272195428609848,0,True
162,0.8184982538223267,0.18692372739315033,0.0,1.3981916904449463,1.5182039737701416,1.542664647102356,2.4399454593658447,0.11163847148418427,0,True
163,0.8194605112075806,0.18912190198898315,0.0,1.4030804634094238,1.552412748336792,1.5772228240966797,2.7878432273864746,0.13074404001235962,0,True
164,0.8162472248077393,0.20304951071739197,0.0,1.4184718132019043,1.5370008945465088,1.562330722808838,2.697723150253296,0.13198234140872955,0,True
165,0.8124222755432129,0.1970939040184021,0.0,1.4341048002243042,1.5960655212402344,1.6221973896026611,2.468803882598877,0.14015749096870422,0,True
166,0.818708598613739,0.19143164157867432,0.0,1.4711004495620728,1.6313209533691406,1.6585469245910645,2.6931726932525635,0.12043118476867676,0,True
167,0.8128900527954102,0.1956220269203186,0.0,1.4319970607757568,1.6297551393508911,1.6558622121810913,2.677793025970459,0.13546589016914368,0,True
168,0.7954651713371277,0.2123047411441803,0.0,1.387465238571167,1.6042866706848145,1.6294019222259521,2.598947286605835,0.11707492172718048,0,True
169,0.8188118934631348,0.19351065158843994,0.0,1.4210999011993408,1.6123794317245483,1.6382064819335938,2.630678415298462,0.12039416283369064,0,True
170,0.8031103014945984,0.20846810936927795,0.0,1.3933738470077515,1.5501184463500977,1.5749492645263672,2.7197511196136475,0.13168129324913025,0,True
171,0.7994846105575562,0.210415780544281,0.0,1.4048049449920654,1.5527276992797852,1.5781528949737549,2.7480967044830322,0.12327079474925995,0,True
172,0.7943546772003174,0.21530617773532867,0.0,1.4231114387512207,1.5360651016235352,1.5612982511520386,2.5900840759277344,0.11187753826379776,0,True
173,0.7831627130508423,0.22242820262908936,0.0,1.4104504585266113,1.552089810371399,1.5773305892944336,2.491870880126953,0.13533155620098114,0,True
174,0.7946516871452332,0.21541225910186768,0.0,1.4662449359893799,1.6157472133636475,1.6429134607315063,2.751279354095459,0.1339113712310791,0,True
175,0.7991029024124146,0.214401975274086,0.0,1.4626998901367188,1.6114757061004639,1.6387670040130615,2.626582384109497,0.1231289952993393,0,True
176,0.7860243320465088,0.22107896208763123,0.0,1.4016093015670776,1.6155107021331787,1.6413124799728394,2.373640537261963,0.11987049877643585,0,True
177,0.8046837449073792,0.20456065237522125,0.0,1.4492897987365723,1.6548861265182495,1.6819257736206055,2.615323543548584,0.11886555701494217,0,True
178,0.8009229898452759,0.21094802021980286,0.0,1.4494831562042236,1.5966870784759521,1.6234441995620728,2.5649712085723877,0.12772691249847412,0,True
179,0.7988314628601074,0.2065659463405609,0.0,1.3996992111206055,1.56882905960083,1.5942838191986084,2.623943567276001,0.11773531138896942,0,True
180,0.7906386852264404,0.2166575938463211,0.0,1.3793503046035767,1.5067009925842285,1.5306860208511353,2.629688262939453,0.12218362838029861,0,True
181,0.781997561454773,0.22538776695728302,0.0,1.4214808940887451,1.5422049760818481,1.5674241781234741,2.6649861335754395,0.11602994054555893,0,True
182,0.7993787527084351,0.2028275579214096,0.0,1.4517316818237305,1.5543429851531982,1.5805635452270508,2.597273826599121,0.12041988968849182,0,True
183,0.7967341542243958,0.2089710384607315,0.0,1.4323844909667969,1.5487182140350342,1.574568748474121,2.5973455905914307,0.12811952829360962,0,True
184,0.8011866807937622,0.20619717240333557,0.0,1.4385433197021484,1.606980323791504,1.6331967115402222,2.799471378326416,0.1186506524682045,0,True
185,0.8037687540054321,0.1987096220254898,0.0,1.4696338176727295,1.635762333869934,1.6630399227142334,2.6149940490722656,0.11656404286623001,0,True
186,0.8106725215911865,0.19351130723953247,0.0,1.4558656215667725,1.6499991416931152,1.6766088008880615,2.6459202766418457,0.13680565357208252,0,True
187,0.8025160431861877,0.20939743518829346,0.0,1.4065040349960327,1.5587149858474731,1.583768606185913,2.4904160499572754,0.11576734483242035,0,True
188,0.8136192560195923,0.19138970971107483,0.0,1.442908763885498,1.6063811779022217,1.6330819129943848,3.043070077896118,0.12230155616998672,0,True
189,0.826372504234314,0.18233075737953186,0.0,1.4233250617980957,1.5690910816192627,1.5948857069015503,2.6554274559020996,0.12831097841262817,0,True
190,0.7996780276298523,0.21200516819953918,0.0,1.3733301162719727,1.4951059818267822,1.5188274383544922,2.69667649269104,0.12054745852947235,0,True
191,0.8041942119598389,0.2088695466518402,0.0,1.4352878332138062,1.5665202140808105,1.5921319723129272,2.6951582431793213,0.11699450761079788,0,True
192,0.8115900754928589,0.20075874030590057,0.0,1.4767597913742065,1.5848057270050049,1.6119762659072876,2.745469808578491,0.11705714464187622,0,True
193,0.8152144551277161,0.19585731625556946,0.0,1.4604425430297852,1.603193759918213,1.6299493312835693,2.613959789276123,0.12316195666790009,0,True
194,0.8089185953140259,0.1989574432373047,0.0,1.4403753280639648,1.5950738191604614,1.6215331554412842,2.7496609687805176,0.12617377936840057,0,True
195,0.8228321075439453,0.18318745493888855,0.0,1.4677151441574097,1.6477489471435547,1.6749160289764404,2.657090425491333,0.12270638346672058,0,True
196,0.8268893957138062,0.18016737699508667,0.0,1.4660295248031616,1.6569892168045044,1.6844502687454224,2.5061817169189453,0.13236308097839355,0,True
197,0.8271026611328125,0.18188601732254028,0.0,1.42261803150177,1.5925240516662598,1.6185922622680664,2.560480833053589,0.11829453706741333,0,True
198,0.8166260719299316,0.19003331661224365,0.0,1.396001935005188,1.57768976688385,1.6030558347702026,2.65472674369812,0.11433723568916321,0,True
199,0.8211019039154053,0.18508300185203552,0.0,1.400533676147461,1.5592961311340332,1.5842344760894775,2.775970935821533,0.1121760681271553,0,True
200,0.8049885630607605,0.2010115087032318,0.0,1.3975268602371216,1.5067148208618164,1.5313266515731812,2.78962779045105,0.11625687777996063,0,True
201,0.7953798770904541,0.2100106030702591,0.0,1.4057457447052002,1.5199077129364014,1.545073390007019,2.6552743911743164,0.13360512256622314,0,True
202,0.8231284618377686,0.1899142563343048,0.0,1.463205337524414,1.5735394954681396,1.600781798362732,2.6301674842834473,0.12109307944774628,0,True
203,0.81678307056427,0.19547039270401,0.0,1.4454022645950317,1.5432837009429932,1.5696465969085693,2.786038398742676,0.13422664999961853,0,True
204,0.8164130449295044,0.19271883368492126,0.0,1.4271180629730225,1.620768666267395,1.6471039056777954,2.750980854034424,0.13782748579978943,0,True
205,0.8140266537666321,0.19979597628116608,0.0,1.4407278299331665,1.6265497207641602,1.6530375480651855,2.441404104232788,0.16360720992088318,0,True
206,0.818045973777771,0.1991056501865387,0.0,1.4701268672943115,1.6696577072143555,1.6970669031143188,2.7020504474639893,0.1319766342639923,0,True
207,0.8222076892852783,0.19511890411376953,0.0,1.4771528244018555,1.6565134525299072,1.6840064525604248,2.7151987552642822,0.1239316537976265,0,True
208,0.8198167681694031,0.19622161984443665,0.0,1.4424418210983276,1.5970187187194824,1.62300443649292,2.8225297927856445,0.12307404726743698,0,True
209,0.824669361114502,0.18704654276371002,0.0,1.4229438304901123,1.593306541442871,1.6185293197631836,2.6728463172912598,0.10760872811079025,0,True
210,0.807561993598938,0.20240962505340576,0.0,1.3804627656936646,1.5116949081420898,1.5356981754302979,2.715104818344116,0.12422789633274078,0,True
211,0.8030122518539429,0.2056817263364792,0.0,1.408400297164917,1.538301706314087,1.5627542734146118,2.6075210571289062,0.12249694019556046,0,True
212,0.8121778964996338,0.20248422026634216,0.0,1.4858522415161133,1.6038600206375122,1.6309832334518433,2.6026628017425537,0.1364034116268158,0,True
213,0.8347147703170776,0.185137540102005,0.0,1.4987287521362305,1.6163179874420166,1.6441112756729126,2.8347764015197754,0.11740004271268845,0,True
214,0.8203537464141846,0.19780901074409485,0.0,1.4317092895507812,1.5760340690612793,1.6020761728286743,2.4844589233398438,0.12142989039421082,0,True
215,0.8155626058578491,0.2018069326877594,0.0,1.4002788066864014,1.6019750833511353,1.6271274089813232,2.7404942512512207,0.10496446490287781,0,True
216,0.82433021068573,0.1933562159538269,0.0,1.4530867338180542,1.6191282272338867,1.645796298980713,2.6871297359466553,0.11542060226202011,0,True
217,0.8336037397384644,0.18119370937347412,0.0,1.4431500434875488,1.5964014530181885,1.6224884986877441,2.606692314147949,0.10788208246231079,0,True
218,0.8425428867340088,0.17621338367462158,0.0,1.4610157012939453,1.597407579421997,1.6239947080612183,2.7193658351898193,0.11050007492303848,0,True
219,0.8360474109649658,0.17955291271209717,0.0,1.424241542816162,1.5536103248596191,1.5783569812774658,2.7903800010681152,0.11821819841861725,0,True
220,0.822148323059082,0.1901923418045044,0.0,1.4291168451309204,1.5698161125183105,1.5948281288146973,2.856703758239746,0.11864638328552246,0,True
221,0.8323639631271362,0.17833808064460754,0.0,1.441218376159668,1.568780541419983,1.5945324897766113,2.5404109954833984,0.12169092893600464,0,True
222,0.8212214112281799,0.18662062287330627,0.0,1.4265694618225098,1.5281189680099487,1.5535221099853516,2.573108434677124,0.11544732749462128,0,True
223,0.842698335647583,0.17127735912799835,0.0,1.4421641826629639,1.5847644805908203,1.6108295917510986,2.628382444381714,0.12408174574375153,0,True
224,0.8287234902381897,0.18876561522483826,0.0,1.4257603883743286,1.5199611186981201,1.5452640056610107,2.6440951824188232,0.14414852857589722,0,True
225,0.8308289051055908,0.18721330165863037,0.0,1.4725816249847412,1.6341886520385742,1.6610498428344727,2.9233787059783936,0.1315544694662094,0,True
226,0.8340729475021362,0.18125808238983154,0.0,1.5124435424804688,1.652011752128601,1.680057406425476,2.9028685092926025,0.1097685694694519,1,True
227,0.8426371812820435,0.17545458674430847,0.0,1.4464291334152222,1.6153123378753662,1.642441749572754,2.558743476867676,0.15343442559242249,0,True
228,0.8230915069580078,0.2001602202653885,0.0,1.395043134689331,1.5513521432876587,1.576817512512207,2.5348150730133057,0.14415623247623444,0,True
229,0.8296728134155273,0.19214093685150146,0.0,1.4342963695526123,1.6054242849349976,1.631584644317627,2.6786553859710693,0.15637946128845215,0,True
230,0.824011504650116,0.19456511735916138,0.0,1.4391041994094849,1.5628548860549927,1.58919358253479,3.0348317623138428,0.16887149214744568,0,True
231,0.8222092390060425,0.1957988142967224,0.0,1.4319852590560913,1.5712480545043945,1.5978796482086182,3.221693754196167,0.13305817544460297,0,True
232,0.8380657434463501,0.17748913168907166,0.0,1.4463996887207031,1.591442584991455,1.618393898010254,2.7162933349609375,0.12338196486234665,0,True
233,0.838679850101471,0.1789533793926239,0.0,1.403249979019165,1.551930546760559,1.5773873329162598,2.492579460144043,0.11791440844535828,0,True
234,0.8270618319511414,0.1914912462234497,0.0,1.3832958936691284,1.5484815835952759,1.5731961727142334,2.564103364944458,0.11692121624946594,0,True
235,0.8317154049873352,0.1849111020565033,0.0,1.448561668395996,1.5913450717926025,1.6175925731658936,2.8379881381988525,0.11162161827087402,0,True
236,0.8178191184997559,0.19530238211154938,0.0,1.4418964385986328,1.5497077703475952,1.5760917663574219,2.7428066730499268,0.10767120122909546,0,True
237,0.8063809275627136,0.19984009861946106,0.0,1.4263978004455566,1.573569655418396,1.5995421409606934,2.855538845062256,0.12392009794712067,0,True
238,0.8252749443054199,0.18505950272083282,0.0,1.4324462413787842,1.6013288497924805,1.6277450323104858,2.79013991355896,0.10980583727359772,0,True
239,0.8093719482421875,0.20360822975635529,0.0,1.3911519050598145,1.5534014701843262,1.5787514448165894,2.4837424755096436,0.1409062147140503,0,True
240,0.8080523014068604,0.20316019654273987,0.0,1.4090218544006348,1.5914793014526367,1.6170408725738525,2.6377787590026855,0.13652244210243225,0,True
241,0.8152240514755249,0.20267045497894287,0.0,1.459897756576538,1.5953704118728638,1.6224238872528076,2.582916259765625,0.11818787455558777,0,True
242,0.8198637962341309,0.19829392433166504,0.0,1.4545844793319702,1.606590986251831,1.6338443756103516,3.227602958679199,0.13205820322036743,0,True
243,0.8255521059036255,0.18534258008003235,0.0,1.424553394317627,1.5672249794006348,1.5936379432678223,2.731705665588379,0.1153181940317154,0,True
244,0.81850266456604,0.19278554618358612,0.0,1.3819317817687988,1.545717716217041,1.570896863937378,2.5604708194732666,0.12226927280426025,0,True
245,0.8048659563064575,0.20708799362182617,0.0,1.411494493484497,1.5489718914031982,1.5744354724884033,2.668520450592041,0.1357181966304779,0,True
246,0.8271147012710571,0.19185271859169006,0.0,1.4964019060134888,1.616602897644043,1.644314169883728,2.8517935276031494,0.11420490592718124,0,True
247,0.8116016387939453,0.20204469561576843,0.0,1.4772205352783203,1.5757102966308594,1.6032439470291138,2.7368710041046143,0.1249237135052681,0,True
248,0.8394709825515747,0.17490649223327637,0.0,1.4940036535263062,1.6777591705322266,1.7062128782272339,2.8635637760162354,0.11525890231132507,0,True
249,0.8113512992858887,0.20100444555282593,0.0,1.4277307987213135,1.5703074932098389,1.596337080001831,2.4215428829193115,0.14031216502189636,0,True
250,0.8252615928649902,0.1866583377122879,0.0,1.436956763267517,1.6362817287445068,1.6624782085418701,2.666217088699341,0.1358887404203415,0,True
251,0.8143801689147949,0.1946445256471634,0.0,1.4152482748031616,1.5407893657684326,1.5665676593780518,2.320058822631836,0.11762352287769318,0,True
252,0.8122751712799072,0.198762446641922,0.0,1.4051215648651123,1.5629560947418213,1.5882822275161743,2.6379847526550293,0.11494986712932587,0,True
253,0.8323550224304199,0.17897267639636993,0.0,1.461499571800232,1.5918761491775513,1.6194757223129272,2.739530324935913,0.1260327398777008,0,True
254,0.8137557506561279,0.1923181116580963,0.0,1.4418044090270996,1.5583758354187012,1.5846662521362305,2.4380452632904053,0.14034417271614075,0,True
255,0.8138923048973083,0.19600805640220642,0.0,1.4266297817230225,1.5854105949401855,1.6116851568222046,2.5720701217651367,0.1254812777042389,0,True
256,0.8140541315078735,0.19523528218269348,0.0,1.429900884628296,1.572589635848999,1.5988669395446777,2.839681386947632,0.12428131699562073,0,True
257,0.7965813279151917,0.2084321826696396,0.0,1.4162722826004028,1.5735340118408203,1.5989601612091064,2.4483563899993896,0.13195863366127014,0,True
258,0.8167949914932251,0.1913718432188034,0.0,1.4467322826385498,1.6133090257644653,1.6403840780258179,2.7669849395751953,0.11472992599010468,0,True
259,0.8076300621032715,0.19939588010311127,0.0,1.436098575592041,1.5421820878982544,1.5685838460922241,2.507801055908203,0.1209794357419014,0,True
260,0.8245303630828857,0.17887744307518005,0.0,1.444029450416565,1.608888030052185,1.635608196258545,2.5539379119873047,0.12433371692895889,0,True
261,0.8186116218566895,0.18875621259212494,0.0,1.4088551998138428,1.5245437622070312,1.5501680374145508,2.741281032562256,0.1184803694486618,0,True
262,0.8222026824951172,0.18608689308166504,0.0,1.4131009578704834,1.568770408630371,1.594118356704712,2.683501958847046,0.12232249975204468,0,True
263,0.8308846950531006,0.1822487860918045,0.0,1.4503591060638428,1.595647931098938,1.6227388381958008,2.696200370788574,0.12128593772649765,0,True
264,0.8217055797576904,0.1906915307044983,0.0,1.4721966981887817,1.5780930519104004,1.605292797088623,2.6120684146881104,0.1256011724472046,0,True
265,0.8116884231567383,0.19511264562606812,0.0,1.4176597595214844,1.5802884101867676,1.6065025329589844,2.594693183898926,0.10616001486778259,0,True
266,0.8168076872825623,0.20051057636737823,0.0,1.4180097579956055,1.573691725730896,1.5996689796447754,2.6931025981903076,0.12214191257953644,0,True
267,0.8083188533782959,0.20404589176177979,0.0,1.4160188436508179,1.5448048114776611,1.5701780319213867,2.6449012756347656,0.1381404548883438,0,True
268,0.8244023323059082,0.18331661820411682,0.0,1.4428491592407227,1.582983136177063,1.6090662479400635,2.7239465713500977,0.13461735844612122,0,True
269,0.8361752033233643,0.17492376267910004,0.0,1.4993001222610474,1.6110458374023438,1.6386961936950684,2.7391726970672607,0.12464527785778046,0,True
270,0.8267269134521484,0.17970651388168335,0.0,1.4350347518920898,1.582587718963623,1.6089786291122437,2.649757146835327,0.12878216803073883,0,True
271,0.835637092590332,0.17492172122001648,0.0,1.435253381729126,1.613455057144165,1.640129804611206,2.686765193939209,0.12993133068084717,0,True
272,0.8376603126525879,0.17857244610786438,0.0,1.4459718465805054,1.6163370609283447,1.643052339553833,2.4983508586883545,0.12158139795064926,0,True
273,0.8328524827957153,0.1804361194372177,0.0,1.4251627922058105,1.6062159538269043,1.632744312286377,2.4717838764190674,0.12193574011325836,0,True
274,0.8473529815673828,0.17221474647521973,0.0,1.4511061906814575,1.6075961589813232,1.634685754776001,2.689310312271118,0.1127757653594017,0,True
275,0.8263375759124756,0.19598865509033203,0.0,1.396824598312378,1.5409750938415527,1.5662976503372192,2.551901340484619,0.12273399531841278,0,True
276,0.8236144781112671,0.19535386562347412,0.0,1.3930387496948242,1.5510365962982178,1.5760324001312256,2.6505911350250244,0.12231843918561935,0,True
277,0.8334722518920898,0.18684062361717224,0.0,1.4521898031234741,1.5934786796569824,1.6201972961425781,2.8681390285491943,0.11095654964447021,0,True
278,0.8381928205490112,0.17950162291526794,0.0,1.4552600383758545,1.5779402256011963,1.604727029800415,2.5987424850463867,0.11423789709806442,0,True
279,0.852752149105072,0.16638007760047913,0.0,1.4840569496154785,1.6117396354675293,1.639294147491455,2.6716344356536865,0.13114136457443237,0,True
280,0.8639026880264282,0.15538930892944336,0.0,1.4276137351989746,1.5762810707092285,1.602325201034546,2.5938899517059326,0.11591528356075287,0,True
281,0.8323917984962463,0.18440963327884674,0.0,1.3542368412017822,1.520293116569519,1.5440877676010132,2.7532858848571777,0.1171136349439621,0,True
282,0.849696159362793,0.16923242807388306,0.0,1.4678828716278076,1.6340616941452026,1.6611769199371338,2.569777011871338,0.1280108094215393,0,True
283,0.8554415702819824,0.15806551277637482,0.0,1.4786494970321655,1.6124800443649292,1.6403034925460815,2.6315996646881104,0.11314571648836136,0,True
284,0.842524528503418,0.1764756143093109,0.0,1.4278857707977295,1.577103853225708,1.6033978462219238,2.6212077140808105,0.12504178285598755,0,True
285,0.8370072245597839,0.1792963594198227,0.0,1.412699818611145,1.5813789367675781,1.606926679611206,2.7898824214935303,0.11456120014190674,0,True
286,0.8362751007080078,0.18493172526359558,0.0,1.4121830463409424,1.5850510597229004,1.6106657981872559,2.694598913192749,0.1171179786324501,0,True
287,0.8295779228210449,0.18235766887664795,0.0,1.4294403791427612,1.5724716186523438,1.5984524488449097,2.643686056137085,0.12389679253101349,0,True
288,0.8351556062698364,0.18410806357860565,0.0,1.4534870386123657,1.5692715644836426,1.5958936214447021,2.4915757179260254,0.12629328668117523,0,True
289,0.8325247764587402,0.1883917897939682,0.0,1.449182391166687,1.5998402833938599,1.6260244846343994,2.567199230194092,0.11438620090484619,0,True
290,0.8514482975006104,0.1762402206659317,0.0,1.4648005962371826,1.6433382034301758,1.670119047164917,2.776927947998047,0.10962261259555817,0,True
291,0.838248074054718,0.18519826233386993,0.0,1.3978315591812134,1.593087911605835,1.618554711341858,2.7460153102874756,0.12420112639665604,0,True
292,0.8336645364761353,0.18985098600387573,0.0,1.42209792137146,1.6001242399215698,1.6261597871780396,2.605421781539917,0.11073276400566101,0,True
293,0.8426010608673096,0.18057894706726074,0.0,1.4415273666381836,1.5800418853759766,1.6066595315933228,2.6701903343200684,0.10497237741947174,0,True
294,0.8441600799560547,0.17666363716125488,0.0,1.4294614791870117,1.5659483671188354,1.5925521850585938,2.721087694168091,0.10872891545295715,0,True
295,0.8414914011955261,0.1765710413455963,0.0,1.4125213623046875,1.56327223777771,1.589266061782837,2.6747186183929443,0.113300621509552,0,True
296,0.8311798572540283,0.19032379984855652,0.0,1.4052417278289795,1.5463608503341675,1.5715813636779785,2.6048805713653564,0.13086488842964172,0,True
297,0.8405376672744751,0.1754753291606903,0.0,1.449639081954956,1.5957366228103638,1.6221750974655151,2.722186326980591,0.11964795738458633,0,True
298,0.8370115756988525,0.17942959070205688,0.0,1.450905680656433,1.5774822235107422,1.604264259338379,2.625653028488159,0.12954922020435333,0,True
299,0.8522647619247437,0.16812556982040405,0.0,1.483402967453003,1.6259498596191406,1.653686761856079,2.813899040222168,0.1254950314760208,0,True
300,0.8450676202774048,0.1774674355983734,0.0,1.4307419061660767,1.559577226638794,1.585699439048767,2.775876998901367,0.11419261991977692,0,True
301,0.8470291495323181,0.17322999238967896,0.9296875,1.4199599027633667,1.6092406511306763,1.6353864669799805,2.774419069290161,0.12243176996707916,0,True
302,0.8754466772079468,0.1574721336364746,0.9296875,1.4336938858032227,1.5954185724258423,1.622079610824585,2.6199684143066406,0.1176578551530838,0,True
303,0.8588970899581909,0.17079496383666992,0.9296875,1.4313445091247559,1.5536243915557861,1.579268217086792,2.4620213508605957,0.13857416808605194,0,True
304,0.8616695404052734,0.1614576280117035,0.9296875,1.4164750576019287,1.5726346969604492,1.5986595153808594,2.704052209854126,0.12882769107818604,0,True
305,0.8592700958251953,0.176040917634964,0.9296875,1.4220939874649048,1.5680208206176758,1.5937021970748901,2.7622745037078857,0.117073655128479,0,True
306,0.8481529355049133,0.1864757388830185,0.9296875,1.421018362045288,1.5702177286148071,1.5957260131835938,2.748777151107788,0.12697412073612213,0,True
307,0.8280333280563354,0.19675931334495544,0.9296875,1.4009599685668945,1.5623669624328613,1.587708592414856,2.638172149658203,0.13072852790355682,0,True
308,0.8295645117759705,0.19398897886276245,0.9296875,1.4476585388183594,1.6584420204162598,1.685146450996399,2.4960596561431885,0.12207004427909851,0,True
309,0.8398215174674988,0.1801321804523468,0.9296875,1.4512367248535156,1.6455602645874023,1.6727410554885864,2.5878448486328125,0.14204593002796173,0,True
310,0.8157811164855957,0.20459389686584473,0.9296875,1.3716400861740112,1.584043025970459,1.608668565750122,2.5527071952819824,0.12542882561683655,0,True
311,0.8082399964332581,0.20933353900909424,0.9296875,1.3651752471923828,1.5951149463653564,1.6195340156555176,2.5078234672546387,0.13008275628089905,0,True
312,0.8178108930587769,0.21014872193336487,0.9296875,1.4067497253417969,1.576871633529663,1.6023743152618408,2.6325812339782715,0.1229570060968399,0,True
313,0.8054446578025818,0.21349374949932098,0.9296875,1.3859434127807617,1.5259915590286255,1.5511281490325928,2.555361747741699,0.12743410468101501,0,True
314,0.7957080602645874,0.21302588284015656,0.9296875,1.3977493047714233,1.5363402366638184,1.5614919662475586,2.5456552505493164,0.13021975755691528,0,True
315,0.8162531852722168,0.20025402307510376,0.9296875,1.443114995956421,1.5914982557296753,1.6180832386016846,2.588080644607544,0.12459075450897217,0,True
316,0.8108617067337036,0.20695392787456512,0.9296875,1.4114980697631836,1.5827068090438843,1.6086151599884033,2.5943098068237305,0.1197630763053894,0,True
317,0.8023801445960999,0.21295087039470673,0.9296875,1.4207980632781982,1.602504014968872,1.628645658493042,2.6318159103393555,0.12410503625869751,0,True
318,0.8341323137283325,0.18492814898490906,0.9296875,1.4773081541061401,1.6687602996826172,1.696963906288147,2.53633713722229,0.12201874703168869,0,True
319,0.8100329637527466,0.20306184887886047,0.9296875,1.4241158962249756,1.6030409336090088,1.6296656131744385,2.6266872882843018,0.14141535758972168,0,True
320,0.7931053638458252,0.20989997684955597,0.9296875,1.406554102897644,1.617614507675171,1.643811583518982,2.774973154067993,0.12285152077674866,0,True
321,0.8117280006408691,0.1992550939321518,0.9296875,1.4054512977600098,1.5771721601486206,1.6028406620025635,2.773982524871826,0.11290343105792999,0,True
322,0.8005379438400269,0.20604825019836426,0.9296875,1.3588840961456299,1.493520736694336,1.5175871849060059,2.451663017272949,0.12065929919481277,0,True
323,0.7901921272277832,0.2192891240119934,0.9296875,1.3766480684280396,1.50006902217865,1.5248147249221802,2.766479253768921,0.1389092355966568,0,True
324,0.8123377561569214,0.2033080905675888,0.9296875,1.4764821529388428,1.591338872909546,1.6186795234680176,2.89929461479187,0.13838531076908112,0,True
325,0.8152657747268677,0.2008587121963501,0.9296875,1.4729104042053223,1.5955619812011719,1.622922658920288,2.697666645050049,0.12882177531719208,0,True
326,0.8011057376861572,0.21231380105018616,0.9296875,1.4119170904159546,1.5998824834823608,1.6261168718338013,2.5934019088745117,0.13560351729393005,0,True
327,0.7996158599853516,0.21362167596817017,0.9296875,1.4284281730651855,1.639048457145691,1.665805697441101,2.5908305644989014,0.14225457608699799,0,True
328,0.8229541778564453,0.19595272839069366,0.9296875,1.453188180923462,1.651517629623413,1.6791256666183472,2.8317413330078125,0.13905741274356842,0,True
329,0.8192434906959534,0.1947447955608368,0.9296875,1.4232127666473389,1.5933959484100342,1.6194560527801514,2.703707695007324,0.13242802023887634,0,True
330,0.812797486782074,0.2078235149383545,0.9296875,1.3936731815338135,1.5902692079544067,1.6158549785614014,2.544414520263672,0.13669410347938538,0,True
331,0.819052517414093,0.20309412479400635,0.9296875,1.401158094406128,1.537203311920166,1.5621647834777832,2.6288580894470215,0.13503368198871613,0,True
332,0.804310142993927,0.21855050325393677,0.9296875,1.38983952999115,1.4994292259216309,1.5236343145370483,2.532698154449463,0.12848111987113953,0,True
333,0.8035389184951782,0.21474820375442505,0.9296875,1.4123188257217407,1.5364062786102295,1.561737060546875,2.3232128620147705,0.13131707906723022,0,True
334,0.8439826369285583,0.18789362907409668,0.9296875,1.479182481765747,1.6148502826690674,1.6423715353012085,2.539954900741577,0.11474206298589706,0,True
335,0.8326886296272278,0.19380643963813782,0.9296875,1.4371681213378906,1.565873384475708,1.592391014099121,2.3555727005004883,0.12436364591121674,0,True
336,0.8198522925376892,0.19750846922397614,0.9296875,1.3939533233642578,1.5864086151123047,1.6119966506958008,2.4348604679107666,0.13287541270256042,0,True
337,0.8429067134857178,0.17712534964084625,0.9296875,1.4749226570129395,1.658829927444458,1.6865577697753906,2.6642699241638184,0.12175486236810684,0,True
338,0.8244978189468384,0.19600315392017365,0.9296875,1.4455320835113525,1.611133337020874,1.6382343769073486,2.7045297622680664,0.15536706149578094,0,True
339,0.8354426622390747,0.17981532216072083,0.9296875,1.445859432220459,1.6422572135925293,1.6692540645599365,2.5914058685302734,0.1291447877883911,0,True
340,0.8337070345878601,0.17770010232925415,0.9296875,1.422937273979187,1.5592657327651978,1.5853242874145508,2.677344560623169,0.12902095913887024,0,True
341,0.8174307346343994,0.19097726047039032,0.9296875,1.3806307315826416,1.5375580787658691,1.5619956254959106,2.565863847732544,0.1412135362625122,0,True
342,0.808457612991333,0.19818483293056488,0.9296875,1.376722812652588,1.5186212062835693,1.5430607795715332,2.659226417541504,0.14510084688663483,0,True
343,0.8119083046913147,0.1997411549091339,0.9296875,1.418765902519226,1.5307886600494385,1.5561940670013428,2.5374655723571777,0.11669497936964035,0,True
344,0.8162869811058044,0.19979946315288544,0.9296875,1.4314621686935425,1.5237722396850586,1.5495784282684326,2.6750681400299072,0.13884016871452332,0,True
345,0.8083902597427368,0.20609265565872192,0.9296875,1.4615763425827026,1.591287612915039,1.6185173988342285,2.7023942470550537,0.12514616549015045,0,True
346,0.8300937414169312,0.19168493151664734,0.9296875,1.5060899257659912,1.6793124675750732,1.707958698272705,2.5215072631835938,0.12826007604599,0,True
347,0.8183684349060059,0.19389128684997559,0.9296875,1.4237024784088135,1.6417407989501953,1.6687407493591309,2.502939224243164,0.13244599103927612,0,True
348,0.8126968145370483,0.20330201089382172,0.9296875,1.3768943548202515,1.6305278539657593,1.656019687652588,2.7806694507598877,0.12633031606674194,0,True
349,0.8239827752113342,0.1949004828929901,0.9296875,1.4046459197998047,1.6301168203353882,1.6561863422393799,2.571600914001465,0.126410573720932,0,True
350,0.8303648233413696,0.18863466382026672,0.9296875,1.4272385835647583,1.5843104124069214,1.6107043027877808,2.7486929893493652,0.13178351521492004,0,True
351,0.8135572075843811,0.19915947318077087,0.9296875,1.3806813955307007,1.4861273765563965,1.5103267431259155,2.771547317504883,0.13983042538166046,0,True
352,0.8164622783660889,0.19431445002555847,0.9296875,1.3590096235275269,1.479827642440796,1.5034621953964233,2.8160200119018555,0.12232185900211334,0,True
353,0.8271227478981018,0.18850097060203552,0.9296875,1.420737624168396,1.5278170108795166,1.5533336400985718,2.53725266456604,0.12510943412780762,0,True
354,0.823407769203186,0.19286707043647766,0.9296875,1.4350109100341797,1.5404000282287598,1.5665192604064941,2.5552000999450684,0.13604727387428284,0,True
355,0.8309437036514282,0.19606485962867737,0.9296875,1.4728553295135498,1.6397019624710083,1.6672258377075195,2.53332781791687,0.13926073908805847,0,True
356,0.8437244892120361,0.18229520320892334,0.9296875,1.5032960176467896,1.6912462711334229,1.720149278640747,2.57560396194458,0.1331087350845337,0,True
357,0.8573859333992004,0.1657695323228836,0.9296875,1.4659268856048584,1.6802518367767334,1.70793879032135,2.625627279281616,0.12385325878858566,0,True
358,0.8450040221214294,0.1724265217781067,0.9296875,1.3670294284820557,1.5928912162780762,1.6178719997406006,2.4611520767211914,0.1297164410352707,0,True
359,0.8336983323097229,0.18557068705558777,0.9296875,1.3596012592315674,1.5469160079956055,1.571126937866211,2.700129270553589,0.13034063577651978,0,True
360,0.8296381831169128,0.18916182219982147,0.9296875,1.4003486633300781,1.5497539043426514,1.5746787786483765,2.5707311630249023,0.11323636025190353,0,True
361,0.8365864157676697,0.18578946590423584,0.9296875,1.4331549406051636,1.5323684215545654,1.5584542751312256,2.4888124465942383,0.11669304966926575,0,True
362,0.8218913674354553,0.19554674625396729,0.9296875,1.4072903394699097,1.5116461515426636,1.537485122680664,2.62092661857605,0.130376398563385,0,True
363,0.8214747309684753,0.19662430882453918,0.9375,1.4171864986419678,1.5761172771453857,1.6021443605422974,2.5764379501342773,0.14533381164073944,0,True
364,0.8179717063903809,0.19874778389930725,0.9375,1.4247195720672607,1.5760917663574219,1.6022042036056519,2.5191092491149902,0.11487892270088196,0,True
365,0.8217421174049377,0.20098239183425903,0.9375,1.464073657989502,1.6484360694885254,1.6757242679595947,2.622122049331665,0.12513190507888794,0,True
366,0.8251889944076538,0.2009868621826172,0.9375,1.460850715637207,1.645444631576538,1.672668695449829,2.6176388263702393,0.1250702291727066,0,True
367,0.8317086100578308,0.19696290791034698,0.9375,1.4262537956237793,1.6123403310775757,1.6388640403747559,2.5684571266174316,0.13788992166519165,0,True
368,0.8281781673431396,0.19245226681232452,0.9375,1.4163811206817627,1.6216785907745361,1.648114562034607,2.6175684928894043,0.13213539123535156,0,True
369,0.8249093294143677,0.19984722137451172,0.9375,1.3871750831604004,1.5849987268447876,1.6102312803268433,2.58963680267334,0.12752819061279297,0,True
370,0.8262773752212524,0.19293862581253052,0.9375,1.4012494087219238,1.563519835472107,1.588704228401184,2.4966440200805664,0.13095968961715698,0,True
371,0.823615312576294,0.19943925738334656,0.9375,1.3917499780654907,1.524649977684021,1.5493159294128418,2.6040663719177246,0.13112773001194,0,True
372,0.8042147755622864,0.21767862141132355,0.9375,1.4092378616333008,1.5142468214035034,1.5393340587615967,2.4206337928771973,0.12149004638195038,0,True
373,0.8222755193710327,0.19895769655704498,0.9375,1.4737305641174316,1.616499900817871,1.6439827680587769,2.711474895477295,0.13657395541667938,0,True
374,0.8223989009857178,0.19958744943141937,0.9453125,1.4802342653274536,1.591149091720581,1.6186515092849731,2.360032081604004,0.12280160188674927,0,True
375,0.8145660758018494,0.21196940541267395,0.953125,1.438874363899231,1.622058629989624,1.6488929986953735,2.411787271499634,0.12368682026863098,0,True
376,0.826958417892456,0.1940174549818039,0.9609375,1.4419233798980713,1.6421823501586914,1.6694388389587402,2.5257580280303955,0.15017777681350708,0,True
377,0.831340491771698,0.1833273023366928,0.9609375,1.404740571975708,1.595381498336792,1.6212469339370728,2.570439100265503,0.15848761796951294,0,True
378,0.8296245336532593,0.18110452592372894,0.9609375,1.3654249906539917,1.5511980056762695,1.5758367776870728,2.513108491897583,0.14001907408237457,0,True
379,0.8360962867736816,0.1807039976119995,0.9609375,1.3854671716690063,1.5515632629394531,1.5769414901733398,2.5080268383026123,0.12946215271949768,0,True
380,0.8321985602378845,0.17975972592830658,0.9609375,1.4305226802825928,1.5624312162399292,1.5887696743011475,2.6133339405059814,0.1293233036994934,0,True
381,0.8358809351921082,0.17727088928222656,0.9609375,1.426093339920044,1.5515812635421753,1.5776829719543457,2.9243602752685547,0.13380423188209534,0,True
382,0.8149341344833374,0.1973719596862793,0.9609375,1.4026167392730713,1.5292415618896484,1.5545514822006226,2.5783162117004395,0.12278035283088684,0,True
383,0.8273642659187317,0.19072225689888,0.9609375,1.4302253723144531,1.5840688943862915,1.6104775667190552,2.593339204788208,0.11568446457386017,0,True
384,0.8256331086158752,0.1915411353111267,0.9609375,1.4397181272506714,1.5945837497711182,1.6213124990463257,2.7827935218811035,0.12871883809566498,0,True
385,0.8250032663345337,0.2006211280822754,0.9609375,1.4170589447021484,1.5954638719558716,1.6214430332183838,2.5895745754241943,0.11571134626865387,0,True
386,0.8356022834777832,0.18291166424751282,0.9609375,1.4433350563049316,1.6392078399658203,1.6662274599075317,2.844665288925171,0.11248736083507538,0,True
387,0.8376268148422241,0.17521660029888153,0.9609375,1.4156804084777832,1.5894112586975098,1.615138053894043,2.60954213142395,0.11523503065109253,0,True
388,0.8371925354003906,0.17782215774059296,0.9609375,1.393525242805481,1.5706489086151123,1.5957701206207275,2.537493944168091,0.13420069217681885,0,True
389,0.8262761831283569,0.19235727190971375,0.9609375,1.4066283702850342,1.5499786138534546,1.575096845626831,2.539426803588867,0.13235712051391602,0,True
390,0.8305943012237549,0.1855810135602951,0.9609375,1.4210067987442017,1.546154499053955,1.571700096130371,2.671203374862671,0.12465237081050873,0,True
391,0.815169095993042,0.19755862653255463,0.9609375,1.4015145301818848,1.5311850309371948,1.5565606355667114,2.4970247745513916,0.12159563601016998,0,True
392,0.8154226541519165,0.19558244943618774,0.9609375,1.4375081062316895,1.6156296730041504,1.6420786380767822,2.5204861164093018,0.12963047623634338,0,True
393,0.8155019283294678,0.20056240260601044,0.9609375,1.4586117267608643,1.630954623222351,1.6579328775405884,2.4512007236480713,0.14162032306194305,0,True
394,0.8203740119934082,0.20282918214797974,0.9609375,1.4653267860412598,1.644906759262085,1.6722071170806885,2.70145583152771,0.14677274227142334,0,True
395,0.8104220628738403,0.20934784412384033,0.9609375,1.4256813526153564,1.5952788591384888,1.6216102838516235,2.546022891998291,0.1283959001302719,0,True
396,0.7938268184661865,0.21974587440490723,0.96875,1.384053349494934,1.562734603881836,1.588014841079712,2.5991878509521484,0.12417378276586533,0,True
397,0.8212707042694092,0.19922035932540894,0.96875,1.4297804832458496,1.6049771308898926,1.6314892768859863,2.6244614124298096,0.13098257780075073,0,True
398,0.8001528978347778,0.2164735049009323,0.96875,1.4040411710739136,1.539775013923645,1.5652692317962646,2.3312625885009766,0.14732572436332703,0,True
399,0.8088198900222778,0.2118845283985138,0.96875,1.4288442134857178,1.6056556701660156,1.6319618225097656,2.5621719360351562,0.1317206621170044,0,True
400,0.8268885612487793,0.19024477899074554,0.96875,1.4547407627105713,1.5838322639465332,1.6108425855636597,2.6231963634490967,0.1391543745994568,0,True
401,0.829907238483429,0.18673425912857056,0.96875,1.4221545457839966,1.5822151899337769,1.6082282066345215,2.4610865116119385,0.12402009963989258,0,True
402,0.8306059241294861,0.18879364430904388,0.96875,1.4193578958511353,1.568572759628296,1.5948654413223267,2.6070806980133057,0.12588956952095032,0,True
403,0.8348382711410522,0.19061410427093506,0.96875,1.448677897453308,1.6237859725952148,1.650862455368042,2.7645092010498047,0.1316961944103241,0,True
404,0.8312928676605225,0.19995330274105072,0.96875,1.4347341060638428,1.584062099456787,1.6106380224227905,2.5074856281280518,0.13336864113807678,0,True
405,0.843329906463623,0.181134432554245,0.96875,1.4405922889709473,1.6019916534423828,1.6287052631378174,2.658968448638916,0.14099247753620148,0,True
406,0.8424118161201477,0.18318265676498413,0.96875,1.4313100576400757,1.5810329914093018,1.6070725917816162,2.4812636375427246,0.11542888730764389,0,True
407,0.8384919166564941,0.1897086799144745,0.96875,1.4286541938781738,1.5853254795074463,1.6111217737197876,2.909691572189331,0.15508046746253967,0,True
408,0.8228022456169128,0.19543594121932983,0.96875,1.3860118389129639,1.5346717834472656,1.5590262413024902,2.3592798709869385,0.1301877796649933,0,True
409,0.8274821639060974,0.19741952419281006,0.96875,1.3976402282714844,1.5474040508270264,1.5723567008972168,2.5583834648132324,0.16355684399604797,0,True
410,0.8365961313247681,0.18517379462718964,0.96875,1.4589152336120605,1.5810699462890625,1.6078414916992188,2.5236892700195312,0.15464717149734497,0,True
411,0.8314393162727356,0.1902412325143814,0.96875,1.4350593090057373,1.5712175369262695,1.5971884727478027,2.6530044078826904,0.1489112228155136,0,True
412,0.8326631784439087,0.19750931859016418,0.96875,1.4351723194122314,1.6035568714141846,1.6299108266830444,2.5861268043518066,0.14562726020812988,0,True
413,0.8242576718330383,0.19952045381069183,0.96875,1.433868646621704,1.6058847904205322,1.632181167602539,2.488532543182373,0.13662144541740417,0,True
414,0.8396497964859009,0.19152523577213287,0.96875,1.4466246366500854,1.652280569076538,1.6792070865631104,2.432110071182251,0.1368292272090912,0,True
415,0.8554583787918091,0.17576172947883606,0.96875,1.4456133842468262,1.6195045709609985,1.6464555263519287,2.520656108856201,0.12389405071735382,0,True
416,0.8319226503372192,0.18880978226661682,0.96875,1.384333610534668,1.5768935680389404,1.6021852493286133,2.5125927925109863,0.13370782136917114,0,True
417,0.8273814916610718,0.1924540251493454,0.96875,1.3985097408294678,1.5741267204284668,1.599557876586914,2.6417486667633057,0.12427666783332825,0,True
418,0.8181024789810181,0.20442548394203186,0.96875,1.4124760627746582,1.555459976196289,1.5812022686004639,2.722813129425049,0.13966012001037598,0,True
419,0.8263245820999146,0.19175422191619873,0.96875,1.4253461360931396,1.5646969079971313,1.5906660556793213,2.407625436782837,0.10908995568752289,0,True
420,0.8167788982391357,0.2039184421300888,0.9765625,1.4096958637237549,1.5301873683929443,1.5557026863098145,2.482705593109131,0.12137870490550995,0,True
421,0.8120966553688049,0.19972941279411316,0.9765625,1.4296759366989136,1.5655062198638916,1.5912814140319824,2.4958789348602295,0.1233132928609848,0,True
422,0.8302016258239746,0.17938606441020966,0.9765625,1.441728115081787,1.6021991968154907,1.6288214921951294,2.613480806350708,0.12417536973953247,0,True
423,0.8197073936462402,0.19902996718883514,0.9765625,1.4280941486358643,1.570300579071045,1.596609115600586,2.688542127609253,0.11662642657756805,0,True
424,0.8303687572479248,0.18360088765621185,0.9765625,1.4368407726287842,1.6469132900238037,1.6738896369934082,2.6136858463287354,0.12904560565948486,0,True
425,0.8248313665390015,0.20272454619407654,0.984375,1.4394460916519165,1.609830379486084,1.6368458271026611,2.7461776733398438,0.1264171004295349,0,True
426,0.8243967294692993,0.1967996209859848,0.984375,1.4082322120666504,1.623807668685913,1.6499967575073242,2.3717708587646484,0.14388850331306458,0,True
427,0.8049240112304688,0.20871049165725708,0.984375,1.3717631101608276,1.5537493228912354,1.5784671306610107,2.5363640785217285,0.12629613280296326,0,True
428,0.8086233139038086,0.20664159953594208,0.984375,1.4170211553573608,1.599254846572876,1.6249608993530273,2.658770799636841,0.11201842129230499,0,True
429,0.8222653865814209,0.196275532245636,0.9921875,1.4101417064666748,1.5388240814208984,1.5644618272781372,2.4697883129119873,0.1219911277294159,0,True
430,0.8115528225898743,0.20631542801856995,0.9921875,1.3977982997894287,1.5113556385040283,1.5359989404678345,2.498837947845459,0.12169739603996277,0,True
431,0.8163031935691833,0.20430701971054077,0.9921875,1.4189682006835938,1.5498661994934082,1.5755085945129395,2.711130380630493,0.11721876263618469,0,True
432,0.8157501220703125,0.20504358410835266,0.9921875,1.4338457584381104,1.6177241802215576,1.6438554525375366,2.667846441268921,0.12111236900091171,0,True
433,0.8092027902603149,0.21313750743865967,0.9921875,1.4294790029525757,1.6112592220306396,1.6374255418777466,2.6088178157806396,0.1483232080936432,0,True
434,0.826752781867981,0.2024179846048355,0.9921875,1.441328525543213,1.6311259269714355,1.65816068649292,2.359184503555298,0.12385545670986176,0,True
435,0.8325527906417847,0.1966468095779419,0.9921875,1.433824896812439,1.622502088546753,1.6495742797851562,2.574636936187744,0.12146858870983124,0,True
436,0.8280134201049805,0.19128453731536865,0.9921875,1.3914921283721924,1.5805529356002808,1.6061561107635498,2.6344501972198486,0.1290866881608963,0,True
437,0.8359256386756897,0.1828766167163849,0.9921875,1.3863071203231812,1.5821961164474487,1.6073215007781982,2.7485148906707764,0.1400429606437683,0,True
438,0.8171035051345825,0.21051594614982605,0.9921875,1.3826311826705933,1.5202217102050781,1.544466257095337,2.4520328044891357,0.1341470181941986,0,True
439,0.823074221611023,0.1963236927986145,0.9921875,1.4040418863296509,1.550093412399292,1.5752333402633667,2.565011978149414,0.1284131407737732,0,True
440,0.8193390369415283,0.20370107889175415,0.9921875,1.423959493637085,1.5542306900024414,1.580124855041504,2.609891891479492,0.11187975108623505,0,True
441,0.8123596906661987,0.21144326031208038,0.9921875,1.4373996257781982,1.5833858251571655,1.609525203704834,2.7065722942352295,0.13190191984176636,0,True
442,0.8062035441398621,0.21102374792099,0.9921875,1.4217400550842285,1.6085031032562256,1.6350221633911133,2.5712084770202637,0.13300156593322754,0,True
443,0.8230271339416504,0.1931733936071396,0.9921875,1.480509638786316,1.6790080070495605,1.7073949575424194,2.591639757156372,0.13752251863479614,0,True
444,0.8306608200073242,0.1973055750131607,0.9921875,1.479229211807251,1.6452343463897705,1.6731669902801514,2.4417505264282227,0.1321963667869568,0,True
445,0.8272862434387207,0.19151493906974792,0.9921875,1.4166604280471802,1.6131336688995361,1.639578104019165,2.5288805961608887,0.13512678444385529,0,True
446,0.7975194454193115,0.21703235805034637,0.9921875,1.3743349313735962,1.5521248579025269,1.5767126083374023,2.755277633666992,0.15059947967529297,0,True
447,0.8149060010910034,0.20714014768600464,0.9921875,1.4314239025115967,1.6206783056259155,1.6469521522521973,2.6748194694519043,0.12828770279884338,0,True
448,0.8346261978149414,0.18645358085632324,0.9921875,1.4363716840744019,1.5700031518936157,1.5964698791503906,2.603118419647217,0.1321263611316681,0,True
449,0.8093568086624146,0.21588146686553955,0.9921875,1.3724191188812256,1.5128971338272095,1.5374484062194824,2.4947097301483154,0.13112875819206238,0,True
450,0.8165809512138367,0.20038843154907227,0.9921875,1.4140350818634033,1.5943727493286133,1.6201120615005493,2.455984354019165,0.11169670522212982,0,True
451,0.8494294881820679,0.17526410520076752,0.9921875,1.4728409051895142,1.620689868927002,1.6479723453521729,2.7439327239990234,0.12083885073661804,0,True
452,0.8281639814376831,0.1892264485359192,0.9921875,1.445640206336975,1.575801968574524,1.60233736038208,2.465627908706665,0.13269548118114471,0,True
453,0.8511679768562317,0.17551666498184204,0.9921875,1.4821667671203613,1.6604816913604736,1.6881208419799805,2.61959171295166,0.13104157149791718,0,True
454,0.8374375104904175,0.18444810807704926,0.9921875,1.436777114868164,1.5928997993469238,1.6193486452102661,2.6890408992767334,0.1312296986579895,0,True
455,0.8366304039955139,0.18392938375473022,0.9921875,1.4097533226013184,1.6110055446624756,1.6368744373321533,2.556422472000122,0.12584297358989716,0,True
456,0.8435918688774109,0.1715954840183258,0.9921875,1.4131989479064941,1.5983003377914429,1.6242281198501587,2.5669188499450684,0.12020532041788101,0,True
457,0.8445382118225098,0.17342397570610046,0.9921875,1.415024995803833,1.5699306726455688,1.5956604480743408,2.5407559871673584,0.1131606251001358,0,True
458,0.8324792385101318,0.18128427863121033,0.9921875,1.387305498123169,1.522460699081421,1.5472148656845093,2.5661802291870117,0.1198132336139679,0,True
459,0.8140029311180115,0.19656330347061157,0.9921875,1.376107096672058,1.5299806594848633,1.5539789199829102,2.656402826309204,0.12913842499256134,0,True
460,0.8393843173980713,0.179791659116745,0.9921875,1.4172455072402954,1.5823845863342285,1.607779622077942,2.520994186401367,0.12480462342500687,0,True
461,0.8348054885864258,0.185581773519516,0.9921875,1.44077730178833,1.5656342506408691,1.5918362140655518,2.6618144512176514,0.13770167529582977,0,True
462,0.8285760879516602,0.19511455297470093,0.9921875,1.4225940704345703,1.5843702554702759,1.6101410388946533,2.641516923904419,0.1252840757369995,0,True
463,0.8414536714553833,0.17915640771389008,0.9921875,1.4579837322235107,1.6275639533996582,1.6549768447875977,2.6874611377716064,0.14627324044704437,0,True
464,0.8271844387054443,0.18726927042007446,0.9921875,1.4411202669143677,1.6228089332580566,1.6498143672943115,2.4784820079803467,0.12645405530929565,0,True
465,0.8464846611022949,0.17892754077911377,0.9921875,1.4450855255126953,1.6467679738998413,1.6740760803222656,2.5848255157470703,0.13589966297149658,0,True
466,0.8298555016517639,0.19243556261062622,0.9921875,1.395651936531067,1.5800739526748657,1.6053358316421509,2.6629374027252197,0.11609755456447601,0,True
467,0.8354713916778564,0.18337512016296387,0.9921875,1.3915191888809204,1.5986130237579346,1.6237828731536865,2.715057373046875,0.134197399020195,0,True
468,0.84698486328125,0.17306527495384216,0.9921875,1.412147045135498,1.574582576751709,1.5998573303222656,2.7576701641082764,0.1201615035533905,0,True
469,0.8313441276550293,0.17953765392303467,0.9921875,1.3776698112487793,1.524080514907837,1.5486829280853271,2.5218687057495117,0.11785963177680969,0,True
470,0.8349809050559998,0.18689878284931183,0.9921875,1.4021315574645996,1.5521266460418701,1.5778512954711914,2.5626132488250732,0.13335543870925903,0,True
471,0.8325936198234558,0.19115552306175232,0.9921875,1.4238202571868896,1.5626245737075806,1.5882548093795776,2.663031816482544,0.14804717898368835,0,True
472,0.8328828811645508,0.18541714549064636,0.9921875,1.3935333490371704,1.5557692050933838,1.5809804201126099,2.688724994659424,0.15955397486686707,0,True
473,0.8119321465492249,0.20462322235107422,0.9921875,1.4020414352416992,1.557956576347351,1.5834013223648071,2.7143828868865967,0.12402033805847168,0,True
474,0.8336551785469055,0.18591737747192383,0.9921875,1.4636569023132324,1.6649253368377686,1.6922341585159302,2.6434690952301025,0.13235388696193695,0,True
475,0.8404718637466431,0.18018369376659393,0.9921875,1.4208920001983643,1.582658290863037,1.6090730428695679,2.544318675994873,0.13298094272613525,0,True
476,0.8129993081092834,0.2102343738079071,0.9921875,1.378342628479004,1.574495553970337,1.5996394157409668,2.6754114627838135,0.1388167142868042,0,True
477,0.8345797061920166,0.1875607967376709,0.9921875,1.4546685218811035,1.6316719055175781,1.6589090824127197,2.8495569229125977,0.11043296754360199,0,True
478,0.8242712020874023,0.19113656878471375,0.9921875,1.436051845550537,1.562286615371704,1.5883049964904785,2.6414098739624023,0.12995591759681702,0,True
479,0.8083884716033936,0.20243734121322632,0.9921875,1.3834843635559082,1.541564702987671,1.566386103630066,2.6938846111297607,0.13053131103515625,0,True
480,0.8180227279663086,0.19716288149356842,0.9921875,1.393014907836914,1.556440830230713,1.5814836025238037,2.6742920875549316,0.14028465747833252,0,True
481,0.8042442798614502,0.20868152379989624,0.9921875,1.4115004539489746,1.5554840564727783,1.581214189529419,2.381552219390869,0.12657463550567627,0,True
482,0.8198508024215698,0.1971672773361206,0.9921875,1.4783122539520264,1.6339153051376343,1.6616153717041016,2.7535953521728516,0.11884326487779617,0,True
483,0.8333430886268616,0.19672805070877075,0.9921875,1.4574565887451172,1.62339186668396,1.6509414911270142,2.5918633937835693,0.13365253806114197,0,True
484,0.8266209363937378,0.19914889335632324,0.9921875,1.4230856895446777,1.609975814819336,1.636805772781372,2.675964117050171,0.12977147102355957,0,True
485,0.814877986907959,0.2093496322631836,0.9921875,1.399448037147522,1.5813782215118408,1.6072969436645508,2.6033694744110107,0.1235768049955368,0,True
486,0.8084242343902588,0.21136786043643951,0.9921875,1.401403546333313,1.5758970975875854,1.6011645793914795,2.7317800521850586,0.12877292931079865,0,True
487,0.8160132765769958,0.2009829878807068,0.9921875,1.4357271194458008,1.5732800960540771,1.5992671251296997,2.7081265449523926,0.14043021202087402,0,True
488,0.8191866874694824,0.20129936933517456,0.9921875,1.4307900667190552,1.5661321878433228,1.5924310684204102,2.5399129390716553,0.12579511106014252,0,True
489,0.8359197378158569,0.19263608753681183,0.9921875,1.4264005422592163,1.6031379699707031,1.6297786235809326,2.7525289058685303,0.14066080749034882,0,True
490,0.8166892528533936,0.2067442536354065,0.9921875,1.4088573455810547,1.5573034286499023,1.5827488899230957,2.417309045791626,0.1205487921833992,0,True
491,0.8115022778511047,0.2105659544467926,0.9921875,1.4073119163513184,1.5933222770690918,1.6190192699432373,2.6458685398101807,0.12370216846466064,0,True
492,0.8236542344093323,0.205616757273674,0.9921875,1.4583263397216797,1.629584789276123,1.6567851305007935,2.600799798965454,0.11935081332921982,0,True
493,0.8223351836204529,0.20036464929580688,0.9921875,1.4341435432434082,1.596771478652954,1.6234556436538696,2.6526012420654297,0.12964847683906555,0,True
494,0.833591103553772,0.1891588568687439,0.9921875,1.4188646078109741,1.5841689109802246,1.6107045412063599,2.678502321243286,0.13541534543037415,0,True
495,0.814811646938324,0.20115523040294647,0.9921875,1.3578667640686035,1.5229365825653076,1.5472428798675537,2.339326858520508,0.1228402853012085,0,True
496,0.8012648224830627,0.21639351546764374,0.9921875,1.3769490718841553,1.527857780456543,1.5523781776428223,2.4254355430603027,0.11553512513637543,0,True
497,0.8132052421569824,0.20570772886276245,0.9921875,1.4580299854278564,1.5944995880126953,1.6213529109954834,2.6010897159576416,0.12436363101005554,0,True
498,0.8240110874176025,0.18779033422470093,0.9921875,1.462607979774475,1.5700652599334717,1.5970942974090576,2.606769323348999,0.13389787077903748,0,True
499,0.8298980593681335,0.18928930163383484,0.9921875,1.4297194480895996,1.6212375164031982,1.6478259563446045,2.599543571472168,0.13201606273651123,0,True
500,0.7981150150299072,0.224534809589386,0.9921875,1.4071595668792725,1.5767816305160522,1.6023495197296143,2.825350761413574,0.14604726433753967,0,True
501,0.832663893699646,0.1959722638130188,0.9921875,1.4581844806671143,1.6732432842254639,1.700213074684143,2.5304312705993652,0.1240069568157196,0,True
502,0.8239039182662964,0.20015192031860352,0.9921875,1.4270665645599365,1.5752942562103271,1.6019957065582275,2.3865137100219727,0.1351499855518341,0,True
503,0.8210768699645996,0.196437269449234,0.9921875,1.4126121997833252,1.6043224334716797,1.6301195621490479,2.478294610977173,0.11831459403038025,0,True
504,0.8239745497703552,0.19563353061676025,0.9921875,1.38126802444458,1.5410338640213013,1.5658066272735596,2.4641287326812744,0.12316300719976425,0,True
505,0.8195724487304688,0.1950930953025818,0.9921875,1.3922581672668457,1.546762466430664,1.571765661239624,2.702373504638672,0.12372292578220367,0,True
506,0.8209764957427979,0.2037755846977234,0.9921875,1.4105180501937866,1.544889211654663,1.5701595544815063,2.5054047107696533,0.1409352719783783,0,True
507,0.8332204222679138,0.19683003425598145,0.9921875,1.4457635879516602,1.5918959379196167,1.6184790134429932,2.669586181640625,0.14007842540740967,0,True
508,0.8349246978759766,0.19107933342456818,0.9921875,1.4477996826171875,1.582641839981079,1.6093194484710693,2.4713263511657715,0.13095805048942566,0,True
509,0.8221030235290527,0.1987338662147522,0.9921875,1.4222092628479004,1.6113845109939575,1.6376230716705322,2.8428335189819336,0.13394825160503387,0,True
510,0.8297462463378906,0.19744010269641876,0.9921875,1.4153437614440918,1.6364052295684814,1.6621304750442505,2.612875461578369,0.1295446753501892,0,True
511,0.8217850923538208,0.20340752601623535,0.9921875,1.4140496253967285,1.6075921058654785,1.6333136558532715,2.78171706199646,0.13572165369987488,0,True
512,0.8366358280181885,0.1864452064037323,0.9921875,1.4242358207702637,1.6097664833068848,1.6360262632369995,2.6536684036254883,0.124874547123909,0,True
513,0.8438273668289185,0.18161684274673462,0.9921875,1.4287974834442139,1.5609521865844727,1.5872180461883545,2.667118787765503,0.12325949966907501,0,True
514,0.8274345397949219,0.19296827912330627,0.9921875,1.3664602041244507,1.5279055833816528,1.5522897243499756,2.334575891494751,0.13001294434070587,0,True
515,0.8260979652404785,0.19867974519729614,0.9921875,1.3858566284179688,1.551166296005249,1.5761839151382446,2.5042030811309814,0.11833815276622772,0,True
516,0.8086998462677002,0.21143773198127747,0.9921875,1.4398044347763062,1.5574525594711304,1.5836327075958252,2.597094774246216,0.1180020198225975,0,True
517,0.8517729640007019,0.17578670382499695,0.9921875,1.51250159740448,1.6547741889953613,1.6831934452056885,2.649343729019165,0.1326025426387787,0,True
518,0.8265075087547302,0.19699759781360626,0.9921875,1.446784496307373,1.5797772407531738,1.6068495512008667,2.4591562747955322,0.1436186134815216,0,True
519,0.8201018571853638,0.196792870759964,0.9921875,1.406680941581726,1.6232881546020508,1.6490514278411865,2.407890558242798,0.13228389620780945,0,True
520,0.8436673879623413,0.1834772229194641,0.9921875,1.435842514038086,1.646033525466919,1.6729211807250977,2.5204875469207764,0.13408979773521423,0,True
521,0.8442656993865967,0.17987152934074402,0.9921875,1.4521384239196777,1.6249593496322632,1.6523139476776123,2.768273115158081,0.13235071301460266,0,True
522,0.8350513577461243,0.17850342392921448,0.9921875,1.4196388721466064,1.5975151062011719,1.6239404678344727,2.4570209980010986,0.14783187210559845,0,True
523,0.8362417221069336,0.18710586428642273,0.9921875,1.4150193929672241,1.5758142471313477,1.601529836654663,2.644597291946411,0.1248222216963768,0,True
524,0.8226451277732849,0.19650372862815857,0.9921875,1.38706374168396,1.5277023315429688,1.5521513223648071,2.5461418628692627,0.13014832139015198,0,True
525,0.8259052634239197,0.19111713767051697,0.9921875,1.3965222835540771,1.5414679050445557,1.566649317741394,2.436570405960083,0.12264437973499298,0,True
526,0.8206217885017395,0.196699321269989,0.9921875,1.4377198219299316,1.5487078428268433,1.5747497081756592,2.51871919631958,0.12650474905967712,0,True
527,0.8239473104476929,0.2066144198179245,1.0,1.4591059684753418,1.6074717044830322,1.6346282958984375,2.7388031482696533,0.10666899383068085,0,True
528,0.8266818523406982,0.18938685953617096,1.0,1.4902650117874146,1.6603235006332397,1.6883280277252197,2.6513445377349854,0.11600451916456223,0,True
529,0.8218664526939392,0.20065777003765106,1.0,1.446662187576294,1.630116581916809,1.6569243669509888,2.630352020263672,0.12138703465461731,0,True
530,0.8363111019134521,0.19032002985477448,1.0,1.4088943004608154,1.6396502256393433,1.665607213973999,2.622256278991699,0.13132673501968384,0,True
531,0.832213819026947,0.18630799651145935,1.0,1.4036188125610352,1.6136040687561035,1.6395034790039062,2.361757516860962,0.13750652968883514,0,True
532,0.834528923034668,0.1801101416349411,1.0,1.4038830995559692,1.6038254499435425,1.6297619342803955,2.6955931186676025,0.12992572784423828,0,True
533,0.8221449851989746,0.19119957089424133,1.0,1.3617676496505737,1.5257930755615234,1.550096035003662,2.5133416652679443,0.13478884100914001,0,True
534,0.8000840544700623,0.21041226387023926,1.0,1.3595266342163086,1.5051442384719849,1.529235601425171,2.4826669692993164,0.13292282819747925,0,True
535,0.8102890253067017,0.20348197221755981,1.0,1.4330050945281982,1.5556156635284424,1.5818986892700195,2.4769110679626465,0.12800410389900208,0,True
536,0.8153942227363586,0.2004854828119278,1.0,1.4478893280029297,1.5706431865692139,1.5975432395935059,2.7071261405944824,0.1263902485370636,0,True
537,0.8096757531166077,0.20607030391693115,1.0,1.415743350982666,1.5957093238830566,1.6220415830612183,2.6430766582489014,0.13020731508731842,0,True
538,0.8225350379943848,0.1988130509853363,1.0,1.4353957176208496,1.6276655197143555,1.6541796922683716,2.7090368270874023,0.12714752554893494,0,True
539,0.8130452632904053,0.20537671446800232,1.0,1.4305429458618164,1.617171049118042,1.6438047885894775,2.5663340091705322,0.15063336491584778,0,True
540,0.8077630400657654,0.21626383066177368,1.0,1.4180197715759277,1.6025781631469727,1.628509759902954,2.7054102420806885,0.14013923704624176,0,True
541,0.817862868309021,0.20841282606124878,1.0,1.4333934783935547,1.6455583572387695,1.6722254753112793,2.653665065765381,0.13158079981803894,0,True
542,0.8451406955718994,0.18594056367874146,1.0,1.4586315155029297,1.6195051670074463,1.646613359451294,2.8413922786712646,0.12370391190052032,0,True
543,0.8191118836402893,0.20494845509529114,1.0,1.351561188697815,1.524603247642517,1.5488609075546265,2.664510726928711,0.12246604263782501,0,True
544,0.8165224194526672,0.2046845555305481,1.0,1.3704981803894043,1.544802188873291,1.569623351097107,2.335599899291992,0.11075237393379211,0,True
545,0.8384906053543091,0.1947747766971588,1.0,1.4220930337905884,1.542937994003296,1.568991780281067,2.559278964996338,0.12970268726348877,0,True
546,0.8141674995422363,0.20813320577144623,1.0,1.4064735174179077,1.5217628479003906,1.5468381643295288,2.547780990600586,0.12762556970119476,0,True
547,0.829355776309967,0.20354938507080078,1.0,1.4590452909469604,1.6195337772369385,1.646633267402649,2.587761163711548,0.12510351836681366,0,True
548,0.817753791809082,0.2219536304473877,1.0,1.4886221885681152,1.6218096017837524,1.6493022441864014,2.6764473915100098,0.1290445774793625,0,True
549,0.8277299404144287,0.203691303730011,1.0,1.4622544050216675,1.664993405342102,1.692065954208374,2.5080971717834473,0.13285979628562927,0,True
550,0.8178926706314087,0.21280226111412048,1.0,1.4108240604400635,1.6114528179168701,1.6371867656707764,2.534135103225708,0.13093386590480804,0,True
551,0.8189301490783691,0.21156665682792664,1.0,1.420914649963379,1.6456491947174072,1.671870231628418,2.535554885864258,0.13131758570671082,0,True
552,0.8301851749420166,0.19284991919994354,1.0,1.4169907569885254,1.6225461959838867,1.6489324569702148,2.679431200027466,0.12168140709400177,0,True
553,0.8293381929397583,0.1956128180027008,1.0,1.391964077949524,1.5550422668457031,1.580618977546692,2.381356954574585,0.11222115159034729,0,True
554,0.8158285021781921,0.20137450098991394,1.0,1.3674218654632568,1.496642827987671,1.5210480690002441,2.509951114654541,0.1135164350271225,0,True
555,0.8184248805046082,0.19923898577690125,1.0,1.3891072273254395,1.4986445903778076,1.522942304611206,2.5505967140197754,0.13406984508037567,0,True
556,0.8080174922943115,0.204390749335289,1.0,1.407231330871582,1.5094327926635742,1.5347932577133179,2.5951180458068848,0.11826831102371216,0,True
557,0.8146558403968811,0.20609864592552185,1.0,1.4464865922927856,1.5834439992904663,1.6103317737579346,2.371706962585449,0.13363918662071228,0,True
558,0.8263163566589355,0.20250214636325836,1.0,1.4854780435562134,1.6192137002944946,1.646905541419983,2.8093421459198,0.12721237540245056,0,True
559,0.8201762437820435,0.2004626840353012,1.0,1.433098316192627,1.6689668893814087,1.6962766647338867,2.479104995727539,0.1277371644973755,0,True
560,0.8200955390930176,0.2100042998790741,1.0,1.4510338306427002,1.692533254623413,1.7200543880462646,2.7118279933929443,0.13511379063129425,0,True
561,0.8150397539138794,0.20406466722488403,1.0,1.4465465545654297,1.6720776557922363,1.6992743015289307,2.4672508239746094,0.13595286011695862,0,True
562,0.824230968952179,0.19155529141426086,1.0,1.413487434387207,1.5982458591461182,1.624167799949646,2.81994366645813,0.11745166033506393,0,True
563,0.8277931213378906,0.18606364727020264,1.0,1.3892312049865723,1.543945550918579,1.5691910982131958,2.5604825019836426,0.1379746049642563,0,True
564,0.8262068033218384,0.19077518582344055,1.0,1.369410753250122,1.4965319633483887,1.5206166505813599,2.3747408390045166,0.1271713674068451,0,True
565,0.8206475973129272,0.20032252371311188,1.0,1.3927562236785889,1.4771413803100586,1.501429557800293,2.536022663116455,0.12380319088697433,0,True
566,0.8089830875396729,0.21580266952514648,1.0,1.4090967178344727,1.493073582649231,1.5182679891586304,2.45259690284729,0.11678117513656616,0,True
567,0.8350436091423035,0.1906355619430542,1.0,1.4936877489089966,1.6238274574279785,1.6517919301986694,2.4842662811279297,0.13104896247386932,0,True
568,0.8393338918685913,0.19120991230010986,1.0,1.4833929538726807,1.6484853029251099,1.676452398300171,2.581322431564331,0.131120502948761,0,True
569,0.8258380889892578,0.20843124389648438,1.0,1.4614145755767822,1.665366530418396,1.6926991939544678,2.526592493057251,0.1289963722229004,0,True
570,0.8526214361190796,0.18329986929893494,1.0,1.4774138927459717,1.7034294605255127,1.7316267490386963,2.5826988220214844,0.12635597586631775,0,True
571,0.8451027870178223,0.17962396144866943,1.0,1.4176452159881592,1.6352150440216064,1.6617580652236938,2.4486191272735596,0.12439270317554474,0,True
572,0.8263511657714844,0.1947534680366516,1.0,1.380232810974121,1.5845754146575928,1.6094639301300049,2.5892715454101562,0.12292850762605667,0,True
573,0.8418805003166199,0.17843180894851685,1.0,1.4030431509017944,1.5704455375671387,1.5954148769378662,2.5371129512786865,0.11532113701105118,0,True
574,0.8324393033981323,0.18305498361587524,1.0,1.370387077331543,1.4962879419326782,1.520405650138855,2.3352222442626953,0.11294801533222198,0,True
575,0.8238615393638611,0.19879838824272156,1.0,1.3834986686706543,1.4990434646606445,1.5235648155212402,2.5081989765167236,0.1263253390789032,0,True
576,0.8437190055847168,0.17625467479228973,1.0,1.4497756958007812,1.5786298513412476,1.6054738759994507,2.5466103553771973,0.1261768937110901,0,True
577,0.8264493346214294,0.1960083693265915,1.0,1.422323226928711,1.5398485660552979,1.5659257173538208,2.349125862121582,0.1285061240196228,0,True
578,0.8194183111190796,0.205987349152565,1.0,1.435746669769287,1.6231250762939453,1.6499097347259521,2.6022698879241943,0.13457143306732178,0,True
579,0.8392258286476135,0.1869996190071106,1.0,1.4912153482437134,1.6874938011169434,1.7157065868377686,2.618744134902954,0.1299750953912735,0,True
580,0.8475384712219238,0.17518973350524902,1.0,1.445589542388916,1.6570326089859009,1.6841075420379639,2.6897778511047363,0.13422049582004547,0,True
581,0.8445860147476196,0.1728302538394928,1.0,1.3861254453659058,1.6138832569122314,1.6393003463745117,2.516714572906494,0.1302458941936493,0,True
582,0.849124550819397,0.17021313309669495,1.0,1.377288818359375,1.5626263618469238,1.5873892307281494,2.500296115875244,0.11874847859144211,0,True
583,0.8489127159118652,0.17567795515060425,1.0,1.3746672868728638,1.5347907543182373,1.5591999292373657,2.5864126682281494,0.11524747312068939,0,True
584,0.8486829400062561,0.17231622338294983,1.0,1.3925970792770386,1.530763864517212,1.5558924674987793,2.493699073791504,0.12224093079566956,0,True
585,0.8603096604347229,0.16960522532463074,1.0,1.4265867471694946,1.5305083990097046,1.5563368797302246,2.698009729385376,0.11818201094865799,0,True
586,0.8711408376693726,0.15153035521507263,1.0,1.453908920288086,1.5707682371139526,1.5973427295684814,2.440319538116455,0.12416911870241165,0,True
587,0.8630304336547852,0.16077257692813873,1.0,1.4350944757461548,1.5603563785552979,1.5863535404205322,2.5536537170410156,0.12283651530742645,0,True
588,0.8513416051864624,0.17381051182746887,1.0,1.4165475368499756,1.581425428390503,1.6069574356079102,2.499636650085449,0.1336740255355835,0,True
589,0.8501172065734863,0.17848126590251923,1.0,1.4795746803283691,1.644542932510376,1.6721415519714355,2.824398994445801,0.13753652572631836,0,True
590,0.8629777431488037,0.16096845269203186,1.0,1.5012162923812866,1.6704232692718506,1.6988344192504883,2.7684335708618164,0.1282137930393219,0,True
591,0.861648440361023,0.16138587892055511,1.0,1.4413788318634033,1.637263298034668,1.6640568971633911,2.7755041122436523,0.1354084610939026,0,True
592,0.8656477928161621,0.1647879034280777,1.0,1.3910391330718994,1.5950933694839478,1.620762586593628,2.6947243213653564,0.11985796689987183,0,True
593,0.8397191166877747,0.1795991063117981,1.0,1.3552029132843018,1.551546573638916,1.5757036209106445,2.493849515914917,0.13550704717636108,0,True
594,0.8392524719238281,0.178645521402359,1.0,1.405805230140686,1.5556846857070923,1.5804557800292969,2.68506121635437,0.12751060724258423,0,True
595,0.8445138931274414,0.1744900941848755,1.0,1.409475326538086,1.5277814865112305,1.5531610250473022,2.6585001945495605,0.12090307474136353,0,True
596,0.8346984386444092,0.18678413331508636,1.0,1.4173669815063477,1.5133602619171143,1.5390589237213135,2.67496919631958,0.11944371461868286,0,True
597,0.8103739023208618,0.20714572072029114,1.0,1.3993624448776245,1.5496513843536377,1.5748496055603027,2.6682560443878174,0.13184979557991028,0,True
598,0.8284879922866821,0.18826475739479065,1.0,1.442826271057129,1.6377408504486084,1.664206624031067,2.740002155303955,0.11599056422710419,0,True
599,0.8174073100090027,0.20891328155994415,1.0,1.4389926195144653,1.6183110475540161,1.6449949741363525,2.7418887615203857,0.13379690051078796,0,True
600,0.8539489507675171,0.17512229084968567,1.0,1.4867192506790161,1.7124799489974976,1.7407729625701904,2.5266122817993164,0.12954914569854736,0,True
601,0.8393216729164124,0.18541425466537476,1.0,1.4231059551239014,1.6152963638305664,1.6418830156326294,2.5454347133636475,0.14016938209533691,0,True
602,0.8437056541442871,0.1852775365114212,1.0,1.4147371053695679,1.621099591255188,1.647296667098999,2.4661777019500732,0.12540501356124878,0,True
603,0.8423277139663696,0.17399388551712036,1.0,1.3966994285583496,1.557968020439148,1.5835018157958984,2.5373001098632812,0.12822483479976654,0,True
604,0.8460413217544556,0.1692449301481247,1.0,1.411945104598999,1.5253193378448486,1.5505677461624146,2.721980571746826,0.12537504732608795,0,True
605,0.829789936542511,0.18871775269508362,1.0,1.3735350370407104,1.4741837978363037,1.4984116554260254,2.6172165870666504,0.13419285416603088,0,True
606,0.8552660942077637,0.16736678779125214,1.0,1.4313064813613892,1.539466381072998,1.565589189529419,2.742069721221924,0.12921001017093658,0,True
607,0.833977222442627,0.1889597475528717,1.0,1.4221019744873047,1.5394099950790405,1.565086841583252,2.7881863117218018,0.12141492962837219,0,True
608,0.8513171672821045,0.17669014632701874,1.0,1.4660577774047852,1.6436638832092285,1.6705937385559082,2.943889617919922,0.12855666875839233,0,True
609,0.8644070029258728,0.17510414123535156,1.0,1.4866149425506592,1.6604094505310059,1.688685655593872,2.638244390487671,0.12217402458190918,0,True
610,0.8660110831260681,0.1553930938243866,1.0,1.4487383365631104,1.6794657707214355,1.7069567441940308,2.5141751766204834,0.11305364221334457,0,True
611,0.8708840012550354,0.15335750579833984,1.0,1.4088536500930786,1.6313564777374268,1.657913088798523,2.509974956512451,0.110517218708992,0,True
612,0.8503865599632263,0.17148683965206146,1.0,1.364978551864624,1.5674362182617188,1.5922036170959473,2.6624863147735596,0.12766195833683014,0,True
613,0.8710322380065918,0.1563846319913864,1.0,1.4187333583831787,1.588269591331482,1.6136717796325684,2.662350654602051,0.12175127863883972,0,True
614,0.8545271754264832,0.17274174094200134,1.0,1.3889466524124146,1.4950358867645264,1.5193662643432617,2.5535340309143066,0.14386487007141113,0,True
615,0.8463709354400635,0.17189350724220276,1.0,1.3967747688293457,1.507127285003662,1.5317645072937012,2.5748519897460938,0.12412066757678986,0,True
616,0.8414759039878845,0.1776801496744156,1.0,1.4332482814788818,1.538321852684021,1.564502239227295,2.7004830837249756,0.13279008865356445,0,True
617,0.8255051374435425,0.18873189389705658,1.0,1.4627385139465332,1.6031689643859863,1.6300177574157715,2.613999366760254,0.13656151294708252,0,True
618,0.8366070985794067,0.1820322573184967,1.0,1.4784412384033203,1.6744024753570557,1.7021372318267822,2.742866039276123,0.12966707348823547,0,True
619,0.8515617847442627,0.16731636226177216,1.0,1.4809858798980713,1.678175926208496,1.7063100337982178,2.6081721782684326,0.12899936735630035,0,True
620,0.8341401815414429,0.18509094417095184,1.0,1.4211599826812744,1.6462219953536987,1.6725916862487793,2.4859519004821777,0.1253678798675537,0,True
621,0.8309388160705566,0.18348535895347595,1.0,1.4131803512573242,1.6388065814971924,1.6650056838989258,2.526766061782837,0.12971819937229156,0,True
622,0.8452678918838501,0.17309412360191345,1.0,1.409498691558838,1.5935969352722168,1.6193057298660278,2.739908218383789,0.11265380680561066,0,True
623,0.8406141996383667,0.17333734035491943,1.0,1.3493106365203857,1.5101336240768433,1.5341978073120117,2.2469682693481445,0.12828703224658966,0,True
624,0.8177146911621094,0.19296105206012726,1.0,1.3527545928955078,1.4881439208984375,1.5120558738708496,2.410369634628296,0.12294691801071167,0,True
625,0.8510391712188721,0.1664586067199707,1.0,1.4260491132736206,1.5537772178649902,1.5795619487762451,2.5564756393432617,0.12728235125541687,0,True
626,0.8323956727981567,0.18543703854084015,1.0,1.4281938076019287,1.504042625427246,1.5299501419067383,2.496767520904541,0.14601144194602966,0,True
627,0.8325022459030151,0.19566240906715393,1.0,1.453683853149414,1.6014080047607422,1.6279618740081787,2.7531871795654297,0.13381008803844452,0,True
628,0.8459826707839966,0.18136677145957947,1.0,1.5031179189682007,1.6575473546981812,1.68613862991333,2.6489505767822266,0.11485902965068817,0,True
629,0.8596355319023132,0.17157220840454102,1.0,1.4697102308273315,1.6651418209075928,1.6930242776870728,2.6799848079681396,0.12210738658905029,0,True
630,0.8566513657569885,0.16823790967464447,1.0,1.412391185760498,1.6435153484344482,1.669965386390686,2.5147171020507812,0.1290569007396698,0,True
631,0.8426787853240967,0.18373163044452667,1.0,1.4052009582519531,1.6087055206298828,1.6341712474822998,2.554227828979492,0.14566363394260406,0,True
632,0.8593645095825195,0.1691313087940216,1.0,1.4136741161346436,1.5900200605392456,1.6157665252685547,2.6232235431671143,0.11660490930080414,0,True
633,0.8546135425567627,0.16967348754405975,1.0,1.3874260187149048,1.5241222381591797,1.548980712890625,2.6420722007751465,0.13082939386367798,0,True
634,0.8476584553718567,0.16784673929214478,1.0,1.3846930265426636,1.5199506282806396,1.5444493293762207,2.630764961242676,0.12601636350154877,0,True
635,0.8362303376197815,0.18929508328437805,1.0,1.3949507474899292,1.4975931644439697,1.5221574306488037,2.577648401260376,0.12545114755630493,0,True
636,0.8498916625976562,0.17340101301670074,1.0,1.4263547658920288,1.5595486164093018,1.585139274597168,2.3618202209472656,0.11105389147996902,0,True
637,0.8530710935592651,0.1813620626926422,1.0,1.4595882892608643,1.5739901065826416,1.6008484363555908,2.705972909927368,0.1174679771065712,0,True
638,0.8433646559715271,0.1810396909713745,1.0,1.4445396661758423,1.6375800371170044,1.6643667221069336,2.7655093669891357,0.12256313115358353,0,True
639,0.8476850986480713,0.17659583687782288,1.0,1.458984375,1.6851646900177002,1.7127695083618164,2.6605284214019775,0.1155967116355896,0,True
640,0.8271464705467224,0.19039201736450195,1.0,1.4194649457931519,1.6536800861358643,1.6800987720489502,2.6071274280548096,0.11573999375104904,0,True
641,0.8508117198944092,0.17886486649513245,1.0,1.4410591125488281,1.6803923845291138,1.7072839736938477,2.6165268421173096,0.11158958077430725,0,True
642,0.8480720520019531,0.1753765493631363,1.0,1.4100401401519775,1.577028751373291,1.6025196313858032,2.638361692428589,0.12667439877986908,0,True
643,0.834595799446106,0.17785555124282837,1.0,1.3599274158477783,1.5339460372924805,1.5581222772598267,2.6983251571655273,0.12298328429460526,0,True
644,0.8300693035125732,0.1862688511610031,1.0,1.3662500381469727,1.5231975317001343,1.5472252368927002,2.3431179523468018,0.12979468703269958,0,True
645,0.8261239528656006,0.19036054611206055,1.0,1.405443549156189,1.5172256231307983,1.5418660640716553,2.791646718978882,0.13332848250865936,0,True
646,0.8140190243721008,0.20034345984458923,1.0,1.4103127717971802,1.5230969190597534,1.5480084419250488,2.564516067504883,0.13029146194458008,0,True
647,0.8189855813980103,0.19919516146183014,1.0,1.448981523513794,1.5927493572235107,1.6197776794433594,2.5351271629333496,0.13312837481498718,0,True
648,0.8211269378662109,0.1913958042860031,1.0,1.4710191488265991,1.6349068880081177,1.662501573562622,2.51959228515625,0.12067160755395889,0,True
649,0.842516303062439,0.1838531792163849,1.0,1.4815199375152588,1.6696186065673828,1.6975127458572388,2.7027971744537354,0.1370910257101059,0,True
650,0.8349961042404175,0.18527457118034363,1.0,1.4162895679473877,1.6466374397277832,1.673081874847412,2.60300612449646,0.12688779830932617,0,True
651,0.8282288312911987,0.19166269898414612,1.0,1.3836451768875122,1.6136962175369263,1.6390433311462402,2.6898648738861084,0.13176366686820984,0,True
652,0.8294370770454407,0.19546988606452942,1.0,1.4031234979629517,1.6043922901153564,1.6301259994506836,2.5060925483703613,0.12490179389715195,0,True
653,0.8354868292808533,0.19252166152000427,1.0,1.427246332168579,1.5833868980407715,1.6096290349960327,2.6854796409606934,0.13729560375213623,0,True
654,0.849270224571228,0.18941658735275269,1.0,1.4105511903762817,1.5441648960113525,1.5702555179595947,2.5400326251983643,0.12025746703147888,0,True
655,0.8362834453582764,0.2019670605659485,1.0,1.3742990493774414,1.4974660873413086,1.5219489336013794,2.4596331119537354,0.1315620243549347,0,True
656,0.8362101316452026,0.20450714230537415,1.0,1.399134635925293,1.531267523765564,1.5562185049057007,2.7076685428619385,0.1358736902475357,0,True
657,0.834755539894104,0.20847102999687195,1.0,1.4367111921310425,1.553881287574768,1.5800151824951172,2.6888551712036133,0.11001287400722504,0,True
658,0.8372246623039246,0.20988737046718597,1.0,1.4652122259140015,1.585663080215454,1.6127357482910156,2.6885385513305664,0.13868319988250732,0,True
659,0.8689253330230713,0.1873980015516281,1.0,1.4965134859085083,1.6657865047454834,1.694624900817871,2.7591941356658936,0.1282375454902649,0,True
660,0.8487011194229126,0.19402040541172028,1.0,1.4206576347351074,1.6332793235778809,1.659994125366211,2.496506452560425,0.1199892982840538,0,True
661,0.8342899680137634,0.1998840570449829,1.0,1.3846204280853271,1.638397216796875,1.66400146484375,2.4848270416259766,0.126516193151474,0,True
662,0.8468316793441772,0.18762975931167603,1.0,1.3923711776733398,1.5913517475128174,1.616420865058899,2.5178444385528564,0.11780602484941483,0,True
663,0.8277095556259155,0.20662616193294525,1.0,1.381890058517456,1.5361248254776,1.5606863498687744,2.431133270263672,0.1417561173439026,0,True
664,0.8398148417472839,0.20251590013504028,1.0,1.4148294925689697,1.560598373413086,1.585975170135498,2.67728853225708,0.1192789375782013,0,True
665,0.8399003744125366,0.193259596824646,1.0,1.394350290298462,1.5150355100631714,1.5396232604980469,2.395718574523926,0.12322916090488434,0,True
666,0.8207557201385498,0.21748720109462738,1.0,1.382157564163208,1.5146504640579224,1.5389697551727295,2.4685940742492676,0.12076249718666077,0,True
667,0.8156256079673767,0.20391739904880524,1.0,1.429724931716919,1.5630226135253906,1.5891391038894653,2.6490728855133057,0.13676734268665314,0,True
668,0.8361208438873291,0.18461039662361145,1.0,1.4709680080413818,1.6236283779144287,1.6513497829437256,2.696840286254883,0.125264972448349,0,True
669,0.835753321647644,0.2020789384841919,1.0,1.4758272171020508,1.6398091316223145,1.6677278280258179,2.6111958026885986,0.13715025782585144,0,True
670,0.8337260484695435,0.18812239170074463,1.0,1.4246156215667725,1.6245465278625488,1.65086030960083,2.768826484680176,0.12512612342834473,0,True
671,0.8129598498344421,0.20272447168827057,1.0,1.393339991569519,1.61033296585083,1.6357431411743164,2.4785141944885254,0.13837438821792603,0,True
672,0.8519482612609863,0.1732822209596634,1.0,1.4597325325012207,1.6584160327911377,1.6854608058929443,2.5929059982299805,0.11190629750490189,0,True
673,0.8384934663772583,0.1834244728088379,1.0,1.4093440771102905,1.5471105575561523,1.5728602409362793,2.4080564975738525,0.13499020040035248,0,True
674,0.8276979923248291,0.1906147301197052,1.0,1.3694430589675903,1.5269230604171753,1.5509605407714844,2.3257739543914795,0.12784062325954437,0,True
675,0.8283752202987671,0.1946757584810257,1.0,1.3973467350006104,1.515097737312317,1.5399467945098877,2.561537504196167,0.11642636358737946,0,True
676,0.8399434089660645,0.17829635739326477,1.0,1.4309272766113281,1.5228729248046875,1.548905372619629,2.7595980167388916,0.12842853367328644,0,True
677,0.8097946643829346,0.20698508620262146,1.0,1.4002113342285156,1.5048017501831055,1.5299888849258423,2.606233835220337,0.13919039070606232,0,True
678,0.8349717855453491,0.18658247590065002,1.0,1.4770138263702393,1.6445817947387695,1.6720352172851562,2.5659751892089844,0.13182713091373444,0,True
679,0.8560407161712646,0.16929227113723755,1.0,1.4972145557403564,1.6666905879974365,1.6954340934753418,2.6023309230804443,0.1468091905117035,0,True
680,0.8534097671508789,0.17435438930988312,1.0,1.4374537467956543,1.645114541053772,1.672254204750061,2.594066619873047,0.14614237844944,0,True
681,0.8386408686637878,0.18377137184143066,1.0,1.400381326675415,1.6161823272705078,1.642189621925354,2.628929853439331,0.12679311633110046,0,True
682,0.878171980381012,0.1486225128173828,1.0,1.4513212442398071,1.6642308235168457,1.6915006637573242,2.568161964416504,0.126988023519516,0,True
683,0.8511167168617249,0.16987083852291107,1.0,1.3934046030044556,1.5496594905853271,1.5748298168182373,2.566697359085083,0.14700822532176971,0,True
684,0.84645676612854,0.17791716754436493,1.0,1.372758150100708,1.5458731651306152,1.570461392402649,2.768465042114258,0.13280105590820312,0,True
685,0.8522275686264038,0.16819316148757935,1.0,1.411379337310791,1.5375289916992188,1.562622308731079,2.3837039470672607,0.12111060321331024,0,True
686,0.8562027215957642,0.1701977550983429,1.0,1.4272732734680176,1.5312409400939941,1.5568785667419434,2.6079916954040527,0.13990214467048645,0,True
687,0.8436464071273804,0.18612003326416016,1.0,1.3935996294021606,1.5316312313079834,1.5567420721054077,2.516186475753784,0.12777847051620483,0,True
688,0.842715859413147,0.1931559145450592,1.0,1.4639527797698975,1.6184362173080444,1.6456222534179688,2.6636338233947754,0.12343946099281311,0,True
689,0.875043511390686,0.1602327525615692,1.0,1.5029245615005493,1.706892490386963,1.7357096672058105,2.5978879928588867,0.11908284574747086,0,True
690,0.8539841175079346,0.17688113451004028,1.0,1.4280505180358887,1.6298985481262207,1.6565704345703125,2.5822510719299316,0.11963965743780136,0,True
691,0.8493538498878479,0.1712864339351654,1.0,1.3812825679779053,1.6260526180267334,1.6512212753295898,2.3958663940429688,0.11848767101764679,0,True
692,0.8630089163780212,0.16029144823551178,1.0,1.3967097997665405,1.588793158531189,1.61409592628479,2.459049701690674,0.11876185983419418,0,True
693,0.8512387275695801,0.1686864197254181,1.0,1.385350227355957,1.5281217098236084,1.5530006885528564,2.5191473960876465,0.1230354905128479,0,True
694,0.8420822620391846,0.17276445031166077,1.0,1.3963404893875122,1.532249093055725,1.5573153495788574,2.560309410095215,0.11877812445163727,0,True
695,0.840859591960907,0.178165465593338,1.0,1.419551968574524,1.5405762195587158,1.5660669803619385,2.5313234329223633,0.113035649061203,0,True
696,0.8002344369888306,0.22164316475391388,1.0,1.4219075441360474,1.5424550771713257,1.5680915117263794,2.5019474029541016,0.12640753388404846,0,True
697,0.8129220008850098,0.20177271962165833,1.0,1.4585531949996948,1.6314074993133545,1.658342957496643,2.6501340866088867,0.11904522776603699,0,True
698,0.8070005774497986,0.21094658970832825,1.0,1.4559404850006104,1.6336482763290405,1.6607258319854736,2.487537145614624,0.12083104252815247,0,True
699,0.8212915658950806,0.20171678066253662,1.0,1.4600672721862793,1.6712393760681152,1.698852777481079,2.7542388439178467,0.12555736303329468,0,True
700,0.8095994591712952,0.2044147551059723,1.0,1.3995215892791748,1.6026653051376343,1.6283164024353027,2.7137880325317383,0.12421873211860657,0,True
701,0.8087574243545532,0.20281651616096497,1.0,1.3890128135681152,1.6091151237487793,1.6339271068572998,2.4614274501800537,0.13108769059181213,0,True
702,0.8423946499824524,0.18417587876319885,1.0,1.453190803527832,1.623081922531128,1.6501268148422241,2.6015918254852295,0.12347058951854706,0,True
703,0.8259264230728149,0.19472777843475342,1.0,1.4102414846420288,1.5472996234893799,1.5727348327636719,2.4318289756774902,0.14661157131195068,0,True
704,0.830417275428772,0.18872018158435822,1.0,1.4103635549545288,1.5597116947174072,1.585012435913086,2.5803062915802,0.13395971059799194,0,True
705,0.8365716934204102,0.1882462352514267,1.0,1.3938407897949219,1.5378756523132324,1.5626980066299438,2.5508179664611816,0.1355699747800827,0,True
706,0.819247841835022,0.20754042267799377,1.0,1.4006595611572266,1.5452591180801392,1.570227026939392,2.4733543395996094,0.12271975725889206,0,True
707,0.8355277180671692,0.19052639603614807,1.0,1.4607971906661987,1.6329586505889893,1.6602966785430908,2.507398843765259,0.12787041068077087,0,True
708,0.8511334657669067,0.18421177566051483,1.0,1.5031023025512695,1.669609546661377,1.6980857849121094,2.5859804153442383,0.12594547867774963,0,True
709,0.848977267742157,0.17867806553840637,1.0,1.4426661729812622,1.6558152437210083,1.682720422744751,2.530673027038574,0.13489092886447906,0,True
710,0.8462386131286621,0.17635837197303772,1.0,1.378077745437622,1.5872156620025635,1.6120903491973877,2.6600797176361084,0.11720525473356247,0,True
711,0.8321397304534912,0.1930854767560959,1.0,1.3830616474151611,1.5728322267532349,1.5976390838623047,2.6932268142700195,0.11532803624868393,0,True
712,0.8489567041397095,0.17677262425422668,1.0,1.425645351409912,1.5989606380462646,1.6251397132873535,2.609651565551758,0.12738493084907532,0,True
713,0.8481111526489258,0.17924129962921143,1.0,1.414435863494873,1.532379150390625,1.5576732158660889,2.420504570007324,0.11978015303611755,0,True
714,0.8479421734809875,0.16721326112747192,1.0,1.3997594118118286,1.554237961769104,1.5795807838439941,2.515753984451294,0.13314056396484375,0,True
715,0.818787693977356,0.20577481389045715,1.0,1.418747901916504,1.5385633707046509,1.563734769821167,2.7352211475372314,0.14600485563278198,0,True
716,0.8219088315963745,0.20012161135673523,1.0,1.4274015426635742,1.5904330015182495,1.616490125656128,2.4915249347686768,0.13960307836532593,0,True
717,0.8430708646774292,0.18272432684898376,1.0,1.4615755081176758,1.6290854215621948,1.65626060962677,2.6434719562530518,0.12646105885505676,0,True
718,0.8386926054954529,0.19018490612506866,1.0,1.4290592670440674,1.6106582880020142,1.6371114253997803,2.531137228012085,0.10990899801254272,0,True
719,0.8355541825294495,0.19757550954818726,1.0,1.4362945556640625,1.619240403175354,1.645993947982788,2.536677837371826,0.12877054512500763,0,True
720,0.8401939868927002,0.18401628732681274,1.0,1.4266268014907837,1.6067612171173096,1.633089303970337,2.5383167266845703,0.12537148594856262,0,True
721,0.8324965238571167,0.19892363250255585,1.0,1.4066897630691528,1.5650944709777832,1.5905754566192627,2.585415840148926,0.13138043880462646,0,True
722,0.8588301539421082,0.17062848806381226,1.0,1.4292963743209839,1.613703966140747,1.6401677131652832,2.6256966590881348,0.12626542150974274,0,True
723,0.8584169149398804,0.1702781766653061,1.0,1.4065686464309692,1.5508863925933838,1.5763368606567383,2.6719918251037598,0.1456206887960434,0,True
724,0.8632357120513916,0.15810641646385193,1.0,1.4008934497833252,1.5654466152191162,1.5909708738327026,2.6657111644744873,0.13553354144096375,0,True
725,0.8412306308746338,0.17883512377738953,1.0,1.397334337234497,1.5274593830108643,1.5524401664733887,2.363619327545166,0.12984570860862732,0,True
726,0.8523446321487427,0.1879810392856598,1.0,1.4527876377105713,1.5979771614074707,1.6244561672210693,2.6577911376953125,0.13243171572685242,0,True
727,0.8798916339874268,0.15852054953575134,1.0,1.476858139038086,1.6364951133728027,1.6642361879348755,2.6061789989471436,0.13417580723762512,0,True
728,0.8513844013214111,0.18330520391464233,1.0,1.4170461893081665,1.5612727403640747,1.587136149406433,2.4224061965942383,0.1556706726551056,0,True
729,0.8618640899658203,0.1723908632993698,1.0,1.4274024963378906,1.6268424987792969,1.653132438659668,2.7132081985473633,0.14328926801681519,0,True
730,0.8589146137237549,0.1759263277053833,1.0,1.430281400680542,1.576507329940796,1.602719783782959,2.426380157470703,0.13654810190200806,0,True
731,0.8463638424873352,0.18199804425239563,1.0,1.3984735012054443,1.5702145099639893,1.5955504179000854,2.658402442932129,0.13146817684173584,0,True
732,0.8380693793296814,0.19480308890342712,1.0,1.4339995384216309,1.5740619897842407,1.5998467206954956,2.682497501373291,0.12320826947689056,0,True
733,0.8568268418312073,0.16929355263710022,1.0,1.4693260192871094,1.6069663763046265,1.6340906620025635,2.7064435482025146,0.13520410656929016,0,True
734,0.8496885299682617,0.17852342128753662,1.0,1.4094008207321167,1.558608889579773,1.5838935375213623,2.488635778427124,0.12394952774047852,0,True
735,0.8216480612754822,0.19443552196025848,1.0,1.3958864212036133,1.5740660429000854,1.5991387367248535,2.584960460662842,0.13127891719341278,0,True
736,0.8476039171218872,0.1726475954055786,1.0,1.45951509475708,1.6406922340393066,1.6678974628448486,2.628925323486328,0.10496573150157928,0,True
737,0.847198486328125,0.17612171173095703,1.0,1.4513732194900513,1.5904366970062256,1.6176948547363281,2.5975821018218994,0.12596899271011353,0,True
738,0.8289027810096741,0.17899063229560852,1.0,1.396266222000122,1.5758262872695923,1.6013298034667969,2.721083641052246,0.10798949003219604,0,True
739,0.8432298302650452,0.17364217340946198,1.0,1.4288699626922607,1.617289662361145,1.6436045169830322,2.6650562286376953,0.10799676179885864,0,True
740,0.8432025909423828,0.18099172413349152,1.0,1.4320646524429321,1.5924577713012695,1.6187900304794312,2.652238607406616,0.1202927827835083,0,True
741,0.8277727365493774,0.19646380841732025,1.0,1.3771145343780518,1.5501227378845215,1.5752050876617432,2.6902427673339844,0.13050922751426697,0,True
742,0.8320711851119995,0.18319621682167053,1.0,1.4003607034683228,1.5738131999969482,1.599363923072815,2.647434711456299,0.12065871804952621,0,True
743,0.8401483297348022,0.1721760630607605,1.0,1.4442511796951294,1.583067774772644,1.6094646453857422,2.7569992542266846,0.12473256886005402,0,True
744,0.8254673480987549,0.18697060644626617,1.0,1.4304826259613037,1.5729732513427734,1.5990400314331055,2.8102738857269287,0.1411547064781189,0,True
745,0.8475476503372192,0.17098520696163177,1.0,1.4540643692016602,1.6193251609802246,1.6463388204574585,2.785069465637207,0.12174896895885468,0,True
746,0.8490080833435059,0.1731468290090561,1.0,1.446012020111084,1.5957369804382324,1.62237548828125,2.7282094955444336,0.1203002780675888,0,True
747,0.8420947790145874,0.18107424676418304,1.0,1.3905302286148071,1.5682463645935059,1.593275547027588,2.7178571224212646,0.12498591095209122,0,True
748,0.8425829410552979,0.1717306524515152,1.0,1.4011564254760742,1.5725810527801514,1.5981659889221191,2.5333030223846436,0.1285550743341446,0,True
749,0.8486893177032471,0.17169231176376343,1.0,1.4114573001861572,1.5695860385894775,1.5952529907226562,2.6098525524139404,0.11400844901800156,0,True
750,0.8400213122367859,0.1813785880804062,1.0,1.4025253057479858,1.5758004188537598,1.601374864578247,2.5358083248138428,0.13177542388439178,0,True
751,0.8388051390647888,0.1911705881357193,1.0,1.442375659942627,1.6092493534088135,1.635823130607605,2.545496940612793,0.1339435875415802,0,True
752,0.860008716583252,0.16437073051929474,1.0,1.4614349603652954,1.6436409950256348,1.6706887483596802,2.763082981109619,0.12377884984016418,0,True
753,0.8540443778038025,0.16751274466514587,1.0,1.4356961250305176,1.6170616149902344,1.6436991691589355,2.577289581298828,0.14153902232646942,0,True
754,0.838167667388916,0.18376821279525757,1.0,1.4159371852874756,1.607591986656189,1.6334729194641113,2.6348373889923096,0.1330074667930603,0,True
755,0.8580971956253052,0.16650983691215515,1.0,1.4376907348632812,1.614575982093811,1.6407586336135864,2.569854974746704,0.13012444972991943,0,True
756,0.8302344083786011,0.19545423984527588,1.0,1.3784217834472656,1.5273876190185547,1.5518524646759033,2.324739933013916,0.11443188786506653,0,True
757,0.8354259133338928,0.18225088715553284,1.0,1.400336503982544,1.5751142501831055,1.6004066467285156,2.6249563694000244,0.13193102180957794,0,True
758,0.8232130408287048,0.20220866799354553,1.0,1.4043970108032227,1.5485773086547852,1.5740439891815186,2.565833806991577,0.12748762965202332,0,True
759,0.8328943252563477,0.18844234943389893,1.0,1.436163306236267,1.6030629873275757,1.629433512687683,2.655527353286743,0.13552537560462952,0,True
760,0.8207559585571289,0.2000449001789093,1.0,1.4144847393035889,1.5998873710632324,1.6259280443191528,2.4755353927612305,0.13542714715003967,0,True
761,0.8353576064109802,0.1914254128932953,1.0,1.4520012140274048,1.646885633468628,1.674269676208496,2.6491196155548096,0.1316237896680832,0,True
762,0.8344701528549194,0.18431444466114044,1.0,1.460548996925354,1.650721788406372,1.6783361434936523,2.6373355388641357,0.12481801211833954,0,True
763,0.8342673778533936,0.18482805788516998,1.0,1.4322950839996338,1.621297001838684,1.6476082801818848,2.5916826725006104,0.13034510612487793,0,True
764,0.8391479253768921,0.18012261390686035,1.0,1.3896894454956055,1.580355167388916,1.605493187904358,2.4606571197509766,0.12332211434841156,0,True
765,0.8422110080718994,0.17696310579776764,1.0,1.3750357627868652,1.5271329879760742,1.551819920539856,2.3039989471435547,0.11926792562007904,0,True
766,0.8442232608795166,0.18161562085151672,1.0,1.4072377681732178,1.5417344570159912,1.5670994520187378,2.7242648601531982,0.12898369133472443,0,True
767,0.842067301273346,0.17520025372505188,1.0,1.4129023551940918,1.512689471244812,1.5378968715667725,2.666091203689575,0.1324131190776825,0,True
768,0.8354552984237671,0.18536415696144104,1.0,1.4123270511627197,1.541359305381775,1.5667483806610107,2.448106050491333,0.12277474999427795,0,True
769,0.848300576210022,0.17809858918190002,1.0,1.4884412288665771,1.6325764656066895,1.6604180335998535,2.5840647220611572,0.15351012349128723,0,True
770,0.8510362505912781,0.17996950447559357,1.0,1.48029625415802,1.6656526327133179,1.6934483051300049,2.6017374992370605,0.1320757418870926,0,True
771,0.8440947532653809,0.1884290874004364,1.0,1.43491792678833,1.6253228187561035,1.6517913341522217,2.456418752670288,0.12493584305047989,0,True
772,0.8724421262741089,0.16867363452911377,1.0,1.4451404809951782,1.6400394439697266,1.6665970087051392,2.6173222064971924,0.1140345111489296,0,True
773,0.8422701358795166,0.19184406101703644,1.0,1.385183334350586,1.552263617515564,1.5775197744369507,2.677602767944336,0.1202593520283699,0,True
774,0.8565751910209656,0.1659625619649887,1.0,1.40397310256958,1.60540771484375,1.6312353610992432,2.311918020248413,0.1189313530921936,0,True
775,0.873443067073822,0.15969164669513702,1.0,1.4060956239700317,1.5331697463989258,1.5583786964416504,2.524975299835205,0.11717785894870758,0,True
776,0.845553457736969,0.19038137793540955,1.0,1.3668346405029297,1.4919672012329102,1.5160062313079834,2.444617509841919,0.1279485523700714,0,True
777,0.8565040230751038,0.18262745440006256,1.0,1.431763768196106,1.561623454093933,1.5875232219696045,2.611109972000122,0.12953346967697144,0,True
778,0.8736248016357422,0.1733779013156891,1.0,1.4722896814346313,1.5566902160644531,1.5835436582565308,2.7259697914123535,0.12740474939346313,0,True
779,0.863756000995636,0.16923360526561737,1.0,1.4420385360717773,1.565900206565857,1.592403769493103,2.6736652851104736,0.1296306699514389,0,True
780,0.8535842895507812,0.1812029629945755,1.0,1.4313751459121704,1.618679404258728,1.6452181339263916,2.7326223850250244,0.12671160697937012,0,True
781,0.8524500131607056,0.1756078153848648,1.0,1.4647021293640137,1.659956932067871,1.6872467994689941,2.6419897079467773,0.12538141012191772,0,True
782,0.8602739572525024,0.1689503937959671,1.0,1.4527496099472046,1.6620453596115112,1.689579725265503,2.766404867172241,0.11493268609046936,0,True
783,0.8533002138137817,0.1821977198123932,1.0,1.4372345209121704,1.6043720245361328,1.6309466361999512,2.6413917541503906,0.12654148042201996,0,True
784,0.8542839288711548,0.17275865375995636,1.0,1.3975191116333008,1.5987915992736816,1.624043583869934,2.582613706588745,0.12943819165229797,0,True
785,0.870398759841919,0.1599351465702057,1.0,1.3984546661376953,1.5672802925109863,1.5924919843673706,2.633737802505493,0.10827736556529999,0,True
786,0.8434582948684692,0.18653669953346252,1.0,1.3705682754516602,1.4681810140609741,1.491782546043396,2.6485037803649902,0.12504428625106812,0,True
787,0.8414648771286011,0.18538311123847961,1.0,1.39735746383667,1.5191854238510132,1.5443472862243652,2.8049254417419434,0.122473806142807,0,True
788,0.8744885921478271,0.16709479689598083,1.0,1.495588779449463,1.5912939310073853,1.6194398403167725,2.615233898162842,0.11806656420230865,0,True
789,0.8679520487785339,0.16604799032211304,1.0,1.4606974124908447,1.5948984622955322,1.6221959590911865,2.5889334678649902,0.12665417790412903,0,True
790,0.8538131713867188,0.17857985198497772,1.0,1.4269136190414429,1.6190778017044067,1.6451456546783447,2.570720911026001,0.12040378153324127,0,True
791,0.8626158237457275,0.1734890639781952,1.0,1.4445186853408813,1.644502878189087,1.6710916757583618,2.675774574279785,0.12297232449054718,0,True
792,0.8680537343025208,0.16638898849487305,1.0,1.4572590589523315,1.6607730388641357,1.688157320022583,2.48140025138855,0.10307256132364273,0,True
793,0.8794828057289124,0.1589791476726532,1.0,1.455608606338501,1.6439154148101807,1.671284556388855,2.5664217472076416,0.12463352084159851,0,True
794,0.8759204745292664,0.16305217146873474,1.0,1.3987390995025635,1.5858850479125977,1.6111292839050293,2.5692553520202637,0.11243145167827606,0,True
795,0.875662088394165,0.15917539596557617,1.0,1.381169319152832,1.564518690109253,1.589301586151123,2.5345072746276855,0.11144496500492096,0,True
796,0.8500173687934875,0.1736583113670349,1.0,1.34916090965271,1.4887542724609375,1.5123533010482788,2.5705668926239014,0.12663111090660095,0,True
797,0.8496526479721069,0.1800435185432434,1.0,1.4057115316390991,1.5171318054199219,1.5422446727752686,2.580932378768921,0.13803833723068237,0,True
798,0.8658859729766846,0.16211171448230743,1.0,1.4528539180755615,1.5599288940429688,1.5866470336914062,2.502711772918701,0.13672272861003876,0,True
799,0.8352950215339661,0.18443569540977478,1.0,1.421732783317566,1.5678843259811401,1.5939359664916992,2.2459614276885986,0.13165362179279327,0,True
800,0.8480364680290222,0.1833093762397766,1.0,1.4772913455963135,1.7224009037017822,1.7506117820739746,2.539497137069702,0.12884992361068726,0,True
801,0.8564077615737915,0.17630410194396973,1.0,1.4907348155975342,1.691002607345581,1.719081163406372,2.484668016433716,0.1251465082168579,0,True
802,0.8224666714668274,0.19969171285629272,1.0,1.3871593475341797,1.5961741209030151,1.6212996244430542,2.4218595027923584,0.1428263634443283,0,True
803,0.8358548879623413,0.19104334712028503,1.0,1.4168994426727295,1.6241669654846191,1.6503304243087769,2.7318785190582275,0.11835277825593948,0,True
804,0.836315393447876,0.18749359250068665,1.0,1.404109001159668,1.5753685235977173,1.6008079051971436,2.471099376678467,0.1246635690331459,0,True
805,0.8304288983345032,0.18901324272155762,1.0,1.3879616260528564,1.516400933265686,1.541488766670227,2.4303107261657715,0.13683779537677765,0,True
806,0.8092609643936157,0.21475164592266083,1.0,1.3949172496795654,1.507084608078003,1.5320134162902832,2.615259885787964,0.11409017443656921,0,True
807,0.856061577796936,0.1802409589290619,1.0,1.4744884967803955,1.5977015495300293,1.6247717142105103,2.589844226837158,0.11771231889724731,0,True
808,0.8492335677146912,0.1801396906375885,1.0,1.4503798484802246,1.574855089187622,1.6017264127731323,2.4525113105773926,0.13055866956710815,0,True
809,0.8161309957504272,0.20949587225914001,1.0,1.4122815132141113,1.5722384452819824,1.5978307723999023,2.6000566482543945,0.15389463305473328,0,True
810,0.8478113412857056,0.18449853360652924,1.0,1.4937578439712524,1.694482445716858,1.7224273681640625,2.5980069637298584,0.10850618779659271,0,True
811,0.8613647818565369,0.17753753066062927,1.0,1.5124149322509766,1.6839358806610107,1.7127490043640137,2.6337509155273438,0.12179200351238251,0,True
812,0.8509397506713867,0.1810467690229416,1.0,1.420039176940918,1.6352952718734741,1.6618295907974243,2.6450304985046387,0.12797501683235168,0,True
813,0.8456264734268188,0.17445212602615356,1.0,1.3762847185134888,1.5688958168029785,1.5935263633728027,2.5656683444976807,0.13588273525238037,0,True
814,0.8497973084449768,0.17529559135437012,1.0,1.383818507194519,1.5542986392974854,1.579031229019165,2.57521653175354,0.13891294598579407,0,True
815,0.8223098516464233,0.18798549473285675,1.0,1.3915084600448608,1.5091938972473145,1.5338528156280518,2.577989339828491,0.14276425540447235,0,True
816,0.8379566073417664,0.17884065210819244,1.0,1.4414223432540894,1.5712584257125854,1.5971806049346924,2.6972906589508057,0.1288878619670868,0,True
817,0.8320623636245728,0.18869739770889282,1.0,1.4288285970687866,1.5264596939086914,1.5524150133132935,2.691410779953003,0.14287014305591583,0,True
818,0.8286651968955994,0.18968051671981812,1.0,1.4160373210906982,1.584052562713623,1.6101840734481812,2.749743700027466,0.13404089212417603,0,True
819,0.8368029594421387,0.17355531454086304,1.0,1.4064977169036865,1.5930185317993164,1.6186351776123047,2.628166437149048,0.12911926209926605,0,True
820,0.8283896446228027,0.1882684826850891,1.0,1.4156522750854492,1.6124528646469116,1.6384999752044678,2.4009861946105957,0.12644758820533752,0,True
821,0.8411176800727844,0.19587922096252441,1.0,1.4615188837051392,1.6581023931503296,1.6855868101119995,2.685868978500366,0.1277921199798584,0,True
822,0.861743688583374,0.16779901087284088,1.0,1.466891884803772,1.6517314910888672,1.679556131362915,2.818361759185791,0.13847149908542633,0,True
823,0.8367472887039185,0.18932178616523743,1.0,1.3695416450500488,1.5528191328048706,1.5775172710418701,2.6075665950775146,0.11224004626274109,0,True
824,0.8290892839431763,0.19682854413986206,1.0,1.3753502368927002,1.5436147451400757,1.5680866241455078,2.365081548690796,0.10587543994188309,0,True
825,0.8312201499938965,0.19225198030471802,1.0,1.402242660522461,1.5531022548675537,1.578340768814087,2.523308038711548,0.11000831425189972,0,True
826,0.8210470676422119,0.20685970783233643,1.0,1.4195082187652588,1.5094003677368164,1.535001277923584,2.5107502937316895,0.12397794425487518,0,True
827,0.8349577188491821,0.19656093418598175,1.0,1.4521839618682861,1.574707269668579,1.6012476682662964,2.877088785171509,0.12457332760095596,0,True
828,0.8418302536010742,0.18288350105285645,1.0,1.438647985458374,1.58628249168396,1.6129624843597412,2.664123058319092,0.12072575092315674,0,True
829,0.803720235824585,0.21594464778900146,1.0,1.3794808387756348,1.5657378435134888,1.5906178951263428,2.570018768310547,0.11966666579246521,0,True
830,0.8280531764030457,0.2011372447013855,1.0,1.4722574949264526,1.6776773929595947,1.705458641052246,2.605362892150879,0.13018164038658142,0,True
831,0.8251386880874634,0.20557554066181183,1.0,1.4547321796417236,1.6203179359436035,1.6476391553878784,2.7495691776275635,0.1320877969264984,0,True
832,0.8254045248031616,0.19893254339694977,1.0,1.419601321220398,1.6250075101852417,1.6514606475830078,2.7413742542266846,0.12260427325963974,0,True
833,0.8341318368911743,0.18411555886268616,1.0,1.4038310050964355,1.5917549133300781,1.6174131631851196,2.6710169315338135,0.12005262076854706,0,True
834,0.8240562677383423,0.19593194127082825,1.0,1.3857429027557373,1.563928484916687,1.5890312194824219,2.5728471279144287,0.13731379806995392,0,True
835,0.8280587792396545,0.18916331231594086,1.0,1.4102612733840942,1.5757982730865479,1.6016823053359985,2.570573329925537,0.1398325264453888,0,True
836,0.8205769062042236,0.20034006237983704,1.0,1.4118462800979614,1.5187842845916748,1.5441181659698486,2.736945629119873,0.1333138346672058,0,True
837,0.8359022736549377,0.17947500944137573,1.0,1.422023057937622,1.5778837203979492,1.60384202003479,2.453667640686035,0.12318998575210571,0,True
838,0.8301270008087158,0.18663328886032104,1.0,1.4204604625701904,1.5631484985351562,1.5890223979949951,2.522139072418213,0.1336599886417389,0,True
839,0.8122727870941162,0.2031375914812088,1.0,1.4110922813415527,1.5931462049484253,1.6187164783477783,2.522212028503418,0.15203791856765747,0,True
840,0.8167343139648438,0.20301559567451477,1.0,1.44999098777771,1.644294261932373,1.6710915565490723,2.5311386585235596,0.12663300335407257,0,True
841,0.8475648760795593,0.177342027425766,1.0,1.5048781633377075,1.6838555335998535,1.712770938873291,2.7630162239074707,0.12438291311264038,0,True
842,0.831108570098877,0.1865994930267334,1.0,1.4248886108398438,1.6171491146087646,1.6439752578735352,2.486819267272949,0.13810017704963684,0,True
843,0.8325514793395996,0.179241344332695,1.0,1.396360158920288,1.6091489791870117,1.634598970413208,2.4627492427825928,0.14241093397140503,0,True
844,0.8030482530593872,0.21300256252288818,1.0,1.3803387880325317,1.546138048171997,1.570451021194458,2.4186439514160156,0.12811365723609924,0,True
845,0.8221150040626526,0.19325442612171173,1.0,1.4172484874725342,1.5880264043807983,1.6133456230163574,2.6210403442382812,0.11806411296129227,0,True
846,0.8206199407577515,0.19310685992240906,1.0,1.4107838869094849,1.536413550376892,1.5618197917938232,2.659095048904419,0.12446194142103195,0,True
847,0.8328752517700195,0.1829291135072708,1.0,1.4210659265518188,1.554803490638733,1.5805808305740356,2.5018696784973145,0.12259312719106674,0,True
848,0.7966539859771729,0.21600556373596191,1.0,1.3705925941467285,1.521187424659729,1.5458786487579346,2.4231417179107666,0.1241261214017868,0,True
849,0.8127026557922363,0.2082216739654541,1.0,1.45595121383667,1.6501078605651855,1.676924228668213,2.7199137210845947,0.12028812617063522,0,True
850,0.8247681856155396,0.2019440233707428,1.0,1.4784760475158691,1.6346566677093506,1.662396788597107,2.687843084335327,0.1361352503299713,0,True
851,0.8284225463867188,0.19545497000217438,1.0,1.4233417510986328,1.6250734329223633,1.651626706123352,2.4864766597747803,0.1322583705186844,0,True
852,0.8255525827407837,0.19531887769699097,1.0,1.4041881561279297,1.6221681833267212,1.6480433940887451,2.4607372283935547,0.11725229024887085,0,True
853,0.8340754508972168,0.18592247366905212,1.0,1.4128965139389038,1.6238000392913818,1.649859070777893,2.5315017700195312,0.13666151463985443,0,True
854,0.8389120101928711,0.187461256980896,1.0,1.4288307428359985,1.569313883781433,1.595170021057129,2.5260262489318848,0.12516088783740997,0,True
855,0.8178261518478394,0.2012319415807724,1.0,1.3806228637695312,1.5156439542770386,1.540522813796997,2.781383752822876,0.11886914819478989,0,True
856,0.8300740718841553,0.192005917429924,1.0,1.394402027130127,1.538248062133789,1.5630924701690674,2.511314868927002,0.11258658766746521,0,True
857,0.8244710564613342,0.19465230405330658,1.0,1.4297239780426025,1.533083438873291,1.559119462966919,2.598900318145752,0.13516297936439514,0,True
858,0.8181475400924683,0.20282678306102753,1.0,1.449095368385315,1.597821593284607,1.624690294265747,2.723604202270508,0.138860821723938,0,True
859,0.8379257321357727,0.18752722442150116,1.0,1.4862959384918213,1.63688325881958,1.6646974086761475,2.670776605606079,0.14814972877502441,0,True
860,0.8347964882850647,0.18687641620635986,1.0,1.4349019527435303,1.6295512914657593,1.6564550399780273,2.671428918838501,0.13463419675827026,0,True
861,0.8381334543228149,0.19091056287288666,1.0,1.426379919052124,1.6338074207305908,1.6602256298065186,2.567840814590454,0.12570469081401825,0,True
862,0.8505737781524658,0.17269529402256012,1.0,1.4098680019378662,1.6040754318237305,1.6300582885742188,2.616999626159668,0.11388435959815979,0,True
863,0.843779981136322,0.17310595512390137,1.0,1.3872673511505127,1.564807653427124,1.5900559425354004,2.362992525100708,0.12006694078445435,0,True
864,0.8275769948959351,0.19881168007850647,1.0,1.4001085758209229,1.5423707962036133,1.5676493644714355,2.5195443630218506,0.12223543226718903,0,True
865,0.8476301431655884,0.16603755950927734,1.0,1.431826114654541,1.5868799686431885,1.6128255128860474,2.4357075691223145,0.11408188194036484,0,True
866,0.8447808027267456,0.17446598410606384,1.0,1.4186509847640991,1.5445371866226196,1.5699357986450195,2.4259755611419678,0.11594238877296448,0,True
867,0.8285619616508484,0.18706205487251282,1.0,1.4006786346435547,1.5503509044647217,1.5754305124282837,2.5702075958251953,0.11229974031448364,0,True
868,0.8380100727081299,0.18066883087158203,1.0,1.443955659866333,1.6011871099472046,1.627732515335083,2.7453815937042236,0.12476968765258789,0,True
869,0.845325767993927,0.17975187301635742,1.0,1.482940435409546,1.6179033517837524,1.6455714702606201,2.8021390438079834,0.13242778182029724,0,True
870,0.8484941720962524,0.17276057600975037,1.0,1.4349881410598755,1.5939764976501465,1.6204919815063477,2.6040265560150146,0.12772035598754883,0,True
871,0.863852858543396,0.15904609858989716,1.0,1.4293785095214844,1.612356185913086,1.6391377449035645,2.579423666000366,0.11716293543577194,0,True
872,0.8455541133880615,0.17276665568351746,1.0,1.3957723379135132,1.5724408626556396,1.5976054668426514,2.440655469894409,0.12925183773040771,0,True
873,0.8481453657150269,0.1705324649810791,1.0,1.4236701726913452,1.5878913402557373,1.6142222881317139,2.6879122257232666,0.13681912422180176,0,True
874,0.8416680097579956,0.17652493715286255,1.0,1.4291553497314453,1.5845152139663696,1.6107335090637207,2.492262125015259,0.12639035284519196,0,True
875,0.8610146045684814,0.16607600450515747,1.0,1.4599580764770508,1.604617714881897,1.6313732862472534,2.53486704826355,0.1354164332151413,0,True
876,0.8476117849349976,0.17002034187316895,1.0,1.4047269821166992,1.5606329441070557,1.5860590934753418,2.392228126525879,0.13487544655799866,0,True
877,0.8273606300354004,0.19337275624275208,1.0,1.4156906604766846,1.596253752708435,1.6222978830337524,2.6028048992156982,0.1338629424571991,0,True
878,0.8548086285591125,0.16882392764091492,1.0,1.4772889614105225,1.6642411947250366,1.6918727159500122,2.542619466781616,0.11564700305461884,0,True
879,0.8486709594726562,0.17259572446346283,1.0,1.4143681526184082,1.5775654315948486,1.6032519340515137,2.60410213470459,0.12097503989934921,0,True
880,0.8284400701522827,0.1906810998916626,1.0,1.3648595809936523,1.5615017414093018,1.585906744003296,2.6149709224700928,0.12236271798610687,0,True
881,0.8577562570571899,0.16369059681892395,1.0,1.4232531785964966,1.617586374282837,1.6437944173812866,2.6318020820617676,0.12071266770362854,0,True
882,0.8679760694503784,0.16097858548164368,1.0,1.4204564094543457,1.5729494094848633,1.5988824367523193,2.467897415161133,0.12192536890506744,0,True
883,0.8443925380706787,0.18110069632530212,1.0,1.40248703956604,1.5402543544769287,1.5653355121612549,2.5402145385742188,0.12126117944717407,0,True
884,0.8582814931869507,0.1642487496137619,1.0,1.4467871189117432,1.61758553981781,1.6442574262619019,2.6417415142059326,0.11618539690971375,0,True
885,0.8598161935806274,0.169204443693161,1.0,1.4477589130401611,1.597611665725708,1.6241933107376099,2.527933359146118,0.11610040068626404,0,True
886,0.8561872243881226,0.1761244386434555,1.0,1.428879737854004,1.5881052017211914,1.6142592430114746,2.488283634185791,0.134474977850914,0,True
887,0.8427932262420654,0.1807461977005005,1.0,1.4308340549468994,1.6013212203979492,1.627795696258545,2.5478250980377197,0.10276300460100174,0,True
888,0.8546605110168457,0.17081210017204285,1.0,1.4416553974151611,1.6221978664398193,1.648686408996582,2.78975510597229,0.11502192169427872,0,True
889,0.8440083265304565,0.17857840657234192,1.0,1.403593897819519,1.5688965320587158,1.5942118167877197,2.5924036502838135,0.1223185807466507,0,True
890,0.8466570377349854,0.17575404047966003,1.0,1.4326049089431763,1.5938352346420288,1.6196234226226807,2.7240803241729736,0.12672430276870728,0,True
891,0.8389420509338379,0.18141035735607147,1.0,1.4319977760314941,1.5749460458755493,1.6007325649261475,2.72770619392395,0.11942437291145325,0,True
892,0.8361230492591858,0.19413723051548004,1.0,1.425861120223999,1.5851612091064453,1.611398696899414,2.572777271270752,0.12594294548034668,0,True
893,0.844200849533081,0.17837178707122803,1.0,1.4494078159332275,1.6430597305297852,1.6702702045440674,2.526808738708496,0.12593531608581543,0,True
894,0.8364639282226562,0.18498626351356506,1.0,1.4283525943756104,1.6126073598861694,1.6387277841567993,2.663440704345703,0.12498941272497177,0,True
895,0.8308680057525635,0.18668967485427856,1.0,1.3726645708084106,1.5902315378189087,1.6147409677505493,2.4526443481445312,0.1423947662115097,0,True
896,0.8413209915161133,0.1877138763666153,1.0,1.441587209701538,1.632352352142334,1.6589365005493164,2.7453527450561523,0.14039474725723267,0,True
897,0.8504443168640137,0.17519161105155945,1.0,1.4284700155258179,1.5951213836669922,1.6210975646972656,2.510747194290161,0.10541374981403351,0,True
898,0.8475278615951538,0.1725499927997589,1.0,1.404038429260254,1.5544495582580566,1.580104947090149,2.7095136642456055,0.13038913905620575,0,True
899,0.8320524096488953,0.19028881192207336,1.0,1.401896595954895,1.5538885593414307,1.579371452331543,2.6136016845703125,0.11871643364429474,0,True
900,0.8397308588027954,0.18263569474220276,1.0,1.409210205078125,1.574357509613037,1.5999194383621216,2.5358822345733643,0.1204395592212677,0,True
901,0.8416751027107239,0.18772944808006287,1.0,1.4328185319900513,1.5491622686386108,1.5749913454055786,2.6496193408966064,0.13513706624507904,0,True
902,0.8535906672477722,0.172816202044487,1.0,1.4631531238555908,1.6012239456176758,1.6283466815948486,2.549480676651001,0.1405756175518036,0,True
903,0.862821102142334,0.16423073410987854,1.0,1.481813907623291,1.6421666145324707,1.6699550151824951,2.8592369556427,0.12750214338302612,0,True
904,0.8704094290733337,0.15855175256729126,1.0,1.4631402492523193,1.628827452659607,1.6561728715896606,2.5613653659820557,0.11992813646793365,0,True
905,0.8535343408584595,0.1737034022808075,1.0,1.4010329246520996,1.5926612615585327,1.6183478832244873,2.455759286880493,0.13403663039207458,0,True
906,0.8683149218559265,0.16758793592453003,1.0,1.4540166854858398,1.6463724374771118,1.6732277870178223,2.5956950187683105,0.12994307279586792,0,True
907,0.8573814630508423,0.172186017036438,1.0,1.450256586074829,1.593677282333374,1.6200392246246338,2.8058931827545166,0.1300947219133377,0,True
908,0.8567603826522827,0.16777464747428894,1.0,1.4416356086730957,1.5833015441894531,1.6096885204315186,2.5050981044769287,0.12653133273124695,0,True
909,0.8610602617263794,0.16602516174316406,1.0,1.4421205520629883,1.5739245414733887,1.6005985736846924,2.5874462127685547,0.13299790024757385,0,True
910,0.8488932847976685,0.1674739569425583,1.0,1.414543628692627,1.5517528057098389,1.5771677494049072,2.4790284633636475,0.11959244310855865,0,True
911,0.8637416362762451,0.16200204193592072,1.0,1.4427709579467773,1.573904037475586,1.6001850366592407,2.726102113723755,0.12373308092355728,0,True
912,0.8342810869216919,0.19297140836715698,1.0,1.4384806156158447,1.5567524433135986,1.5830066204071045,2.581408977508545,0.13476523756980896,0,True
913,0.8601255416870117,0.1663212776184082,1.0,1.501545786857605,1.6753381490707397,1.7036480903625488,2.772939443588257,0.13749173283576965,0,True
914,0.866430938243866,0.15748363733291626,1.0,1.470456600189209,1.6318097114562988,1.659402847290039,2.6228067874908447,0.13544383645057678,0,True
915,0.8654851317405701,0.16515713930130005,1.0,1.4063061475753784,1.6144108772277832,1.6404011249542236,2.5063014030456543,0.13056764006614685,0,True
916,0.844927191734314,0.18395210802555084,1.0,1.3839173316955566,1.5855897665023804,1.6103904247283936,2.4700798988342285,0.12626664340496063,0,True
917,0.8498587608337402,0.17271699011325836,1.0,1.3980720043182373,1.5707744359970093,1.5956320762634277,2.868612051010132,0.12230329215526581,0,True
918,0.8568117618560791,0.16499727964401245,1.0,1.392335057258606,1.5366822481155396,1.561515212059021,2.462470531463623,0.13462233543395996,0,True
919,0.8392047882080078,0.18578308820724487,1.0,1.4287923574447632,1.5313694477081299,1.557117223739624,2.663719415664673,0.12260425835847855,0,True
920,0.8553472757339478,0.16578635573387146,1.0,1.4300134181976318,1.5867364406585693,1.61301851272583,2.6477925777435303,0.11637052148580551,0,True
921,0.8595614433288574,0.1666267216205597,1.0,1.4206421375274658,1.5680612325668335,1.594237208366394,2.4835000038146973,0.12131262570619583,0,True
922,0.843164324760437,0.18651042878627777,1.0,1.389697790145874,1.5629976987838745,1.5881400108337402,2.433983325958252,0.1266968548297882,0,True
923,0.8457107543945312,0.19331353902816772,1.0,1.4285194873809814,1.6189587116241455,1.6455368995666504,2.5194623470306396,0.12968319654464722,0,True
924,0.8705609440803528,0.15963667631149292,1.0,1.484171986579895,1.6601417064666748,1.6879924535751343,2.7275938987731934,0.12607306241989136,0,True
925,0.8572752475738525,0.17954537272453308,1.0,1.4288690090179443,1.5920069217681885,1.6183929443359375,2.549776554107666,0.14406611025333405,0,True
926,0.853293776512146,0.17329031229019165,1.0,1.4225082397460938,1.6242889165878296,1.650485873222351,2.5465290546417236,0.1379069685935974,0,True
927,0.8568416833877563,0.17402383685112,1.0,1.42555570602417,1.584402084350586,1.6102975606918335,2.6721768379211426,0.13610191643238068,0,True
928,0.8436957597732544,0.18133851885795593,1.0,1.4016612768173218,1.5552291870117188,1.5803793668746948,2.5980536937713623,0.14329373836517334,0,True
929,0.8464745283126831,0.1876756101846695,1.0,1.403411865234375,1.5463547706604004,1.5716416835784912,2.592844009399414,0.1289188414812088,0,True
930,0.8529553413391113,0.1783921867609024,1.0,1.4181876182556152,1.565026879310608,1.5907295942306519,2.6059205532073975,0.13621026277542114,0,True
931,0.8399083614349365,0.1918363869190216,1.0,1.4113315343856812,1.583565592765808,1.6093404293060303,2.3912105560302734,0.1333010196685791,0,True
932,0.8402617573738098,0.19678620994091034,1.0,1.4513895511627197,1.6352579593658447,1.6624157428741455,2.7294514179229736,0.13819314539432526,0,True
933,0.8266983032226562,0.19467824697494507,1.0,1.4045665264129639,1.5852084159851074,1.6106793880462646,2.5187947750091553,0.1291433870792389,0,True
934,0.8374161124229431,0.1839851438999176,1.0,1.407658338546753,1.591737985610962,1.6172690391540527,2.7848310470581055,0.1313057392835617,0,True
935,0.8307530879974365,0.19007158279418945,1.0,1.3957750797271729,1.5729613304138184,1.5980780124664307,2.634766101837158,0.11748586595058441,0,True
936,0.8362876176834106,0.18957635760307312,1.0,1.4315311908721924,1.574936866760254,1.6010472774505615,2.491738796234131,0.11965112388134003,0,True
937,0.837480902671814,0.1888248324394226,1.0,1.4386414289474487,1.5878067016601562,1.6138931512832642,2.7457544803619385,0.11684208363294601,0,True
938,0.8236016035079956,0.19712279736995697,1.0,1.403990626335144,1.5745660066604614,1.599813461303711,2.514732599258423,0.11934350430965424,0,True
939,0.8405706286430359,0.18155741691589355,1.0,1.4215458631515503,1.6074352264404297,1.6334483623504639,2.8492603302001953,0.12704098224639893,0,True
940,0.8286888599395752,0.19464334845542908,1.0,1.4273264408111572,1.5748157501220703,1.6008622646331787,2.4760024547576904,0.12740111351013184,0,True
941,0.8267685174942017,0.20265179872512817,1.0,1.4386367797851562,1.6217796802520752,1.6482770442962646,2.501323699951172,0.11765728145837784,0,True
942,0.8096626996994019,0.20892474055290222,1.0,1.4348063468933105,1.6108324527740479,1.6372885704040527,2.5482566356658936,0.13930268585681915,0,True
943,0.834250807762146,0.19024249911308289,1.0,1.4308514595031738,1.6370424032211304,1.6632254123687744,2.521010160446167,0.1141299307346344,0,True
944,0.8148572444915771,0.20186148583889008,1.0,1.3803505897521973,1.5324424505233765,1.5571542978286743,2.520203113555908,0.12272071838378906,0,True
945,0.8108932971954346,0.20556287467479706,1.0,1.4077184200286865,1.586695909500122,1.612128496170044,2.7398288249969482,0.11684922128915787,0,True
946,0.834056556224823,0.18375903367996216,1.0,1.432174563407898,1.5876531600952148,1.6138808727264404,2.5231778621673584,0.1180742010474205,0,True
947,0.8287421464920044,0.19599539041519165,1.0,1.3968663215637207,1.5421662330627441,1.5674183368682861,2.5753114223480225,0.12716105580329895,0,True
948,0.8057675361633301,0.20946955680847168,1.0,1.367498517036438,1.5406184196472168,1.5650737285614014,2.631680488586426,0.12052247673273087,0,True
949,0.8113484978675842,0.2146572470664978,1.0,1.4577735662460327,1.6098071336746216,1.6367578506469727,2.575040102005005,0.13446184992790222,0,True
950,0.8295349478721619,0.1927056908607483,1.0,1.484186053276062,1.6534528732299805,1.6817419528961182,2.731865406036377,0.129110187292099,0,True
951,0.8271661996841431,0.18829287588596344,1.0,1.4341140985488892,1.6159253120422363,1.6428650617599487,2.4611594676971436,0.13532473146915436,0,True
952,0.8381608724594116,0.1726463884115219,1.0,1.4291659593582153,1.6496233940124512,1.6762616634368896,2.6385796070098877,0.14096853137016296,0,True
953,0.8469547629356384,0.16598926484584808,1.0,1.4244308471679688,1.6168029308319092,1.6429262161254883,2.5270168781280518,0.11936023086309433,0,True
954,0.8256747722625732,0.19168555736541748,1.0,1.409214973449707,1.5597150325775146,1.5849976539611816,2.506922483444214,0.1359163224697113,0,True
955,0.8241504430770874,0.18963584303855896,1.0,1.4178377389907837,1.579516887664795,1.6053601503372192,2.508805990219116,0.12372715771198273,0,True
956,0.8348149061203003,0.1877618432044983,1.0,1.4494554996490479,1.5717430114746094,1.598610520362854,2.565290927886963,0.11864730715751648,0,True
957,0.8300284147262573,0.18377576768398285,1.0,1.4332380294799805,1.5931018590927124,1.6197199821472168,2.6992249488830566,0.13736575841903687,0,True
958,0.8088693618774414,0.20727446675300598,1.0,1.4062864780426025,1.5877444744110107,1.6137385368347168,2.5713181495666504,0.13419848680496216,0,True
959,0.8233425617218018,0.19695928692817688,1.0,1.4409363269805908,1.6315016746520996,1.6579729318618774,2.3487939834594727,0.1276032030582428,0,True
960,0.06013619899749756,0.9407913684844971,1.0,1.4126849174499512,1.569122076034546,1.5955034494400024,2.590270757675171,0.007936262525618076,119,True
961,0.06002169847488403,0.9452129006385803,0.0703125,1.213546633720398,1.0222835540771484,1.0478909015655518,2.4160404205322266,2.0037360191345215,0,True
962,0.07738929986953735,0.9395296573638916,0.0703125,1.8037006855010986,1.4955894947052002,1.5202858448028564,2.98032546043396,2.8675804138183594,0,True
963,0.06193772703409195,0.9657152891159058,0.0703125,2.1695778369903564,0.9138287305831909,0.9466138482093811,3.4404783248901367,3.883645534515381,0,True
964,-0.0027101971209049225,1.025800347328186,0.0703125,2.486685276031494,0.802958607673645,0.8349409103393555,3.5294361114501953,4.253801345825195,0,True
965,0.023099657148122787,0.9985877275466919,0.0703125,2.535201072692871,0.888124942779541,0.9207821488380432,3.544389247894287,3.270503282546997,0,True
966,0.05759010091423988,0.961162805557251,0.0703125,2.150099754333496,1.127680778503418,1.158038854598999,3.18843674659729,2.358757495880127,0,True
967,0.09270498901605606,0.915894091129303,0.0703125,1.8914483785629272,1.3251570463180542,1.3472853899002075,3.4245407581329346,1.3492460250854492,0,True
968,0.1832442581653595,0.8277543783187866,0.0703125,1.6562553644180298,1.5649148225784302,1.581167221069336,3.8158414363861084,0.7979328632354736,0,True
969,0.23225072026252747,0.7765885591506958,0.0703125,1.521174669265747,1.7348095178604126,1.7478430271148682,3.6057047843933105,0.5280369520187378,0,True
970,0.256603479385376,0.7516449689865112,0.0703125,1.4036586284637451,1.7244083881378174,1.7333157062530518,3.566554546356201,0.4595121443271637,0,True
971,0.2617114186286926,0.7453582882881165,0.0703125,1.2317882776260376,1.6204569339752197,1.624739170074463,3.672240972518921,0.3927953839302063,0,True
972,0.2552160620689392,0.750490665435791,0.0703125,1.193350076675415,1.5444536209106445,1.5498805046081543,3.5754051208496094,0.3797641396522522,0,True
973,0.26222071051597595,0.7430156469345093,0.0703125,1.1569530963897705,1.5103859901428223,1.5184524059295654,3.4405517578125,0.3168940544128418,0,True
974,0.26744934916496277,0.7388322949409485,0.0703125,1.1711201667785645,1.4701679944992065,1.4806642532348633,3.370905876159668,0.28615447878837585,0,True
975,0.27029064297676086,0.73530113697052,0.0703125,1.1679331064224243,1.4583699703216553,1.470962643623352,3.1455533504486084,0.24737054109573364,0,True
976,0.2747464179992676,0.7271067500114441,0.0703125,1.2184209823608398,1.5159103870391846,1.5320405960083008,3.0525472164154053,0.2495076060295105,0,True
977,0.29289332032203674,0.7078601121902466,0.0703125,1.241055965423584,1.5834383964538574,1.601348638534546,2.8041815757751465,0.2608727514743805,0,True
978,0.34323593974113464,0.6618186235427856,0.0703125,1.314388632774353,1.6387755870819092,1.6585724353790283,2.833167791366577,0.2549729347229004,0,True
979,0.37439918518066406,0.6302736401557922,0.0703125,1.321876049041748,1.6168767213821411,1.6374361515045166,3.0186967849731445,0.2619491517543793,0,True
980,0.40761494636535645,0.5957167148590088,0.0703125,1.327578067779541,1.627906322479248,1.6489450931549072,3.3295974731445312,0.2620515823364258,0,True
981,0.4342159032821655,0.5675734281539917,0.0703125,1.3555591106414795,1.590449333190918,1.6120760440826416,3.19240140914917,0.2676975131034851,0,True
982,0.4354957938194275,0.5653670430183411,0.0703125,1.2893511056900024,1.4801275730133057,1.499783992767334,2.8775556087493896,0.2639819085597992,0,True
983,0.43471407890319824,0.5692811012268066,0.0703125,1.284318447113037,1.4163600206375122,1.4361343383789062,2.644810438156128,0.2516501545906067,0,True
984,0.44472283124923706,0.5610913038253784,0.0703125,1.3208681344985962,1.420168161392212,1.4413776397705078,2.896012783050537,0.23256579041481018,0,True
985,0.45041656494140625,0.5528400540351868,0.0703125,1.3043758869171143,1.3945780992507935,1.415703296661377,2.6075024604797363,0.23465025424957275,0,True
986,0.46024882793426514,0.5399303436279297,0.0703125,1.3426191806793213,1.4240922927856445,1.4465360641479492,3.3729679584503174,0.23026174306869507,0,True
987,0.46994704008102417,0.5332092046737671,0.0703125,1.3821234703063965,1.4909298419952393,1.5145514011383057,2.58327579498291,0.23387403786182404,0,True
988,0.4891008138656616,0.5178632736206055,0.0703125,1.4188401699066162,1.5684316158294678,1.5938316583633423,2.7584633827209473,0.2572791278362274,0,True
989,0.49558982253074646,0.5074755549430847,0.0703125,1.3882006406784058,1.557796835899353,1.5825414657592773,2.556475877761841,0.2711132764816284,0,True
990,0.5289890766143799,0.472302109003067,0.0703125,1.402770757675171,1.5995256900787354,1.6246354579925537,3.3960578441619873,0.2767847776412964,0,True
991,0.542381763458252,0.4659387469291687,0.0703125,1.3747591972351074,1.533746600151062,1.5581741333007812,3.1121344566345215,0.25771695375442505,0,True
992,0.5451993942260742,0.4651658236980438,0.0703125,1.366660714149475,1.5035111904144287,1.5268700122833252,3.165963888168335,0.2734931707382202,0,True
993,0.5481809377670288,0.4590221047401428,0.0703125,1.3382030725479126,1.4642393589019775,1.4870455265045166,2.798149585723877,0.2417115867137909,0,True
994,0.5642892122268677,0.45090872049331665,0.0703125,1.399896502494812,1.4752774238586426,1.4994876384735107,3.7388274669647217,0.24858640134334564,0,True
995,0.5531219840049744,0.4563232660293579,0.0703125,1.3610355854034424,1.4544541835784912,1.4777940511703491,2.8258793354034424,0.24023666977882385,0,True
996,0.5382253527641296,0.4718417525291443,0.0703125,1.3410284519195557,1.4485888481140137,1.4711518287658691,2.8642282485961914,0.2403104305267334,0,True
997,0.5333467721939087,0.47378847002983093,0.0703125,1.3826695680618286,1.5356147289276123,1.5599377155303955,3.241114854812622,0.2219705581665039,0,True
998,0.5738221406936646,0.4383167028427124,0.0703125,1.449622392654419,1.5731898546218872,1.599888563156128,2.659491539001465,0.21730168163776398,0,True
999,0.577689528465271,0.43322306871414185,0.0703125,1.4152759313583374,1.558593988418579,1.5846811532974243,2.4865407943725586,0.24954545497894287,0,True
1000,0.5921556949615479,0.413464218378067,0.0703125,1.3995842933654785,1.5984866619110107,1.6244010925292969,2.5898447036743164,0.2224031388759613,0,True
