step,mean_vel_x,mean_abs_vx_error,p2_fault_active_mean,residual_action_mean_norm,final_action_mean_norm,base_action_mean_norm,residual_action_max_norm,mean_abs_yaw_error,done_count,no_nan_inf
1,-0.09023740887641907,1.0902373790740967,0.0,0.06373614817857742,0.6686244606971741,0.6682944297790527,0.06373614817857742,0.954980731010437,0,True
2,-0.4936954081058502,1.4936953783035278,0.0,0.0787748396396637,1.6086446046829224,1.598183035850525,0.0787748396396637,1.2047374248504639,0,True
3,-0.28086015582084656,1.280860185623169,0.0,0.06951028108596802,1.1428685188293457,1.1399736404418945,0.06951028108596802,1.3029885292053223,0,True
4,-0.41247040033340454,1.4124703407287598,0.0,0.07291539758443832,0.7939875721931458,0.7983632683753967,0.07291539758443832,0.2562546730041504,0,True
5,-0.24608755111694336,1.2460875511169434,0.0,0.07349593192338943,0.7518854141235352,0.7408763766288757,0.07349593192338943,0.800670862197876,0,True
6,-0.3677118420600891,1.3677117824554443,0.0,0.071801096200943,0.5670412182807922,0.5684973001480103,0.071801096200943,0.054497066885232925,0,True
7,-0.4527260363101959,1.4527260065078735,0.0,0.0627371072769165,0.5955204367637634,0.5898375511169434,0.0627371072769165,0.02796858176589012,0,True
8,-0.5001026391983032,1.5001026391983032,0.0,0.07454661279916763,0.7372917532920837,0.7306278347969055,0.07454661279916763,0.5936160683631897,0,True
9,-0.6702283620834351,1.670228362083435,0.0,0.0721968337893486,0.8266381621360779,0.8252263069152832,0.0721968337893486,0.7519266605377197,0,True
10,-0.7248519062995911,1.7248518466949463,0.0,0.07101377844810486,0.8535668253898621,0.8535152673721313,0.07101377844810486,0.10810505598783493,0,True
11,-0.759490966796875,1.759490966796875,0.0,0.08084125816822052,1.0276461839675903,1.0263780355453491,0.08084125816822052,0.5896592140197754,0,True
12,-0.7728273272514343,1.772827386856079,0.0,0.06956135481595993,0.9844626784324646,0.9858372807502747,0.06956135481595993,0.9224624633789062,0,True
13,-0.04646468162536621,1.0464646816253662,0.0,0.06425366550683975,0.9743579030036926,0.9769958853721619,0.06425366550683975,0.5605039596557617,0,True
14,-0.03269871696829796,1.0326987504959106,0.0,0.07661686837673187,1.1217896938323975,1.1330069303512573,0.07661686837673187,1.450943112373352,0,True
15,0.25620800256729126,0.7437919974327087,0.0,0.09320048242807388,2.146601438522339,2.1462674140930176,0.09320048242807388,0.6776486039161682,0,True
16,0.5513525605201721,0.4486474394798279,0.0,0.061513978987932205,1.4945827722549438,1.4964935779571533,0.061513978987932205,0.6746731400489807,0,True
17,0.5302108526229858,0.46978914737701416,0.0,0.0503748320043087,0.7803813219070435,0.7795829772949219,0.0503748320043087,0.5650522708892822,0,True
18,0.30911770462989807,0.6908823251724243,0.0,0.04809084162116051,1.1508288383483887,1.1451425552368164,0.04809084162116051,0.23360292613506317,0,True
19,0.011583964340388775,0.9884160161018372,0.0,0.04193486273288727,1.4983731508255005,1.495775818824768,0.04193486273288727,0.12784317135810852,0,True
20,-0.17157316207885742,1.1715731620788574,0.0,0.06305354088544846,1.5713200569152832,1.579403042793274,0.06305354088544846,0.1918768584728241,0,True
21,-0.31754857301712036,1.3175485134124756,0.0,0.04810859262943268,1.7367260456085205,1.7418298721313477,0.04810859262943268,0.15433821082115173,0,True
22,-0.24878337979316711,1.2487833499908447,0.0,0.05713164061307907,1.906941533088684,1.9068024158477783,0.05713164061307907,1.363591194152832,0,True
23,0.017079727724194527,0.9829202890396118,0.0,0.07677021622657776,1.9701682329177856,1.975058674812317,0.07677021622657776,0.5458128452301025,0,True
24,0.4826412796974182,0.5173587203025818,0.0,0.03016262874007225,2.20546555519104,2.20771861076355,0.03016262874007225,0.18300537765026093,0,True
25,0.626928448677063,0.373071551322937,0.0,0.049423232674598694,1.5289169549942017,1.5340890884399414,0.049423232674598694,0.04252414405345917,0,True
26,0.17152486741542816,0.8284751176834106,0.0,0.06230685114860535,1.6731802225112915,1.6693960428237915,0.06230685114860535,0.3746926486492157,0,True
27,-0.050289690494537354,1.0502896308898926,0.0,0.04788106307387352,1.6670708656311035,1.6649113893508911,0.04788106307387352,0.6291322708129883,0,True
28,-0.3222825229167938,1.3222825527191162,0.0,0.057419873774051666,1.3393487930297852,1.3394412994384766,0.057419873774051666,0.13297948241233826,0,True
29,-0.4264768660068512,1.4264768362045288,0.0,0.05752308666706085,1.2443904876708984,1.2432209253311157,0.05752308666706085,0.7451931238174438,0,True
30,-0.5830185413360596,1.5830185413360596,0.0,0.057290807366371155,1.198899507522583,1.198824167251587,0.057290807366371155,0.758499801158905,0,True
31,-0.7557544708251953,1.7557544708251953,0.0,0.03331426903605461,1.4051685333251953,1.4080147743225098,0.03331426903605461,0.6874533295631409,0,True
32,-0.5783672332763672,1.5783672332763672,0.0,0.06392793357372284,1.499692440032959,1.5030884742736816,0.06392793357372284,2.3895339965820312,0,True
33,-0.6599568128585815,1.6599568128585815,0.0,0.06728598475456238,1.6802372932434082,1.6845098733901978,0.06728598475456238,2.019683361053467,0,True
34,-0.6864624619483948,1.68646240234375,0.0,0.050896838307380676,1.6520649194717407,1.656917929649353,0.050896838307380676,1.9606178998947144,0,True
35,-0.2536431550979614,1.2536431550979614,0.0,0.049434561282396317,1.4109245538711548,1.4122745990753174,0.049434561282396317,0.41343367099761963,0,True
36,-0.05799301341176033,1.0579930543899536,0.0,0.048423245549201965,1.3700751066207886,1.3728545904159546,0.048423245549201965,0.38873353600502014,0,True
37,0.24402135610580444,0.7559786438941956,0.0,0.05032655969262123,2.3241076469421387,2.333552598953247,0.05032655969262123,0.10648830235004425,0,True
38,0.5067289471626282,0.4932710528373718,0.0,0.06306285411119461,1.5115526914596558,1.5230402946472168,0.06306285411119461,0.13647811114788055,0,True
39,0.6383469104766846,0.36165308952331543,0.0,0.09893117100000381,1.2491651773452759,1.2640457153320312,0.09893117100000381,0.11137096583843231,0,True
40,0.48456332087516785,0.5154366493225098,0.0,0.0991092249751091,1.133291482925415,1.1310906410217285,0.0991092249751091,0.0451689288020134,0,True
41,0.22445401549339294,0.7755459547042847,0.0,0.061451662331819534,1.3609007596969604,1.3534287214279175,0.061451662331819534,0.005531718488782644,0,True
42,-0.010802846401929855,1.0108028650283813,0.0,0.057164035737514496,1.3781676292419434,1.385908842086792,0.057164035737514496,0.22174128890037537,0,True
43,-0.24993713200092316,1.2499371767044067,0.0,0.06241467595100403,1.4787425994873047,1.4852474927902222,0.06241467595100403,0.2350807934999466,0,True
44,-0.14728780090808868,1.1472878456115723,0.0,0.045764464884996414,1.4132425785064697,1.4201459884643555,0.045764464884996414,0.22912338376045227,0,True
45,0.1171424463391304,0.8828575611114502,0.0,0.0537717379629612,1.753684163093567,1.7584846019744873,0.0537717379629612,0.32349270582199097,0,True
46,0.5878495573997498,0.41215044260025024,0.0,0.055718716233968735,2.1927201747894287,2.203885316848755,0.055718716233968735,0.09477970749139786,0,True
47,0.8936232924461365,0.10637670755386353,0.0,0.0720892995595932,1.8060418367385864,1.8188800811767578,0.0720892995595932,0.22704443335533142,0,True
48,0.7576843500137329,0.2423156499862671,0.0,0.08283786475658417,1.3041826486587524,1.3033802509307861,0.08283786475658417,0.022841017693281174,0,True
49,0.6895079016685486,0.3104920983314514,0.0,0.05918354541063309,1.3894740343093872,1.3935630321502686,0.05918354541063309,0.15027017891407013,0,True
50,0.554723858833313,0.445276141166687,0.0,0.03713170811533928,1.3919326066970825,1.3870813846588135,0.03713170811533928,0.13738271594047546,0,True
51,0.4194590747356415,0.5805408954620361,0.0,0.03353898972272873,1.2923893928527832,1.2903636693954468,0.03353898972272873,0.11944574862718582,0,True
52,0.3507998287677765,0.6492002010345459,0.0,0.023456409573554993,1.3547013998031616,1.356274962425232,0.023456409573554993,0.2882686257362366,0,True
53,0.3064211905002594,0.693578839302063,0.0,0.05242745950818062,1.5069111585617065,1.5096499919891357,0.05242745950818062,0.32704347372055054,0,True
54,0.2753167748451233,0.7246832251548767,0.0,0.06359199434518814,1.5836198329925537,1.588427186012268,0.06359199434518814,0.35948804020881653,0,True
55,0.29327550530433655,0.7067245244979858,0.0,0.06670387089252472,1.676624059677124,1.6839312314987183,0.06670387089252472,0.3593568503856659,0,True
56,0.36610326170921326,0.6338967084884644,0.0,0.06537092477083206,1.7516138553619385,1.759200930595398,0.06537092477083206,0.3510191738605499,0,True
57,0.5357321500778198,0.4642678499221802,0.0,0.06299331039190292,1.835447907447815,1.843327522277832,0.06299331039190292,0.05513295158743858,0,True
58,0.7289838790893555,0.27101612091064453,0.0,0.07331961393356323,1.8701157569885254,1.877743124961853,0.07331961393356323,0.007502782624214888,0,True
59,0.8207067251205444,0.17929327487945557,0.0,0.0714648887515068,1.7483093738555908,1.7545580863952637,0.0714648887515068,0.13153496384620667,0,True
60,0.9507972002029419,0.049202799797058105,0.0,0.0779695212841034,1.742712140083313,1.7505773305892944,0.0779695212841034,0.0021741583477705717,0,True
61,1.220978856086731,0.22097885608673096,0.0,0.08533312380313873,1.867530345916748,1.884077787399292,0.08533312380313873,0.062410756945610046,0,True
62,0.6016485691070557,0.39835143089294434,0.0,0.09462808817625046,0.9472559690475464,0.9519116282463074,0.09462808817625046,0.10597511380910873,0,True
63,0.39950212836265564,0.600497841835022,0.0,0.05526219680905342,1.1932594776153564,1.1880505084991455,0.05526219680905342,0.09583370387554169,0,True
64,0.45963189005851746,0.5403680801391602,0.0,0.05282720923423767,1.2088197469711304,1.2104376554489136,0.05282720923423767,0.18687373399734497,0,True
65,0.4263102412223816,0.5736897587776184,0.0,0.04430830851197243,1.0307238101959229,1.0363203287124634,0.04430830851197243,0.04219522327184677,0,True
66,0.4203745424747467,0.5796254873275757,0.0,0.05605762451887131,1.1679253578186035,1.1757524013519287,0.05605762451887131,0.02420998178422451,0,True
67,0.43915823101997375,0.5608417987823486,0.0,0.06038681045174599,1.2216094732284546,1.229193091392517,0.06038681045174599,0.08396035432815552,0,True
68,0.4799876809120178,0.5200123190879822,0.0,0.06533891707658768,1.2820357084274292,1.2905216217041016,0.06533891707658768,0.10937648266553879,0,True
69,0.5464823246002197,0.4535176753997803,0.0,0.06934656947851181,1.339139699935913,1.3487516641616821,0.06934656947851181,0.0688815787434578,0,True
70,0.6269083619117737,0.3730916380882263,0.0,0.06092635914683342,1.360545039176941,1.367486834526062,0.06092635914683342,0.007059609051793814,0,True
71,0.7079763412475586,0.2920236587524414,0.0,0.05921586975455284,1.3468018770217896,1.3506317138671875,0.05921586975455284,0.0864005759358406,0,True
72,0.7882063984870911,0.21179360151290894,0.0,0.06059511378407478,1.4973682165145874,1.5001133680343628,0.06059511378407478,0.003807132365182042,0,True
73,0.8521007895469666,0.14789921045303345,0.0,0.06031429022550583,1.2874135971069336,1.2891957759857178,0.06031429022550583,0.2667037844657898,0,True
74,1.0021370649337769,0.0021370649337768555,0.0,0.05124151334166527,1.4058444499969482,1.411325454711914,0.05124151334166527,0.027424922212958336,0,True
75,1.1304315328598022,0.13043153285980225,0.0,0.06372489780187607,1.3314611911773682,1.3392075300216675,0.06372489780187607,0.12540170550346375,0,True
76,1.1078271865844727,0.10782718658447266,0.0,0.0683121383190155,0.9552199840545654,0.9592178463935852,0.0683121383190155,0.250874400138855,0,True
77,1.0367928743362427,0.036792874336242676,0.0,0.056665074080228806,0.9303094744682312,0.9317824244499207,0.056665074080228806,0.05052505061030388,0,True
78,0.8444238901138306,0.15557610988616943,0.0,0.0362330824136734,1.0172141790390015,1.0148249864578247,0.0362330824136734,0.2068147510290146,0,True
79,0.7243053913116455,0.2756946086883545,0.0,0.028579948469996452,1.3110694885253906,1.3136411905288696,0.028579948469996452,0.048492152243852615,0,True
80,0.6881901025772095,0.3118098974227905,0.0,0.042889103293418884,1.585434079170227,1.5894540548324585,0.042889103293418884,0.045673906803131104,0,True
81,0.7029293179512024,0.2970706820487976,0.0,0.0520201250910759,1.6656854152679443,1.6717513799667358,0.0520201250910759,0.04326524958014488,0,True
82,0.786719799041748,0.21328020095825195,0.0,0.05898153781890869,1.762112021446228,1.7707569599151611,0.05898153781890869,0.050156258046627045,0,True
83,0.9379572868347168,0.0620427131652832,0.0,0.06304807215929031,1.752057671546936,1.7618101835250854,0.06304807215929031,0.03693859651684761,0,True
84,1.0308926105499268,0.030892610549926758,0.0,0.07056111842393875,1.7151631116867065,1.7228915691375732,0.07056111842393875,0.055932339280843735,0,True
85,1.083949089050293,0.08394908905029297,0.0,0.07582253962755203,1.6267869472503662,1.6309254169464111,0.07582253962755203,0.025867708027362823,0,True
86,1.24183189868927,0.24183189868927002,0.0,0.07895086705684662,1.674424171447754,1.6821967363357544,0.07895086705684662,0.17859798669815063,0,True
87,1.2916910648345947,0.2916910648345947,0.0,0.08635974675416946,1.4768593311309814,1.4926332235336304,0.08635974675416946,0.006921745836734772,0,True
88,1.0390491485595703,0.03904914855957031,0.0,0.07934554666280746,1.353215217590332,1.3497090339660645,0.07934554666280746,0.1405496448278427,0,True
89,0.9207421541213989,0.07925784587860107,0.0,0.044217292219400406,1.3123277425765991,1.3150687217712402,0.044217292219400406,0.029084760695695877,0,True
90,0.870928943157196,0.12907105684280396,0.0,0.04547305032610893,1.4046250581741333,1.408333420753479,0.04547305032610893,0.09476771950721741,0,True
91,0.8630553483963013,0.13694465160369873,0.0,0.056706883013248444,1.516414999961853,1.5223286151885986,0.056706883013248444,0.09917062520980835,0,True
92,0.9037394523620605,0.09626054763793945,0.0,0.07593029737472534,1.62483549118042,1.6341428756713867,0.07593029737472534,0.13306446373462677,0,True
93,1.014016032218933,0.014016032218933105,0.0,0.07524367421865463,1.7021894454956055,1.712158203125,0.07524367421865463,0.2996993660926819,0,True
94,1.0641900300979614,0.06419003009796143,0.0,0.0815095454454422,1.711016058921814,1.7196990251541138,0.0815095454454422,0.12799999117851257,0,True
95,1.1448500156402588,0.1448500156402588,0.0,0.07688318938016891,1.7068325281143188,1.7135099172592163,0.07688318938016891,0.08142608404159546,0,True
96,1.1585838794708252,0.1585838794708252,0.0,0.08253972232341766,1.6328226327896118,1.6344883441925049,0.08253972232341766,0.1306694597005844,0,True
97,0.9053458571434021,0.0946541428565979,0.0,0.08676040172576904,1.6213592290878296,1.6267563104629517,0.08676040172576904,0.18509867787361145,0,True
98,1.0433381795883179,0.04333817958831787,0.0,0.07632669061422348,1.1030774116516113,1.1208199262619019,0.07632669061422348,0.26680952310562134,0,True
99,0.8684872388839722,0.13151276111602783,0.0,0.05856414511799812,1.1286550760269165,1.1242793798446655,0.05856414511799812,0.10375307500362396,0,True
100,0.7730474472045898,0.22695255279541016,0.0,0.04496606066823006,1.1013103723526,1.1063809394836426,0.04496606066823006,0.04711059108376503,0,True
101,0.7213079333305359,0.2786920666694641,0.0,0.046129267662763596,1.2893248796463013,1.2933622598648071,0.046129267662763596,0.04394799470901489,0,True
102,0.7274376749992371,0.27256232500076294,0.0,0.05856010690331459,1.3531196117401123,1.3594685792922974,0.05856010690331459,0.0027119163423776627,0,True
103,0.7681413888931274,0.23185861110687256,0.0,0.0702618733048439,1.474374532699585,1.483385443687439,0.0702618733048439,0.005342678166925907,0,True
104,0.8461959958076477,0.1538040041923523,0.0,0.07270214706659317,1.5530619621276855,1.5631622076034546,0.07270214706659317,0.04907562583684921,0,True
105,0.9271228313446045,0.07287716865539551,0.0,0.0726945623755455,1.553939700126648,1.562427043914795,0.0726945623755455,0.21860972046852112,0,True
106,1.0100966691970825,0.01009666919708252,0.0,0.07324594259262085,1.5387669801712036,1.5455232858657837,0.07324594259262085,0.03291364386677742,0,True
107,1.0959572792053223,0.09595727920532227,0.0,0.07875215262174606,1.4846470355987549,1.4901560544967651,0.07875215262174606,0.0420776791870594,0,True
108,1.2658863067626953,0.2658863067626953,0.0,0.08424779027700424,1.524524211883545,1.5356804132461548,0.08424779027700424,0.06274931132793427,0,True
109,1.081032395362854,0.081032395362854,0.0,0.0834713950753212,1.1039485931396484,1.112869381904602,0.0834713950753212,0.03620078042149544,0,True
110,0.8437166810035706,0.15628331899642944,0.0,0.056426092982292175,1.3553898334503174,1.3558109998703003,0.056426092982292175,0.08214002847671509,0,True
111,0.8399651050567627,0.1600348949432373,0.0,0.04390847310423851,1.2850421667099,1.2883700132369995,0.04390847310423851,0.025709690526127815,0,True
112,0.807543158531189,0.19245684146881104,0.0,0.046294745057821274,1.3625768423080444,1.367080807685852,0.046294745057821274,0.0016394671984016895,0,True
113,0.8396980166435242,0.16030198335647583,0.0,0.06587253510951996,1.5156733989715576,1.5228211879730225,0.06587253510951996,0.0028787197079509497,0,True
114,0.9010992050170898,0.09890079498291016,0.0,0.06554369628429413,1.5944347381591797,1.6025630235671997,0.06554369628429413,0.00015433086082339287,0,True
115,0.9778631925582886,0.022136807441711426,0.0,0.07254958152770996,1.6367182731628418,1.6448554992675781,0.07254958152770996,0.02726537548005581,0,True
116,1.0646814107894897,0.06468141078948975,0.0,0.07836433500051498,1.7355694770812988,1.7432347536087036,0.07836433500051498,0.05583709850907326,0,True
117,1.0747501850128174,0.07475018501281738,0.0,0.0711255595088005,1.626008152961731,1.627976417541504,0.0711255595088005,0.10137626528739929,0,True
118,1.0947448015213013,0.09474480152130127,0.0,0.07372545450925827,1.5812177658081055,1.582564115524292,0.07372545450925827,0.023719510063529015,0,True
119,1.2694294452667236,0.26942944526672363,0.0,0.08346954733133316,1.5817418098449707,1.5928277969360352,0.08346954733133316,0.03949529677629471,0,True
120,1.215609073638916,0.21560907363891602,0.0,0.07441549748182297,0.8773736953735352,0.8868297338485718,0.07441549748182297,0.12181917577981949,0,True
121,0.9556725025177002,0.044327497482299805,0.0,0.05747630074620247,1.3514361381530762,1.3521125316619873,0.05747630074620247,0.045649509876966476,0,True
122,0.9703322052955627,0.029667794704437256,0.0,0.039072997868061066,1.262882947921753,1.265364170074463,0.039072997868061066,0.0564144104719162,0,True
123,0.914954423904419,0.08504557609558105,0.0,0.047807734459638596,1.2913379669189453,1.2946830987930298,0.047807734459638596,0.022588877007365227,0,True
124,0.9328779578208923,0.06712204217910767,0.0,0.06457611918449402,1.479312777519226,1.4844483137130737,0.06457611918449402,0.01687881536781788,0,True
125,0.9699932336807251,0.030006766319274902,0.0,0.06669838726520538,1.5582610368728638,1.565049171447754,0.06669838726520538,0.06316860020160675,0,True
126,1.0255992412567139,0.025599241256713867,0.0,0.068543441593647,1.6292638778686523,1.6355094909667969,0.068543441593647,0.07571146637201309,0,True
127,1.0993455648422241,0.09934556484222412,0.0,0.07377319782972336,1.6206852197647095,1.6268659830093384,0.07377319782972336,0.005800082813948393,0,True
128,1.1392791271209717,0.13927912712097168,0.0,0.06986618041992188,1.5695786476135254,1.572654128074646,0.06986618041992188,0.0007028182153590024,0,True
129,1.265710473060608,0.2657104730606079,0.0,0.0747905746102333,1.5368273258209229,1.5418152809143066,0.0747905746102333,0.01651993952691555,0,True
130,1.1437931060791016,0.14379310607910156,0.0,0.0858306884765625,1.4646822214126587,1.4720004796981812,0.0858306884765625,0.199815034866333,0,True
131,0.9192058444023132,0.08079415559768677,0.0,0.07381429523229599,1.183701515197754,1.183247447013855,0.07381429523229599,0.04090127721428871,0,True
132,0.7857734560966492,0.21422654390335083,0.0,0.04175829514861107,1.1207753419876099,1.12244713306427,0.04175829514861107,0.06910860538482666,0,True
133,0.7731515169143677,0.22684848308563232,0.0,0.04481545090675354,1.3413010835647583,1.3443306684494019,0.04481545090675354,0.04639424383640289,0,True
134,0.7851871252059937,0.21481287479400635,0.0,0.05627074092626572,1.4246456623077393,1.4307818412780762,0.05627074092626572,0.06562794744968414,0,True
135,0.8521474003791809,0.1478525996208191,0.0,0.07130686938762665,1.553746223449707,1.5627774000167847,0.07130686938762665,0.11301859468221664,0,True
136,0.9689092636108398,0.031090736389160156,0.0,0.07497743517160416,1.5922201871871948,1.6011881828308105,0.07497743517160416,0.06733140349388123,0,True
137,1.0465564727783203,0.04655647277832031,0.0,0.07241862267255783,1.548964500427246,1.5554383993148804,0.07241862267255783,0.11310632526874542,0,True
138,1.094650149345398,0.09465014934539795,0.0,0.07760027796030045,1.4903414249420166,1.494070291519165,0.07760027796030045,0.01956910826265812,0,True
139,1.210744023323059,0.21074402332305908,0.0,0.07382027059793472,1.5538629293441772,1.5618840456008911,0.07382027059793472,0.07077280431985855,0,True
140,1.0487984418869019,0.048798441886901855,0.0,0.08088109642267227,0.9809636473655701,0.9888141751289368,0.08088109642267227,0.029470130801200867,0,True
141,0.8365461230278015,0.1634538769721985,0.0,0.059308648109436035,1.2064738273620605,1.2039130926132202,0.059308648109436035,0.06683613359928131,0,True
142,0.8438195586204529,0.15618044137954712,0.0,0.040112875401973724,1.2562158107757568,1.2589311599731445,0.040112875401973724,0.05055868998169899,0,True
143,0.8180763721466064,0.18192362785339355,0.0,0.045467499643564224,1.3500511646270752,1.3541523218154907,0.045467499643564224,0.003156638704240322,0,True
144,0.8996036648750305,0.10039633512496948,0.0,0.06026158854365349,1.5043610334396362,1.5117409229278564,0.06026158854365349,0.2543386220932007,0,True
145,0.9896561503410339,0.010343849658966064,0.0,0.07359582185745239,1.522322416305542,1.5315308570861816,0.07359582185745239,0.12811143696308136,0,True
146,1.0411937236785889,0.04119372367858887,0.0,0.0767158642411232,1.6421246528625488,1.6498228311538696,0.0767158642411232,0.05648750811815262,0,True
147,1.0845978260040283,0.08459782600402832,0.0,0.07160930335521698,1.5542081594467163,1.5589070320129395,0.07160930335521698,0.06966152042150497,0,True
148,1.078289270401001,0.07828927040100098,0.0,0.06853935867547989,1.5683976411819458,1.5685439109802246,0.06853935867547989,0.07161730527877808,0,True
149,1.1196702718734741,0.11967027187347412,0.0,0.07163099944591522,1.5390753746032715,1.5403257608413696,0.07163099944591522,0.04754127189517021,0,True
150,1.3056241273880005,0.3056241273880005,0.0,0.07628676295280457,1.4834167957305908,1.4949411153793335,0.07628676295280457,0.051886193454265594,0,True
151,1.1380927562713623,0.1380927562713623,0.0,0.06633587181568146,1.1410913467407227,1.1412501335144043,0.06633587181568146,0.15654808282852173,0,True
152,0.933108925819397,0.06689107418060303,0.0,0.04199077561497688,1.2263842821121216,1.2283127307891846,0.04199077561497688,0.005371985491365194,0,True
153,0.9193994998931885,0.08060050010681152,0.0,0.04313427209854126,1.3490065336227417,1.3517537117004395,0.04313427209854126,0.02492840588092804,0,True
154,0.903719425201416,0.09628057479858398,0.0,0.04813250154256821,1.40708589553833,1.4116325378417969,0.04813250154256821,0.08033089339733124,0,True
155,0.9384799003601074,0.06152009963989258,0.0,0.06763037294149399,1.5567964315414429,1.563968300819397,0.06763037294149399,0.0502019077539444,0,True
156,1.0114500522613525,0.011450052261352539,0.0,0.06755102425813675,1.6387540102005005,1.6462212800979614,0.06755102425813675,0.04768473654985428,0,True
157,1.1003048419952393,0.10030484199523926,0.0,0.07431855797767639,1.6144874095916748,1.6213725805282593,0.07431855797767639,0.05200907215476036,0,True
158,1.1439071893692017,0.14390718936920166,0.0,0.07460001856088638,1.5595872402191162,1.5632531642913818,0.07460001856088638,0.03978922963142395,0,True
159,1.2200901508331299,0.22009015083312988,0.0,0.07398433983325958,1.5457819700241089,1.5510023832321167,0.07398433983325958,0.0061112577095627785,0,True
160,1.0358883142471313,0.03588831424713135,0.0,0.0792585015296936,1.458901047706604,1.4696444272994995,0.0792585015296936,0.2396591156721115,0,True
161,0.7946684956550598,0.20533150434494019,0.0,0.07247825711965561,1.2335222959518433,1.2303013801574707,0.07247825711965561,0.04231783002614975,0,True
162,0.8239471316337585,0.17605286836624146,0.0,0.04782278835773468,1.2047054767608643,1.2081764936447144,0.04782278835773468,0.14863155782222748,0,True
163,0.7953648567199707,0.2046351432800293,0.0,0.04287342354655266,1.224820613861084,1.2282469272613525,0.04287342354655266,0.0007026067469269037,0,True
164,0.8241289854049683,0.17587101459503174,0.0,0.05836887285113335,1.4082682132720947,1.4144784212112427,0.05836887285113335,0.022201238200068474,0,True
165,0.8858605027198792,0.11413949728012085,0.0,0.06780548393726349,1.4889200925827026,1.4969120025634766,0.06780548393726349,0.04265546798706055,0,True
166,0.9560964703559875,0.04390352964401245,0.0,0.07219623774290085,1.502105951309204,1.5097026824951172,0.07219623774290085,0.11644134670495987,0,True
167,1.0023643970489502,0.0023643970489501953,0.0,0.0749218538403511,1.4958724975585938,1.5006824731826782,0.0749218538403511,0.03711294010281563,0,True
168,1.061207890510559,0.06120789051055908,0.0,0.07480461150407791,1.508509874343872,1.5131651163101196,0.07480461150407791,0.031083188951015472,0,True
169,1.1906458139419556,0.19064581394195557,0.0,0.07408174872398376,1.4964088201522827,1.5027070045471191,0.07408174872398376,0.12029064446687698,0,True
170,1.290591835975647,0.290591835975647,0.0,0.07297377288341522,1.318844199180603,1.330841064453125,0.07297377288341522,0.26392537355422974,0,True
171,1.0459860563278198,0.045986056327819824,0.0,0.06950695812702179,1.289201259613037,1.288438081741333,0.06950695812702179,0.016917169094085693,0,True
172,0.9521309733390808,0.04786902666091919,0.0,0.04150024801492691,1.256407618522644,1.2592737674713135,0.04150024801492691,0.04399649798870087,0,True
173,0.8968509435653687,0.10314905643463135,0.0,0.04322335496544838,1.362391710281372,1.365622639656067,0.04322335496544838,0.004213209263980389,0,True
174,0.8959416747093201,0.10405832529067993,0.0,0.05410438030958176,1.4806082248687744,1.4859071969985962,0.05410438030958176,0.03002641163766384,0,True
175,0.9646680951118469,0.035331904888153076,0.0,0.06728507578372955,1.5962340831756592,1.6042982339859009,0.06728507578372955,0.055702488869428635,0,True
176,1.0465047359466553,0.04650473594665527,0.0,0.07542488723993301,1.6312333345413208,1.6403098106384277,0.07542488723993301,0.20905569195747375,0,True
177,1.098417043685913,0.09841704368591309,0.0,0.0724601000547409,1.6430128812789917,1.6490271091461182,0.0724601000547409,0.14678771793842316,0,True
178,1.1537755727767944,0.15377557277679443,0.0,0.0664859190583229,1.7724400758743286,1.7770391702651978,0.0664859190583229,0.044846855103969574,0,True
179,1.114932656288147,0.11493265628814697,0.0,0.06923943758010864,1.6935490369796753,1.693723201751709,0.06923943758010864,0.02860926277935505,0,True
180,1.2194960117340088,0.2194960117340088,0.0,0.07635044306516647,1.6282861232757568,1.632501482963562,0.07635044306516647,0.09215516597032547,0,True
181,0.9330717325210571,0.06692826747894287,0.0,0.07624886184930801,1.5030018091201782,1.510742425918579,0.07624886184930801,0.18164759874343872,0,True
182,0.6956213712692261,0.3043786287307739,0.0,0.06252828985452652,1.2395710945129395,1.240264654159546,0.06252828985452652,0.00812755711376667,0,True
183,0.7284488081932068,0.2715511918067932,0.0,0.04356587305665016,1.1956613063812256,1.1995477676391602,0.04356587305665016,0.11375995725393295,0,True
184,0.7342057824134827,0.26579421758651733,0.0,0.046297650784254074,1.2766791582107544,1.2811685800552368,0.046297650784254074,0.04008009284734726,0,True
185,0.7953507900238037,0.2046492099761963,0.0,0.06164649873971939,1.4512799978256226,1.4581336975097656,0.06164649873971939,0.049185968935489655,0,True
186,0.8876711130142212,0.11232888698577881,0.0,0.07079147547483444,1.5176695585250854,1.5258076190948486,0.07079147547483444,0.15439455211162567,0,True
187,0.9696407914161682,0.030359208583831787,0.0,0.07172083854675293,1.4666699171066284,1.4735792875289917,0.07172083854675293,0.11609630286693573,0,True
188,1.0451909303665161,0.04519093036651611,0.0,0.0671694204211235,1.5155739784240723,1.5211399793624878,0.0671694204211235,0.03865130990743637,0,True
189,1.0823240280151367,0.08232402801513672,0.0,0.07758498191833496,1.4532188177108765,1.4559016227722168,0.07758498191833496,0.007628425490111113,0,True
190,1.1923574209213257,0.19235742092132568,0.0,0.07498577237129211,1.5215202569961548,1.5283207893371582,0.07498577237129211,0.050392504781484604,0,True
191,1.0712419748306274,0.07124197483062744,0.0,0.07772496342658997,1.0616482496261597,1.0698261260986328,0.07772496342658997,0.014734957367181778,0,True
192,0.8886745572090149,0.11132544279098511,0.0,0.05027199909090996,1.2226927280426025,1.222476840019226,0.05027199909090996,0.038773853331804276,0,True
193,0.8416327238082886,0.15836727619171143,0.0,0.04055717960000038,1.2379016876220703,1.2394944429397583,0.04055717960000038,0.029936356469988823,0,True
194,0.8309035897254944,0.16909641027450562,0.0,0.04909025877714157,1.337599754333496,1.3410855531692505,0.04909025877714157,0.02104038931429386,0,True
195,0.8536455035209656,0.14635449647903442,0.0,0.06020384654402733,1.4894412755966187,1.495378851890564,0.06020384654402733,0.03708413615822792,0,True
196,0.9343388676643372,0.06566113233566284,0.0,0.06936755776405334,1.5875778198242188,1.5953247547149658,0.06936755776405334,0.19879621267318726,0,True
197,1.0274399518966675,0.02743995189666748,0.0,0.07699904590845108,1.5510321855545044,1.559272050857544,0.07699904590845108,0.012227734550833702,0,True
198,1.084247350692749,0.08424735069274902,0.0,0.0726223886013031,1.556650161743164,1.5608989000320435,0.0726223886013031,0.02412034012377262,0,True
199,1.1474922895431519,0.14749228954315186,0.0,0.07118097692728043,1.4470460414886475,1.4503635168075562,0.07118097692728043,0.0011582868173718452,0,True
200,1.304031491279602,0.30403149127960205,0.0,0.07394921034574509,1.431867003440857,1.4405683279037476,0.07394921034574509,0.3120672404766083,0,True
201,1.1054646968841553,0.10546469688415527,0.0,0.07804995775222778,1.3903906345367432,1.395585298538208,0.07804995775222778,0.09560047090053558,0,True
202,0.9148286581039429,0.08517134189605713,0.0,0.0473511777818203,1.3601921796798706,1.3614003658294678,0.0473511777818203,0.08901510387659073,0,True
203,0.8794723153114319,0.12052768468856812,0.0,0.038762275129556656,1.3793951272964478,1.3812779188156128,0.038762275129556656,0.03948594629764557,0,True
204,0.8783054351806641,0.12169456481933594,0.0,0.051434364169836044,1.5014961957931519,1.505576252937317,0.051434364169836044,0.12808425724506378,0,True
205,0.9207073450088501,0.0792926549911499,0.0,0.06503335386514664,1.610041618347168,1.6173096895217896,0.06503335386514664,0.14213307201862335,0,True
206,0.9896590709686279,0.01034092903137207,0.0,0.07497233152389526,1.7022465467453003,1.7103909254074097,0.07497233152389526,0.029232749715447426,0,True
207,1.0813370943069458,0.0813370943069458,0.0,0.0785631313920021,1.61763334274292,1.6256407499313354,0.0785631313920021,0.062185924500226974,0,True
208,1.090445637702942,0.0904456377029419,0.0,0.07450086623430252,1.6186224222183228,1.6220159530639648,0.07450086623430252,0.04539238288998604,0,True
209,1.1555684804916382,0.15556848049163818,0.0,0.07100488245487213,1.5756076574325562,1.5785585641860962,0.07100488245487213,0.021842939779162407,0,True
210,1.2731001377105713,0.2731001377105713,0.0,0.07360625267028809,1.524394154548645,1.535607933998108,0.07360625267028809,0.003480155486613512,0,True
211,1.0043113231658936,0.004311323165893555,0.0,0.07625942677259445,1.1848994493484497,1.1876877546310425,0.07625942677259445,0.02359568141400814,0,True
212,0.9204286932945251,0.07957130670547485,0.0,0.03952262923121452,1.1334044933319092,1.1354612112045288,0.03952262923121452,0.022104503586888313,0,True
213,0.9030392169952393,0.09696078300476074,0.0,0.04146670922636986,1.294006586074829,1.2975115776062012,0.04146670922636986,0.007085163611918688,0,True
214,1.0043848752975464,0.004384875297546387,0.0,0.056482017040252686,1.4468237161636353,1.4532171487808228,0.056482017040252686,0.443233847618103,0,True
215,1.0075534582138062,0.007553458213806152,0.0,0.06611769646406174,1.594351887702942,1.602291226387024,0.06611769646406174,0.0013468789402395487,0,True
216,1.0487451553344727,0.048745155334472656,0.0,0.07836160808801651,1.537462592124939,1.5448801517486572,0.07836160808801651,0.1635647714138031,0,True
217,1.133612036705017,0.1336120367050171,0.0,0.0758073553442955,1.64887273311615,1.6559462547302246,0.0758073553442955,0.03253365308046341,0,True
218,1.150428295135498,0.15042829513549805,0.0,0.07448960840702057,1.559802532196045,1.5619345903396606,0.07448960840702057,0.00775529770180583,0,True
219,1.2827527523040771,0.28275275230407715,0.0,0.07617860287427902,1.5427380800247192,1.5482423305511475,0.07617860287427902,0.12612681090831757,0,True
220,1.0253595113754272,0.025359511375427246,0.0,0.0812673345208168,1.3237351179122925,1.3291300535202026,0.0812673345208168,0.08236270397901535,0,True
221,0.8065991997718811,0.1934008002281189,0.0,0.06550029665231705,1.2303601503372192,1.2297828197479248,0.06550029665231705,0.03942107409238815,0,True
222,0.8066303730010986,0.19336962699890137,0.0,0.04021758958697319,1.2378660440444946,1.2403957843780518,0.04021758958697319,0.01907060109078884,0,True
223,0.7773224711418152,0.22267752885818481,0.0,0.04338431358337402,1.355943202972412,1.3595530986785889,0.04338431358337402,0.028831858187913895,0,True
224,0.836307168006897,0.16369283199310303,0.0,0.06181994080543518,1.5119051933288574,1.5195218324661255,0.06181994080543518,0.07271094620227814,0,True
225,0.9216442108154297,0.07835578918457031,0.0,0.07410399615764618,1.5765756368637085,1.5857117176055908,0.07410399615764618,0.1532638669013977,0,True
226,0.9961639642715454,0.00383603572845459,0.0,0.07787546515464783,1.5226985216140747,1.5306143760681152,0.07787546515464783,0.07017315179109573,0,True
227,1.0519133806228638,0.05191338062286377,0.0,0.07431821525096893,1.5027282238006592,1.50663423538208,0.07431821525096893,0.10897482931613922,0,True
228,1.084997534751892,0.08499753475189209,0.0,0.07504834979772568,1.5128428936004639,1.5150572061538696,0.07504834979772568,0.02910960093140602,0,True
229,1.2308547496795654,0.23085474967956543,0.0,0.07451598346233368,1.5008116960525513,1.509052038192749,0.07451598346233368,0.046702079474925995,0,True
230,1.130688190460205,0.13068819046020508,0.0,0.0718313455581665,0.9745349287986755,0.9842677116394043,0.0718313455581665,0.001226763823069632,0,True
231,0.9458552598953247,0.05414474010467529,0.0,0.05526299402117729,1.2408013343811035,1.2406930923461914,0.05526299402117729,0.0421726256608963,0,True
232,0.8980743288993835,0.10192567110061646,0.0,0.039978478103876114,1.2323795557022095,1.2346863746643066,0.039978478103876114,0.00903142336755991,0,True
233,0.874091625213623,0.12590837478637695,0.0,0.04476814717054367,1.3145049810409546,1.3178679943084717,0.04476814717054367,0.0011339073535054922,0,True
234,0.8920693397521973,0.10793066024780273,0.0,0.05582551285624504,1.4598755836486816,1.4659767150878906,0.05582551285624504,0.010231595486402512,0,True
235,0.940464198589325,0.05953580141067505,0.0,0.06449835002422333,1.5571142435073853,1.5643136501312256,0.06449835002422333,0.0909811332821846,0,True
236,1.002557635307312,0.0025576353073120117,0.0,0.07068698108196259,1.5450204610824585,1.5522937774658203,0.07068698108196259,0.10435216873884201,0,True
237,1.0566743612289429,0.05667436122894287,0.0,0.06887411326169968,1.542879343032837,1.5481860637664795,0.06887411326169968,0.05393717810511589,0,True
238,1.0793412923812866,0.07934129238128662,0.0,0.06694506853818893,1.4989229440689087,1.501250982284546,0.06694506853818893,0.05504889041185379,0,True
239,1.179181694984436,0.17918169498443604,0.0,0.07221502810716629,1.4708820581436157,1.4752410650253296,0.07221502810716629,0.1601608246564865,0,True
240,1.3493467569351196,0.34934675693511963,0.0,0.07506178319454193,1.2777645587921143,1.29049551486969,0.07506178319454193,0.24925076961517334,0,True
241,1.216335654258728,0.21633565425872803,0.0,0.06358718872070312,1.18970787525177,1.193164348602295,0.06358718872070312,0.062443807721138,0,True
242,0.9567599296569824,0.04324007034301758,0.0,0.04085690155625343,1.3568384647369385,1.3581804037094116,0.04085690155625343,0.04724731296300888,0,True
243,0.955180287361145,0.04481971263885498,0.0,0.04233242943882942,1.3672995567321777,1.371186375617981,0.04233242943882942,0.0829441174864769,0,True
244,0.9295653104782104,0.07043468952178955,0.0,0.047693122178316116,1.4781455993652344,1.483231544494629,0.047693122178316116,0.13760675489902496,0,True
245,0.9649624824523926,0.03503751754760742,0.0,0.06682896614074707,1.6166402101516724,1.6238242387771606,0.06682896614074707,0.12197879701852798,0,True
246,1.047490119934082,0.04749011993408203,0.0,0.0699380561709404,1.695828914642334,1.7037261724472046,0.0699380561709404,0.06558439880609512,0,True
247,1.1472007036209106,0.14720070362091064,0.0,0.07690221071243286,1.749833583831787,1.7579554319381714,0.07690221071243286,0.10317771881818771,0,True
248,1.1599370241165161,0.1599370241165161,0.0,0.06834970414638519,1.6242135763168335,1.626853585243225,0.06834970414638519,0.01046239398419857,0,True
249,1.1974223852157593,0.19742238521575928,0.0,0.0712113007903099,1.6185790300369263,1.621098279953003,0.0712113007903099,0.05061398819088936,0,True
250,1.1620755195617676,0.16207551956176758,0.0,0.07852743566036224,1.6140090227127075,1.6259324550628662,0.07852743566036224,0.05813821405172348,0,True
251,0.9043446779251099,0.09565532207489014,0.0,0.07410778105258942,1.23269784450531,1.229349136352539,0.07410778105258942,0.015359330922365189,0,True
252,0.9171285629272461,0.0828714370727539,0.0,0.04957285523414612,1.2276626825332642,1.2308733463287354,0.04957285523414612,0.08384764194488525,0,True
253,0.8762339949607849,0.12376600503921509,0.0,0.03967893868684769,1.2577159404754639,1.261115550994873,0.03967893868684769,0.06560929119586945,0,True
254,0.8946292400360107,0.10537075996398926,0.0,0.05501490458846092,1.4418143033981323,1.4472484588623047,0.05501490458846092,0.05071622505784035,0,True
255,0.9678009748458862,0.03219902515411377,0.0,0.06711059808731079,1.546241283416748,1.5533779859542847,0.06711059808731079,0.21161168813705444,0,True
256,1.0145291090011597,0.014529109001159668,0.0,0.07524648308753967,1.5769692659378052,1.5844109058380127,0.07524648308753967,0.1493956744670868,0,True
257,1.0730623006820679,0.07306230068206787,0.0,0.07411705702543259,1.5078915357589722,1.5137864351272583,0.07411705702543259,0.016407303512096405,0,True
258,1.1305679082870483,0.13056790828704834,0.0,0.07813560217618942,1.4908108711242676,1.4951905012130737,0.07813560217618942,0.0242648646235466,0,True
259,1.271053671836853,0.271053671836853,0.0,0.0772513747215271,1.5327993631362915,1.5385910272598267,0.0772513747215271,0.035442303866147995,0,True
260,1.2107895612716675,0.21078956127166748,0.0,0.07482776045799255,1.2721004486083984,1.281834602355957,0.07482776045799255,0.060491662472486496,0,True
261,0.9114179611206055,0.08858203887939453,0.0,0.0738740935921669,1.348785638809204,1.3495967388153076,0.0738740935921669,0.009809213690459728,0,True
262,0.9444059133529663,0.05559408664703369,0.0,0.04863796383142471,1.26121985912323,1.264262080192566,0.04863796383142471,0.13375523686408997,0,True
263,0.9054630398750305,0.09453696012496948,0.0,0.04403739050030708,1.2727283239364624,1.2765980958938599,0.04403739050030708,0.03645411878824234,0,True
264,0.9328401684761047,0.06715983152389526,0.0,0.05876830220222473,1.45225191116333,1.4578639268875122,0.05876830220222473,0.08506306260824203,0,True
265,1.0343096256256104,0.03430962562561035,0.0,0.06830593198537827,1.5457028150558472,1.5538233518600464,0.06830593198537827,0.06861377507448196,0,True
266,1.079837441444397,0.07983744144439697,0.0,0.0779196098446846,1.5664079189300537,1.5745799541473389,0.0779196098446846,0.14523400366306305,0,True
267,1.0959676504135132,0.09596765041351318,0.0,0.07452573627233505,1.5603859424591064,1.564726710319519,0.07452573627233505,0.06216954439878464,0,True
268,1.136994481086731,0.13699448108673096,0.0,0.06725184619426727,1.556050419807434,1.559362769126892,0.06725184619426727,0.005884021986275911,0,True
269,1.2114640474319458,0.2114640474319458,0.0,0.07953225076198578,1.541445016860962,1.5452085733413696,0.07953225076198578,0.05974173545837402,0,True
270,1.3622877597808838,0.3622877597808838,0.0,0.08263219892978668,1.491533637046814,1.5040066242218018,0.08263219892978668,0.16921555995941162,0,True
271,1.152904987335205,0.15290498733520508,0.0,0.07407922297716141,0.9866572022438049,0.9867182970046997,0.07407922297716141,0.13325124979019165,0,True
272,0.9158253073692322,0.08417469263076782,0.0,0.04667382314801216,1.2732778787612915,1.2733957767486572,0.04667382314801216,0.08885859698057175,0,True
273,0.9483692049980164,0.05163079500198364,0.0,0.04654785990715027,1.349792718887329,1.3533430099487305,0.04654785990715027,0.12869031727313995,0,True
274,0.9295833706855774,0.07041662931442261,0.0,0.0499480701982975,1.3494104146957397,1.3543964624404907,0.0499480701982975,0.02073543146252632,0,True
275,0.9683576822280884,0.03164231777191162,0.0,0.06726390868425369,1.507317066192627,1.514522671699524,0.06726390868425369,0.014473228715360165,0,True
276,1.030197262763977,0.03019726276397705,0.0,0.07181563973426819,1.5803210735321045,1.5881057977676392,0.07181563973426819,0.14579330384731293,0,True
277,1.104743242263794,0.10474324226379395,0.0,0.07468979060649872,1.6181949377059937,1.6249266862869263,0.07468979060649872,0.02139138989150524,0,True
278,1.1243927478790283,0.12439274787902832,0.0,0.07000362873077393,1.5775326490402222,1.5806673765182495,0.07000362873077393,0.010811914689838886,0,True
279,1.1828516721725464,0.1828516721725464,0.0,0.07316752523183823,1.5124821662902832,1.5157274007797241,0.07316752523183823,0.05573458597064018,0,True
280,1.2769206762313843,0.2769206762313843,0.0,0.07969348877668381,1.4498779773712158,1.4620881080627441,0.07969348877668381,0.12309284508228302,0,True
281,1.065745234489441,0.06574523448944092,0.0,0.07561445236206055,0.9515039324760437,0.9526852369308472,0.07561445236206055,0.0273995790630579,0,True
282,0.87640380859375,0.12359619140625,0.0,0.04447920620441437,1.180091142654419,1.182151198387146,0.04447920620441437,0.07646846026182175,0,True
283,0.8912401795387268,0.1087598204612732,0.0,0.0451369471848011,1.3189705610275269,1.3225754499435425,0.0451369471848011,0.0482717826962471,0,True
284,0.8801468014717102,0.1198531985282898,0.0,0.04983299970626831,1.3724477291107178,1.377906084060669,0.04983299970626831,0.028942428529262543,0,True
285,0.9230719804763794,0.0769280195236206,0.0,0.06389879435300827,1.5154142379760742,1.5225245952606201,0.06389879435300827,0.03673875331878662,0,True
286,0.9941025972366333,0.005897402763366699,0.0,0.06949843466281891,1.5900126695632935,1.5980712175369263,0.06949843466281891,0.12967078387737274,0,True
287,1.0507924556732178,0.05079245567321777,0.0,0.07031472772359848,1.5956943035125732,1.6021277904510498,0.07031472772359848,0.01663532666862011,0,True
288,1.1112195253372192,0.11121952533721924,0.0,0.06813613325357437,1.6962283849716187,1.7015273571014404,0.06813613325357437,0.06142130121588707,0,True
289,1.115675687789917,0.11567568778991699,0.0,0.07100684940814972,1.601383090019226,1.6024762392044067,0.07100684940814972,0.011264446191489697,0,True
290,1.1943321228027344,0.19433212280273438,0.0,0.07300058752298355,1.574809193611145,1.579508662223816,0.07300058752298355,0.08886975795030594,0,True
291,1.1774846315383911,0.1774846315383911,0.0,0.07642939686775208,1.3677293062210083,1.3802567720413208,0.07642939686775208,0.04942717403173447,0,True
292,0.9321765899658203,0.06782341003417969,0.0,0.061302218586206436,1.2209184169769287,1.2189444303512573,0.061302218586206436,0.08136433362960815,0,True
293,0.934199333190918,0.06580066680908203,0.0,0.046283505856990814,1.2196145057678223,1.2222036123275757,0.046283505856990814,0.04082474857568741,0,True
294,0.8898652195930481,0.1101347804069519,0.0,0.04289741814136505,1.2630648612976074,1.2658814191818237,0.04289741814136505,0.07049620151519775,0,True
295,0.9033679962158203,0.09663200378417969,0.0,0.05808552727103233,1.445084810256958,1.4497296810150146,0.05808552727103233,0.04265689104795456,0,True
296,0.9483891129493713,0.05161088705062866,0.0,0.06661025434732437,1.533246397972107,1.5398427248001099,0.06661025434732437,0.0881834477186203,0,True
297,1.0171035528182983,0.01710355281829834,0.0,0.06885659694671631,1.5797028541564941,1.5860223770141602,0.06885659694671631,0.24910348653793335,0,True
298,1.0701839923858643,0.07018399238586426,0.0,0.07142814993858337,1.5712798833847046,1.5760270357131958,0.07142814993858337,0.022640718147158623,0,True
299,1.1229451894760132,0.12294518947601318,0.0,0.07555150240659714,1.539119839668274,1.5429853200912476,0.07555150240659714,0.06900196522474289,0,True
300,1.214418649673462,0.21441864967346191,0.0,0.0749170184135437,1.5412631034851074,1.5452123880386353,0.0749170184135437,0.05360925570130348,0,True
301,1.3937937021255493,0.3937937021255493,0.0,0.07552769780158997,1.433556079864502,1.4449257850646973,0.07552769780158997,0.21172401309013367,0,True
302,1.2290459871292114,0.22904598712921143,0.0,0.0685305967926979,1.0417670011520386,1.0426859855651855,0.0685305967926979,0.07460504025220871,0,True
303,0.9769747257232666,0.0230252742767334,0.0,0.04084138199687004,1.2679520845413208,1.2691353559494019,0.04084138199687004,0.031628429889678955,0,True
304,0.9629755616188049,0.03702443838119507,0.0,0.04459245130419731,1.375046968460083,1.378305196762085,0.04459245130419731,0.013313151895999908,0,True
305,1.0373971462249756,0.037397146224975586,0.0,0.048931341618299484,1.414887547492981,1.4206724166870117,0.048931341618299484,0.592976987361908,0,True
306,1.0085506439208984,0.008550643920898438,0.0,0.06617403775453568,1.6488897800445557,1.6547167301177979,0.06617403775453568,0.15578393638134003,0,True
307,1.0209877490997314,0.020987749099731445,0.0,0.07428111881017685,1.555530309677124,1.56242835521698,0.07428111881017685,0.2444552481174469,0,True
308,1.0791162252426147,0.07911622524261475,0.0,0.07062813639640808,1.5755444765090942,1.580325722694397,0.07062813639640808,0.053549136966466904,0,True
309,1.1204407215118408,0.12044072151184082,0.0,0.06956680864095688,1.5445703268051147,1.5472962856292725,0.06956680864095688,0.023173611611127853,0,True
310,1.0552746057510376,0.0552746057510376,0.0,0.07241658121347427,1.5089800357818604,1.5175236463546753,0.07241658121347427,0.09013794362545013,0,True
311,1.0215338468551636,0.021533846855163574,0.0,0.06977289170026779,0.7005262970924377,0.7076611518859863,0.06977289170026779,0.14768916368484497,0,True
312,0.814545750617981,0.18545424938201904,0.0,0.051706526428461075,1.1841987371444702,1.1825886964797974,0.051706526428461075,0.04788977652788162,0,True
313,0.8000921010971069,0.19990789890289307,0.0,0.04269041493535042,1.2030330896377563,1.2065519094467163,0.04269041493535042,0.05444817617535591,0,True
314,0.7852321863174438,0.21476781368255615,0.0,0.04531107097864151,1.3402314186096191,1.3453654050827026,0.04531107097864151,0.05831293761730194,0,True
315,0.8271594643592834,0.17284053564071655,0.0,0.06207422912120819,1.489394187927246,1.4962199926376343,0.06207422912120819,0.08471685647964478,0,True
316,0.9102425575256348,0.08975744247436523,0.0,0.07210948318243027,1.582911491394043,1.591486930847168,0.07210948318243027,0.17412413656711578,0,True
317,0.9906999468803406,0.009300053119659424,0.0,0.07692109793424606,1.5720316171646118,1.5794944763183594,0.07692109793424606,0.058025866746902466,0,True
318,1.0677305459976196,0.06773054599761963,0.0,0.07143352180719376,1.6686558723449707,1.6752870082855225,0.07143352180719376,0.03598836064338684,0,True
319,1.0748234987258911,0.07482349872589111,0.0,0.07607996463775635,1.5617046356201172,1.56296968460083,0.07607996463775635,0.06714784353971481,0,True
320,1.130995512008667,0.130995512008667,0.0,0.07589079439640045,1.519411325454712,1.5239410400390625,0.07589079439640045,0.032248012721538544,0,True
321,1.1739187240600586,0.1739187240600586,0.0,0.0730147436261177,1.245996117591858,1.2583214044570923,0.0730147436261177,0.055641137063503265,0,True
322,0.9120166301727295,0.08798336982727051,0.0,0.06296055763959885,1.422809362411499,1.4228590726852417,0.06296055763959885,0.13352341949939728,0,True
323,0.9108606576919556,0.08913934230804443,0.0,0.04271033778786659,1.336501955986023,1.3386272192001343,0.04271033778786659,0.0031452851835638285,0,True
324,0.8862944841384888,0.11370551586151123,0.0,0.0450204499065876,1.3234152793884277,1.3274424076080322,0.0450204499065876,0.11146226525306702,0,True
325,1.0037270784378052,0.0037270784378051758,0.0,0.06077572703361511,1.4902700185775757,1.49611234664917,0.06077572703361511,0.5252723693847656,0,True
326,1.003211498260498,0.003211498260498047,0.0,0.07099959999322891,1.6226563453674316,1.6295768022537231,0.07099959999322891,0.24474450945854187,0,True
327,1.0361275672912598,0.036127567291259766,0.0,0.07326777279376984,1.595908522605896,1.6016663312911987,0.07326777279376984,0.13625043630599976,0,True
328,1.0633677244186401,0.06336772441864014,0.0,0.07036969810724258,1.6102083921432495,1.614618182182312,0.07036969810724258,0.12522269785404205,0,True
329,1.1444602012634277,0.14446020126342773,0.0,0.07061773538589478,1.5838359594345093,1.5871607065200806,0.07061773538589478,0.0743192583322525,0,True
330,1.235894799232483,0.2358947992324829,0.0,0.07767874747514725,1.6106232404708862,1.6149920225143433,0.07767874747514725,0.09551320970058441,0,True
331,1.353294849395752,0.35329484939575195,0.0,0.08011715859174728,1.4816091060638428,1.4941554069519043,0.08011715859174728,0.16238263249397278,0,True
332,1.0790032148361206,0.0790032148361206,0.0,0.0696263313293457,1.198215126991272,1.1954373121261597,0.0696263313293457,0.03327202796936035,0,True
333,0.9589924216270447,0.04100757837295532,0.0,0.03862982988357544,1.1825238466262817,1.1842007637023926,0.03862982988357544,0.0036546264309436083,0,True
334,0.8985309600830078,0.10146903991699219,0.0,0.04401744529604912,1.3346680402755737,1.3363466262817383,0.04401744529604912,0.06365308165550232,0,True
335,0.9055523872375488,0.09444761276245117,0.0,0.05203605815768242,1.3787258863449097,1.3842660188674927,0.05203605815768242,0.028987251222133636,0,True
336,0.9977062344551086,0.0022937655448913574,0.0,0.06553703546524048,1.514391303062439,1.5222569704055786,0.06553703546524048,0.26916390657424927,0,True
337,1.0199073553085327,0.019907355308532715,0.0,0.0732702687382698,1.5731332302093506,1.5801328420639038,0.0732702687382698,0.11712423712015152,0,True
338,1.1042202711105347,0.10422027111053467,0.0,0.07597450911998749,1.6877912282943726,1.694368839263916,0.07597450911998749,0.10231642425060272,0,True
339,1.1194517612457275,0.11945176124572754,0.0,0.07343616336584091,1.5758559703826904,1.5778697729110718,0.07343616336584091,0.05591246113181114,0,True
340,1.1669577360153198,0.16695773601531982,0.0,0.07555815577507019,1.5550910234451294,1.5578819513320923,0.07555815577507019,0.08513201028108597,0,True
341,1.257911205291748,0.25791120529174805,0.0,0.08058900386095047,1.4622852802276611,1.4748176336288452,0.08058900386095047,0.02913646399974823,0,True
342,1.0596362352371216,0.05963623523712158,0.0,0.07206679880619049,1.0210551023483276,1.0218819379806519,0.07206679880619049,0.10697702318429947,0,True
343,0.9649867415428162,0.03501325845718384,0.0,0.04324910044670105,1.1884088516235352,1.1909544467926025,0.04324910044670105,0.10025098919868469,0,True
344,0.9430780410766602,0.056921958923339844,0.0,0.040834713727235794,1.266054391860962,1.2693514823913574,0.040834713727235794,0.064822256565094,0,True
345,1.028011441230774,0.028011441230773926,0.0,0.053885575383901596,1.4078141450881958,1.413583755493164,0.053885575383901596,0.35426878929138184,0,True
346,1.0734449625015259,0.07344496250152588,0.0,0.06329909712076187,1.5907753705978394,1.5970845222473145,0.06329909712076187,0.03859718516469002,0,True
347,1.094477653503418,0.09447765350341797,0.0,0.0714658871293068,1.5103715658187866,1.5168312788009644,0.0714658871293068,0.013630532659590244,0,True
348,1.1113548278808594,0.11135482788085938,0.0,0.07174792885780334,1.4898278713226318,1.494499921798706,0.07174792885780334,0.04297362267971039,0,True
349,1.146001935005188,0.146001935005188,0.0,0.06670669466257095,1.481257677078247,1.4837099313735962,0.06670669466257095,0.04231240600347519,0,True
350,1.167702078819275,0.1677020788192749,0.0,0.0746665820479393,1.4989728927612305,1.5047332048416138,0.0746665820479393,0.015588054433465004,0,True
351,1.2122282981872559,0.21222829818725586,0.0,0.07247608155012131,0.9671658277511597,0.9803241491317749,0.07247608155012131,0.03932786360383034,0,True
352,0.9414744973182678,0.05852550268173218,0.0,0.06611404567956924,1.2550532817840576,1.2517991065979004,0.06611404567956924,0.009252619929611683,0,True
353,0.9670597910881042,0.03294020891189575,0.0,0.04529338330030441,1.2550618648529053,1.2581095695495605,0.04529338330030441,0.06355175375938416,0,True
354,0.9140011072158813,0.08599889278411865,0.0,0.04254049435257912,1.2517794370651245,1.2549936771392822,0.04254049435257912,0.056562330573797226,0,True
355,0.9287275075912476,0.07127249240875244,0.0,0.06038571894168854,1.4362118244171143,1.4411309957504272,0.06038571894168854,0.023199064657092094,0,True
356,1.0114433765411377,0.011443376541137695,0.0,0.06885799020528793,1.5220115184783936,1.529443621635437,0.06885799020528793,0.2798522710800171,0,True
357,1.0262470245361328,0.026247024536132812,0.0,0.07687932252883911,1.586969256401062,1.5941301584243774,0.07687932252883911,0.08538265526294708,0,True
358,1.064967393875122,0.06496739387512207,0.0,0.07064686715602875,1.5186982154846191,1.5237481594085693,0.07064686715602875,0.03847675397992134,0,True
359,1.0999953746795654,0.09999537467956543,0.0,0.07209951430559158,1.5239113569259644,1.5270261764526367,0.07209951430559158,0.02550634741783142,0,True
360,1.1973463296890259,0.19734632968902588,0.0,0.07357705384492874,1.5453122854232788,1.550054907798767,0.07357705384492874,0.09951888769865036,0,True
361,1.4100593328475952,0.4100593328475952,0.0,0.07651622593402863,1.4524661302566528,1.4655437469482422,0.07651622593402863,0.10932803153991699,0,True
362,1.1517581939697266,0.15175819396972656,0.0,0.07242777943611145,1.1882939338684082,1.186723232269287,0.07242777943611145,0.07754601538181305,0,True
363,0.957490861415863,0.04250913858413696,0.0,0.0425172783434391,1.249832034111023,1.251976490020752,0.0425172783434391,0.011693019419908524,0,True
364,0.9466446042060852,0.053355395793914795,0.0,0.04544757679104805,1.3587634563446045,1.3629741668701172,0.04544757679104805,0.05065429210662842,0,True
365,1.0102977752685547,0.010297775268554688,0.0,0.0496554970741272,1.4055253267288208,1.412180781364441,0.0496554970741272,0.4006703197956085,0,True
366,1.0207946300506592,0.02079463005065918,0.0,0.06576771289110184,1.6188169717788696,1.6259963512420654,0.06576771289110184,0.21452735364437103,0,True
367,1.0341981649398804,0.03419816493988037,0.0,0.06882345676422119,1.5886366367340088,1.5955077409744263,0.06882345676422119,0.19699886441230774,0,True
368,1.116248607635498,0.11624860763549805,0.0,0.0745808556675911,1.7177478075027466,1.7243937253952026,0.0745808556675911,0.08801909536123276,0,True
369,1.127077341079712,0.12707734107971191,0.0,0.06716141849756241,1.6207356452941895,1.6230088472366333,0.06716141849756241,0.07340199500322342,0,True
370,1.1731082201004028,0.17310822010040283,0.0,0.07254356145858765,1.58780038356781,1.5904403924942017,0.07254356145858765,0.048795655369758606,0,True
371,1.1573976278305054,0.15739762783050537,0.0,0.08008401095867157,1.5388917922973633,1.551138997077942,0.08008401095867157,0.12378877401351929,0,True
372,0.8779494166374207,0.12205058336257935,0.0,0.07223521918058395,1.2639572620391846,1.262183666229248,0.07223521918058395,0.05470103397965431,0,True
373,0.9303670525550842,0.06963294744491577,0.0,0.04860672354698181,1.2893787622451782,1.2917671203613281,0.04860672354698181,0.13600799441337585,0,True
374,0.8931161761283875,0.10688382387161255,0.0,0.038383763283491135,1.2316831350326538,1.2342169284820557,0.038383763283491135,0.04303101822733879,0,True
375,0.9121463894844055,0.08785361051559448,0.0,0.05623391643166542,1.431441068649292,1.4364029169082642,0.05623391643166542,0.0009618611074984074,0,True
376,0.9619795083999634,0.03802049160003662,0.0,0.06588408350944519,1.5167914628982544,1.522896409034729,0.06588408350944519,0.08301884680986404,0,True
377,1.0193743705749512,0.019374370574951172,0.0,0.07207461446523666,1.555380940437317,1.5615547895431519,0.07207461446523666,0.21724791824817657,0,True
378,1.074888825416565,0.07488882541656494,0.0,0.06853783875703812,1.4756686687469482,1.480804204940796,0.06853783875703812,0.027376292273402214,0,True
379,1.1342869997024536,0.1342869997024536,0.0,0.07157997786998749,1.471842646598816,1.4750748872756958,0.07157997786998749,0.03168430179357529,0,True
380,1.2483638525009155,0.24836385250091553,0.0,0.07757431268692017,1.515724539756775,1.5212608575820923,0.07757431268692017,0.1262703686952591,0,True
381,1.330142855644226,0.3301428556442261,0.0,0.071114681661129,1.2753589153289795,1.2863446474075317,0.071114681661129,0.17190653085708618,0,True
382,1.0655444860458374,0.0655444860458374,0.0,0.06677291542291641,1.3066155910491943,1.307528018951416,0.06677291542291641,0.09809836745262146,0,True
383,0.9930622577667236,0.006937742233276367,0.0,0.0406443290412426,1.1959704160690308,1.1986236572265625,0.0406443290412426,0.002706922823563218,0,True
384,0.9652606248855591,0.03473937511444092,0.0,0.04347884654998779,1.3512210845947266,1.3546468019485474,0.04347884654998779,0.057475361973047256,0,True
385,0.9750303030014038,0.02496969699859619,0.0,0.053382836282253265,1.4841006994247437,1.4891736507415771,0.053382836282253265,0.07262871414422989,0,True
386,1.0728349685668945,0.07283496856689453,0.0,0.068695068359375,1.5970364809036255,1.6047760248184204,0.068695068359375,0.1864282786846161,0,True
387,1.1050150394439697,0.10501503944396973,0.0,0.07829585671424866,1.6548128128051758,1.6628010272979736,0.07829585671424866,0.10708160698413849,0,True
388,1.1503350734710693,0.15033507347106934,0.0,0.07257711887359619,1.5680509805679321,1.5718284845352173,0.07257711887359619,0.08940499275922775,0,True
389,1.1660003662109375,0.1660003662109375,0.0,0.07200481742620468,1.5320285558700562,1.5332764387130737,0.07200481742620468,0.033692825585603714,0,True
390,1.1419718265533447,0.14197182655334473,0.0,0.07311902940273285,1.599491000175476,1.6054408550262451,0.07311902940273285,0.0648672878742218,0,True
391,1.077770471572876,0.07777047157287598,0.0,0.0727694109082222,0.8727506995201111,0.8848481178283691,0.0727694109082222,0.05174068361520767,0,True
392,0.8554368019104004,0.1445631980895996,0.0,0.05887959152460098,1.1606348752975464,1.1581555604934692,0.05887959152460098,0.027681220322847366,0,True
393,0.8462241888046265,0.15377581119537354,0.0,0.04303654655814171,1.1912914514541626,1.1944773197174072,0.04303654655814171,0.13246135413646698,0,True
394,0.8187187314033508,0.18128126859664917,0.0,0.04476798698306084,1.290717601776123,1.2944124937057495,0.04476798698306084,0.04619738087058067,0,True
395,0.8527856469154358,0.1472143530845642,0.0,0.058614332228899,1.4504948854446411,1.456504225730896,0.058614332228899,0.029978077858686447,0,True
396,0.9163491129875183,0.08365088701248169,0.0,0.06896066665649414,1.5340728759765625,1.5421785116195679,0.06896066665649414,0.0671965703368187,0,True
397,1.012970209121704,0.012970209121704102,0.0,0.07264472544193268,1.4813860654830933,1.4891202449798584,0.07264472544193268,0.03883068636059761,0,True
398,1.0783307552337646,0.07833075523376465,0.0,0.07003993541002274,1.5425059795379639,1.547282338142395,0.07003993541002274,0.013011605478823185,0,True
399,1.1339175701141357,0.13391757011413574,0.0,0.0725395604968071,1.4703291654586792,1.4735897779464722,0.0725395604968071,0.024897949770092964,0,True
400,1.3002105951309204,0.3002105951309204,0.0,0.07096903026103973,1.4601587057113647,1.4683732986450195,0.07096903026103973,0.11545486003160477,0,True
401,1.139829397201538,0.13982939720153809,0.0,0.08178318291902542,1.19918954372406,1.2044291496276855,0.08178318291902542,0.05616026744246483,0,True
402,0.9407469630241394,0.059253036975860596,0.0,0.048265885561704636,1.3261724710464478,1.3256151676177979,0.048265885561704636,0.08873472362756729,0,True
403,0.8971374034881592,0.10286259651184082,0.0,0.040605008602142334,1.3320274353027344,1.333988904953003,0.040605008602142334,0.001226782682351768,0,True
404,0.893555760383606,0.10644423961639404,0.0,0.048579681664705276,1.421002745628357,1.4254854917526245,0.048579681664705276,0.11240121722221375,0,True
405,0.9374336004257202,0.06256639957427979,0.0,0.06423582881689072,1.587337851524353,1.5945310592651367,0.06423582881689072,0.09708697348833084,0,True
406,1.0120829343795776,0.012082934379577637,0.0,0.07705709338188171,1.6617357730865479,1.670253038406372,0.07705709338188171,0.041198644787073135,0,True
407,1.118005394935608,0.11800539493560791,0.0,0.08295391499996185,1.6914188861846924,1.699613094329834,0.08295391499996185,0.06780894100666046,0,True
408,1.1182295083999634,0.11822950839996338,0.0,0.07246458530426025,1.6041457653045654,1.6066354513168335,0.07246458530426025,0.003605305915698409,0,True
409,1.154083251953125,0.154083251953125,0.0,0.07001364976167679,1.498202919960022,1.5010312795639038,0.07001364976167679,0.058362893760204315,0,True
410,1.1378616094589233,0.13786160945892334,0.0,0.07404358685016632,1.4455232620239258,1.4564478397369385,0.07404358685016632,0.09665576368570328,0,True
411,0.9391239881515503,0.06087601184844971,0.0,0.06885665655136108,1.1519296169281006,1.1521390676498413,0.06885665655136108,0.050021346658468246,0,True
412,0.8791111707687378,0.12088882923126221,0.0,0.04387151449918747,1.1802290678024292,1.182505488395691,0.04387151449918747,0.01315303798764944,0,True
413,0.8641825914382935,0.13581740856170654,0.0,0.0421418659389019,1.3286653757095337,1.3317458629608154,0.0421418659389019,0.06485603004693985,0,True
414,0.8858727812767029,0.11412721872329712,0.0,0.05718084052205086,1.4551811218261719,1.461089015007019,0.05718084052205086,0.08956906944513321,0,True
415,0.9498697519302368,0.050130248069763184,0.0,0.06895023584365845,1.5786865949630737,1.5864238739013672,0.06895023584365845,0.09796606004238129,0,True
416,1.0209683179855347,0.020968317985534668,0.0,0.07726659625768661,1.61077880859375,1.6186414957046509,0.07726659625768661,0.12511944770812988,0,True
417,1.125451922416687,0.125451922416687,0.0,0.07776180654764175,1.7584202289581299,1.7649351358413696,0.07776180654764175,0.03927713260054588,0,True
418,1.1212694644927979,0.12126946449279785,0.0,0.07270360738039017,1.6049537658691406,1.6061471700668335,0.07270360738039017,0.0854467898607254,0,True
419,1.1646785736083984,0.16467857360839844,0.0,0.07361049205064774,1.5587708950042725,1.561002492904663,0.07361049205064774,0.06269259005784988,0,True
420,1.18099844455719,0.18099844455718994,0.0,0.07431383430957794,1.4208300113677979,1.43305242061615,0.07431383430957794,0.09550037980079651,0,True
421,0.7827048897743225,0.2172951102256775,0.0,0.06853947788476944,1.5523624420166016,1.5488643646240234,0.06853947788476944,0.1032998263835907,0,True
422,0.9107240438461304,0.08927595615386963,0.0,0.05638882517814636,1.5071489810943604,1.5090593099594116,0.05638882517814636,0.014392855577170849,0,True
423,0.9712163805961609,0.02878361940383911,0.0,0.04577677324414253,1.2606396675109863,1.2636793851852417,0.04577677324414253,0.571643054485321,0,True
424,1.0440977811813354,0.04409778118133545,0.0,0.056779589504003525,1.5507272481918335,1.5522562265396118,0.056779589504003525,0.10731218010187149,0,True
425,1.0370901823043823,0.037090182304382324,0.0,0.0711294636130333,1.4536365270614624,1.4577969312667847,0.0711294636130333,0.17689180374145508,0,True
426,1.027999997138977,0.02799999713897705,0.0,0.07363685965538025,1.5387725830078125,1.5421031713485718,0.07363685965538025,0.24833804368972778,0,True
427,1.0186939239501953,0.018693923950195312,0.0,0.06333732604980469,1.6208146810531616,1.6229721307754517,0.06333732604980469,0.3462107181549072,0,True
428,1.0017766952514648,0.0017766952514648438,0.0,0.06798545271158218,1.6113898754119873,1.6118613481521606,0.06798545271158218,0.050378669053316116,0,True
429,1.1226941347122192,0.12269413471221924,0.0,0.07073879987001419,1.55866539478302,1.562730312347412,0.07073879987001419,0.03554479032754898,0,True
430,1.381739616394043,0.38173961639404297,0.0,0.07917706668376923,1.5991792678833008,1.6115522384643555,0.07917706668376923,0.01148358453065157,0,True
431,1.3202399015426636,0.3202399015426636,0.0,0.07315417379140854,0.8647352457046509,0.8709655404090881,0.07315417379140854,0.0985465720295906,0,True
432,1.0185720920562744,0.018572092056274414,0.0,0.05063311383128166,1.4751778841018677,1.4747406244277954,0.05063311383128166,0.07015112042427063,0,True
433,0.9782716631889343,0.021728336811065674,0.0,0.03850797936320305,1.312380075454712,1.3155508041381836,0.03850797936320305,0.008794221095740795,0,True
434,0.9354661107063293,0.06453388929367065,0.0,0.04364011436700821,1.3604689836502075,1.364022135734558,0.04364011436700821,0.11885983496904373,0,True
435,1.0291434526443481,0.029143452644348145,0.0,0.06076915189623833,1.51442289352417,1.520211935043335,0.06076915189623833,0.43703287839889526,0,True
436,0.9931459426879883,0.006854057312011719,0.0,0.06748197972774506,1.6160119771957397,1.6224273443222046,0.06748197972774506,0.004988140892237425,0,True
437,1.0340323448181152,0.034032344818115234,0.0,0.06746756285429001,1.5422544479370117,1.5465106964111328,0.06746756285429001,0.13341213762760162,0,True
438,1.0973724126815796,0.09737241268157959,0.0,0.06591647863388062,1.5480676889419556,1.5519134998321533,0.06591647863388062,0.03466421738266945,0,True
439,1.1839827299118042,0.1839827299118042,0.0,0.07338911294937134,1.537450909614563,1.5413405895233154,0.07338911294937134,0.06960097700357437,0,True
440,1.1286194324493408,0.12861943244934082,0.0,0.08182121813297272,1.4876911640167236,1.4991501569747925,0.08182121813297272,0.027260299772024155,0,True
441,0.826196551322937,0.173803448677063,0.0,0.07310757040977478,1.3199126720428467,1.3148143291473389,0.07310757040977478,0.054058752954006195,0,True
442,0.9024403691291809,0.09755963087081909,0.0,0.048389021307229996,1.3017010688781738,1.304567575454712,0.048389021307229996,0.09595810621976852,0,True
443,0.876550018787384,0.12344998121261597,0.0,0.0421123243868351,1.2360273599624634,1.23927640914917,0.0421123243868351,0.0346703939139843,0,True
444,0.9039936661720276,0.09600633382797241,0.0,0.057827044278383255,1.420656681060791,1.4261364936828613,0.057827044278383255,0.006166795268654823,0,True
445,0.9621890187263489,0.03781098127365112,0.0,0.0683637261390686,1.5195937156677246,1.5272438526153564,0.0683637261390686,0.07448161393404007,0,True
446,1.0181560516357422,0.018156051635742188,0.0,0.07775662839412689,1.5338685512542725,1.540913462638855,0.07775662839412689,0.11508975923061371,0,True
447,1.0395281314849854,0.03952813148498535,0.0,0.07306382060050964,1.5557646751403809,1.560481071472168,0.07306382060050964,0.003386532422155142,0,True
448,1.1031473875045776,0.10314738750457764,0.0,0.06478457152843475,1.6048413515090942,1.609265923500061,0.06478457152843475,0.03864230960607529,0,True
449,1.1705840826034546,0.1705840826034546,0.0,0.07486683130264282,1.5528315305709839,1.556933879852295,0.07486683130264282,0.05075976997613907,0,True
450,1.3953945636749268,0.39539456367492676,0.0,0.07396594434976578,1.4830787181854248,1.4941024780273438,0.07396594434976578,0.2383737415075302,0,True
451,1.1158738136291504,0.11587381362915039,0.0,0.07297317683696747,1.1152656078338623,1.1182754039764404,0.07297317683696747,0.130218967795372,0,True
452,0.8975419998168945,0.10245800018310547,0.0,0.045537177473306656,1.2599691152572632,1.2611162662506104,0.045537177473306656,0.04912764951586723,0,True
453,0.9389445781707764,0.06105542182922363,0.0,0.04778570309281349,1.3622229099273682,1.3655269145965576,0.04778570309281349,0.10344778001308441,0,True
454,0.9158212542533875,0.08417874574661255,0.0,0.0488756038248539,1.356381893157959,1.3612987995147705,0.0488756038248539,0.0240213330835104,0,True
455,0.9511608481407166,0.04883915185928345,0.0,0.06642086803913116,1.5233359336853027,1.5305964946746826,0.06642086803913116,0.04459238797426224,0,True
456,1.0036594867706299,0.003659486770629883,0.0,0.06904815882444382,1.5758224725723267,1.5836044549942017,0.06904815882444382,0.14075374603271484,0,True
457,1.0878735780715942,0.08787357807159424,0.0,0.07054533064365387,1.6285791397094727,1.6352965831756592,0.07054533064365387,0.03994489461183548,0,True
458,1.1119308471679688,0.11193084716796875,0.0,0.06840880960226059,1.5800400972366333,1.5835071802139282,0.06840880960226059,0.025643406435847282,0,True
459,1.1657134294509888,0.16571342945098877,0.0,0.07496073096990585,1.4903608560562134,1.494238257408142,0.07496073096990585,0.05619656294584274,0,True
460,1.3472847938537598,0.34728479385375977,0.0,0.07967333495616913,1.4560552835464478,1.4681856632232666,0.07967333495616913,0.21099713444709778,0,True
461,1.185468316078186,0.18546831607818604,0.0,0.07730729877948761,0.9723805785179138,0.9764636158943176,0.07730729877948761,0.11819392442703247,0,True
462,0.9466348886489868,0.053365111351013184,0.0,0.053096916526556015,1.316872239112854,1.3174749612808228,0.053096916526556015,0.06075044348835945,0,True
463,0.9778191447257996,0.02218085527420044,0.0,0.04559355229139328,1.3028980493545532,1.3060718774795532,0.04559355229139328,0.04845793917775154,0,True
464,0.9388906359672546,0.06110936403274536,0.0,0.04644082114100456,1.3243259191513062,1.3286916017532349,0.04644082114100456,0.00031561937066726387,0,True
465,0.9683251976966858,0.03167480230331421,0.0,0.06438256800174713,1.4956997632980347,1.5022475719451904,0.06438256800174713,0.04114671051502228,0,True
466,1.0098236799240112,0.00982367992401123,0.0,0.06822612881660461,1.5542796850204468,1.5618430376052856,0.06822612881660461,0.15324892103672028,0,True
467,1.0893306732177734,0.08933067321777344,0.0,0.0709119588136673,1.570265769958496,1.5770783424377441,0.0709119588136673,0.011682000942528248,0,True
468,1.1283464431762695,0.12834644317626953,0.0,0.06914058327674866,1.5431088209152222,1.547165036201477,0.06914058327674866,0.0404697023332119,0,True
469,1.176923155784607,0.17692315578460693,0.0,0.07205706089735031,1.4881129264831543,1.4918646812438965,0.07205706089735031,0.07366716861724854,0,True
470,1.3471256494522095,0.3471256494522095,0.0,0.07490555197000504,1.4866552352905273,1.4969053268432617,0.07490555197000504,0.039472997188568115,0,True
471,1.1306793689727783,0.13067936897277832,0.0,0.079348623752594,1.15935218334198,1.161729335784912,0.079348623752594,0.0937533974647522,0,True
472,0.8953834772109985,0.10461652278900146,0.0,0.05317557230591774,1.2710134983062744,1.2718825340270996,0.05317557230591774,0.017587145790457726,0,True
473,0.9268127679824829,0.07318723201751709,0.0,0.04830964654684067,1.3021960258483887,1.306471824645996,0.04830964654684067,0.003768075490370393,0,True
474,0.9088152647018433,0.09118473529815674,0.0,0.04645340144634247,1.382258653640747,1.3873653411865234,0.04645340144634247,0.10698556900024414,0,True
475,0.9793663620948792,0.02063363790512085,0.0,0.06435175240039825,1.5449953079223633,1.5520344972610474,0.06435175240039825,0.23555181920528412,0,True
476,0.9931007027626038,0.00689929723739624,0.0,0.07017569988965988,1.6461423635482788,1.6534771919250488,0.07017569988965988,0.14318782091140747,0,True
477,1.0966166257858276,0.09661662578582764,0.0,0.07732480764389038,1.6983929872512817,1.7056634426116943,0.07732480764389038,0.023941202089190483,0,True
478,1.1056909561157227,0.10569095611572266,0.0,0.06987401843070984,1.578058123588562,1.581101417541504,0.06987401843070984,0.03402375429868698,0,True
479,1.1116061210632324,0.11160612106323242,0.0,0.07438541948795319,1.5341721773147583,1.535686731338501,0.07438541948795319,0.043412163853645325,0,True
480,1.2741118669509888,0.27411186695098877,0.0,0.07305868715047836,1.5009011030197144,1.5095211267471313,0.07305868715047836,0.01547101978212595,0,True
481,1.045971155166626,0.04597115516662598,0.0,0.072322778403759,1.0835126638412476,1.089943528175354,0.072322778403759,0.03994794562458992,0,True
482,0.8295692205429077,0.17043077945709229,0.0,0.052011266350746155,1.2617404460906982,1.2616032361984253,0.052011266350746155,0.03888539969921112,0,True
483,0.827161967754364,0.172838032245636,0.0,0.04243289679288864,1.2749747037887573,1.27811598777771,0.04243289679288864,0.019130069762468338,0,True
484,0.8076578974723816,0.1923421025276184,0.0,0.04801122099161148,1.3825514316558838,1.3874626159667969,0.04801122099161148,0.03318558633327484,0,True
485,0.8514214158058167,0.14857858419418335,0.0,0.061641596257686615,1.5279468297958374,1.5351736545562744,0.061641596257686615,0.02721550688147545,0,True
486,0.9260730147361755,0.07392698526382446,0.0,0.06736628711223602,1.6077712774276733,1.6159751415252686,0.06736628711223602,0.11666899174451828,0,True
487,1.0157548189163208,0.0157548189163208,0.0,0.07110504806041718,1.5448191165924072,1.5525332689285278,0.07110504806041718,0.01572326570749283,0,True
488,1.0908221006393433,0.09082210063934326,0.0,0.07380479574203491,1.5512434244155884,1.5562951564788818,0.07380479574203491,0.01683368720114231,0,True
489,1.0808688402175903,0.08086884021759033,0.0,0.06852756440639496,1.5958279371261597,1.5966801643371582,0.06852756440639496,0.044407088309526443,0,True
490,1.1135766506195068,0.11357665061950684,0.0,0.06965484470129013,1.5455127954483032,1.5471962690353394,0.06965484470129013,0.06836508214473724,0,True
491,1.3346009254455566,0.33460092544555664,0.0,0.07613790035247803,1.4957795143127441,1.5078285932540894,0.07613790035247803,0.10583037883043289,0,True
492,1.146783471107483,0.1467834711074829,0.0,0.06680122017860413,1.0917651653289795,1.0915435552597046,0.06680122017860413,0.10161969065666199,0,True
493,0.9531964659690857,0.04680353403091431,0.0,0.04293438047170639,1.1786515712738037,1.179705023765564,0.04293438047170639,0.015332120470702648,0,True
494,0.9321165084838867,0.06788349151611328,0.0,0.04205635190010071,1.3453012704849243,1.3487249612808228,0.04205635190010071,0.047174278646707535,0,True
495,0.9258760809898376,0.07412391901016235,0.0,0.04816364869475365,1.3889256715774536,1.3946897983551025,0.04816364869475365,0.08199568837881088,0,True
496,1.0112332105636597,0.011233210563659668,0.0,0.06503698229789734,1.5516666173934937,1.55893874168396,0.06503698229789734,0.2801150679588318,0,True
497,1.0214978456497192,0.02149784564971924,0.0,0.06838743388652802,1.6597739458084106,1.6665198802947998,0.06838743388652802,0.18965038657188416,0,True
498,1.1109312772750854,0.11093127727508545,0.0,0.07531418651342392,1.5875935554504395,1.5934549570083618,0.07531418651342392,0.013557516038417816,0,True
499,1.1223747730255127,0.1223747730255127,0.0,0.06825625151395798,1.5541328191757202,1.556889295578003,0.06825625151395798,0.027132675051689148,0,True
500,1.2257671356201172,0.2257671356201172,0.0,0.07024353742599487,1.483484148979187,1.4890552759170532,0.07024353742599487,0.025089768692851067,0,True
501,0.9938887357711792,0.006111264228820801,0.0,0.07881636172533035,1.4451414346694946,1.4531457424163818,0.07881636172533035,0.05526403337717056,0,True
502,0.763433575630188,0.236566424369812,0.0,0.06516963243484497,1.2171003818511963,1.2153688669204712,0.06516963243484497,0.005882790312170982,0,True
503,0.7874268889427185,0.2125731110572815,0.0,0.044003620743751526,1.2303227186203003,1.2337093353271484,0.044003620743751526,0.08281660825014114,0,True
504,0.7730106115341187,0.22698938846588135,0.0,0.04387721046805382,1.31156325340271,1.3154367208480835,0.04387721046805382,0.030035121366381645,0,True
505,0.8222975134849548,0.17770248651504517,0.0,0.061245985329151154,1.478989839553833,1.4857696294784546,0.061245985329151154,0.02646004781126976,0,True
506,0.9155260324478149,0.08447396755218506,0.0,0.07176119089126587,1.5585912466049194,1.5669364929199219,0.07176119089126587,0.1266850382089615,0,True
507,1.004730224609375,0.004730224609375,0.0,0.07582327723503113,1.5151621103286743,1.5223829746246338,0.07582327723503113,0.1074737161397934,0,True
508,1.0686384439468384,0.06863844394683838,0.0,0.07078467309474945,1.5698421001434326,1.575824499130249,0.07078467309474945,0.04704323410987854,0,True
509,1.0974323749542236,0.09743237495422363,0.0,0.07809825241565704,1.4959110021591187,1.4976248741149902,0.07809825241565704,0.07724447548389435,0,True
510,1.1975646018981934,0.19756460189819336,0.0,0.0740865021944046,1.4953516721725464,1.501634955406189,0.0740865021944046,0.04041166231036186,0,True
511,1.1798685789108276,0.17986857891082764,0.0,0.07452459633350372,1.134979486465454,1.145430326461792,0.07452459633350372,0.09433510899543762,0,True
512,0.9661494493484497,0.03385055065155029,0.0,0.05814019590616226,1.206743836402893,1.208456039428711,0.05814019590616226,0.0872412919998169,0,True
513,0.9167265295982361,0.08327347040176392,0.0,0.039427805691957474,1.197676181793213,1.1997334957122803,0.039427805691957474,0.03818156197667122,0,True
514,0.8824788928031921,0.11752110719680786,0.0,0.043753184378147125,1.3549920320510864,1.3583383560180664,0.043753184378147125,0.056775230914354324,0,True
515,0.8959670066833496,0.10403299331665039,0.0,0.056660838425159454,1.498862624168396,1.5039088726043701,0.056660838425159454,0.06598875671625137,0,True
516,0.9484352469444275,0.05156475305557251,0.0,0.06839914619922638,1.596833348274231,1.6042531728744507,0.06839914619922638,0.12429620325565338,0,True
517,1.0100873708724976,0.010087370872497559,0.0,0.07347321510314941,1.6412004232406616,1.6488487720489502,0.07347321510314941,0.06953173875808716,0,True
518,1.1110271215438843,0.11102712154388428,0.0,0.07396496087312698,1.7161387205123901,1.7226499319076538,0.07396496087312698,0.07051052153110504,0,True
519,1.1269125938415527,0.12691259384155273,0.0,0.06809622049331665,1.577775001525879,1.5797792673110962,0.06809622049331665,0.02973257191479206,0,True
520,1.1742733716964722,0.17427337169647217,0.0,0.0693909302353859,1.594042420387268,1.5971946716308594,0.0693909302353859,0.06068385764956474,0,True
521,1.367627501487732,0.36762750148773193,0.0,0.07503890991210938,1.4710201025009155,1.4832404851913452,0.07503890991210938,0.1822577267885208,0,True
522,1.073708415031433,0.0737084150314331,0.0,0.0698242038488388,1.1833174228668213,1.1834654808044434,0.0698242038488388,0.01323525607585907,0,True
523,0.9477711319923401,0.05222886800765991,0.0,0.04186977818608284,1.1614032983779907,1.164412260055542,0.04186977818608284,0.04252631962299347,0,True
524,0.933114767074585,0.06688523292541504,0.0,0.04356351122260094,1.3382502794265747,1.3421765565872192,0.04356351122260094,0.017655692994594574,0,True
525,0.9866482019424438,0.013351798057556152,0.0,0.05211995914578438,1.4333224296569824,1.4393922090530396,0.05211995914578438,0.3469371199607849,0,True
526,1.0168066024780273,0.016806602478027344,0.0,0.06420756876468658,1.616658329963684,1.624089002609253,0.06420756876468658,0.28570762276649475,0,True
527,1.0196174383163452,0.019617438316345215,0.0,0.0704217255115509,1.610715389251709,1.6181199550628662,0.0704217255115509,0.1272476315498352,0,True
528,1.092118501663208,0.09211850166320801,0.0,0.07512442767620087,1.602065920829773,1.6087315082550049,0.07512442767620087,0.0033304293174296618,0,True
529,1.129369854927063,0.129369854927063,0.0,0.07130590826272964,1.5289840698242188,1.5331263542175293,0.07130590826272964,0.0160409826785326,0,True
530,1.2252477407455444,0.22524774074554443,0.0,0.07530470937490463,1.5610578060150146,1.567249059677124,0.07530470937490463,0.10704390704631805,0,True
531,1.2055498361587524,0.20554983615875244,0.0,0.07908020913600922,1.422980785369873,1.4347282648086548,0.07908020913600922,0.06002417206764221,0,True
532,0.8690630793571472,0.13093692064285278,0.0,0.0679570734500885,1.3391505479812622,1.3363702297210693,0.0679570734500885,0.03329186886548996,0,True
533,0.9357490539550781,0.06425094604492188,0.0,0.05032194405794144,1.32110595703125,1.3244330883026123,0.05032194405794144,0.16576437652111053,0,True
534,0.9010170102119446,0.09898298978805542,0.0,0.0440550222992897,1.2877484560012817,1.2914272546768188,0.0440550222992897,0.08667096495628357,0,True
535,0.9657295346260071,0.03427046537399292,0.0,0.060118239372968674,1.436249017715454,1.4416563510894775,0.060118239372968674,0.23384036123752594,0,True
536,0.9868961572647095,0.013103842735290527,0.0,0.06924759596586227,1.5833998918533325,1.5902782678604126,0.06924759596586227,0.11468450725078583,0,True
537,1.041825294494629,0.041825294494628906,0.0,0.07596224546432495,1.5080476999282837,1.5150247812271118,0.07596224546432495,0.16559073328971863,0,True
538,1.0664879083633423,0.06648790836334229,0.0,0.07164451479911804,1.5753531455993652,1.5804879665374756,0.07164451479911804,0.08216018974781036,0,True
539,1.10200834274292,0.10200834274291992,0.0,0.0716579332947731,1.5571303367614746,1.5613688230514526,0.0716579332947731,0.059274546802043915,0,True
540,1.2131824493408203,0.2131824493408203,0.0,0.07786387205123901,1.5231610536575317,1.5294378995895386,0.07786387205123901,0.07389596849679947,0,True
541,1.302850365638733,0.3028503656387329,0.0,0.07679105550050735,1.4977431297302246,1.5103238821029663,0.07679105550050735,0.09382269531488419,0,True
542,1.079242467880249,0.07924246788024902,0.0,0.0707177147269249,1.0834612846374512,1.0834214687347412,0.0707177147269249,0.04981383681297302,0,True
543,0.937223494052887,0.06277650594711304,0.0,0.04292389005422592,1.1671597957611084,1.170143961906433,0.04292389005422592,0.0325617790222168,0,True
544,0.9300663471221924,0.06993365287780762,0.0,0.04582614079117775,1.3202073574066162,1.323842167854309,0.04582614079117775,0.0425502173602581,0,True
545,0.9250034689903259,0.07499653100967407,0.0,0.051691312342882156,1.3996684551239014,1.40497624874115,0.051691312342882156,0.026324614882469177,0,True
546,1.014370083808899,0.014370083808898926,0.0,0.06716788560152054,1.5367761850357056,1.5441440343856812,0.06716788560152054,0.25472748279571533,0,True
547,1.040317177772522,0.04031717777252197,0.0,0.07381895929574966,1.6115556955337524,1.619706630706787,0.07381895929574966,0.1007840484380722,0,True
548,1.0738580226898193,0.07385802268981934,0.0,0.07138188928365707,1.5872575044631958,1.5923027992248535,0.07138188928365707,0.04711207002401352,0,True
549,1.1086546182632446,0.10865461826324463,0.0,0.07248847186565399,1.560292363166809,1.5634585618972778,0.07248847186565399,0.010629531927406788,0,True
550,1.167214035987854,0.167214035987854,0.0,0.07479558140039444,1.5501735210418701,1.5533084869384766,0.07479558140039444,0.06484875828027725,0,True
551,1.2299931049346924,0.22999310493469238,0.0,0.07871366292238235,1.5662153959274292,1.5780850648880005,0.07871366292238235,0.031853992491960526,0,True
552,1.0591293573379517,0.05912935733795166,0.0,0.06991928070783615,0.9180276989936829,0.9175829887390137,0.06991928070783615,0.13606104254722595,0,True
553,0.9390238523483276,0.06097614765167236,0.0,0.040643155574798584,1.194314956665039,1.1962950229644775,0.040643155574798584,0.0743868350982666,0,True
554,0.9293375611305237,0.07066243886947632,0.0,0.04149216040968895,1.2909793853759766,1.2940133810043335,0.04149216040968895,0.054302819073200226,0,True
555,1.0057568550109863,0.005756855010986328,0.0,0.052916888147592545,1.40208899974823,1.4078395366668701,0.052916888147592545,0.35017719864845276,0,True
556,1.012418270111084,0.012418270111083984,0.0,0.06271828711032867,1.5841169357299805,1.5902165174484253,0.06271828711032867,0.1621413677930832,0,True
557,1.0298908948898315,0.029890894889831543,0.0,0.07260556519031525,1.5538803339004517,1.5608621835708618,0.07260556519031525,0.14405737817287445,0,True
558,1.1287903785705566,0.12879037857055664,0.0,0.0750226303935051,1.694466471672058,1.7011756896972656,0.0750226303935051,0.023000068962574005,0,True
559,1.1272181272506714,0.1272181272506714,0.0,0.06680334359407425,1.6046993732452393,1.6070400476455688,0.06680334359407425,0.006030564196407795,0,True
560,1.201625943183899,0.20162594318389893,0.0,0.07404885441064835,1.550493597984314,1.5537855625152588,0.07404885441064835,0.06832147389650345,0,True
561,1.2018400430679321,0.20184004306793213,0.0,0.07800298929214478,1.441707730293274,1.4530447721481323,0.07800298929214478,0.08466040343046188,0,True
562,0.8486838936805725,0.1513161063194275,0.0,0.07396785914897919,1.374463438987732,1.3712491989135742,0.07396785914897919,0.07438887655735016,0,True
563,0.9111900329589844,0.08880996704101562,0.0,0.04774129018187523,1.2668659687042236,1.2696642875671387,0.04774129018187523,0.06986488401889801,0,True
564,0.9475889205932617,0.05241107940673828,0.0,0.039856817573308945,1.2828853130340576,1.2861143350601196,0.039856817573308945,0.3980683982372284,0,True
565,0.9702867865562439,0.029713213443756104,0.0,0.05631516873836517,1.474501609802246,1.4784706830978394,0.05631516873836517,0.30328795313835144,0,True
566,0.9885726571083069,0.011427342891693115,0.0,0.06781168282032013,1.5354465246200562,1.5409091711044312,0.06781168282032013,0.13896696269512177,0,True
567,1.0170224905014038,0.01702249050140381,0.0,0.07759339362382889,1.5384033918380737,1.5439425706863403,0.07759339362382889,0.15133745968341827,0,True
568,1.0396302938461304,0.03963029384613037,0.0,0.06617510318756104,1.56094491481781,1.5642335414886475,0.06617510318756104,0.18319624662399292,0,True
569,1.0414578914642334,0.0414578914642334,0.0,0.07092384994029999,1.5471457242965698,1.5485873222351074,0.07092384994029999,0.058675166219472885,0,True
570,1.1618314981460571,0.16183149814605713,0.0,0.07211384922266006,1.634409785270691,1.6385031938552856,0.07211384922266006,0.053764570504426956,0,True
571,1.1508930921554565,0.15089309215545654,0.0,0.07817362248897552,1.5737358331680298,1.582021951675415,0.07817362248897552,0.1318681389093399,0,True
572,1.2667227983474731,0.26672279834747314,0.0,0.06588520109653473,0.8551352620124817,0.8688467741012573,0.06588520109653473,0.028705384582281113,0,True
573,0.9941765069961548,0.005823493003845215,0.0,0.057934608310461044,1.2345259189605713,1.2298202514648438,0.057934608310461044,0.024868033826351166,0,True
574,0.9781980514526367,0.02180194854736328,0.0,0.04257038235664368,1.2642992734909058,1.2684414386749268,0.04257038235664368,0.15704044699668884,0,True
575,0.9270259737968445,0.07297402620315552,0.0,0.04332514479756355,1.2936571836471558,1.297284722328186,0.04332514479756355,0.04583313688635826,0,True
576,0.9300798177719116,0.06992018222808838,0.0,0.057797644287347794,1.4178783893585205,1.4225316047668457,0.057797644287347794,0.044740404933691025,0,True
577,1.0085718631744385,0.008571863174438477,0.0,0.06563641875982285,1.5109717845916748,1.5181373357772827,0.06563641875982285,0.21086405217647552,0,True
578,1.0353009700775146,0.03530097007751465,0.0,0.0653853639960289,1.6290383338928223,1.6348999738693237,0.0653853639960289,0.10878516733646393,0,True
579,1.0715553760528564,0.07155537605285645,0.0,0.06683982163667679,1.5702126026153564,1.5751256942749023,0.06683982163667679,0.09032760560512543,0,True
580,1.1520625352859497,0.1520625352859497,0.0,0.06953122466802597,1.704635739326477,1.7088139057159424,0.06953122466802597,0.02312074974179268,0,True
581,1.1551072597503662,0.1551072597503662,0.0,0.07792939245700836,1.6282609701156616,1.6297380924224854,0.07792939245700836,0.016235830262303352,0,True
582,1.2341835498809814,0.23418354988098145,0.0,0.08188856393098831,1.6191307306289673,1.6264491081237793,0.08188856393098831,0.07979393750429153,0,True
583,1.2755130529403687,0.27551305294036865,0.0,0.07961708307266235,1.004512906074524,1.0195850133895874,0.07961708307266235,0.0434572659432888,0,True
584,0.9625526666641235,0.037447333335876465,0.0,0.061612118035554886,1.3891875743865967,1.3851221799850464,0.061612118035554886,0.03306381031870842,0,True
585,0.9963566064834595,0.0036433935165405273,0.0,0.04537355899810791,1.2978249788284302,1.3010902404785156,0.04537355899810791,0.16909539699554443,0,True
586,0.9411073327064514,0.058892667293548584,0.0,0.044042591005563736,1.2357441186904907,1.2395962476730347,0.044042591005563736,0.016003629192709923,0,True
587,0.9570875763893127,0.042912423610687256,0.0,0.06419237703084946,1.4228745698928833,1.4284499883651733,0.06419237703084946,0.06147804483771324,0,True
588,1.048457384109497,0.04845738410949707,0.0,0.06695204228162766,1.4956640005111694,1.5029791593551636,0.06695204228162766,0.24001041054725647,0,True
589,1.0566372871398926,0.05663728713989258,0.0,0.069773368537426,1.570658564567566,1.5765835046768188,0.069773368537426,0.14136676490306854,0,True
590,1.0833780765533447,0.08337807655334473,0.0,0.06922290474176407,1.561948299407959,1.5665382146835327,0.06922290474176407,0.02810974419116974,0,True
591,1.123335838317871,0.1233358383178711,0.0,0.06891187280416489,1.4676623344421387,1.4711737632751465,0.06891187280416489,0.037676047533750534,0,True
592,1.2150213718414307,0.21502137184143066,0.0,0.07791972160339355,1.4928666353225708,1.4982458353042603,0.07791972160339355,0.11412527412176132,0,True
593,1.4427804946899414,0.4427804946899414,0.0,0.08300314843654633,1.5043606758117676,1.5171210765838623,0.08300314843654633,0.021139713004231453,0,True
594,1.2600131034851074,0.2600131034851074,0.0,0.07684186100959778,1.0872160196304321,1.0895835161209106,0.07684186100959778,0.06489791721105576,0,True
595,0.9758654236793518,0.024134576320648193,0.0,0.048746224492788315,1.3279048204421997,1.3276923894882202,0.048746224492788315,0.11912205070257187,0,True
596,1.0245511531829834,0.0245511531829834,0.0,0.04286986589431763,1.3689180612564087,1.37300443649292,0.04286986589431763,0.10366413742303848,0,True
597,1.0718520879745483,0.07185208797454834,0.0,0.046976398676633835,1.3816148042678833,1.3868337869644165,0.046976398676633835,0.44382208585739136,0,True
598,1.0749157667160034,0.07491576671600342,0.0,0.06567482650279999,1.6136679649353027,1.6196209192276,0.06567482650279999,0.28830939531326294,0,True
599,1.0532463788986206,0.053246378898620605,0.0,0.06829433888196945,1.6149613857269287,1.620668888092041,0.06829433888196945,0.15564414858818054,0,True
600,1.0949952602386475,0.09499526023864746,0.0,0.07187148928642273,1.5601227283477783,1.5647650957107544,0.07187148928642273,0.021616222336888313,0,True
601,1.1229979991912842,0.12299799919128418,0.0,0.06584075838327408,1.516007900238037,1.5194965600967407,0.06584075838327408,0.0353747196495533,0,True
602,1.2111003398895264,0.21110033988952637,0.0,0.07284169644117355,1.5444855690002441,1.5494874715805054,0.07284169644117355,0.02384069561958313,0,True
603,0.9332672953605652,0.06673270463943481,0.0,0.08079763501882553,1.4787180423736572,1.4869545698165894,0.08079763501882553,0.06448202580213547,0,True
604,0.7064337730407715,0.2935662269592285,0.0,0.06815557926893234,1.2137027978897095,1.2117578983306885,0.06815557926893234,0.0294940248131752,0,True
605,0.7304171919822693,0.2695828080177307,0.0,0.044981881976127625,1.185532569885254,1.1896960735321045,0.044981881976127625,0.09835447371006012,0,True
606,0.7264801263809204,0.2735198736190796,0.0,0.04174434766173363,1.3160878419876099,1.3199063539505005,0.04174434766173363,0.029637295752763748,0,True
607,0.7818899154663086,0.2181100845336914,0.0,0.061087582260370255,1.4834703207015991,1.4903382062911987,0.061087582260370255,0.007672367617487907,0,True
608,0.8956117630004883,0.10438823699951172,0.0,0.0736558735370636,1.560910940170288,1.569548487663269,0.0736558735370636,0.1910436749458313,0,True
609,0.9858123660087585,0.014187633991241455,0.0,0.08009312301874161,1.493516206741333,1.5009841918945312,0.08009312301874161,0.14577576518058777,0,True
610,1.025395154953003,0.02539515495300293,0.0,0.06809711456298828,1.488444209098816,1.4937328100204468,0.06809711456298828,0.03786111995577812,0,True
611,1.0606215000152588,0.06062150001525879,0.0,0.07609117031097412,1.4607642889022827,1.4622588157653809,0.07609117031097412,0.06130392849445343,0,True
612,1.1798591613769531,0.17985916137695312,0.0,0.07557996362447739,1.469982385635376,1.4776757955551147,0.07557996362447739,0.015511564910411835,0,True
613,1.1347887516021729,0.13478875160217285,0.0,0.07247040420770645,1.0898088216781616,1.100257396697998,0.07247040420770645,0.031118830665946007,0,True
614,0.9231383204460144,0.0768616795539856,0.0,0.05588201805949211,1.1709214448928833,1.1713366508483887,0.05588201805949211,0.039115820080041885,0,True
615,0.8718900084495544,0.12810999155044556,0.0,0.03735484555363655,1.2367401123046875,1.2386609315872192,0.03735484555363655,0.09180928021669388,0,True
616,0.8426764607429504,0.15732353925704956,0.0,0.04351199045777321,1.3421764373779297,1.3451992273330688,0.04351199045777321,0.025048235431313515,0,True
617,0.8561127185821533,0.14388728141784668,0.0,0.055576689541339874,1.4765291213989258,1.481429100036621,0.055576689541339874,0.002246459946036339,0,True
618,0.9144999980926514,0.08550000190734863,0.0,0.06532802432775497,1.579918622970581,1.587123155593872,0.06532802432775497,0.048238880932331085,0,True
619,0.9954540133476257,0.004545986652374268,0.0,0.07103636115789413,1.6217039823532104,1.629233479499817,0.07103636115789413,0.02490255981683731,0,True
620,1.1020879745483398,0.10208797454833984,0.0,0.0700245201587677,1.7038155794143677,1.7097584009170532,0.0700245201587677,0.06905928999185562,0,True
621,1.1202112436294556,0.12021124362945557,0.0,0.06604895740747452,1.5865671634674072,1.5881597995758057,0.06604895740747452,0.004216817673295736,0,True
622,1.1499197483062744,0.14991974830627441,0.0,0.06770966202020645,1.5844969749450684,1.5862910747528076,0.06770966202020645,0.06644388288259506,0,True
623,1.3015729188919067,0.30157291889190674,0.0,0.0746319517493248,1.474873661994934,1.4858081340789795,0.0746319517493248,0.010135534219443798,0,True
624,1.1829105615615845,0.18291056156158447,0.0,0.07078173756599426,0.9418804049491882,0.9456502795219421,0.07078173756599426,0.013383304700255394,0,True
625,0.9662889242172241,0.03371107578277588,0.0,0.04189244285225868,1.2589665651321411,1.2595959901809692,0.04189244285225868,0.04388022795319557,0,True
626,0.996103048324585,0.003896951675415039,0.0,0.045917242765426636,1.3912608623504639,1.394356608390808,0.045917242765426636,0.08849415183067322,0,True
627,0.968769371509552,0.031230628490447998,0.0,0.05144105106592178,1.3972960710525513,1.4027851819992065,0.05144105106592178,0.02220742218196392,0,True
628,1.0023635625839233,0.00236356258392334,0.0,0.0668666884303093,1.54985773563385,1.5565904378890991,0.0668666884303093,0.041757699102163315,0,True
629,1.0549969673156738,0.05499696731567383,0.0,0.07067462056875229,1.6149338483810425,1.6227346658706665,0.07067462056875229,0.06818227469921112,0,True
630,1.0953314304351807,0.09533143043518066,0.0,0.06935077905654907,1.6278772354125977,1.6342878341674805,0.06935077905654907,0.09224622696638107,0,True
631,1.1473898887634277,0.14738988876342773,0.0,0.07279995828866959,1.578869104385376,1.5831665992736816,0.07279995828866959,0.017357496544718742,0,True
632,1.1810716390609741,0.18107163906097412,0.0,0.07189206779003143,1.5520490407943726,1.555232286453247,0.07189206779003143,0.06154567003250122,0,True
633,1.3093572854995728,0.30935728549957275,0.0,0.07565440237522125,1.585744023323059,1.5956119298934937,0.07565440237522125,0.02947314828634262,0,True
634,1.2099249362945557,0.20992493629455566,0.0,0.08115511387586594,0.8774195313453674,0.8845218420028687,0.08115511387586594,0.11202505975961685,0,True
635,0.9456069469451904,0.05439305305480957,0.0,0.061081476509571075,1.3587170839309692,1.358453631401062,0.061081476509571075,0.06249033659696579,0,True
636,0.9548749923706055,0.04512500762939453,0.0,0.04723626375198364,1.2466586828231812,1.2505156993865967,0.04723626375198364,0.15903742611408234,0,True
637,0.9231853485107422,0.07681465148925781,0.0,0.0469832569360733,1.3111587762832642,1.315803050994873,0.0469832569360733,0.0385424867272377,0,True
638,0.9489091634750366,0.05109083652496338,0.0,0.06334766745567322,1.4710689783096313,1.4777640104293823,0.06334766745567322,0.038127534091472626,0,True
639,1.027234435081482,0.027234435081481934,0.0,0.07176169753074646,1.5564768314361572,1.5650171041488647,0.07176169753074646,0.10975027829408646,0,True
640,1.0701944828033447,0.07019448280334473,0.0,0.07154930382966995,1.6022602319717407,1.6095590591430664,0.07154930382966995,0.009092990309000015,0,True
641,1.145576000213623,0.14557600021362305,0.0,0.07366436719894409,1.636856198310852,1.6435297727584839,0.07366436719894409,0.0482344776391983,0,True
642,1.1503788232803345,0.15037882328033447,0.0,0.07411984354257584,1.5786889791488647,1.5814071893692017,0.07411984354257584,0.01199372299015522,0,True
643,1.1825580596923828,0.1825580596923828,0.0,0.07650827616453171,1.5484182834625244,1.5514521598815918,0.07650827616453171,0.09749560803174973,0,True
644,1.2678784132003784,0.2678784132003784,0.0,0.08149195462465286,1.4688819646835327,1.4823508262634277,0.08149195462465286,0.007438741158694029,0,True
645,1.019214391708374,0.019214391708374023,0.0,0.06844707578420639,1.1973220109939575,1.195432186126709,0.06844707578420639,0.10397350788116455,0,True
646,0.9852087497711182,0.014791250228881836,0.0,0.04770998656749725,1.209157109260559,1.2111939191818237,0.04770998656749725,0.11228776723146439,0,True
647,0.9562779068946838,0.04372209310531616,0.0,0.04214201122522354,1.270148515701294,1.274027943611145,0.04214201122522354,0.03960050269961357,0,True
648,1.043744444847107,0.043744444847106934,0.0,0.0569140650331974,1.4440439939498901,1.450253963470459,0.0569140650331974,0.29705849289894104,0,True
649,1.0570826530456543,0.0570826530456543,0.0,0.06600371748209,1.6037862300872803,1.610576868057251,0.06600371748209,0.09127489477396011,0,True
650,1.0651276111602783,0.06512761116027832,0.0,0.07078974694013596,1.5428749322891235,1.5489174127578735,0.07078974694013596,0.18632389605045319,0,True
651,1.1500431299209595,0.15004312992095947,0.0,0.0735136866569519,1.6604176759719849,1.6661279201507568,0.0735136866569519,0.009759070351719856,0,True
652,1.1410696506500244,0.14106965065002441,0.0,0.06820225715637207,1.5927367210388184,1.594481110572815,0.06820225715637207,0.03439842909574509,0,True
653,1.263473629951477,0.26347362995147705,0.0,0.07479966431856155,1.5113089084625244,1.5153268575668335,0.07479966431856155,0.05668490380048752,0,True
654,1.2248867750167847,0.22488677501678467,0.0,0.08383458852767944,1.3480634689331055,1.3524795770645142,0.08383458852767944,0.18892048299312592,0,True
655,0.9918922781944275,0.00810772180557251,0.0,0.07069693505764008,1.332992672920227,1.3323602676391602,0.07069693505764008,0.006369907874614,0,True
656,0.8149920105934143,0.1850079894065857,0.0,0.04994044452905655,1.2209148406982422,1.221213459968567,0.04994044452905655,0.16426242887973785,0,True
657,0.8043338656425476,0.1956661343574524,0.0,0.04389826953411102,1.322615623474121,1.326419711112976,0.04389826953411102,0.11386942863464355,0,True
658,0.810967743396759,0.18903225660324097,0.0,0.05300838500261307,1.4326410293579102,1.438370943069458,0.05300838500261307,0.2007899433374405,0,True
659,0.8839046955108643,0.11609530448913574,0.0,0.06809450685977936,1.5934178829193115,1.6011868715286255,0.06809450685977936,0.1254793256521225,0,True
660,0.9732933044433594,0.026706695556640625,0.0,0.07778146117925644,1.6387691497802734,1.6470330953598022,0.07778146117925644,0.03296716883778572,0,True
661,1.0212926864624023,0.021292686462402344,0.0,0.07212089747190475,1.5925873517990112,1.5963196754455566,0.07212089747190475,0.08589384704828262,0,True
662,1.0512348413467407,0.05123484134674072,0.0,0.07314417511224747,1.4918665885925293,1.4951943159103394,0.07314417511224747,0.04749920591711998,0,True
663,1.231063961982727,0.23106396198272705,0.0,0.07231740653514862,1.490063190460205,1.498852252960205,0.07231740653514862,0.21792520582675934,0,True
664,1.0369263887405396,0.03692638874053955,0.0,0.08000942319631577,1.2677768468856812,1.272004246711731,0.08000942319631577,0.13643690943717957,0,True
665,0.8758859038352966,0.12411409616470337,0.0,0.04705028235912323,1.284711480140686,1.2841709852218628,0.04705028235912323,0.05724143981933594,0,True
666,0.8520260453224182,0.1479739546775818,0.0,0.03553525730967522,1.3459070920944214,1.3468300104141235,0.03553525730967522,0.07245142757892609,0,True
667,0.8960946202278137,0.10390537977218628,0.0,0.049637384712696075,1.429722547531128,1.434241771697998,0.049637384712696075,0.32863596081733704,0,True
668,0.9503791332244873,0.049620866775512695,0.0,0.06531649827957153,1.6012234687805176,1.6074535846710205,0.06531649827957153,0.2917630672454834,0,True
669,1.0089527368545532,0.008952736854553223,0.0,0.07341425865888596,1.6168363094329834,1.6238011121749878,0.07341425865888596,0.13862939178943634,0,True
670,1.0468488931655884,0.04684889316558838,0.0,0.07553980499505997,1.6170753240585327,1.6220842599868774,0.07553980499505997,0.1063261553645134,0,True
671,1.104069471359253,0.10406947135925293,0.0,0.07637494802474976,1.616222620010376,1.619677186012268,0.07637494802474976,0.10603466629981995,0,True
672,1.1284767389297485,0.12847673892974854,0.0,0.06859058141708374,1.608372449874878,1.6102920770645142,0.06859058141708374,0.0027045519091188908,0,True
673,1.1158300638198853,0.11583006381988525,0.0,0.07029713690280914,1.5939013957977295,1.6026382446289062,0.07029713690280914,0.07045723497867584,0,True
674,0.9048693776130676,0.09513062238693237,0.0,0.06590298563241959,1.1502578258514404,1.1499193906784058,0.06590298563241959,0.030876372009515762,0,True
675,0.845300018787384,0.15469998121261597,0.0,0.0387217216193676,1.1929656267166138,1.1951366662979126,0.0387217216193676,0.013522294349968433,0,True
676,0.8245051503181458,0.17549484968185425,0.0,0.04175352305173874,1.3155468702316284,1.318174123764038,0.04175352305173874,0.07613270729780197,0,True
677,0.8430880308151245,0.1569119691848755,0.0,0.055778078734874725,1.4447981119155884,1.4497736692428589,0.055778078734874725,0.09431467205286026,0,True
678,0.9075588583946228,0.0924411416053772,0.0,0.06399685889482498,1.5647042989730835,1.5715781450271606,0.06399685889482498,0.094957135617733,0,True
679,0.9806668758392334,0.0193331241607666,0.0,0.07610383629798889,1.5983165502548218,1.6056098937988281,0.07610383629798889,0.08717171847820282,0,True
680,1.0802937746047974,0.08029377460479736,0.0,0.07537590712308884,1.722464919090271,1.728759527206421,0.07537590712308884,0.05358291417360306,0,True
681,1.0919699668884277,0.09196996688842773,0.0,0.0700383335351944,1.573540210723877,1.57491934299469,0.0700383335351944,0.08575932681560516,0,True
682,1.215652585029602,0.21565258502960205,0.0,0.07391270250082016,1.5561439990997314,1.5604368448257446,0.07391270250082016,0.07577590644359589,0,True
683,1.045915126800537,0.04591512680053711,0.0,0.07780616730451584,1.4255492687225342,1.432160496711731,0.07780616730451584,0.06960126757621765,0,True
684,0.8465837240219116,0.15341627597808838,0.0,0.06577645242214203,1.2702280282974243,1.2706584930419922,0.06577645242214203,0.10385742783546448,0,True
685,0.820860743522644,0.17913925647735596,0.0,0.03843151777982712,1.173500657081604,1.1758464574813843,0.03843151777982712,0.09613252431154251,0,True
686,0.8013346791267395,0.1986653208732605,0.0,0.043892789632081985,1.3187047243118286,1.3222246170043945,0.043892789632081985,0.1548262983560562,0,True
687,0.8340932130813599,0.16590678691864014,0.0,0.058500707149505615,1.501381754875183,1.5066934823989868,0.058500707149505615,0.13818426430225372,0,True
688,0.9320067167282104,0.06799328327178955,0.0,0.07228425145149231,1.6010862588882446,1.6089378595352173,0.07228425145149231,0.2530989646911621,0,True
689,0.9693960547447205,0.03060394525527954,0.0,0.0774570107460022,1.617440938949585,1.6247777938842773,0.0774570107460022,0.022537032142281532,0,True
690,1.0398117303848267,0.03981173038482666,0.0,0.07336671650409698,1.5614349842071533,1.566095232963562,0.07336671650409698,0.09992607682943344,0,True
691,1.0744990110397339,0.07449901103973389,0.0,0.0730966106057167,1.5300140380859375,1.533044695854187,0.0730966106057167,0.023255156353116035,0,True
692,1.2460434436798096,0.24604344367980957,0.0,0.07254134118556976,1.5929940938949585,1.601257562637329,0.07254134118556976,0.24185900390148163,0,True
693,0.9988676905632019,0.0011323094367980957,0.0,0.07432592660188675,1.1878663301467896,1.191613793373108,0.07432592660188675,0.06524640321731567,0,True
694,0.8442983031272888,0.15570169687271118,0.0,0.04512689262628555,1.1998398303985596,1.2012628316879272,0.04512689262628555,0.07128769904375076,0,True
695,0.8424147367477417,0.1575852632522583,0.0,0.039342332631349564,1.3302299976348877,1.3322077989578247,0.039342332631349564,0.11601630598306656,0,True
696,0.8353182673454285,0.16468173265457153,0.0,0.04948147386312485,1.4081333875656128,1.4126778841018677,0.04948147386312485,0.16859593987464905,0,True
697,0.8838126063346863,0.11618739366531372,0.0,0.06376776844263077,1.5833207368850708,1.590340256690979,0.06376776844263077,0.09038897603750229,0,True
698,0.9586087465286255,0.04139125347137451,0.0,0.07343573123216629,1.637275218963623,1.6452305316925049,0.07343573123216629,0.01820831559598446,0,True
699,1.0476375818252563,0.04763758182525635,0.0,0.07711157202720642,1.6101878881454468,1.617293119430542,0.07711157202720642,0.055161576718091965,0,True
700,1.0799354314804077,0.07993543148040771,0.0,0.0756988525390625,1.5205382108688354,1.523791790008545,0.0756988525390625,0.08196258544921875,0,True
701,1.1524791717529297,0.1524791717529297,1.0,0.07193639129400253,1.546117901802063,1.550893783569336,0.07193639129400253,0.06676913797855377,0,True
702,1.1654709577560425,0.16547095775604248,1.0,0.07462268322706223,1.3176195621490479,1.3281124830245972,0.07462268322706223,0.07427464425563812,0,True
703,0.9055224061012268,0.0944775938987732,1.0,0.06515754014253616,1.2966445684432983,1.2973788976669312,0.06515754014253616,0.12153495848178864,0,True
704,0.897979199886322,0.10202080011367798,1.0,0.04328761622309685,1.296520471572876,1.2989823818206787,0.04328761622309685,0.009773735888302326,0,True
705,0.8664768934249878,0.1335231065750122,1.0,0.043247248977422714,1.319544792175293,1.322737693786621,0.043247248977422714,0.10678169876337051,0,True
706,0.8879220485687256,0.11207795143127441,1.0,0.05724203214049339,1.4888064861297607,1.4941051006317139,0.05724203214049339,0.07862718403339386,0,True
707,0.9466891288757324,0.05331087112426758,1.0,0.06791696697473526,1.5993388891220093,1.6066781282424927,0.06791696697473526,0.1019970178604126,0,True
708,0.9957374930381775,0.00426250696182251,1.0,0.0738031342625618,1.6376224756240845,1.644877552986145,0.0738031342625618,0.10213955491781235,0,True
709,1.070631980895996,0.0706319808959961,1.0,0.07617555558681488,1.6130567789077759,1.6183552742004395,0.07617555558681488,0.053261060267686844,0,True
710,1.1160979270935059,0.11609792709350586,1.0,0.06849810481071472,1.4952219724655151,1.4983398914337158,0.06849810481071472,0.011075899936258793,0,True
711,1.3231148719787598,0.32311487197875977,1.0,0.07177631556987762,1.5454972982406616,1.5540354251861572,0.07177631556987762,0.11280377209186554,0,True
712,1.1571848392486572,0.15718483924865723,1.0,0.0763699933886528,1.3677898645401,1.3727035522460938,0.0763699933886528,0.13921107351779938,0,True
713,0.9326136708259583,0.06738632917404175,1.0,0.047446608543395996,1.3611252307891846,1.360937237739563,0.047446608543395996,0.021410584449768066,0,True
714,0.8917348384857178,0.10826516151428223,1.0,0.03581075742840767,1.2975538969039917,1.298811912536621,0.03581075742840767,0.17357397079467773,0,True
715,0.9548377990722656,0.045162200927734375,1.0,0.04713596776127815,1.4478720426559448,1.45137619972229,0.04713596776127815,0.5292428135871887,0,True
716,0.9251341223716736,0.07486587762832642,1.0,0.060607634484767914,1.6191625595092773,1.6238547563552856,0.060607634484767914,0.13158787786960602,0,True
717,0.9670488238334656,0.032951176166534424,1.0,0.07000595331192017,1.5693272352218628,1.5752381086349487,0.07000595331192017,0.13629493117332458,0,True
718,1.0463837385177612,0.04638373851776123,1.0,0.07293754816055298,1.5794873237609863,1.5854790210723877,0.07293754816055298,0.013613801449537277,0,True
719,1.099425196647644,0.09942519664764404,1.0,0.0713874101638794,1.487515926361084,1.4923487901687622,0.0713874101638794,0.0035986292641609907,0,True
720,0.9693422913551331,0.030657708644866943,1.0,0.07615433633327484,1.4146090745925903,1.4247992038726807,0.07615433633327484,0.1386885643005371,0,True
721,0.794583261013031,0.205416738986969,1.0,0.0768359899520874,1.0945360660552979,1.0913087129592896,0.0768359899520874,0.09353794157505035,0,True
722,0.7696908116340637,0.23030918836593628,1.0,0.0342409610748291,1.2202086448669434,1.2223459482192993,0.0342409610748291,0.0075359283946454525,0,True
723,0.7467050552368164,0.2532949447631836,1.0,0.03693874552845955,1.2185683250427246,1.2201690673828125,0.03693874552845955,0.03837204352021217,0,True
724,0.7665678858757019,0.2334321141242981,1.0,0.049117669463157654,1.4214444160461426,1.4268484115600586,0.049117669463157654,0.043873269110918045,0,True
725,0.8393328189849854,0.16066718101501465,1.0,0.06545590609312057,1.515944004058838,1.5235682725906372,0.06545590609312057,0.10748887062072754,0,True
726,0.9136117696762085,0.0863882303237915,1.0,0.07505929470062256,1.5629090070724487,1.5712493658065796,0.07505929470062256,0.021253125742077827,0,True
727,1.0059497356414795,0.005949735641479492,1.0,0.0769839882850647,1.677510380744934,1.685369610786438,0.0769839882850647,0.0332120917737484,0,True
728,1.0303717851638794,0.030371785163879395,1.0,0.07821265608072281,1.516496181488037,1.51919686794281,0.07821265608072281,0.06818201392889023,0,True
729,1.0819820165634155,0.08198201656341553,1.0,0.072377510368824,1.4917163848876953,1.4958034753799438,0.072377510368824,0.03265964239835739,0,True
730,1.2548484802246094,0.2548484802246094,1.0,0.0709536001086235,1.3028794527053833,1.3142296075820923,0.0709536001086235,0.26349955797195435,0,True
731,1.0190708637237549,0.019070863723754883,1.0,0.06922239065170288,1.1391615867614746,1.1454678773880005,0.06922239065170288,0.04518571123480797,0,True
732,0.8803330063819885,0.11966699361801147,1.0,0.038515593856573105,1.2057464122772217,1.2087252140045166,0.038515593856573105,0.06287281215190887,0,True
733,0.8634489178657532,0.13655108213424683,1.0,0.04136639088392258,1.3962358236312866,1.3992515802383423,0.04136639088392258,0.014509354718029499,0,True
734,0.8613552451133728,0.1386447548866272,1.0,0.051983676850795746,1.4537789821624756,1.4592523574829102,0.051983676850795746,0.056209832429885864,0,True
735,0.905595064163208,0.09440493583679199,1.0,0.06426344811916351,1.5920995473861694,1.600204586982727,0.06426344811916351,0.05143611133098602,0,True
736,0.9498422145843506,0.050157785415649414,1.0,0.06915958225727081,1.6637194156646729,1.6719688177108765,0.06915958225727081,0.17068363726139069,0,True
737,1.0526882410049438,0.05268824100494385,1.0,0.07605396211147308,1.673327922821045,1.6807388067245483,0.07605396211147308,0.0054099950939416885,0,True
738,1.0769151449203491,0.07691514492034912,1.0,0.06545037776231766,1.5683945417404175,1.5719391107559204,0.06545037776231766,0.01494463998824358,0,True
739,1.138372540473938,0.138372540473938,1.0,0.07191366702318192,1.5324599742889404,1.5370172262191772,0.07191366702318192,0.07719563692808151,0,True
740,1.2870930433273315,0.28709304332733154,1.0,0.0775083675980568,1.4567878246307373,1.4697535037994385,0.0775083675980568,0.09603089839220047,0,True
741,1.0711946487426758,0.07119464874267578,1.0,0.07056818902492523,1.200783371925354,1.203158974647522,0.07056818902492523,0.10613398998975754,0,True
742,0.9080694913864136,0.09193050861358643,1.0,0.04232698306441307,1.2377238273620605,1.2403732538223267,0.04232698306441307,0.08258973062038422,0,True
743,0.892458438873291,0.10754156112670898,1.0,0.04140590876340866,1.3669326305389404,1.369632601737976,0.04140590876340866,0.0306779146194458,0,True
744,0.8893104791641235,0.11068952083587646,1.0,0.050441667437553406,1.4252058267593384,1.4302290678024292,0.050441667437553406,0.046685945242643356,0,True
745,0.9663692116737366,0.03363078832626343,1.0,0.06684557348489761,1.5424662828445435,1.5503321886062622,0.06684557348489761,0.24120724201202393,0,True
746,0.967864453792572,0.03213554620742798,1.0,0.07202381640672684,1.634169340133667,1.6420530080795288,0.07202381640672684,0.10151460021734238,0,True
747,1.0525001287460327,0.052500128746032715,1.0,0.07495424151420593,1.6539344787597656,1.66061532497406,0.07495424151420593,0.058092910796403885,0,True
748,1.0715858936309814,0.07158589363098145,1.0,0.0676436573266983,1.5618609189987183,1.5652320384979248,0.0676436573266983,0.03738520294427872,0,True
749,1.1159584522247314,0.11595845222473145,1.0,0.0684036836028099,1.525980830192566,1.5295484066009521,0.0684036836028099,0.053386226296424866,0,True
750,1.335038661956787,0.3350386619567871,1.0,0.07317334413528442,1.4682104587554932,1.4801899194717407,0.07317334413528442,0.023490745574235916,0,True
751,1.2647497653961182,0.26474976539611816,1.0,0.07525515556335449,0.9819468855857849,0.9882022738456726,0.07525515556335449,0.0871267095208168,0,True
752,0.9988247752189636,0.001175224781036377,1.0,0.0535394586622715,1.4339544773101807,1.4357327222824097,0.0535394586622715,0.08275049924850464,0,True
753,0.982246458530426,0.017753541469573975,1.0,0.03879474848508835,1.338950753211975,1.3419502973556519,0.03879474848508835,0.021129315719008446,0,True
754,0.9443983435630798,0.055601656436920166,1.0,0.0470920167863369,1.3998733758926392,1.4042874574661255,0.0470920167863369,0.09841538220643997,0,True
755,1.0198999643325806,0.019899964332580566,1.0,0.06227217987179756,1.5592164993286133,1.5661205053329468,0.06227217987179756,0.27323392033576965,0,True
756,0.9987777471542358,0.0012222528457641602,1.0,0.06733835488557816,1.6828060150146484,1.6899160146713257,0.06733835488557816,0.10981479287147522,0,True
757,1.0672861337661743,0.06728613376617432,1.0,0.07155007123947144,1.5869805812835693,1.5931733846664429,0.07155007123947144,0.08686138689517975,0,True
758,1.0960350036621094,0.09603500366210938,1.0,0.06610286980867386,1.565337896347046,1.5696324110031128,0.06610286980867386,0.016730377450585365,0,True
759,1.1441404819488525,0.14414048194885254,1.0,0.06825488805770874,1.511237621307373,1.5147221088409424,0.06825488805770874,0.04753879830241203,0,True
760,1.3122543096542358,0.31225430965423584,1.0,0.0765002891421318,1.5719705820083618,1.5827984809875488,0.0765002891421318,0.08214814215898514,0,True
761,1.1009069681167603,0.10090696811676025,1.0,0.07873902469873428,1.0172255039215088,1.0208120346069336,0.07873902469873428,0.1427745670080185,0,True
762,0.885236382484436,0.11476361751556396,1.0,0.05598628893494606,1.3340953588485718,1.3353601694107056,0.05598628893494606,0.0533953532576561,0,True
763,0.9010306596755981,0.09896934032440186,1.0,0.042750660330057144,1.3484688997268677,1.3519223928451538,0.042750660330057144,0.09731490164995193,0,True
764,0.8589091300964355,0.14109086990356445,1.0,0.04622115567326546,1.347941517829895,1.3519166707992554,0.04622115567326546,0.06894654780626297,0,True
765,0.9262703657150269,0.07372963428497314,1.0,0.06008390337228775,1.515541434288025,1.5226891040802002,0.06008390337228775,0.06480848789215088,0,True
766,0.938998281955719,0.061001718044281006,1.0,0.06777504086494446,1.5850340127944946,1.5931438207626343,0.06777504086494446,0.24902451038360596,0,True
767,1.0193004608154297,0.019300460815429688,1.0,0.0733763724565506,1.6319748163223267,1.6396976709365845,0.0733763724565506,0.23063220083713531,0,True
768,1.0715391635894775,0.07153916358947754,1.0,0.07076901197433472,1.5761268138885498,1.5814515352249146,0.07076901197433472,0.059105440974235535,0,True
769,1.1128804683685303,0.11288046836853027,1.0,0.06694955378770828,1.5829781293869019,1.5859755277633667,0.06694955378770828,9.466880874242634e-05,0,True
770,1.1328688859939575,0.13286888599395752,1.0,0.07100337743759155,1.565866470336914,1.5683118104934692,0.07100337743759155,0.028168758377432823,0,True
771,1.3084361553192139,0.30843615531921387,1.0,0.07880944013595581,1.5852148532867432,1.5951787233352661,0.07880944013595581,0.09675688296556473,0,True
772,1.3637175559997559,0.36371755599975586,1.0,0.08180228620767593,1.108628511428833,1.1208126544952393,0.08180228620767593,0.16702812910079956,0,True
773,1.0647351741790771,0.06473517417907715,1.0,0.061099711805582047,1.4486806392669678,1.44892418384552,0.061099711805582047,0.01959529146552086,0,True
774,1.0108753442764282,0.010875344276428223,1.0,0.03699083253741264,1.2497634887695312,1.2521796226501465,0.03699083253741264,0.0035654858220368624,0,True
775,0.9674259424209595,0.03257405757904053,1.0,0.04320506751537323,1.386117696762085,1.3898359537124634,0.04320506751537323,0.00022040127078071237,0,True
776,0.9696096181869507,0.030390381813049316,1.0,0.05752206966280937,1.4897228479385376,1.4954663515090942,0.05752206966280937,0.00546405790373683,0,True
777,0.9977251887321472,0.002274811267852783,1.0,0.0655430480837822,1.607245683670044,1.6141752004623413,0.0655430480837822,0.04426715150475502,0,True
778,1.0414516925811768,0.04145169258117676,1.0,0.06590930372476578,1.6517201662063599,1.6585661172866821,0.06590930372476578,0.129523366689682,0,True
779,1.125895619392395,0.12589561939239502,1.0,0.0715053528547287,1.6743520498275757,1.6801817417144775,0.0715053528547287,0.0037040431052446365,0,True
780,1.140589952468872,0.14058995246887207,1.0,0.0705334022641182,1.5970755815505981,1.5998353958129883,0.0705334022641182,0.002678101882338524,0,True
781,1.218734622001648,0.21873462200164795,1.0,0.072191521525383,1.5163636207580566,1.5209808349609375,0.072191521525383,0.07111099362373352,0,True
782,1.2335485219955444,0.23354852199554443,1.0,0.08306470513343811,1.3936940431594849,1.4041697978973389,0.08306470513343811,0.04658273607492447,0,True
783,1.0452769994735718,0.04527699947357178,1.0,0.07149912416934967,1.1346098184585571,1.134567141532898,0.07149912416934967,0.12205550819635391,0,True
784,0.8813111782073975,0.11868882179260254,1.0,0.038638342171907425,1.1503233909606934,1.151340126991272,0.038638342171907425,0.006570362951606512,0,True
785,0.8653762340545654,0.13462376594543457,1.0,0.042793355882167816,1.3064361810684204,1.3103820085525513,0.042793355882167816,0.05356588587164879,0,True
786,0.9507537484169006,0.049246251583099365,1.0,0.0512017197906971,1.4727330207824707,1.4791821241378784,0.0512017197906971,0.4766901135444641,0,True
787,0.9563959240913391,0.04360407590866089,1.0,0.06735178828239441,1.6681036949157715,1.6759167909622192,0.06735178828239441,0.22217483818531036,0,True
788,1.0031871795654297,0.0031871795654296875,1.0,0.07253384590148926,1.61836576461792,1.6263549327850342,0.07253384590148926,0.05135253444314003,0,True
789,1.0414719581604004,0.04147195816040039,1.0,0.07110117375850677,1.5460323095321655,1.55209219455719,0.07110117375850677,0.04838009923696518,0,True
790,1.080261468887329,0.0802614688873291,1.0,0.07618238776922226,1.5087995529174805,1.5123122930526733,0.07618238776922226,0.00801562238484621,0,True
791,1.154414415359497,0.15441441535949707,1.0,0.07450804859399796,1.544725775718689,1.550011396408081,0.07450804859399796,0.07561226934194565,0,True
792,1.1505883932113647,0.15058839321136475,1.0,0.07582303136587143,1.4151606559753418,1.4273834228515625,0.07582303136587143,0.09257961064577103,0,True
793,0.8692689538002014,0.13073104619979858,1.0,0.06937403976917267,1.3478327989578247,1.3481791019439697,0.06937403976917267,0.02746720239520073,0,True
794,0.9258531332015991,0.07414686679840088,1.0,0.04459632560610771,1.377099633216858,1.3791531324386597,0.04459632560610771,0.1341923028230667,0,True
795,0.8601698875427246,0.1398301124572754,1.0,0.04069044440984726,1.2555785179138184,1.2585455179214478,0.04069044440984726,0.06817596405744553,0,True
796,0.8808121681213379,0.11918783187866211,1.0,0.05543731898069382,1.4506816864013672,1.4565907716751099,0.05543731898069382,0.09098009765148163,0,True
797,0.9352162480354309,0.06478375196456909,1.0,0.06293436884880066,1.5487852096557617,1.5567073822021484,0.06293436884880066,0.037063609808683395,0,True
798,1.0232429504394531,0.023242950439453125,1.0,0.06988637894392014,1.588750958442688,1.5958642959594727,0.06988637894392014,0.18241018056869507,0,True
799,1.0547736883163452,0.054773688316345215,1.0,0.07133623212575912,1.5459030866622925,1.5515704154968262,0.07133623212575912,0.03595251590013504,0,True
800,1.090623140335083,0.09062314033508301,1.0,0.06897573918104172,1.5638253688812256,1.567197322845459,0.06897573918104172,0.008694348856806755,0,True
801,1.1636748313903809,0.16367483139038086,1.0,0.07497360557317734,1.5448615550994873,1.5493566989898682,0.07497360557317734,0.11222274601459503,0,True
802,1.3884063959121704,0.3884063959121704,1.0,0.07529745995998383,1.4570026397705078,1.4697792530059814,0.07529745995998383,0.051489826291799545,0,True
803,1.233359932899475,0.2333599328994751,1.0,0.07103686779737473,1.1384354829788208,1.1385544538497925,0.07103686779737473,0.09603186696767807,0,True
804,1.0041515827178955,0.004151582717895508,1.0,0.03987579420208931,1.3558193445205688,1.3573049306869507,0.03987579420208931,0.07466358691453934,0,True
805,1.0027997493743896,0.0027997493743896484,1.0,0.04206789657473564,1.3835456371307373,1.3871668577194214,0.04206789657473564,0.08845636248588562,0,True
806,1.031777262687683,0.031777262687683105,1.0,0.04754684120416641,1.4547014236450195,1.4588119983673096,0.04754684120416641,0.39990317821502686,0,True
807,1.0556751489639282,0.05567514896392822,1.0,0.06509891152381897,1.637005090713501,1.6431256532669067,0.06509891152381897,0.27130046486854553,0,True
808,1.0432102680206299,0.04321026802062988,1.0,0.07251866161823273,1.6363152265548706,1.6432377099990845,0.07251866161823273,0.1182623878121376,0,True
809,1.0903315544128418,0.0903315544128418,1.0,0.07269611209630966,1.6047483682632446,1.6093807220458984,0.07269611209630966,0.12936265766620636,0,True
810,1.1045548915863037,0.10455489158630371,1.0,0.06818726658821106,1.5625524520874023,1.5647276639938354,0.06818726658821106,0.03103817068040371,0,True
811,1.2000904083251953,0.2000904083251953,1.0,0.07045337557792664,1.5541586875915527,1.5591624975204468,0.07045337557792664,0.07705780863761902,0,True
812,1.2671294212341309,0.26712942123413086,1.0,0.0790107399225235,1.3696895837783813,1.3822431564331055,0.0790107399225235,0.08376602828502655,0,True
813,1.0276105403900146,0.02761054039001465,1.0,0.07364057749509811,1.2474435567855835,1.2448668479919434,0.07364057749509811,0.07888460159301758,0,True
814,0.971010148525238,0.028989851474761963,1.0,0.04074956849217415,1.2761657238006592,1.2791305780410767,0.04074956849217415,0.028076156973838806,0,True
815,0.9135586023330688,0.08644139766693115,1.0,0.04019112139940262,1.3022024631500244,1.3037405014038086,0.04019112139940262,0.0177095178514719,0,True
816,0.9173948168754578,0.08260518312454224,1.0,0.0542232021689415,1.459842324256897,1.4647274017333984,0.0542232021689415,0.01666637882590294,0,True
817,0.9383715391159058,0.06162846088409424,1.0,0.0642165094614029,1.538061261177063,1.5452972650527954,0.0642165094614029,0.0847080871462822,0,True
818,0.9882339239120483,0.01176607608795166,1.0,0.07028564065694809,1.5899815559387207,1.597269892692566,0.07028564065694809,0.09842377156019211,0,True
819,1.0764033794403076,0.07640337944030762,1.0,0.07051876187324524,1.6118375062942505,1.6183514595031738,0.07051876187324524,0.02577703259885311,0,True
820,1.09943425655365,0.0994342565536499,1.0,0.07061806321144104,1.5490726232528687,1.5522398948669434,0.07061806321144104,0.004888829775154591,0,True
821,1.199349045753479,0.199349045753479,1.0,0.07155560702085495,1.5098726749420166,1.5152926445007324,0.07155560702085495,0.04496439918875694,0,True
822,1.2674355506896973,0.26743555068969727,1.0,0.0789845809340477,1.344278335571289,1.3551989793777466,0.0789845809340477,0.09049677848815918,0,True
823,1.0247529745101929,0.02475297451019287,1.0,0.07136082649230957,1.2833521366119385,1.2830289602279663,0.07136082649230957,0.06503735482692719,0,True
824,0.885518491268158,0.11448150873184204,1.0,0.04040926694869995,1.1803629398345947,1.1812646389007568,0.04040926694869995,0.0002007851144298911,0,True
825,0.8877117037773132,0.11228829622268677,1.0,0.045364927500486374,1.4036332368850708,1.40744948387146,0.045364927500486374,0.025192443281412125,0,True
826,0.8784793019294739,0.12152069807052612,1.0,0.0520203672349453,1.4528762102127075,1.4586622714996338,0.0520203672349453,0.07347079366445541,0,True
827,0.9177612066268921,0.08223879337310791,1.0,0.06857402622699738,1.6106925010681152,1.6193015575408936,0.06857402622699738,0.0613638199865818,0,True
828,0.9685063362121582,0.0314936637878418,1.0,0.07324516028165817,1.6557459831237793,1.6647826433181763,0.07324516028165817,0.21864567697048187,0,True
829,1.0684856176376343,0.06848561763763428,1.0,0.0735381692647934,1.701440691947937,1.7086957693099976,0.0735381692647934,0.06174824386835098,0,True
830,1.1068675518035889,0.10686755180358887,1.0,0.0716513991355896,1.6315463781356812,1.6358271837234497,0.0716513991355896,0.008807568810880184,0,True
831,1.1062630414962769,0.10626304149627686,1.0,0.06338804960250854,1.6036102771759033,1.6055556535720825,0.06338804960250854,0.037387967109680176,0,True
832,1.1785415410995483,0.17854154109954834,1.0,0.07520213723182678,1.562526822090149,1.5685685873031616,0.07520213723182678,0.18479590117931366,0,True
833,1.2834148406982422,0.2834148406982422,1.0,0.07753732055425644,1.382202386856079,1.3968771696090698,0.07753732055425644,0.07101751863956451,0,True
834,0.9349876046180725,0.06501239538192749,1.0,0.06726539134979248,1.421446681022644,1.4209115505218506,0.06726539134979248,0.06029326468706131,0,True
835,0.958328902721405,0.04167109727859497,1.0,0.04576146975159645,1.3573782444000244,1.3605351448059082,0.04576146975159645,0.05871417745947838,0,True
836,0.9033339619636536,0.09666603803634644,1.0,0.043018847703933716,1.2929565906524658,1.2966229915618896,0.043018847703933716,0.050548624247312546,0,True
837,0.9177735447883606,0.0822264552116394,1.0,0.05602230504155159,1.485931396484375,1.4911350011825562,0.05602230504155159,0.026042969897389412,0,True
838,0.9954612255096436,0.004538774490356445,1.0,0.06453108042478561,1.5935075283050537,1.601108431816101,0.06453108042478561,0.19732552766799927,0,True
839,1.0402113199234009,0.04021131992340088,1.0,0.06669165939092636,1.6772499084472656,1.6835678815841675,0.06669165939092636,0.21113181114196777,0,True
840,1.049702525138855,0.04970252513885498,1.0,0.06923169642686844,1.6207362413406372,1.6254804134368896,0.06923169642686844,0.06928044557571411,0,True
841,1.117728352546692,0.1177283525466919,1.0,0.07031586021184921,1.7526453733444214,1.7576204538345337,0.07031586021184921,0.001323848613537848,0,True
842,1.1190485954284668,0.1190485954284668,1.0,0.07175691425800323,1.6328626871109009,1.6345099210739136,0.07175691425800323,0.011900524608790874,0,True
843,1.2098928689956665,0.2098928689956665,1.0,0.07490018755197525,1.6127119064331055,1.6202616691589355,0.07490018755197525,0.07441399991512299,0,True
844,1.229705810546875,0.229705810546875,1.0,0.07176906615495682,0.91764235496521,0.9300674200057983,0.07176906615495682,0.005812454037368298,0,True
845,0.9666777849197388,0.03332221508026123,1.0,0.057150814682245255,1.3031142950057983,1.3024195432662964,0.057150814682245255,0.037915103137493134,0,True
846,0.9664188027381897,0.0335811972618103,1.0,0.04015955701470375,1.264914631843567,1.2671535015106201,0.04015955701470375,0.011304032988846302,0,True
847,0.9150709509849548,0.08492904901504517,1.0,0.04420088976621628,1.2778657674789429,1.2817668914794922,0.04420088976621628,0.0503239780664444,0,True
848,1.0188606977462769,0.018860697746276855,1.0,0.06038833037018776,1.449110507965088,1.454327940940857,0.06038833037018776,0.4264321029186249,0,True
849,1.0194236040115356,0.019423604011535645,1.0,0.06730044633150101,1.6296135187149048,1.6359487771987915,0.06730044633150101,0.24348947405815125,0,True
850,1.0377479791641235,0.037747979164123535,1.0,0.06907131522893906,1.5862605571746826,1.592084288597107,0.06907131522893906,0.16765429079532623,0,True
851,1.021602988243103,0.021602988243103027,1.0,0.06571870297193527,1.6287919282913208,1.6332643032073975,0.06571870297193527,0.07788988202810287,0,True
852,1.0673716068267822,0.06737160682678223,1.0,0.07298474758863449,1.5557492971420288,1.5589423179626465,0.07298474758863449,0.010154420509934425,0,True
853,1.1554473638534546,0.1554473638534546,1.0,0.07673795521259308,1.5580241680145264,1.5644863843917847,0.07673795521259308,0.1302642971277237,0,True
854,1.3813942670822144,0.38139426708221436,1.0,0.07703344523906708,1.444991111755371,1.458429217338562,0.07703344523906708,0.1795990765094757,0,True
855,1.1054694652557373,0.1054694652557373,1.0,0.06989915668964386,1.2925854921340942,1.2894405126571655,0.06989915668964386,0.014085011556744576,0,True
856,0.9562990069389343,0.043700993061065674,1.0,0.036055754870176315,1.2809197902679443,1.2823306322097778,0.036055754870176315,0.0863473191857338,0,True
857,0.9283058047294617,0.07169419527053833,1.0,0.040264684706926346,1.3702175617218018,1.373172402381897,0.040264684706926346,0.035687848925590515,0,True
858,1.0083259344100952,0.008325934410095215,1.0,0.05139869078993797,1.4300838708877563,1.4354605674743652,0.05139869078993797,0.41976165771484375,0,True
859,1.0131325721740723,0.013132572174072266,1.0,0.06539454311132431,1.6437817811965942,1.6504284143447876,0.06539454311132431,0.2247619926929474,0,True
860,1.0073692798614502,0.007369279861450195,1.0,0.07046850770711899,1.6171553134918213,1.6238417625427246,0.07046850770711899,0.09395304322242737,0,True
861,1.0810004472732544,0.0810004472732544,1.0,0.07502691447734833,1.6548311710357666,1.6610716581344604,0.07502691447734833,0.0022936903405934572,0,True
862,1.0952913761138916,0.0952913761138916,1.0,0.06765963137149811,1.573889970779419,1.5771194696426392,0.06765963137149811,0.02524881809949875,0,True
863,1.2118256092071533,0.21182560920715332,1.0,0.07209601253271103,1.554030179977417,1.559694528579712,0.07209601253271103,0.029464153572916985,0,True
864,1.2158552408218384,0.21585524082183838,1.0,0.08201570063829422,1.300555944442749,1.3101558685302734,0.08201570063829422,0.1714739352464676,0,True
865,0.9858220815658569,0.014177918434143066,1.0,0.07074786722660065,1.2942607402801514,1.2943816184997559,0.07074786722660065,0.05366041883826256,0,True
866,0.8779069781303406,0.12209302186965942,1.0,0.03800494968891144,1.2117266654968262,1.213295578956604,0.03800494968891144,0.002021706197410822,0,True
867,0.872240424156189,0.12775957584381104,1.0,0.044935442507267,1.3802618980407715,1.3835029602050781,0.044935442507267,0.008951949886977673,0,True
868,0.8795567750930786,0.12044322490692139,1.0,0.056022316217422485,1.4415642023086548,1.447771668434143,0.056022316217422485,0.07474779337644577,0,True
869,0.914167582988739,0.08583241701126099,1.0,0.06883297115564346,1.5790202617645264,1.5873205661773682,0.06883297115564346,0.08173118531703949,0,True
870,1.0015980005264282,0.0015980005264282227,1.0,0.07439827173948288,1.6359254121780396,1.6438733339309692,0.07439827173948288,0.01772857829928398,0,True
871,1.0631428956985474,0.06314289569854736,1.0,0.072308748960495,1.5765163898468018,1.5825470685958862,0.072308748960495,0.017826514318585396,0,True
872,1.0721701383590698,0.07217013835906982,1.0,0.06733120232820511,1.5363543033599854,1.5389891862869263,0.06733120232820511,0.010760803706943989,0,True
873,1.1368123292922974,0.13681232929229736,1.0,0.07248175889253616,1.4999927282333374,1.505296230316162,0.07248175889253616,0.13041973114013672,0,True
874,1.239647626876831,0.23964762687683105,1.0,0.07734458148479462,1.2834045886993408,1.2971292734146118,0.07734458148479462,0.16129794716835022,0,True
875,0.9813758730888367,0.01862412691116333,1.0,0.06910920143127441,1.4087544679641724,1.4105180501937866,0.06910920143127441,0.11671151965856552,0,True
876,0.9626550674438477,0.037344932556152344,1.0,0.04180828109383583,1.3062981367111206,1.3086981773376465,0.04180828109383583,0.0328589491546154,0,True
877,0.9227514863014221,0.07724851369857788,1.0,0.04029608517885208,1.3696186542510986,1.3727880716323853,0.04029608517885208,0.10528755933046341,0,True
878,1.0170888900756836,0.017088890075683594,1.0,0.053528305143117905,1.530990481376648,1.535703182220459,0.053528305143117905,0.44944852590560913,0,True
879,1.0213847160339355,0.021384716033935547,1.0,0.06391966342926025,1.7134701013565063,1.719584345817566,0.06391966342926025,0.2707924246788025,0,True
880,1.0251988172531128,0.025198817253112793,1.0,0.06831096857786179,1.6601135730743408,1.6655607223510742,0.06831096857786179,0.06677450239658356,0,True
881,1.093634843826294,0.09363484382629395,1.0,0.07331829518079758,1.6632440090179443,1.6687644720077515,0.07331829518079758,0.005340533796697855,0,True
882,1.118811011314392,0.11881101131439209,1.0,0.0678977370262146,1.5375441312789917,1.5401153564453125,0.0678977370262146,0.010433284565806389,0,True
883,1.2423782348632812,0.24237823486328125,1.0,0.07250712811946869,1.574545979499817,1.5812654495239258,0.07250712811946869,0.14445459842681885,0,True
884,1.3908904790878296,0.3908904790878296,1.0,0.07977194339036942,1.307546854019165,1.3213715553283691,0.07977194339036942,0.17489519715309143,0,True
885,1.0514785051345825,0.05147850513458252,1.0,0.06859671324491501,1.4104669094085693,1.4063416719436646,0.06859671324491501,0.05157869681715965,0,True
886,0.9846329092979431,0.015367090702056885,1.0,0.037848204374313354,1.218205213546753,1.2199121713638306,0.037848204374313354,0.10217809677124023,0,True
887,0.9431546926498413,0.05684530735015869,1.0,0.0419645756483078,1.3416962623596191,1.3433427810668945,0.0419645756483078,0.0368281751871109,0,True
888,0.9394485354423523,0.060551464557647705,1.0,0.052842557430267334,1.4227451086044312,1.4275165796279907,0.052842557430267334,0.021548544988036156,0,True
889,1.017720341682434,0.017720341682434082,1.0,0.0661783292889595,1.5518717765808105,1.5594936609268188,0.0661783292889595,0.18960098922252655,0,True
890,1.0026248693466187,0.0026248693466186523,1.0,0.07114820182323456,1.6441107988357544,1.651222825050354,0.07114820182323456,0.22257237136363983,0,True
891,1.0840176343917847,0.08401763439178467,1.0,0.07214879244565964,1.6610198020935059,1.6673716306686401,0.07214879244565964,0.0825827345252037,0,True
892,1.1240925788879395,0.12409257888793945,1.0,0.06661748141050339,1.6271551847457886,1.630493402481079,0.06661748141050339,0.0035456453915685415,0,True
893,1.1397435665130615,0.13974356651306152,1.0,0.07068387418985367,1.5837956666946411,1.5862503051757812,0.07068387418985367,0.05153685435652733,0,True
894,1.3575761318206787,0.3575761318206787,1.0,0.08083000779151917,1.5750397443771362,1.5856730937957764,0.08083000779151917,0.004569845739752054,0,True
895,1.2752525806427002,0.2752525806427002,1.0,0.08344918489456177,1.1193708181381226,1.1214569807052612,0.08344918489456177,0.11525149643421173,0,True
896,1.0374152660369873,0.037415266036987305,1.0,0.05351518467068672,1.4208636283874512,1.4206622838974,0.05351518467068672,0.10207948088645935,0,True
897,0.986272931098938,0.013727068901062012,1.0,0.04109268635511398,1.3170775175094604,1.3209068775177002,0.04109268635511398,0.1199042946100235,0,True
898,0.9527936577796936,0.047206342220306396,1.0,0.04555942118167877,1.4133329391479492,1.417556881904602,0.04555942118167877,0.1354236602783203,0,True
899,1.032217025756836,0.03221702575683594,1.0,0.06286798417568207,1.5563572645187378,1.5635607242584229,0.06286798417568207,0.37203213572502136,0,True
900,0.9856691956520081,0.014330804347991943,1.0,0.06918821483850479,1.6416822671890259,1.6487373113632202,0.06918821483850479,0.17000597715377808,0,True
901,1.065114140510559,0.06511414051055908,1.0,0.06990019232034683,1.5726001262664795,1.5778926610946655,0.06990019232034683,0.0719030350446701,0,True
902,1.0894721746444702,0.08947217464447021,1.0,0.06562825292348862,1.5761278867721558,1.580128788948059,0.06562825292348862,0.16657984256744385,0,True
903,1.1543611288070679,0.15436112880706787,1.0,0.0723821222782135,1.5090543031692505,1.5137180089950562,0.0723821222782135,0.19588704407215118,0,True
904,1.106124997138977,0.10612499713897705,1.0,0.07653853297233582,1.4358433485031128,1.4466776847839355,0.07653853297233582,0.03575422614812851,0,True
905,0.8126211166381836,0.1873788833618164,1.0,0.07188332825899124,1.3011956214904785,1.2956349849700928,0.07188332825899124,0.10418999195098877,0,True
906,0.8695235848426819,0.13047641515731812,1.0,0.0480317622423172,1.3494216203689575,1.3527896404266357,0.0480317622423172,0.21558037400245667,0,True
907,0.8490213751792908,0.15097862482070923,1.0,0.03996708616614342,1.23569655418396,1.2388101816177368,0.03996708616614342,0.024116244167089462,0,True
908,0.9099292159080505,0.09007078409194946,1.0,0.056109584867954254,1.3999501466751099,1.4050538539886475,0.056109584867954254,0.11995723098516464,0,True
909,0.9514196515083313,0.0485803484916687,1.0,0.06859254837036133,1.5465844869613647,1.5534905195236206,0.06859254837036133,0.025781501084566116,0,True
910,1.0058839321136475,0.005883932113647461,1.0,0.07425402849912643,1.4965460300445557,1.5027409791946411,0.07425402849912643,0.04953336715698242,0,True
911,1.0296342372894287,0.02963423728942871,1.0,0.07173700630664825,1.5207210779190063,1.5253212451934814,0.07173700630664825,0.16781170666217804,0,True
912,1.0521622896194458,0.0521622896194458,1.0,0.06386424601078033,1.4839533567428589,1.488703966140747,0.06386424601078033,0.11207565665245056,0,True
913,1.278612732887268,0.27861273288726807,1.0,0.08187015354633331,1.3978755474090576,1.410586953163147,0.08187015354633331,0.027104521170258522,0,True
914,1.1015681028366089,0.10156810283660889,1.0,0.08245643228292465,1.1389156579971313,1.143222451210022,0.08245643228292465,0.2631356418132782,0,True
915,0.9728430509567261,0.027156949043273926,1.0,0.0427076555788517,1.3649672269821167,1.3664883375167847,0.0427076555788517,0.10987365990877151,0,True
916,0.9403899312019348,0.059610068798065186,1.0,0.04448799416422844,1.431074619293213,1.4304043054580688,0.04448799416422844,0.026040343567728996,0,True
917,0.9112163186073303,0.08878368139266968,1.0,0.04765605553984642,1.4005012512207031,1.403618335723877,0.04765605553984642,0.019231880083680153,0,True
918,0.923263430595398,0.07673656940460205,1.0,0.057778261601924896,1.4956674575805664,1.50110924243927,0.057778261601924896,0.029945608228445053,0,True
919,0.9688045978546143,0.031195402145385742,1.0,0.06866693496704102,1.593951940536499,1.6010862588882446,0.06866693496704102,0.04550816863775253,0,True
920,1.0364688634872437,0.03646886348724365,1.0,0.06821773946285248,1.647499918937683,1.6541484594345093,0.06821773946285248,0.24420692026615143,0,True
921,1.1352752447128296,0.1352752447128296,1.0,0.06892216950654984,1.5422613620758057,1.548463225364685,0.06892216950654984,0.17937901616096497,0,True
922,1.1496258974075317,0.14962589740753174,1.0,0.07236567884683609,1.5398533344268799,1.5429004430770874,0.07236567884683609,0.010980094783008099,0,True
923,1.228287696838379,0.2282876968383789,1.0,0.07522080838680267,1.631550669670105,1.6386325359344482,0.07522080838680267,0.16413359344005585,0,True
924,1.411620855331421,0.4116208553314209,1.0,0.08691558986902237,1.1395286321640015,1.1531199216842651,0.08691558986902237,0.25187742710113525,0,True
925,1.2440699338912964,0.2440699338912964,1.0,0.06393083184957504,1.1574020385742188,1.160358190536499,0.06393083184957504,0.10229653120040894,0,True
926,1.0291072130203247,0.029107213020324707,1.0,0.03670419380068779,1.2637664079666138,1.2633472681045532,0.03670419380068779,0.04159590229392052,0,True
927,1.0170072317123413,0.01700723171234131,1.0,0.039864230901002884,1.4062104225158691,1.409820318222046,0.039864230901002884,0.05771602317690849,0,True
928,1.123487114906311,0.12348711490631104,1.0,0.048483386635780334,1.4829506874084473,1.4890187978744507,0.048483386635780334,0.7117235064506531,0,True
929,1.0276378393173218,0.027637839317321777,1.0,0.07066507637500763,1.671218991279602,1.67805016040802,0.07066507637500763,0.02092471718788147,0,True
930,1.038362979888916,0.038362979888916016,1.0,0.067954882979393,1.599623441696167,1.6047085523605347,0.067954882979393,0.1502275913953781,0,True
931,1.0711671113967896,0.07116711139678955,1.0,0.07101641595363617,1.5877611637115479,1.5921043157577515,0.07101641595363617,0.10019977390766144,0,True
932,1.083781361579895,0.08378136157989502,1.0,0.0686718076467514,1.53829824924469,1.5412566661834717,0.0686718076467514,0.1121135950088501,0,True
933,1.013489007949829,0.013489007949829102,1.0,0.07452668249607086,1.5586330890655518,1.568809986114502,0.07452668249607086,0.1591162234544754,0,True
934,0.8596420288085938,0.14035797119140625,1.0,0.07361187785863876,1.0515356063842773,1.052018404006958,0.07361187785863876,0.16715478897094727,0,True
935,0.8290275931358337,0.17097240686416626,1.0,0.04176866263151169,1.2955565452575684,1.296474575996399,0.04176866263151169,0.06470982730388641,0,True
936,0.8055164217948914,0.19448357820510864,1.0,0.03851202875375748,1.2363744974136353,1.2392884492874146,0.03851202875375748,0.0094961142167449,0,True
937,0.8145036101341248,0.18549638986587524,1.0,0.05061117559671402,1.4530507326126099,1.4586838483810425,0.05061117559671402,0.008177511394023895,0,True
938,0.8543024659156799,0.14569753408432007,1.0,0.06297879666090012,1.5437871217727661,1.5507434606552124,0.06297879666090012,0.12263717502355576,0,True
939,0.9481663703918457,0.0518336296081543,1.0,0.07353884726762772,1.5760399103164673,1.583822250366211,0.07353884726762772,0.009219200350344181,0,True
940,1.0263148546218872,0.026314854621887207,1.0,0.07557012140750885,1.5940065383911133,1.6008286476135254,0.07557012140750885,0.0203898623585701,0,True
941,1.0538628101348877,0.053862810134887695,1.0,0.06570108979940414,1.5320541858673096,1.5357818603515625,0.06570108979940414,0.03261861577630043,0,True
942,1.1166720390319824,0.11667203903198242,1.0,0.07187070697546005,1.5050804615020752,1.5092713832855225,0.07187070697546005,0.08247416466474533,0,True
943,1.3357563018798828,0.3357563018798828,1.0,0.07160371541976929,1.3178929090499878,1.3296715021133423,0.07160371541976929,0.11969586461782455,0,True
944,1.1303147077560425,0.13031470775604248,1.0,0.0706731453537941,1.1069927215576172,1.1098778247833252,0.0706731453537941,0.013323881663382053,0,True
945,0.9515017867088318,0.04849821329116821,1.0,0.042913708835840225,1.2610551118850708,1.2619549036026,0.042913708835840225,0.007381916511803865,0,True
946,0.9675597548484802,0.032440245151519775,1.0,0.04647453874349594,1.4152404069900513,1.4184865951538086,0.04647453874349594,0.03213448077440262,0,True
947,0.937835693359375,0.062164306640625,1.0,0.049019955098629,1.421311378479004,1.4261984825134277,0.049019955098629,0.011763958260416985,0,True
948,0.9673418998718262,0.03265810012817383,1.0,0.06600154936313629,1.5701583623886108,1.5778648853302002,0.06600154936313629,0.10093885660171509,0,True
949,0.9907853603363037,0.009214639663696289,1.0,0.07010431587696075,1.6188807487487793,1.6267858743667603,0.07010431587696075,0.1790686845779419,0,True
950,1.0853004455566406,0.08530044555664062,1.0,0.07143385708332062,1.6412137746810913,1.6477642059326172,0.07143385708332062,0.015466392040252686,0,True
951,1.0958139896392822,0.09581398963928223,1.0,0.06959367543458939,1.6057472229003906,1.6090826988220215,0.06959367543458939,0.008143121376633644,0,True
952,1.1570247411727905,0.15702474117279053,1.0,0.07062328606843948,1.5456626415252686,1.5499752759933472,0.07062328606843948,0.051222946494817734,0,True
953,1.253243088722229,0.253243088722229,1.0,0.07885298877954483,1.4753541946411133,1.4873782396316528,0.07885298877954483,0.09571404755115509,0,True
954,1.029906153678894,0.029906153678894043,1.0,0.07325806468725204,1.1463558673858643,1.1455122232437134,0.07325806468725204,0.0764964148402214,0,True
955,0.8813109993934631,0.11868900060653687,1.0,0.0425003282725811,1.1824101209640503,1.1842118501663208,0.0425003282725811,0.06531950831413269,0,True
956,0.8656405210494995,0.1343594789505005,1.0,0.04347743093967438,1.351349115371704,1.354203224182129,0.04347743093967438,0.01504641491919756,0,True
957,0.8550794720649719,0.14492052793502808,1.0,0.050016842782497406,1.427312970161438,1.4329391717910767,0.050016842782497406,0.03968443349003792,0,True
958,0.8891598582267761,0.11084014177322388,1.0,0.06541020423173904,1.5636355876922607,1.5716655254364014,0.06541020423173904,0.0806555524468422,0,True
959,0.9335876107215881,0.06641238927841187,1.0,0.07180684804916382,1.6168428659439087,1.6251388788223267,0.07180684804916382,0.13539832830429077,0,True
960,0.0,1.0,1.0,0.07152757793664932,1.6317005157470703,1.6389868259429932,0.07152757793664932,0.0,1,True
961,-0.020096149295568466,1.0200961828231812,0.0,0.06140396371483803,0.5825667381286621,0.5896828770637512,0.06140396371483803,0.5692917108535767,0,True
962,-0.07462870329618454,1.0746287107467651,0.0,0.06230640411376953,0.93128502368927,0.9227614402770996,0.06230640411376953,0.4938860833644867,0,True
963,-0.05717756971716881,1.0571775436401367,0.0,0.05395960435271263,0.8812866806983948,0.8799219727516174,0.05395960435271263,1.1458256244659424,0,True
964,-0.11872277408838272,1.1187227964401245,0.0,0.04463529959321022,0.5129703879356384,0.5075173377990723,0.04463529959321022,0.463517963886261,0,True
965,-0.08991217613220215,1.0899121761322021,0.0,0.04090018570423126,0.35575810074806213,0.3602280020713806,0.04090018570423126,0.934868574142456,0,True
966,0.03543848544359207,0.9645615220069885,0.0,0.05678118020296097,0.6245745420455933,0.6367576122283936,0.05678118020296097,0.569564163684845,0,True
967,0.31219276785850525,0.6878072023391724,0.0,0.06884033977985382,1.1468307971954346,1.1622161865234375,0.06884033977985382,1.0055994987487793,0,True
968,0.35337749123573303,0.6466225385665894,0.0,0.09943394362926483,0.8361018896102905,0.8576395511627197,0.09943394362926483,0.629754364490509,0,True
969,0.1744590401649475,0.8255409598350525,0.0,0.09956418722867966,1.013227939605713,1.0062754154205322,0.09956418722867966,0.13931810855865479,0,True
970,0.04982662945985794,0.9501733779907227,0.0,0.06017206236720085,1.1441057920455933,1.1367740631103516,0.06017206236720085,1.3805714845657349,0,True
971,0.16644814610481262,0.8335518836975098,0.0,0.050551533699035645,0.8751348257064819,0.8668152093887329,0.050551533699035645,1.6677045822143555,0,True
972,0.08762802183628082,0.9123719930648804,0.0,0.056511834263801575,0.593627393245697,0.5830258131027222,0.056511834263801575,1.4158741235733032,0,True
973,-0.22654032707214355,1.2265403270721436,0.0,0.06381605565547943,0.46549609303474426,0.45714271068573,0.06381605565547943,1.8647152185440063,0,True
974,-0.20833851397037506,1.2083384990692139,0.0,0.06136911362409592,0.8223314881324768,0.8337153792381287,0.06136911362409592,1.425767421722412,0,True
975,-0.13864637911319733,1.1386463642120361,0.0,0.06635243445634842,0.4901604950428009,0.4985291361808777,0.06635243445634842,0.21156325936317444,0,True
976,0.023284928873181343,0.976715087890625,0.0,0.05942085012793541,0.6421231031417847,0.6447470784187317,0.05942085012793541,0.9719443917274475,0,True
977,0.27115535736083984,0.7288446426391602,0.0,0.045645568519830704,1.0873711109161377,1.0927414894104004,0.045645568519830704,0.7204976081848145,0,True
978,0.37006446719169617,0.6299355030059814,0.0,0.06262451410293579,1.0687599182128906,1.077531099319458,0.06262451410293579,0.04619665443897247,0,True
979,0.2682349383831024,0.7317650318145752,0.0,0.06286944448947906,0.7427561283111572,0.7527076601982117,0.06286944448947906,0.18715938925743103,0,True
980,0.07474260777235031,0.9252573847770691,0.0,0.05236844718456268,1.20936119556427,1.2074294090270996,0.05236844718456268,0.07583571970462799,0,True
981,-0.10388661175966263,1.103886604309082,0.0,0.02864012122154236,1.1824805736541748,1.1825573444366455,0.02864012122154236,0.04454749822616577,0,True
982,-0.20107117295265198,1.2010711431503296,0.0,0.041214387863874435,1.388204574584961,1.3866667747497559,0.041214387863874435,0.04997272416949272,0,True
983,-0.2951192855834961,1.295119285583496,0.0,0.049183670431375504,1.3692858219146729,1.3702120780944824,0.049183670431375504,0.002827923046424985,0,True
984,-0.3910476863384247,1.391047716140747,0.0,0.07096954435110092,1.4078420400619507,1.409629464149475,0.07096954435110092,0.07935294508934021,0,True
985,-0.5685016512870789,1.5685017108917236,0.0,0.07541081309318542,1.4477319717407227,1.451751947402954,0.07541081309318542,0.02614271454513073,0,True
986,-0.6718212366104126,1.6718212366104126,0.0,0.07483530789613724,1.4966448545455933,1.5028854608535767,0.07483530789613724,0.14693963527679443,0,True
987,-0.4850774109363556,1.4850773811340332,0.0,0.07208030670881271,1.570277452468872,1.5760873556137085,0.07208030670881271,1.5144538879394531,0,True
988,-0.47082820534706116,1.4708281755447388,0.0,0.07597773522138596,1.8587496280670166,1.8649407625198364,0.07597773522138596,1.0419180393218994,0,True
989,-0.4094519019126892,1.409451961517334,0.0,0.06502755731344223,1.7038018703460693,1.7125704288482666,0.06502755731344223,0.7344048619270325,0,True
990,-0.25000420212745667,1.2500041723251343,0.0,0.0673791691660881,1.7643303871154785,1.7733074426651,0.0673791691660881,0.5652139186859131,0,True
991,0.26662272214889526,0.7333772778511047,0.0,0.060969263315200806,1.9893989562988281,1.9981772899627686,0.060969263315200806,0.15044638514518738,0,True
992,0.5418691635131836,0.4581308364868164,0.0,0.09813898056745529,2.0885374546051025,2.099064588546753,0.09813898056745529,0.34658581018447876,0,True
993,1.0712088346481323,0.07120883464813232,0.0,0.06739973276853561,2.082707166671753,2.094674825668335,0.06739973276853561,0.3088536560535431,0,True
994,1.4480581283569336,0.4480581283569336,0.0,0.07170358300209045,1.4830349683761597,1.4977620840072632,0.07170358300209045,0.4361985921859741,0,True
995,1.3596386909484863,0.35963869094848633,0.0,0.0573803074657917,0.6949453949928284,0.6893346905708313,0.0573803074657917,0.542860746383667,0,True
996,1.0781502723693848,0.07815027236938477,0.0,0.04348176717758179,1.2858887910842896,1.2774618864059448,0.04348176717758179,0.0005699474131688476,0,True
997,0.9457292556762695,0.05427074432373047,0.0,0.03336533159017563,1.41477370262146,1.4147796630859375,0.03336533159017563,0.189840167760849,0,True
998,0.8905870318412781,0.10941296815872192,0.0,0.03982779011130333,1.3701748847961426,1.3713949918746948,0.03982779011130333,0.13832220435142517,0,True
999,0.8592033982276917,0.14079660177230835,0.0,0.040855199098587036,1.3763806819915771,1.3779680728912354,0.040855199098587036,0.11109116673469543,0,True
1000,0.9233576059341431,0.07664239406585693,0.0,0.042050786316394806,1.4312371015548706,1.4344048500061035,0.042050786316394806,0.29749104380607605,0,True
1001,1.029084324836731,0.029084324836730957,0.0,0.0638098418712616,1.3445186614990234,1.351447582244873,0.0638098418712616,0.2688896656036377,0,True
1002,0.9063671231269836,0.09363287687301636,0.0,0.07766970992088318,1.3580089807510376,1.3678910732269287,0.07766970992088318,0.006774639245122671,0,True
1003,1.0513228178024292,0.0513228178024292,0.0,0.06129029393196106,1.1075588464736938,1.1188665628433228,0.06129029393196106,0.1599535197019577,0,True
1004,0.9727211594581604,0.0272788405418396,0.0,0.08119725435972214,0.9063199162483215,0.9044457674026489,0.08119725435972214,0.10182330757379532,0,True
1005,0.761690616607666,0.23830938339233398,0.0,0.05964114889502525,1.2361390590667725,1.235429286956787,0.05964114889502525,0.15467913448810577,0,True
1006,0.7205503582954407,0.2794496417045593,0.0,0.04958241060376167,1.1512798070907593,1.1552753448486328,0.04958241060376167,0.08883869647979736,0,True
1007,0.6969114542007446,0.30308854579925537,0.0,0.04046010971069336,1.2887378931045532,1.2904388904571533,0.04046010971069336,0.07957593351602554,0,True
1008,0.7178534269332886,0.2821465730667114,0.0,0.04807021841406822,1.419492483139038,1.4241315126419067,0.04807021841406822,0.10492902994155884,0,True
1009,0.794171154499054,0.20582884550094604,0.0,0.0577496774494648,1.4947422742843628,1.5013688802719116,0.0577496774494648,0.15037506818771362,0,True
1010,0.9256287217140198,0.07437127828598022,0.0,0.06848747283220291,1.5994586944580078,1.607735276222229,0.06848747283220291,0.055796556174755096,0,True
1011,1.0355366468429565,0.03553664684295654,0.0,0.07471860945224762,1.5174487829208374,1.525294303894043,0.07471860945224762,0.033786509186029434,0,True
1012,1.1489145755767822,0.14891457557678223,0.0,0.07619405537843704,1.403878092765808,1.4125511646270752,0.07619405537843704,0.13702695071697235,0,True
1013,1.16200590133667,0.16200590133666992,0.0,0.0757589116692543,1.2734882831573486,1.2830642461776733,0.0757589116692543,0.10688810050487518,0,True
1014,0.9529633522033691,0.04703664779663086,0.0,0.07424934208393097,1.350174069404602,1.3498324155807495,0.07424934208393097,0.027348382398486137,0,True
1015,0.932686448097229,0.067313551902771,0.0,0.04437532275915146,1.319239854812622,1.322399616241455,0.04437532275915146,0.023758307099342346,0,True
1016,0.8889636993408203,0.11103630065917969,0.0,0.04376194626092911,1.4090291261672974,1.4119818210601807,0.04376194626092911,0.0019141093362122774,0,True
1017,0.8929079174995422,0.10709208250045776,0.0,0.0541854128241539,1.5184471607208252,1.5231268405914307,0.0541854128241539,0.01114275399595499,0,True
1018,0.9342260956764221,0.06577390432357788,0.0,0.06324571371078491,1.6269692182540894,1.6346485614776611,0.06324571371078491,0.043919000774621964,0,True
1019,1.0030087232589722,0.003008723258972168,0.0,0.07186809927225113,1.6844348907470703,1.6930508613586426,0.07186809927225113,0.21315883100032806,0,True
1020,1.083543300628662,0.08354330062866211,0.0,0.07631993293762207,1.6606718301773071,1.6686033010482788,0.07631993293762207,0.07049167901277542,0,True
1021,1.1466093063354492,0.14660930633544922,0.0,0.0788809284567833,1.7020701169967651,1.7084802389144897,0.0788809284567833,0.09040163457393646,0,True
1022,1.1530715227127075,0.15307152271270752,0.0,0.07787849754095078,1.64323890209198,1.6449931859970093,0.07787849754095078,0.042348213493824005,0,True
1023,1.0037052631378174,0.003705263137817383,0.0,0.08094475418329239,1.6227989196777344,1.629477858543396,0.08094475418329239,0.09219598025083542,0,True
1024,1.069860816001892,0.06986081600189209,0.0,0.06495090574026108,0.8804603219032288,0.894823431968689,0.06495090574026108,0.05025850608944893,0,True
1025,0.8266129493713379,0.1733870506286621,0.0,0.058549582958221436,1.1335612535476685,1.1295098066329956,0.058549582958221436,0.11509273201227188,0,True
1026,0.7742093801498413,0.2257906198501587,0.0,0.043326910585165024,1.2047414779663086,1.2098392248153687,0.043326910585165024,0.04124647378921509,0,True
1027,0.726660430431366,0.27333956956863403,0.0,0.04530792683362961,1.2486010789871216,1.2520463466644287,0.04530792683362961,0.07086487114429474,0,True
1028,0.7297393083572388,0.27026069164276123,0.0,0.05877552926540375,1.3759013414382935,1.3812426328659058,0.05877552926540375,0.05417712405323982,0,True
1029,0.7812209129333496,0.2187790870666504,0.0,0.06864611804485321,1.5152039527893066,1.523665428161621,0.06864611804485321,0.07811294496059418,0,True
1030,0.8682742714881897,0.1317257285118103,0.0,0.0703277587890625,1.5947449207305908,1.604021430015564,0.0703277587890625,0.08067622035741806,0,True
1031,0.9486042261123657,0.05139577388763428,0.0,0.07220590114593506,1.59804368019104,1.6060864925384521,0.07220590114593506,0.0754966139793396,0,True
1032,0.9885061979293823,0.011493802070617676,0.0,0.07154659181833267,1.6052141189575195,1.6092935800552368,0.07154659181833267,0.12811651825904846,0,True
1033,1.043769121170044,0.043769121170043945,0.0,0.07167516648769379,1.5340731143951416,1.537773847579956,0.07167516648769379,0.04362975060939789,0,True
1034,1.199869155883789,0.19986915588378906,0.0,0.0854443684220314,1.529657006263733,1.537722110748291,0.0854443684220314,0.11499257385730743,0,True
1035,1.320816159248352,0.32081615924835205,0.0,0.08640039712190628,1.3547070026397705,1.3700505495071411,0.08640039712190628,0.0877254456281662,0,True
1036,1.0152479410171509,0.015247941017150879,0.0,0.06496009975671768,1.2963345050811768,1.2996001243591309,0.06496009975671768,0.02002248726785183,0,True
1037,1.001046061515808,0.0010460615158081055,0.0,0.04305325821042061,1.2355619668960571,1.238961100578308,0.04305325821042061,0.029222924262285233,0,True
1038,0.9378774762153625,0.06212252378463745,0.0,0.0421847440302372,1.2991249561309814,1.302842617034912,0.0421847440302372,0.024427879601716995,0,True
1039,0.9427924156188965,0.057207584381103516,0.0,0.05839604511857033,1.4708012342453003,1.4762181043624878,0.05839604511857033,0.014317682944238186,0,True
1040,1.0322717428207397,0.032271742820739746,0.0,0.06077318638563156,1.5810389518737793,1.5881832838058472,0.06077318638563156,0.28031453490257263,0,True
1041,1.044905662536621,0.044905662536621094,0.0,0.06851091980934143,1.6707574129104614,1.6774989366531372,0.06851091980934143,0.14106200635433197,0,True
1042,1.088242769241333,0.08824276924133301,0.0,0.07223112881183624,1.6298028230667114,1.6352157592773438,0.07223112881183624,0.032088443636894226,0,True
1043,1.1274889707565308,0.12748897075653076,0.0,0.0748782753944397,1.5965917110443115,1.6002427339553833,0.0748782753944397,0.019059615209698677,0,True
1044,1.1775978803634644,0.17759788036346436,0.0,0.07888747751712799,1.5892359018325806,1.593237280845642,0.07888747751712799,0.02937893196940422,0,True
1045,1.0244642496109009,0.02446424961090088,0.0,0.08307680487632751,1.5719704627990723,1.583281397819519,0.08307680487632751,0.06058818846940994,0,True
1046,0.6883464455604553,0.3116535544395447,0.0,0.07506783306598663,1.3580788373947144,1.3529560565948486,0.07506783306598663,0.09876155853271484,0,True
1047,0.7602083683013916,0.2397916316986084,0.0,0.049462657421827316,1.2373229265213013,1.2397927045822144,0.049462657421827316,0.06376563757658005,0,True
1048,0.8072344660758972,0.19276553392410278,0.0,0.040983475744724274,1.2391701936721802,1.2426966428756714,0.040983475744724274,0.3246591091156006,0,True
1049,0.8240520358085632,0.17594796419143677,0.0,0.056625477969646454,1.4147660732269287,1.419201135635376,0.056625477969646454,0.10891349613666534,0,True
1050,0.8791456818580627,0.12085431814193726,0.0,0.07061436772346497,1.4190435409545898,1.426467776298523,0.07061436772346497,0.05525393784046173,0,True
1051,0.9398254156112671,0.06017458438873291,0.0,0.07525414973497391,1.4645954370498657,1.471617579460144,0.07525414973497391,0.06510029733181,0,True
1052,0.9815294146537781,0.018470585346221924,0.0,0.0680147111415863,1.4488615989685059,1.4532499313354492,0.0680147111415863,0.12260759621858597,0,True
1053,1.0255604982376099,0.025560498237609863,0.0,0.07231276482343674,1.4047234058380127,1.4062607288360596,0.07231276482343674,0.04768522083759308,0,True
1054,1.2039213180541992,0.20392131805419922,0.0,0.07026161998510361,1.450473427772522,1.4573262929916382,0.07026161998510361,0.0657268613576889,0,True
1055,1.3392417430877686,0.33924174308776855,0.0,0.07574371993541718,1.1202040910720825,1.1335227489471436,0.07574371993541718,0.0754302367568016,0,True
1056,1.1174767017364502,0.1174767017364502,0.0,0.06305523216724396,1.206170678138733,1.2065693140029907,0.06305523216724396,0.04600593447685242,0,True
1057,0.9707895517349243,0.029210448265075684,0.0,0.03596778213977814,1.2185919284820557,1.2203631401062012,0.03596778213977814,0.05675816908478737,0,True
1058,0.9630484580993652,0.036951541900634766,0.0,0.047082409262657166,1.3782678842544556,1.3819267749786377,0.047082409262657166,0.03402718901634216,0,True
1059,0.9512513279914856,0.048748672008514404,0.0,0.05242980644106865,1.4570485353469849,1.4623969793319702,0.05242980644106865,0.0851985365152359,0,True
1060,1.0021278858184814,0.0021278858184814453,0.0,0.06674252450466156,1.5872055292129517,1.5947802066802979,0.06674252450466156,0.15201105177402496,0,True
1061,1.0560170412063599,0.05601704120635986,0.0,0.07092884182929993,1.6698113679885864,1.676992654800415,0.07092884182929993,0.1235552579164505,0,True
1062,1.1226824522018433,0.12268245220184326,0.0,0.06557732820510864,1.6060370206832886,1.6115926504135132,0.06557732820510864,0.07557684183120728,0,True
1063,1.1527798175811768,0.15277981758117676,0.0,0.06698684394359589,1.623531699180603,1.625646948814392,0.06698684394359589,0.03229563310742378,0,True
1064,1.2226511240005493,0.22265112400054932,0.0,0.07255587726831436,1.5219049453735352,1.5261374711990356,0.07255587726831436,0.10459412634372711,0,True
1065,1.2355437278747559,0.23554372787475586,0.0,0.08158345520496368,1.49811589717865,1.511144995689392,0.08158345520496368,0.0492996945977211,0,True
1066,0.972654402256012,0.027345597743988037,0.0,0.07222316414117813,1.2367913722991943,1.2358708381652832,0.07222316414117813,0.006222421769052744,0,True
1067,0.968105673789978,0.03189432621002197,0.0,0.048285435885190964,1.1804674863815308,1.184066653251648,0.048285435885190964,0.09796661138534546,0,True
1068,0.9304972887039185,0.06950271129608154,0.0,0.04183973744511604,1.2669121026992798,1.2703787088394165,0.04183973744511604,0.009386608377099037,0,True
1069,1.0161758661270142,0.01617586612701416,0.0,0.058729782700538635,1.4476338624954224,1.453561782836914,0.058729782700538635,0.2912013530731201,0,True
1070,1.0228188037872314,0.022818803787231445,0.0,0.06705989688634872,1.6020475625991821,1.6089274883270264,0.06705989688634872,0.12618115544319153,0,True
1071,1.058373212814331,0.058373212814331055,0.0,0.07377813011407852,1.5471296310424805,1.5539531707763672,0.07377813011407852,0.16746321320533752,0,True
1072,1.0869415998458862,0.08694159984588623,0.0,0.07425917685031891,1.5930123329162598,1.5986448526382446,0.07425917685031891,0.11466950178146362,0,True
1073,1.1417535543441772,0.14175355434417725,0.0,0.07106739282608032,1.6653960943222046,1.6706595420837402,0.07106739282608032,0.024230822920799255,0,True
1074,1.1819227933883667,0.1819227933883667,0.0,0.07380921393632889,1.6014662981033325,1.6041191816329956,0.07380921393632889,0.0542154498398304,0,True
1075,1.2168225049972534,0.21682250499725342,0.0,0.075661800801754,1.589694857597351,1.5993945598602295,0.075661800801754,0.13129249215126038,0,True
1076,1.0957386493682861,0.09573864936828613,0.0,0.07393956929445267,0.7707923054695129,0.7774484157562256,0.07393956929445267,0.03825535625219345,0,True
1077,0.8486647605895996,0.1513352394104004,0.0,0.04820685088634491,1.2402387857437134,1.238555908203125,0.04820685088634491,0.06553369015455246,0,True
1078,0.8853210210800171,0.11467897891998291,0.0,0.04810632765293121,1.3126448392868042,1.3159428834915161,0.04810632765293121,0.08616796135902405,0,True
1079,0.8600959777832031,0.13990402221679688,0.0,0.04755077883601189,1.292887568473816,1.297707200050354,0.04755077883601189,0.0619078204035759,0,True
1080,0.9322148561477661,0.06778514385223389,0.0,0.06295553594827652,1.4564754962921143,1.4627776145935059,0.06295553594827652,0.23295551538467407,0,True
1081,0.9619930982589722,0.03800690174102783,0.0,0.07277798652648926,1.5707978010177612,1.5786139965057373,0.07277798652648926,0.1409258246421814,0,True
1082,1.005002498626709,0.005002498626708984,0.0,0.06878574937582016,1.5250508785247803,1.5310659408569336,0.06878574937582016,0.01647840440273285,0,True
1083,1.0681233406066895,0.06812334060668945,0.0,0.06345786899328232,1.5736898183822632,1.5779613256454468,0.06345786899328232,0.03647410497069359,0,True
1084,1.113295078277588,0.11329507827758789,0.0,0.07869133353233337,1.5267659425735474,1.5285040140151978,0.07869133353233337,7.985333650140092e-05,0,True
1085,1.266734004020691,0.2667340040206909,0.0,0.07537546753883362,1.5752878189086914,1.5839616060256958,0.07537546753883362,0.05141196399927139,0,True
1086,1.0826596021652222,0.08265960216522217,0.0,0.0763414204120636,0.9745402932167053,0.9834570288658142,0.0763414204120636,0.00509591493755579,0,True
1087,0.8235087990760803,0.17649120092391968,0.0,0.05264672264456749,1.239800214767456,1.2382584810256958,0.05264672264456749,0.057872310280799866,0,True
1088,0.8575430512428284,0.14245694875717163,0.0,0.045570824295282364,1.2578924894332886,1.2608672380447388,0.045570824295282364,0.13456247746944427,0,True
1089,0.830363929271698,0.169636070728302,0.0,0.04290195181965828,1.2714301347732544,1.275673270225525,0.04290195181965828,0.0005558725097216666,0,True
1090,0.8589113354682922,0.14108866453170776,0.0,0.05854882299900055,1.4388266801834106,1.4451642036437988,0.05854882299900055,0.023727882653474808,0,True
1091,0.9179127812385559,0.08208721876144409,0.0,0.06714669615030289,1.525342345237732,1.5328744649887085,0.06714669615030289,0.011350183747708797,0,True
1092,0.9924447536468506,0.007555246353149414,0.0,0.06885968148708344,1.539565086364746,1.5464328527450562,0.06885968148708344,0.17304550111293793,0,True
1093,1.0482290983200073,0.048229098320007324,0.0,0.06908762454986572,1.524714708328247,1.5288664102554321,0.06908762454986572,0.027416924014687538,0,True
1094,1.117079496383667,0.11707949638366699,0.0,0.06591159105300903,1.6380335092544556,1.6425822973251343,0.06591159105300903,0.03637852519750595,0,True
1095,1.1527953147888184,0.15279531478881836,0.0,0.07390967756509781,1.571529746055603,1.5737944841384888,0.07390967756509781,0.015580007806420326,0,True
1096,1.2516189813613892,0.25161898136138916,0.0,0.07516492903232574,1.5249910354614258,1.5338016748428345,0.07516492903232574,0.1491139829158783,0,True
1097,1.1534216403961182,0.15342164039611816,0.0,0.06889937818050385,1.0640259981155396,1.0703003406524658,0.06889937818050385,0.19679056107997894,0,True
1098,0.9118074774742126,0.08819252252578735,0.0,0.06007896736264229,1.333573341369629,1.3349530696868896,0.06007896736264229,0.016288412734866142,0,True
1099,0.9168040156364441,0.08319598436355591,0.0,0.040810272097587585,1.239175796508789,1.2420138120651245,0.040810272097587585,0.01900821551680565,0,True
1100,0.8697314858436584,0.13026851415634155,0.0,0.0470665842294693,1.286523461341858,1.2902988195419312,0.0470665842294693,0.05205187201499939,0,True
1101,0.8912635445594788,0.10873645544052124,0.0,0.06395109742879868,1.4779343605041504,1.483109474182129,0.06395109742879868,0.03088926523923874,0,True
1102,0.9436987638473511,0.056301236152648926,0.0,0.06959091871976852,1.571603775024414,1.5791770219802856,0.06959091871976852,0.1017041876912117,0,True
1103,1.0198211669921875,0.0198211669921875,0.0,0.07017235457897186,1.6275466680526733,1.6348519325256348,0.07017235457897186,0.06682978570461273,0,True
1104,1.1239619255065918,0.1239619255065918,0.0,0.07494503259658813,1.738218069076538,1.7452610731124878,0.07494503259658813,0.05280709266662598,0,True
1105,1.128533959388733,0.1285339593887329,0.0,0.07132419943809509,1.6192599534988403,1.621188998222351,0.07132419943809509,0.022318780422210693,0,True
1106,1.150968313217163,0.15096831321716309,0.0,0.07563511282205582,1.5674726963043213,1.5696004629135132,0.07563511282205582,0.08335907012224197,0,True
1107,1.1966936588287354,0.19669365882873535,0.0,0.07589589804410934,1.5344257354736328,1.5452113151550293,0.07589589804410934,0.07119916379451752,0,True
1108,0.953167736530304,0.046832263469696045,0.0,0.06789755821228027,1.2693248987197876,1.267345666885376,0.06789755821228027,0.10746818780899048,0,True
1109,0.8719704151153564,0.12802958488464355,0.0,0.04265022650361061,1.2228765487670898,1.2247676849365234,0.04265022650361061,0.00881551206111908,0,True
1110,0.8532074689865112,0.14679253101348877,0.0,0.044176314026117325,1.3346625566482544,1.3380048274993896,0.044176314026117325,0.06269457191228867,0,True
1111,0.8697690963745117,0.13023090362548828,0.0,0.055172890424728394,1.45517098903656,1.4607211351394653,0.055172890424728394,0.09115462005138397,0,True
1112,0.9344509243965149,0.06554907560348511,0.0,0.06933163851499557,1.574268102645874,1.5821477174758911,0.06933163851499557,0.13256965577602386,0,True
1113,1.0022162199020386,0.0022162199020385742,0.0,0.07348271459341049,1.6263943910598755,1.634326696395874,0.07348271459341049,0.09251545369625092,0,True
1114,1.0695817470550537,0.06958174705505371,0.0,0.07224026322364807,1.6025123596191406,1.6078264713287354,0.07224026322364807,0.0033783416729420424,0,True
1115,1.1119931936264038,0.11199319362640381,0.0,0.07754699140787125,1.5689358711242676,1.5728880167007446,0.07754699140787125,0.05726996064186096,0,True
1116,1.196642279624939,0.19664227962493896,0.0,0.07464481890201569,1.5759369134902954,1.580111026763916,0.07464481890201569,0.08260925859212875,0,True
1117,1.2601460218429565,0.26014602184295654,0.0,0.07644964754581451,1.4971586465835571,1.5093624591827393,0.07644964754581451,0.08592754602432251,0,True
1118,0.9101715683937073,0.08982843160629272,0.0,0.0727774128317833,1.4724171161651611,1.470778226852417,0.0727774128317833,0.038448404520750046,0,True
1119,0.9500486254692078,0.049951374530792236,0.0,0.04866265878081322,1.2904497385025024,1.2927813529968262,0.04866265878081322,0.13429802656173706,0,True
1120,1.0075279474258423,0.007527947425842285,0.0,0.04046650975942612,1.24980628490448,1.2529243230819702,0.04046650975942612,0.516127347946167,0,True
1121,1.011993646621704,0.011993646621704102,0.0,0.05815758928656578,1.5393381118774414,1.5423240661621094,0.05815758928656578,0.39144232869148254,0,True
1122,1.0287355184555054,0.02873551845550537,0.0,0.0631135031580925,1.565256118774414,1.569944143295288,0.0631135031580925,0.21865582466125488,0,True
1123,1.0390701293945312,0.03907012939453125,0.0,0.07452987879514694,1.5730661153793335,1.5779919624328613,0.07452987879514694,0.1428656131029129,0,True
1124,1.055747628211975,0.0557476282119751,0.0,0.07320214807987213,1.594778060913086,1.5983062982559204,0.07320214807987213,0.2262159138917923,0,True
1125,1.0759426355361938,0.07594263553619385,0.0,0.07220696657896042,1.5961337089538574,1.598096489906311,0.07220696657896042,0.014509866945445538,0,True
1126,1.1973602771759033,0.19736027717590332,0.0,0.07149787247180939,1.5984634160995483,1.6033694744110107,0.07149787247180939,0.032784171402454376,0,True
1127,1.0963257551193237,0.09632575511932373,0.0,0.08302371203899384,1.593854308128357,1.6038496494293213,0.08302371203899384,0.02644069865345955,0,True
1128,1.034958004951477,0.03495800495147705,0.0,0.0688660740852356,0.6575109958648682,0.6608838438987732,0.0688660740852356,0.006442807149142027,0,True
1129,0.8309046626091003,0.16909533739089966,0.0,0.04483123496174812,1.0875895023345947,1.0854771137237549,0.04483123496174812,0.0026616088580340147,0,True
1130,0.7821792364120483,0.21782076358795166,0.0,0.038053032010793686,1.2040818929672241,1.2066863775253296,0.038053032010793686,0.003858880139887333,0,True
1131,0.7625802159309387,0.23741978406906128,0.0,0.04402637854218483,1.3198164701461792,1.3237569332122803,0.04402637854218483,0.06501433253288269,0,True
1132,0.7933422923088074,0.20665770769119263,0.0,0.05962345004081726,1.4656620025634766,1.4720242023468018,0.05962345004081726,0.03581482917070389,0,True
1133,0.8808259963989258,0.11917400360107422,0.0,0.0693809986114502,1.5519723892211914,1.560186505317688,0.0693809986114502,0.032187577337026596,0,True
1134,0.9959460496902466,0.004053950309753418,0.0,0.07283543795347214,1.6307060718536377,1.6380525827407837,0.07283543795347214,0.02820352464914322,0,True
1135,1.0875991582870483,0.08759915828704834,0.0,0.07128351181745529,1.4858207702636719,1.4911551475524902,0.07128351181745529,0.07545486837625504,0,True
1136,1.186734914779663,0.18673491477966309,0.0,0.0778132751584053,1.4653139114379883,1.4717961549758911,0.0778132751584053,0.0003525197971612215,0,True
1137,1.1721398830413818,0.17213988304138184,0.0,0.08408921957015991,1.264166235923767,1.2754793167114258,0.08408921957015991,0.0018270650180056691,0,True
1138,0.9581872224807739,0.041812777519226074,0.0,0.06942644715309143,1.245633840560913,1.2448896169662476,0.06942644715309143,0.15380756556987762,0,True
1139,0.9234300255775452,0.07656997442245483,0.0,0.04020434617996216,1.2070125341415405,1.2093462944030762,0.04020434617996216,0.09421833604574203,0,True
1140,0.8820840716362,0.11791592836380005,0.0,0.03748718276619911,1.3263808488845825,1.3284428119659424,0.03748718276619911,0.128458634018898,0,True
1141,0.894641637802124,0.10535836219787598,0.0,0.05420536547899246,1.4963093996047974,1.5007951259613037,0.05420536547899246,0.12391330301761627,0,True
1142,0.9623680710792542,0.03763192892074585,0.0,0.06664524227380753,1.5886398553848267,1.5956077575683594,0.06664524227380753,0.2815135419368744,0,True
1143,1.0010371208190918,0.0010371208190917969,0.0,0.07505613565444946,1.6667922735214233,1.6736268997192383,0.07505613565444946,0.020056594163179398,0,True
1144,1.0836447477340698,0.08364474773406982,0.0,0.07893458753824234,1.6514688730239868,1.6575736999511719,0.07893458753824234,0.01872054487466812,0,True
1145,1.1134482622146606,0.11344826221466064,0.0,0.07186474651098251,1.5541197061538696,1.556065559387207,0.07186474651098251,0.10176557302474976,0,True
1146,1.1884877681732178,0.18848776817321777,0.0,0.07184594869613647,1.5679986476898193,1.5709168910980225,0.07184594869613647,0.047237224876880646,0,True
1147,1.3819835186004639,0.38198351860046387,0.0,0.07386782765388489,1.3732901811599731,1.3849444389343262,0.07386782765388489,0.36638081073760986,0,True
1148,1.1871603727340698,0.18716037273406982,0.0,0.06909526139497757,1.0885127782821655,1.0911390781402588,0.06909526139497757,0.017498428001999855,0,True
1149,0.955721378326416,0.044278621673583984,0.0,0.04233977943658829,1.2619720697402954,1.2640385627746582,0.04233977943658829,0.010948843322694302,0,True
1150,0.9535794258117676,0.04642057418823242,0.0,0.04104305058717728,1.388878583908081,1.3916019201278687,0.04104305058717728,0.04165026545524597,0,True
1151,1.0277302265167236,0.027730226516723633,0.0,0.04828599467873573,1.4124239683151245,1.4177908897399902,0.04828599467873573,0.5353266596794128,0,True
1152,1.0020396709442139,0.002039670944213867,0.0,0.06364315003156662,1.6503697633743286,1.6562280654907227,0.06364315003156662,0.08971013128757477,0,True
1153,1.0320532321929932,0.032053232192993164,0.0,0.06989940255880356,1.5808429718017578,1.5878009796142578,0.06989940255880356,0.20902009308338165,0,True
1154,1.0928764343261719,0.09287643432617188,0.0,0.07120640575885773,1.6107233762741089,1.6161460876464844,0.07120640575885773,0.03559897094964981,0,True
1155,1.1226446628570557,0.12264466285705566,0.0,0.06736025214195251,1.5618853569030762,1.5641764402389526,0.06736025214195251,0.02637835033237934,0,True
1156,1.1611040830612183,0.16110408306121826,0.0,0.07360275834798813,1.4815691709518433,1.4883861541748047,0.07360275834798813,0.0874122604727745,0,True
1157,1.0267277956008911,0.026727795600891113,0.0,0.0780712440609932,1.0922276973724365,1.1032794713974,0.0780712440609932,0.07971920073032379,0,True
1158,0.8075824975967407,0.19241750240325928,0.0,0.0643627792596817,1.1699310541152954,1.16746985912323,0.0643627792596817,0.008205095306038857,0,True
1159,0.7903599143028259,0.20964008569717407,0.0,0.04316246509552002,1.1977112293243408,1.2017420530319214,0.04316246509552002,0.11583047360181808,0,True
1160,0.7668981552124023,0.23310184478759766,0.0,0.04475641995668411,1.325480341911316,1.3295143842697144,0.04475641995668411,0.022969095036387444,0,True
1161,0.8057148456573486,0.19428515434265137,0.0,0.0613890066742897,1.4787276983261108,1.4857836961746216,0.0613890066742897,0.01309937797486782,0,True
1162,0.8848018646240234,0.11519813537597656,0.0,0.07198074460029602,1.5625938177108765,1.5713931322097778,0.07198074460029602,0.03853701055049896,0,True
1163,0.9760321378707886,0.023967862129211426,0.0,0.0769963264465332,1.5637574195861816,1.572039008140564,0.0769963264465332,0.20306456089019775,0,True
1164,1.0358526706695557,0.035852670669555664,0.0,0.06942809373140335,1.571786880493164,1.5782562494277954,0.06942809373140335,0.004882155451923609,0,True
1165,1.0861263275146484,0.08612632751464844,0.0,0.0805291086435318,1.4805271625518799,1.4838957786560059,0.0805291086435318,0.08120737224817276,0,True
1166,1.187466025352478,0.18746602535247803,0.0,0.07885891944169998,1.5113049745559692,1.518386960029602,0.07885891944169998,0.11463157087564468,0,True
1167,1.1152567863464355,0.11525678634643555,0.0,0.07449063658714294,1.227799892425537,1.2388694286346436,0.07449063658714294,0.16913063824176788,0,True
1168,0.7948756217956543,0.2051243782043457,0.0,0.0647025853395462,1.4155285358428955,1.416029691696167,0.0647025853395462,0.05322566628456116,0,True
1169,0.8585034012794495,0.14149659872055054,0.0,0.04859507828950882,1.3673359155654907,1.3695448637008667,0.04859507828950882,0.07063490152359009,0,True
1170,0.7776176333427429,0.22238236665725708,0.0,0.04032652825117111,1.3011837005615234,1.3050631284713745,0.04032652825117111,0.02190377004444599,0,True
1171,0.8795007467269897,0.12049925327301025,0.0,0.05409758538007736,1.4604628086090088,1.4673573970794678,0.05409758538007736,0.2838554084300995,0,True
1172,0.9174875020980835,0.0825124979019165,0.0,0.06984905153512955,1.6323161125183105,1.6403239965438843,0.06984905153512955,0.09212949872016907,0,True
1173,1.0005229711532593,0.0005229711532592773,0.0,0.07312782853841782,1.4673349857330322,1.475172519683838,0.07312782853841782,0.10192502290010452,0,True
1174,1.0471738576889038,0.04717385768890381,0.0,0.07075849920511246,1.4950840473175049,1.5011119842529297,0.07075849920511246,0.11614514142274857,0,True
1175,1.046985387802124,0.04698538780212402,0.0,0.0724126547574997,1.4703760147094727,1.470708966255188,0.0724126547574997,0.18657542765140533,0,True
1176,1.0656657218933105,0.06566572189331055,0.0,0.06649143993854523,1.4071643352508545,1.4071588516235352,0.06649143993854523,0.02355068549513817,0,True
1177,1.0946900844573975,0.09469008445739746,0.0,0.06998299807310104,1.4409509897232056,1.4482332468032837,0.06998299807310104,0.053702011704444885,0,True
1178,1.3423575162887573,0.3423575162887573,0.0,0.06641880422830582,1.0125579833984375,1.0263593196868896,0.06641880422830582,0.04446250945329666,0,True
1179,1.1324113607406616,0.13241136074066162,0.0,0.06320086121559143,1.0168895721435547,1.0131330490112305,0.06320086121559143,0.11061879992485046,0,True
1180,0.8999238014221191,0.10007619857788086,0.0,0.03822285681962967,1.319322109222412,1.3199520111083984,0.03822285681962967,0.10582368075847626,0,True
1181,0.8851647973060608,0.11483520269393921,0.0,0.043159082531929016,1.3689407110214233,1.373090386390686,0.043159082531929016,0.17076802253723145,0,True
1182,0.858258843421936,0.14174115657806396,0.0,0.05628570541739464,1.3790497779846191,1.384470820426941,0.05628570541739464,0.13372550904750824,0,True
1183,0.8884246945381165,0.11157530546188354,0.0,0.06509701907634735,1.4910972118377686,1.4976425170898438,0.06509701907634735,0.15905322134494781,0,True
1184,0.9529895782470703,0.04701042175292969,0.0,0.06319420784711838,1.5372790098190308,1.5439518690109253,0.06319420784711838,0.17458680272102356,0,True
1185,1.0438035726547241,0.04380357265472412,0.0,0.06305383145809174,1.6088840961456299,1.6152770519256592,0.06305383145809174,0.012653988786041737,0,True
1186,1.121751308441162,0.12175130844116211,0.0,0.06631291657686234,1.5052348375320435,1.509345293045044,0.06631291657686234,0.024310732260346413,0,True
1187,0.9644055366516113,0.03559446334838867,0.0,0.07264268398284912,1.4888181686401367,1.4957575798034668,0.07264268398284912,0.18348127603530884,0,True
1188,1.0296097993850708,0.0296097993850708,0.0,0.0821114256978035,0.8585835099220276,0.8752390742301941,0.0821114256978035,0.00119549292139709,0,True
1189,0.8413218259811401,0.15867817401885986,0.0,0.060355089604854584,1.0816588401794434,1.076984167098999,0.060355089604854584,0.1012922078371048,0,True
1190,0.8111434578895569,0.18885654211044312,0.0,0.044233135879039764,1.2368966341018677,1.2406518459320068,0.044233135879039764,0.03551514074206352,0,True
1191,0.7557541728019714,0.24424582719802856,0.0,0.04248545691370964,1.3045200109481812,1.307928442955017,0.04248545691370964,0.0025172086898237467,0,True
1192,0.7588815689086914,0.2411184310913086,0.0,0.05538414046168327,1.4403603076934814,1.4451216459274292,0.05538414046168327,0.01901395060122013,0,True
1193,0.8021755814552307,0.1978244185447693,0.0,0.06878010183572769,1.537571907043457,1.5450772047042847,0.06878010183572769,0.09800443798303604,0,True
1194,0.9036058783531189,0.0963941216468811,0.0,0.07236375659704208,1.5673701763153076,1.5757564306259155,0.07236375659704208,0.05695924535393715,0,True
1195,1.0084514617919922,0.008451461791992188,0.0,0.06944593787193298,1.6074339151382446,1.6148505210876465,0.06944593787193298,0.02617083489894867,0,True
1196,1.0762033462524414,0.0762033462524414,0.0,0.07313679903745651,1.514958143234253,1.5195720195770264,0.07313679903745651,0.008928420953452587,0,True
1197,1.2004215717315674,0.20042157173156738,0.0,0.07117903977632523,1.5116056203842163,1.5189828872680664,0.07117903977632523,0.06670576333999634,0,True
1198,1.0567611455917358,0.05676114559173584,0.0,0.07386989891529083,1.4947748184204102,1.5024054050445557,0.07386989891529083,0.05174127221107483,0,True
1199,0.8566487431526184,0.1433512568473816,0.0,0.06417585909366608,1.2605657577514648,1.2605148553848267,0.06417585909366608,0.01979287900030613,0,True
1200,0.8558546304702759,0.14414536952972412,0.0,0.04123690351843834,1.3176928758621216,1.3200328350067139,0.04123690351843834,0.028022149577736855,0,True
1201,0.8285137414932251,0.1714862585067749,0.0,0.042871132493019104,1.3699500560760498,1.3728193044662476,0.042871132493019104,0.11688368022441864,0,True
1202,0.8559781312942505,0.1440218687057495,0.0,0.059171613305807114,1.5594053268432617,1.5646703243255615,0.059171613305807114,0.08995602279901505,0,True
1203,0.9183546900749207,0.08164530992507935,0.0,0.07409440726041794,1.6472792625427246,1.6550042629241943,0.07409440726041794,0.04211772605776787,0,True
1204,1.025024175643921,0.0250241756439209,0.0,0.07509376108646393,1.6222704648971558,1.6301581859588623,0.07509376108646393,0.033134184777736664,0,True
1205,1.08004891872406,0.08004891872406006,0.0,0.07257985323667526,1.5801069736480713,1.5848315954208374,0.07257985323667526,0.017694709822535515,0,True
1206,1.1265612840652466,0.12656128406524658,0.0,0.07256808131933212,1.539955973625183,1.543218731880188,0.07256808131933212,0.024678433313965797,0,True
1207,1.1528807878494263,0.15288078784942627,0.0,0.07387147843837738,1.5226740837097168,1.5326000452041626,0.07387147843837738,0.17644909024238586,0,True
1208,0.9555551409721375,0.04444485902786255,0.0,0.07182465493679047,1.230855107307434,1.2338612079620361,0.07182465493679047,0.04506344720721245,0,True
1209,0.8552542924880981,0.14474570751190186,0.0,0.04000486806035042,1.184550166130066,1.1863278150558472,0.04000486806035042,0.0171126089990139,0,True
1210,0.8475146889686584,0.15248531103134155,0.0,0.04350236430764198,1.3526521921157837,1.3553909063339233,0.04350236430764198,0.008319208398461342,0,True
1211,0.8611429929733276,0.13885700702667236,0.0,0.0550292432308197,1.4794938564300537,1.4849146604537964,0.0550292432308197,0.05484875291585922,0,True
1212,0.9199036359786987,0.08009636402130127,0.0,0.0664668008685112,1.6094764471054077,1.617555856704712,0.0664668008685112,0.037505876272916794,0,True
1213,1.0053186416625977,0.005318641662597656,0.0,0.07898153364658356,1.6478164196014404,1.6569809913635254,0.07898153364658356,0.060234177857637405,0,True
1214,1.0950666666030884,0.09506666660308838,0.0,0.07902438938617706,1.6236997842788696,1.6306029558181763,0.07902438938617706,0.015102207660675049,0,True
1215,1.128984808921814,0.12898480892181396,0.0,0.07086091488599777,1.5456606149673462,1.5486377477645874,0.07086091488599777,0.018844204023480415,0,True
1216,1.247603178024292,0.247603178024292,0.0,0.07419645041227341,1.5659892559051514,1.5712201595306396,0.07419645041227341,0.11568397283554077,0,True
1217,1.0159225463867188,0.01592254638671875,0.0,0.07649584859609604,1.4489986896514893,1.4561010599136353,0.07649584859609604,0.11050841957330704,0,True
1218,0.7844851016998291,0.2155148983001709,0.0,0.06751397252082825,1.2630765438079834,1.2625771760940552,0.06751397252082825,0.0007809444796293974,0,True
1219,0.8061034679412842,0.19389653205871582,0.0,0.044895365834236145,1.2108339071273804,1.2134101390838623,0.044895365834236145,0.016403701156377792,0,True
1220,0.7815165519714355,0.21848344802856445,0.0,0.04364817216992378,1.2777155637741089,1.2809711694717407,0.04364817216992378,0.08225056529045105,0,True
1221,0.8152539134025574,0.18474608659744263,0.0,0.058872535824775696,1.469081163406372,1.4743695259094238,0.058872535824775696,0.07017314434051514,0,True
1222,0.8731207251548767,0.1268792748451233,0.0,0.07088689506053925,1.546237826347351,1.5541104078292847,0.07088689506053925,0.0018207330722361803,0,True
1223,0.9650689959526062,0.0349310040473938,0.0,0.07661008089780807,1.5071793794631958,1.515223503112793,0.07661008089780807,0.0421409010887146,0,True
1224,1.0296841859817505,0.02968418598175049,0.0,0.0692199319601059,1.5103116035461426,1.5152298212051392,0.0692199319601059,0.028822528198361397,0,True
1225,1.1038206815719604,0.10382068157196045,0.0,0.07277847081422806,1.4550997018814087,1.459465503692627,0.07277847081422806,0.001516703050583601,0,True
1226,1.242050051689148,0.24205005168914795,0.0,0.07276201993227005,1.3981214761734009,1.4072314500808716,0.07276201993227005,0.08842834830284119,0,True
1227,1.1462756395339966,0.14627563953399658,0.0,0.07076248526573181,1.0134092569351196,1.0206547975540161,0.07076248526573181,0.016341278329491615,0,True
1228,0.9319653511047363,0.06803464889526367,0.0,0.059508778154850006,1.233451247215271,1.2357933521270752,0.059508778154850006,0.05083717033267021,0,True
1229,0.8823217153549194,0.11767828464508057,0.0,0.03817761316895485,1.2169708013534546,1.2196556329727173,0.03817761316895485,0.03326626867055893,0,True
1230,0.8549191951751709,0.1450808048248291,0.0,0.04693054035305977,1.395148515701294,1.399603247642517,0.04693054035305977,0.04037574678659439,0,True
1231,0.8754028677940369,0.12459713220596313,0.0,0.055648379027843475,1.5323396921157837,1.538183569908142,0.055648379027843475,0.05072612687945366,0,True
1232,0.9305640459060669,0.0694359540939331,0.0,0.06822898238897324,1.6357226371765137,1.6438549757003784,0.06822898238897324,0.017689332365989685,0,True
1233,1.0251312255859375,0.0251312255859375,0.0,0.07288689911365509,1.6438229084014893,1.6521486043930054,0.07288689911365509,0.0364103801548481,0,True
1234,1.1011425256729126,0.1011425256729126,0.0,0.07255971431732178,1.6115068197250366,1.6165989637374878,0.07255971431732178,0.012322690337896347,0,True
1235,1.1331748962402344,0.13317489624023438,0.0,0.06666946411132812,1.5476913452148438,1.5501823425292969,0.06666946411132812,0.005370643921196461,0,True
1236,1.2793041467666626,0.2793041467666626,0.0,0.0714593380689621,1.5722874402999878,1.5785293579101562,0.0714593380689621,0.055413104593753815,0,True
1237,1.1390187740325928,0.13901877403259277,0.0,0.07587730139493942,1.3856124877929688,1.3941013813018799,0.07587730139493942,0.01787387579679489,0,True
1238,0.8729871511459351,0.12701284885406494,0.0,0.06488973647356033,1.2634612321853638,1.2624565362930298,0.06488973647356033,0.06973547488451004,0,True
1239,0.9252792000770569,0.07472079992294312,0.0,0.04305209964513779,1.3062392473220825,1.3092679977416992,0.04305209964513779,0.07846704125404358,0,True
1240,0.8911393284797668,0.10886067152023315,0.0,0.04702844098210335,1.3268954753875732,1.3311517238616943,0.04702844098210335,0.07869963347911835,0,True
1241,0.9162319302558899,0.08376806974411011,0.0,0.06016404926776886,1.4975632429122925,1.5030436515808105,0.06016404926776886,0.041445232927799225,0,True
1242,0.9771870970726013,0.02281290292739868,0.0,0.07166552543640137,1.5866851806640625,1.5945698022842407,0.07166552543640137,0.10352641344070435,0,True
1243,1.0452088117599487,0.04520881175994873,0.0,0.0729743242263794,1.6112269163131714,1.6185975074768066,0.0729743242263794,0.16835157573223114,0,True
1244,1.0800857543945312,0.08008575439453125,0.0,0.07172412425279617,1.6076507568359375,1.6125915050506592,0.07172412425279617,0.029301302507519722,0,True
1245,1.1268339157104492,0.12683391571044922,0.0,0.07544166594743729,1.5591702461242676,1.5629299879074097,0.07544166594743729,0.019897717982530594,0,True
1246,1.2429865598678589,0.2429865598678589,0.0,0.07880615442991257,1.5826672315597534,1.5895549058914185,0.07880615442991257,0.09398704022169113,0,True
1247,1.2026257514953613,0.20262575149536133,0.0,0.07932228595018387,1.4640156030654907,1.477115273475647,0.07932228595018387,0.07905759662389755,0,True
1248,0.8671597242355347,0.13284027576446533,0.0,0.06691551953554153,1.4201602935791016,1.4166356325149536,0.06691551953554153,0.05686410889029503,0,True
1249,0.9425719976425171,0.05742800235748291,0.0,0.04891381412744522,1.3123269081115723,1.314988136291504,0.04891381412744522,0.04278210178017616,0,True
1250,0.8923258781433105,0.10767412185668945,0.0,0.04470863565802574,1.2591404914855957,1.262619972229004,0.04470863565802574,0.08352921158075333,0,True
1251,0.9898806810379028,0.010119318962097168,0.0,0.05537494644522667,1.4207760095596313,1.4256335496902466,0.05537494644522667,0.4204166829586029,0,True
1252,0.9994163513183594,0.000583648681640625,0.0,0.06827963888645172,1.6391208171844482,1.6455492973327637,0.06827963888645172,0.23143096268177032,0,True
1253,1.017448902130127,0.017448902130126953,0.0,0.0743824690580368,1.5367825031280518,1.543226957321167,0.0743824690580368,0.1437772512435913,0,True
1254,1.040633201599121,0.040633201599121094,0.0,0.07061947137117386,1.568587064743042,1.573748230934143,0.07061947137117386,0.16458137333393097,0,True
1255,1.0457837581634521,0.04578375816345215,0.0,0.07177651673555374,1.5856765508651733,1.588136911392212,0.07177651673555374,0.09781796485185623,0,True
1256,1.1705119609832764,0.17051196098327637,0.0,0.07241850346326828,1.4909594058990479,1.4968961477279663,0.07241850346326828,0.09512443840503693,0,True
1257,1.4075262546539307,0.40752625465393066,0.0,0.08564423769712448,1.5839234590530396,1.5993661880493164,0.08564423769712448,0.0684402585029602,0,True
1258,1.325034499168396,0.325034499168396,0.0,0.07947787642478943,0.6819157004356384,0.684712827205658,0.07947787642478943,0.03562605008482933,0,True
1259,1.0181207656860352,0.018120765686035156,0.0,0.05518032982945442,1.4163695573806763,1.415069580078125,0.05518032982945442,0.0010051713325083256,0,True
1260,1.0326247215270996,0.03262472152709961,0.0,0.044893909245729446,1.330410361289978,1.3340810537338257,0.044893909245729446,0.10328131169080734,0,True
1261,0.9727489948272705,0.027251005172729492,0.0,0.04598165675997734,1.2937424182891846,1.298526406288147,0.04598165675997734,0.005232605617493391,0,True
1262,0.9864406585693359,0.013559341430664062,0.0,0.062450867146253586,1.4899543523788452,1.4956343173980713,0.062450867146253586,0.03955432027578354,0,True
1263,1.0198493003845215,0.019849300384521484,0.0,0.06750527024269104,1.5648692846298218,1.5728553533554077,0.06750527024269104,0.0025268085300922394,0,True
1264,1.064154863357544,0.06415486335754395,0.0,0.06872634589672089,1.6337616443634033,1.6410040855407715,0.06872634589672089,0.1923958659172058,0,True
1265,1.1342684030532837,0.1342684030532837,0.0,0.07167942821979523,1.6633491516113281,1.6698616743087769,0.07167942821979523,0.03814574331045151,0,True
1266,1.161247730255127,0.16124773025512695,0.0,0.07479244470596313,1.578884482383728,1.5812642574310303,0.07479244470596313,0.01040323730558157,0,True
1267,1.2252824306488037,0.2252824306488037,0.0,0.07904059439897537,1.5467417240142822,1.5504628419876099,0.07904059439897537,0.05187823995947838,0,True
1268,1.3010891675949097,0.30108916759490967,0.0,0.08701357245445251,1.5758503675460815,1.5891213417053223,0.08701357245445251,0.0020762933418154716,0,True
1269,1.133443832397461,0.13344383239746094,0.0,0.07353868335485458,0.9452061653137207,0.9422114491462708,0.07353868335485458,0.004041019827127457,0,True
1270,0.9793558120727539,0.020644187927246094,0.0,0.04070497304201126,1.171308994293213,1.1728194952011108,0.04070497304201126,0.08444124460220337,0,True
1271,0.9795478582382202,0.020452141761779785,0.0,0.04116692766547203,1.3159031867980957,1.31903076171875,0.04116692766547203,0.10340148210525513,0,True
1272,1.067786693572998,0.06778669357299805,0.0,0.052415501326322556,1.379305124282837,1.3845558166503906,0.052415501326322556,0.4403603971004486,0,True
1273,1.0608277320861816,0.06082773208618164,0.0,0.06712158769369125,1.5437259674072266,1.5498818159103394,0.06712158769369125,0.21761509776115417,0,True
1274,1.076706051826477,0.07670605182647705,0.0,0.07105372101068497,1.5814614295959473,1.5864943265914917,0.07105372101068497,0.08301536738872528,0,True
1275,1.0945240259170532,0.09452402591705322,0.0,0.07169266045093536,1.6073607206344604,1.6121197938919067,0.07169266045093536,0.001738232560455799,0,True
1276,1.1418108940124512,0.14181089401245117,0.0,0.06909099966287613,1.496457576751709,1.4999624490737915,0.06909099966287613,0.03656464070081711,0,True
1277,1.2511210441589355,0.25112104415893555,0.0,0.07543043047189713,1.5053035020828247,1.5101163387298584,0.07543043047189713,0.1343945562839508,0,True
1278,1.2642414569854736,0.26424145698547363,0.0,0.08384088426828384,1.5202234983444214,1.5333237648010254,0.08384088426828384,0.046055473387241364,0,True
1279,0.9182047843933105,0.08179521560668945,0.0,0.07650463283061981,1.4201959371566772,1.417892336845398,0.07650463283061981,0.024352235719561577,0,True
1280,0.985765278339386,0.014234721660614014,0.0,0.052894119173288345,1.29871666431427,1.3013628721237183,0.052894119173288345,0.18890666961669922,0,True
1281,0.9450211524963379,0.05497884750366211,0.0,0.03824358060956001,1.2138545513153076,1.216195821762085,0.03824358060956001,0.027422238141298294,0,True
1282,1.0756722688674927,0.07567226886749268,0.0,0.0592457577586174,1.4046722650527954,1.409961462020874,0.0592457577586174,0.15345872938632965,0,True
1283,1.0943636894226074,0.09436368942260742,0.0,0.07065173238515854,1.4143990278244019,1.421981692314148,0.07065173238515854,0.03639277443289757,0,True
1284,1.0970450639724731,0.09704506397247314,0.0,0.07788527756929398,1.474407434463501,1.4796864986419678,0.07788527756929398,0.11090333759784698,0,True
1285,1.0965112447738647,0.09651124477386475,0.0,0.07071617990732193,1.5230650901794434,1.526055097579956,0.07071617990732193,0.0419430285692215,0,True
1286,1.1239179372787476,0.12391793727874756,0.0,0.06887620687484741,1.504967212677002,1.5071043968200684,0.06887620687484741,0.015143838711082935,0,True
1287,1.2477941513061523,0.24779415130615234,0.0,0.07397206872701645,1.5086551904678345,1.5142326354980469,0.07397206872701645,0.16175511479377747,0,True
1288,1.2998921871185303,0.2998921871185303,0.0,0.0809931829571724,1.3215080499649048,1.335107445716858,0.0809931829571724,0.014169810339808464,0,True
1289,1.0463584661483765,0.046358466148376465,0.0,0.06517893821001053,1.213967204093933,1.2130650281906128,0.06517893821001053,0.004354008473455906,0,True
1290,1.0065072774887085,0.006507277488708496,0.0,0.044775206595659256,1.186295509338379,1.189138650894165,0.044775206595659256,0.11788761615753174,0,True
1291,0.9770255088806152,0.022974491119384766,0.0,0.042942602187395096,1.3106939792633057,1.3138141632080078,0.042942602187395096,0.06016074866056442,0,True
1292,0.9896723628044128,0.010327637195587158,0.0,0.05451421067118645,1.43466317653656,1.4395484924316406,0.05451421067118645,0.05009206756949425,0,True
1293,1.0525116920471191,0.05251169204711914,0.0,0.06646202504634857,1.5469845533370972,1.5545984506607056,0.06646202504634857,0.143984854221344,0,True
1294,1.1170880794525146,0.11708807945251465,0.0,0.07144646346569061,1.5650579929351807,1.5727487802505493,0.07144646346569061,0.0838894471526146,0,True
1295,1.152080774307251,0.15208077430725098,0.0,0.07103443890810013,1.48329758644104,1.4881914854049683,0.07103443890810013,0.07768606394529343,0,True
1296,1.180550456047058,0.1805504560470581,0.0,0.0688226968050003,1.4931223392486572,1.4956508874893188,0.0688226968050003,0.03892553970217705,0,True
1297,1.2944334745407104,0.29443347454071045,0.0,0.07379880547523499,1.5242295265197754,1.528719425201416,0.07379880547523499,0.003958581946790218,0,True
1298,1.0974955558776855,0.09749555587768555,0.0,0.08030476421117783,1.4370713233947754,1.4436393976211548,0.08030476421117783,0.022979168221354485,0,True
1299,0.8036118149757385,0.19638818502426147,0.0,0.06838471442461014,1.281100869178772,1.2794290781021118,0.06838471442461014,0.12400432676076889,0,True
1300,0.8679772615432739,0.13202273845672607,0.0,0.04325077682733536,1.2647682428359985,1.26793372631073,0.04325077682733536,0.06525157392024994,0,True
1301,0.8765034675598145,0.12349653244018555,0.0,0.04342564940452576,1.3159972429275513,1.3204002380371094,0.04342564940452576,0.1586296707391739,0,True
1302,0.9368459582328796,0.06315404176712036,0.0,0.059410057961940765,1.4779828786849976,1.4836074113845825,0.059410057961940765,0.18413887917995453,0,True
1303,0.9883067011833191,0.011693298816680908,0.0,0.07379967719316483,1.5598522424697876,1.5669132471084595,0.07379967719316483,0.13310523331165314,0,True
1304,1.02805495262146,0.02805495262145996,0.0,0.0777750313282013,1.5387910604476929,1.5449057817459106,0.0777750313282013,0.09901152551174164,0,True
1305,1.069813847541809,0.06981384754180908,0.0,0.06727012246847153,1.4651845693588257,1.4694695472717285,0.06727012246847153,0.011389102786779404,0,True
1306,1.1806949377059937,0.18069493770599365,0.0,0.07492547482252121,1.4662854671478271,1.4710379838943481,0.07492547482252121,0.030515890568494797,0,True
1307,1.3452132940292358,0.34521329402923584,0.0,0.07857225090265274,1.444001317024231,1.4562757015228271,0.07857225090265274,0.11393951624631882,0,True
1308,1.042677640914917,0.04267764091491699,0.0,0.07214266061782837,1.098159670829773,1.1000889539718628,0.07214266061782837,0.03372262418270111,0,True
1309,0.8643149137496948,0.13568508625030518,0.0,0.04334808513522148,1.1778662204742432,1.1791483163833618,0.04334808513522148,0.03094850294291973,0,True
1310,0.8862738609313965,0.11372613906860352,0.0,0.04528952017426491,1.346169352531433,1.3487191200256348,0.04528952017426491,0.06422233581542969,0,True
1311,0.8796331882476807,0.12036681175231934,0.0,0.05158420279622078,1.3878424167633057,1.3927274942398071,0.05158420279622078,0.029970435425639153,0,True
1312,0.9249668717384338,0.07503312826156616,0.0,0.06331838667392731,1.5377223491668701,1.5450202226638794,0.06331838667392731,0.023978913202881813,0,True
1313,0.9818369746208191,0.018163025379180908,0.0,0.07071113586425781,1.6019067764282227,1.6096317768096924,0.07071113586425781,0.06210320442914963,0,True
1314,1.0625901222229004,0.06259012222290039,0.0,0.0744738057255745,1.512520432472229,1.519327163696289,0.0744738057255745,0.06263361126184464,0,True
1315,1.1095435619354248,0.1095435619354248,0.0,0.06821899861097336,1.5102006196975708,1.5133585929870605,0.06821899861097336,0.027577364817261696,0,True
1316,1.17145836353302,0.17145836353302002,0.0,0.07147133350372314,1.5074716806411743,1.5105959177017212,0.07147133350372314,0.05655813217163086,0,True
1317,1.3571313619613647,0.35713136196136475,0.0,0.07503174245357513,1.450329303741455,1.461027979850769,0.07503174245357513,0.2666334807872772,0,True
1318,1.1301653385162354,0.13016533851623535,0.0,0.07292276620864868,1.185103178024292,1.1875442266464233,0.07292276620864868,0.16306822001934052,0,True
1319,0.9056615233421326,0.09433847665786743,0.0,0.04791422560811043,1.2756174802780151,1.276865839958191,0.04791422560811043,0.06160129979252815,0,True
1320,0.925877571105957,0.07412242889404297,0.0,0.04284331202507019,1.3050495386123657,1.3078876733779907,0.04284331202507019,0.01233842596411705,0,True
1321,0.9044010639190674,0.09559893608093262,0.0,0.049582790583372116,1.364640474319458,1.3692950010299683,0.049582790583372116,0.07667897641658783,0,True
1322,0.9457923769950867,0.05420762300491333,0.0,0.06529242545366287,1.5468088388442993,1.5536870956420898,0.06529242545366287,0.06578714400529861,0,True
1323,1.0071735382080078,0.0071735382080078125,0.0,0.0714687928557396,1.6204403638839722,1.6279819011688232,0.0714687928557396,0.04384448379278183,0,True
1324,1.0983223915100098,0.09832239151000977,0.0,0.0766834169626236,1.6464104652404785,1.6540310382843018,0.0766834169626236,0.027223430573940277,0,True
1325,1.129642367362976,0.12964236736297607,0.0,0.07063327729701996,1.5501309633255005,1.553406000137329,0.07063327729701996,0.00877611618489027,0,True
1326,1.1757957935333252,0.1757957935333252,0.0,0.07320690900087357,1.5089410543441772,1.512393593788147,0.07320690900087357,0.05427015200257301,0,True
1327,1.1403484344482422,0.1403484344482422,0.0,0.07531313598155975,1.5339927673339844,1.544354796409607,0.07531313598155975,0.12178041785955429,0,True
1328,0.9197554588317871,0.08024454116821289,0.0,0.06811352074146271,1.1760470867156982,1.1757956743240356,0.06811352074146271,0.00894427951425314,0,True
1329,0.9197174310684204,0.08028256893157959,0.0,0.04700203984975815,1.1876420974731445,1.1907823085784912,0.04700203984975815,0.05251495540142059,0,True
1330,0.8864098191261292,0.11359018087387085,0.0,0.04078218340873718,1.280790090560913,1.2836164236068726,0.04078218340873718,0.0499027818441391,0,True
1331,0.9071448445320129,0.09285515546798706,0.0,0.05706176161766052,1.4590697288513184,1.464400053024292,0.05706176161766052,0.027860095724463463,0,True
1332,0.9606765508651733,0.03932344913482666,0.0,0.06778622418642044,1.558449149131775,1.5654137134552002,0.06778622418642044,0.0594695582985878,0,True
1333,1.0313130617141724,0.03131306171417236,0.0,0.07481406629085541,1.5962364673614502,1.6034181118011475,0.07481406629085541,0.17130792140960693,0,True
1334,1.1002788543701172,0.10027885437011719,0.0,0.07316090166568756,1.521844506263733,1.528032660484314,0.07316090166568756,9.172501449938864e-05,0,True
1335,1.1438332796096802,0.14383327960968018,0.0,0.07668503373861313,1.4884815216064453,1.4915012121200562,0.07668503373861313,0.027376258745789528,0,True
1336,1.2507209777832031,0.2507209777832031,0.0,0.07662864029407501,1.532976746559143,1.5383559465408325,0.07662864029407501,0.115838423371315,0,True
1337,1.3765450716018677,0.3765450716018677,0.0,0.07331481575965881,1.2126319408416748,1.2246208190917969,0.07331481575965881,0.216355100274086,0,True
1338,1.104533314704895,0.10453331470489502,0.0,0.06732867658138275,1.2370105981826782,1.2383209466934204,0.06732867658138275,0.008573864586651325,0,True
1339,0.9445576667785645,0.05544233322143555,0.0,0.04083091765642166,1.2121692895889282,1.2145248651504517,0.04083091765642166,0.02853311598300934,0,True
1340,0.945979654788971,0.05402034521102905,0.0,0.04628554731607437,1.3745414018630981,1.3775593042373657,0.04628554731607437,0.033578261733055115,0,True
1341,0.9362158179283142,0.06378418207168579,0.0,0.05210616812109947,1.427384376525879,1.4327542781829834,0.05210616812109947,0.03580491617321968,0,True
1342,0.9793794751167297,0.020620524883270264,0.0,0.06734968721866608,1.5705320835113525,1.5778099298477173,0.06734968721866608,0.025448031723499298,0,True
1343,1.0390315055847168,0.0390315055847168,0.0,0.073479063808918,1.6309080123901367,1.6390818357467651,0.073479063808918,0.1090451329946518,0,True
1344,1.1277947425842285,0.12779474258422852,0.0,0.07648959755897522,1.6295642852783203,1.6363760232925415,0.07648959755897522,0.0006122050108388066,0,True
1345,1.1523882150650024,0.15238821506500244,0.0,0.0696646198630333,1.5727920532226562,1.5755091905593872,0.0696646198630333,0.0042520733550190926,0,True
1346,1.2374486923217773,0.23744869232177734,0.0,0.07252193987369537,1.5124776363372803,1.5162277221679688,0.07252193987369537,0.033353134989738464,0,True
1347,1.0918258428573608,0.09182584285736084,0.0,0.0796734020113945,1.5031946897506714,1.5107123851776123,0.0796734020113945,0.006649066228419542,0,True
1348,0.8835221529006958,0.1164778470993042,0.0,0.0719996765255928,1.1768276691436768,1.1780929565429688,0.0719996765255928,0.02045699767768383,0,True
1349,0.8439464569091797,0.1560535430908203,0.0,0.041018128395080566,1.1392251253128052,1.1416438817977905,0.041018128395080566,0.003386601572856307,0,True
1350,0.8220149278640747,0.1779850721359253,0.0,0.04125387594103813,1.2896357774734497,1.2932106256484985,0.04125387594103813,0.04922253638505936,0,True
1351,0.856505811214447,0.14349418878555298,0.0,0.0576065331697464,1.4729385375976562,1.4791808128356934,0.0576065331697464,0.05926389619708061,0,True
1352,0.9331285953521729,0.06687140464782715,0.0,0.07113572955131531,1.5739185810089111,1.582279920578003,0.07113572955131531,0.1378614455461502,0,True
1353,1.0065972805023193,0.006597280502319336,0.0,0.07540500164031982,1.5782628059387207,1.585953712463379,0.07540500164031982,0.033352214843034744,0,True
1354,1.0823577642440796,0.08235776424407959,0.0,0.07513563334941864,1.6068284511566162,1.6127034425735474,0.07513563334941864,0.029160169884562492,0,True
1355,1.1082491874694824,0.10824918746948242,0.0,0.0732652023434639,1.5436558723449707,1.5459517240524292,0.0732652023434639,0.044210851192474365,0,True
1356,1.1927937269210815,0.19279372692108154,0.0,0.07420353591442108,1.5009666681289673,1.5068340301513672,0.07420353591442108,0.05926091969013214,0,True
1357,1.133530855178833,0.133530855178833,0.0,0.07172414660453796,1.1248220205307007,1.1357533931732178,0.07172414660453796,0.003480332437902689,0,True
1358,0.9491351246833801,0.05086487531661987,0.0,0.0577196329832077,1.151402235031128,1.1510810852050781,0.0577196329832077,0.08415135741233826,0,True
1359,0.879540741443634,0.12045925855636597,0.0,0.03824889659881592,1.2062158584594727,1.2083704471588135,0.03824889659881592,0.037134211510419846,0,True
1360,0.8441574573516846,0.15584254264831543,0.0,0.04266607016324997,1.3344457149505615,1.3370691537857056,0.04266607016324997,0.05120097100734711,0,True
1361,0.8576684594154358,0.1423315405845642,0.0,0.05528683960437775,1.4778759479522705,1.4829330444335938,0.05528683960437775,0.06871145963668823,0,True
1362,0.9095792174339294,0.09042078256607056,0.0,0.06694565713405609,1.5798991918563843,1.587397813796997,0.06694565713405609,0.0902566984295845,0,True
1363,0.9893049001693726,0.010695099830627441,0.0,0.07339758425951004,1.6290614604949951,1.6371079683303833,0.07339758425951004,0.010215528309345245,0,True
1364,1.0822062492370605,0.08220624923706055,0.0,0.07644959539175034,1.6123301982879639,1.6188971996307373,0.07644959539175034,0.020297523587942123,0,True
1365,1.118070125579834,0.11807012557983398,0.0,0.0699678286910057,1.545287013053894,1.5481770038604736,0.0699678286910057,0.04792468622326851,0,True
1366,1.2115137577056885,0.21151375770568848,0.0,0.07114949822425842,1.530830979347229,1.5352704524993896,0.07114949822425842,0.07137362658977509,0,True
1367,1.3329832553863525,0.33298325538635254,0.0,0.07582145184278488,1.2980067729949951,1.31032395362854,0.07582145184278488,0.18378759920597076,0,True
1368,1.071313500404358,0.07131350040435791,0.0,0.06692396849393845,1.2666805982589722,1.2678345441818237,0.06692396849393845,0.0593995675444603,0,True
1369,0.9082189798355103,0.09178102016448975,0.0,0.04068257287144661,1.2183674573898315,1.220089077949524,0.04068257287144661,0.05098985508084297,0,True
1370,0.9045356512069702,0.09546434879302979,0.0,0.043303199112415314,1.3695268630981445,1.372592806816101,0.043303199112415314,0.07313267141580582,0,True
1371,0.9008272886276245,0.09917271137237549,0.0,0.05290516838431358,1.4280610084533691,1.4335432052612305,0.05290516838431358,0.007835996337234974,0,True
1372,0.9464420080184937,0.05355799198150635,0.0,0.06876502186059952,1.5539063215255737,1.5619429349899292,0.06876502186059952,0.008531083352863789,0,True
1373,1.0057651996612549,0.005765199661254883,0.0,0.07142379879951477,1.623691201210022,1.632165551185608,0.07142379879951477,0.23810002207756042,0,True
1374,1.1292847394943237,0.12928473949432373,0.0,0.07648879289627075,1.7660315036773682,1.7739059925079346,0.07648879289627075,0.0279370229691267,0,True
1375,1.1373848915100098,0.13738489151000977,0.0,0.07011101394891739,1.6379755735397339,1.6411935091018677,0.07011101394891739,0.026553677394986153,0,True
1376,1.1427265405654907,0.14272654056549072,0.0,0.07003586739301682,1.5875627994537354,1.589082956314087,0.07003586739301682,0.016389159485697746,0,True
1377,1.3696080446243286,0.3696080446243286,0.0,0.07748043537139893,1.596551775932312,1.6059668064117432,0.07748043537139893,0.12383493781089783,0,True
1378,1.1449947357177734,0.14499473571777344,0.0,0.0831596702337265,1.1780579090118408,1.1840046644210815,0.0831596702337265,0.030790042132139206,0,True
1379,1.0042752027511597,0.004275202751159668,0.0,0.045678459107875824,1.3185025453567505,1.3182305097579956,0.045678459107875824,0.012654800899326801,0,True
1380,0.974198579788208,0.025801420211791992,0.0,0.0423106849193573,1.4085854291915894,1.4101781845092773,0.0423106849193573,0.04965847358107567,0,True
1381,0.8709155321121216,0.12908446788787842,0.0,0.05028766393661499,1.4097694158554077,1.4127490520477295,0.05028766393661499,0.08052080869674683,0,True
1382,1.072655200958252,0.07265520095825195,0.0,0.06166217103600502,1.5186113119125366,1.5269335508346558,0.06166217103600502,0.03596148267388344,0,True
1383,1.1011496782302856,0.10114967823028564,0.0,0.07781770825386047,1.46254301071167,1.4726462364196777,0.07781770825386047,0.06869452446699142,0,True
1384,1.1014982461929321,0.10149824619293213,0.0,0.08105649799108505,1.4453163146972656,1.4501619338989258,0.08105649799108505,0.1496496945619583,0,True
1385,1.0746053457260132,0.07460534572601318,0.0,0.07783599942922592,1.5400766134262085,1.542976975440979,0.07783599942922592,0.05174443498253822,0,True
1386,1.0900588035583496,0.09005880355834961,0.0,0.06969332695007324,1.478398084640503,1.480040431022644,0.06969332695007324,0.05805829167366028,0,True
1387,1.242775321006775,0.2427753210067749,0.0,0.07301771640777588,1.5426312685012817,1.552797794342041,0.07301771640777588,0.007144702598452568,0,True
1388,0.9845722913742065,0.015427708625793457,0.0,0.07745852321386337,1.1984646320343018,1.202476978302002,0.07745852321386337,0.09084729105234146,0,True
1389,0.8311179876327515,0.16888201236724854,0.0,0.04105772823095322,1.1187106370925903,1.119423747062683,0.04105772823095322,0.06985213607549667,0,True
1390,0.8542401194572449,0.14575988054275513,0.0,0.04868888854980469,1.3668328523635864,1.370781421661377,0.04868888854980469,0.07398080825805664,0,True
1391,0.8668454885482788,0.1331545114517212,0.0,0.054809339344501495,1.453842282295227,1.4604518413543701,0.054809339344501495,0.17022554576396942,0,True
1392,0.9178942441940308,0.08210575580596924,0.0,0.07207845896482468,1.5972950458526611,1.606187105178833,0.07207845896482468,0.032097283750772476,0,True
1393,0.9925723075866699,0.007427692413330078,0.0,0.07759670168161392,1.623331904411316,1.6319090127944946,0.07759670168161392,0.06304886192083359,0,True
1394,1.033599615097046,0.0335996150970459,0.0,0.07170215249061584,1.612213134765625,1.6171905994415283,0.07170215249061584,0.03387795388698578,0,True
1395,1.079008936882019,0.07900893688201904,0.0,0.06783799827098846,1.4940531253814697,1.4973175525665283,0.06783799827098846,0.0310360137373209,0,True
1396,1.2106636762619019,0.21066367626190186,0.0,0.06955336779356003,1.5112210512161255,1.5199053287506104,0.06955336779356003,0.049287986010313034,0,True
1397,1.1702322959899902,0.17023229598999023,0.0,0.0759107768535614,1.0288317203521729,1.039711356163025,0.0759107768535614,0.04959873855113983,0,True
1398,0.9701622724533081,0.029837727546691895,0.0,0.06265000998973846,1.184417963027954,1.183283805847168,0.06265000998973846,0.03151076287031174,0,True
1399,0.8985061049461365,0.10149389505386353,0.0,0.037485841661691666,1.215659499168396,1.217408537864685,0.037485841661691666,0.0020431845914572477,0,True
1400,0.8801493048667908,0.11985069513320923,0.0,0.04535529017448425,1.3489423990249634,1.35221529006958,0.04535529017448425,0.058821529150009155,0,True
