step,mean_vel_x,mean_abs_vx_error,p2_fault_active_mean,residual_action_mean_norm,final_action_mean_norm,base_action_mean_norm,residual_action_max_norm,mean_abs_yaw_error,done_count,no_nan_inf
1,0.13142696022987366,0.8685730695724487,0.0,0.06625653803348541,0.6459068059921265,0.6459068059921265,0.0816497877240181,0.7708640098571777,0,True
2,-0.015639018267393112,1.015639066696167,0.0,0.07814931869506836,1.4421048164367676,1.4421048164367676,0.12067730724811554,0.7196643948554993,0,True
3,0.014589421451091766,0.9854105710983276,0.0,0.07027972489595413,1.0185036659240723,1.0185036659240723,0.14939051866531372,0.7418196201324463,0,True
4,-0.08473449945449829,1.084734559059143,0.0,0.05740667134523392,0.8099914789199829,0.8099914789199829,0.13640885055065155,0.5730959177017212,0,True
5,-0.12068130820989609,1.1206812858581543,0.0,0.057885948568582535,0.750750720500946,0.750750720500946,0.09880902618169785,0.69902503490448,0,True
6,-0.17148828506469727,1.1714882850646973,0.0,0.06584399938583374,0.8505392670631409,0.8505392670631409,0.13727176189422607,0.9592368006706238,0,True
7,-0.1681835949420929,1.1681835651397705,0.0,0.06598679721355438,0.8989254236221313,0.8989254236221313,0.12918859720230103,1.1329255104064941,0,True
8,-0.13589048385620117,1.1358904838562012,0.0,0.0706295520067215,0.9662079811096191,0.9662079811096191,0.1334967017173767,1.2003600597381592,0,True
9,-0.0880873054265976,1.0894612073898315,0.0,0.07476910203695297,1.0390479564666748,1.0390479564666748,0.1392025500535965,1.2772811651229858,0,True
10,-0.04761360585689545,1.0476136207580566,0.0,0.06848274916410446,1.1013312339782715,1.1013312339782715,0.11705842614173889,1.0736136436462402,0,True
11,-0.0017094071954488754,1.0019195079803467,0.0,0.06765610724687576,1.2126331329345703,1.2126331329345703,0.12206264585256577,1.0000073909759521,0,True
12,0.06332887709140778,0.9373552203178406,0.0,0.06293846666812897,1.237959384918213,1.237959384918213,0.11782164871692657,0.8373671770095825,0,True
13,0.1050906702876091,0.8959216475486755,0.0,0.05935503542423248,1.2920808792114258,1.2920808792114258,0.11422377079725266,0.6306706666946411,0,True
14,0.16439595818519592,0.8356236219406128,0.0,0.05845072865486145,1.432935357093811,1.432935357093811,0.10924796760082245,0.560245156288147,0,True
15,0.21676966547966003,0.7836378812789917,0.0,0.058677710592746735,1.4928369522094727,1.4928369522094727,0.10831161588430405,0.4314139485359192,0,True
16,0.2480960488319397,0.7523707151412964,0.0,0.05874324589967728,1.4821147918701172,1.4821147918701172,0.09887669235467911,0.430323988199234,0,True
17,0.25608909130096436,0.7496654987335205,0.0,0.056591928005218506,1.4675887823104858,1.4675887823104858,0.10705919563770294,0.3366633653640747,0,True
18,0.278062641620636,0.7381409406661987,0.0,0.054367803037166595,1.5232864618301392,1.5232864618301392,0.10843140631914139,0.3267657160758972,0,True
19,0.29669684171676636,0.7250329256057739,0.0,0.054170191287994385,1.4886962175369263,1.4886962175369263,0.10700371116399765,0.36002111434936523,0,True
20,0.3091793358325958,0.7106001377105713,0.0,0.0519685260951519,1.4887187480926514,1.4887187480926514,0.08775219321250916,0.3105800747871399,0,True
21,0.3183634877204895,0.6862537860870361,0.0,0.05012571066617966,1.5539599657058716,1.5539599657058716,0.0919312983751297,0.32302534580230713,0,True
22,0.34083572030067444,0.6643790006637573,0.0,0.048907943069934845,1.5513606071472168,1.5513606071472168,0.0891040712594986,0.2947222590446472,0,True
23,0.37166810035705566,0.6311641931533813,0.0,0.05074028670787811,1.5203659534454346,1.5203659534454346,0.09856847673654556,0.3340100049972534,0,True
24,0.3781530261039734,0.6318721771240234,0.0,0.051983341574668884,1.4981575012207031,1.4981575012207031,0.09399018436670303,0.3324226438999176,0,True
25,0.37777894735336304,0.6309820413589478,0.0,0.05207163095474243,1.5259225368499756,1.5259225368499756,0.10355720669031143,0.3722192049026489,0,True
26,0.3692794740200043,0.6406396627426147,0.0,0.053652070462703705,1.565284252166748,1.565284252166748,0.1059146597981453,0.3468706011772156,0,True
27,0.37049272656440735,0.6390392184257507,0.0,0.05519510433077812,1.554014801979065,1.554014801979065,0.12344411760568619,0.3167985677719116,0,True
28,0.37549394369125366,0.6370617151260376,0.0,0.05668821185827255,1.5603678226470947,1.5603678226470947,0.10939688980579376,0.3110628128051758,0,True
29,0.38652366399765015,0.6323546171188354,0.0,0.05930180475115776,1.525174617767334,1.525174617767334,0.10111545771360397,0.3445782959461212,0,True
30,0.3893333673477173,0.6280881762504578,0.0,0.059537678956985474,1.5284967422485352,1.5284967422485352,0.11071068793535233,0.3336154818534851,0,True
31,0.40314429998397827,0.6179854869842529,0.0,0.058416396379470825,1.4819796085357666,1.4819796085357666,0.10335487127304077,0.3187059760093689,0,True
32,0.433627724647522,0.5929384231567383,0.0,0.05939792841672897,1.4888079166412354,1.4888079166412354,0.10387235134840012,0.3164570927619934,0,True
33,0.43786734342575073,0.5937321186065674,0.0,0.059926144778728485,1.4722503423690796,1.4722503423690796,0.10863606631755829,0.3019835352897644,0,True
34,0.4665214419364929,0.5673047304153442,0.0,0.05783873796463013,1.4453623294830322,1.4453623294830322,0.11119958758354187,0.29977312684059143,0,True
35,0.48884308338165283,0.5406739711761475,0.0,0.057477597147226334,1.4496545791625977,1.4496545791625977,0.11486712098121643,0.336323082447052,0,True
36,0.4983377456665039,0.5194190740585327,0.0,0.058210909366607666,1.4301974773406982,1.4301974773406982,0.10541079193353653,0.31812211871147156,0,True
37,0.497109055519104,0.5240465998649597,0.0,0.05895140767097473,1.4409685134887695,1.4409685134887695,0.12195421755313873,0.3086397051811218,0,True
38,0.5218580961227417,0.5183485746383667,0.0,0.057829275727272034,1.4622151851654053,1.4622151851654053,0.11770951002836227,0.3025352358818054,0,True
39,0.5356656312942505,0.5076578855514526,0.0,0.05952764302492142,1.486443281173706,1.486443281173706,0.10810510069131851,0.3228624761104584,1,True
40,0.5489981174468994,0.4864555895328522,0.0,0.05981007218360901,1.4735897779464722,1.4735897779464722,0.11497064679861069,0.32382529973983765,0,True
41,0.5484863519668579,0.48983240127563477,0.0,0.0598934069275856,1.4593992233276367,1.4593992233276367,0.10008089989423752,0.2807224988937378,0,True
42,0.5722191333770752,0.46823394298553467,0.0,0.058576799929142,1.4444308280944824,1.4444308280944824,0.09420020878314972,0.30558305978775024,0,True
43,0.5827999114990234,0.44322314858436584,0.0,0.0594344437122345,1.4557623863220215,1.4557623863220215,0.10965322703123093,0.28344446420669556,0,True
44,0.6012731194496155,0.43521371483802795,0.0,0.06046520918607712,1.4531079530715942,1.4531079530715942,0.10447662323713303,0.30411404371261597,0,True
45,0.6038834452629089,0.44017791748046875,0.0,0.06107937544584274,1.4371225833892822,1.4371225833892822,0.11688673496246338,0.29172754287719727,0,True
46,0.6301058530807495,0.41752737760543823,0.0,0.06028912961483002,1.4372087717056274,1.4372087717056274,0.1199859082698822,0.26225316524505615,0,True
47,0.6515284776687622,0.4010256826877594,0.0,0.0599944032728672,1.4436006546020508,1.4436006546020508,0.09104800969362259,0.2637813091278076,0,True
48,0.680558979511261,0.36899152398109436,0.0,0.06387940049171448,1.453399419784546,1.453399419784546,0.24856692552566528,0.27588576078414917,0,True
49,0.6871702075004578,0.36791902780532837,0.0,0.06306163221597672,1.4252159595489502,1.4252159595489502,0.11413387954235077,0.2757127583026886,0,True
50,0.6812078356742859,0.3798232674598694,0.0,0.06263117492198944,1.4657177925109863,1.4657177925109863,0.12815161049365997,0.26492878794670105,0,True
51,0.6708276271820068,0.3905348777770996,0.0,0.061760902404785156,1.458580732345581,1.458580732345581,0.11142163723707199,0.2611841857433319,0,True
52,0.677656352519989,0.39068543910980225,0.0,0.06236797571182251,1.4808290004730225,1.4808290004730225,0.12039942294359207,0.2762521207332611,0,True
53,0.685178816318512,0.3672925531864166,0.0,0.06253732740879059,1.4944920539855957,1.4944920539855957,0.09394525736570358,0.3076292872428894,0,True
54,0.6945212483406067,0.3595018982887268,0.0,0.06280238926410675,1.5099371671676636,1.5099371671676636,0.09535277634859085,0.3124915361404419,0,True
55,0.6962601542472839,0.3698970675468445,0.0,0.06193836033344269,1.5219411849975586,1.5219411849975586,0.10081968456506729,0.28707754611968994,0,True
56,0.7059899568557739,0.34240585565567017,0.0,0.061832815408706665,1.5354377031326294,1.5354377031326294,0.12558884918689728,0.3501189351081848,0,True
57,0.6963822245597839,0.34718751907348633,0.0,0.06244410201907158,1.5565690994262695,1.5565690994262695,0.14171281456947327,0.3103165626525879,1,True
58,0.6923606991767883,0.34137964248657227,0.0,0.062363870441913605,1.5789291858673096,1.5789291858673096,0.12233878672122955,0.2678847908973694,0,True
59,0.701495349407196,0.3400627374649048,0.0,0.0635896772146225,1.5742909908294678,1.5742909908294678,0.13049602508544922,0.23915205895900726,1,True
60,0.6983989477157593,0.33987173438072205,0.0,0.06436721980571747,1.537935733795166,1.537935733795166,0.11667033284902573,0.2372012883424759,0,True
61,0.7239508628845215,0.33574363589286804,0.0,0.06461155414581299,1.5728156566619873,1.5728156566619873,0.12105023860931396,0.25316959619522095,0,True
62,0.7443220615386963,0.315581738948822,0.0,0.06461820006370544,1.5350141525268555,1.5350141525268555,0.10186047106981277,0.25602957606315613,0,True
63,0.7538812756538391,0.2940046787261963,0.0,0.06652475148439407,1.544512152671814,1.544512152671814,0.1440882384777069,0.23378989100456238,0,True
64,0.7743972539901733,0.2903033494949341,0.0,0.06708790361881256,1.495378017425537,1.495378017425537,0.15122756361961365,0.2517218589782715,0,True
65,0.7533379793167114,0.30085062980651855,0.0,0.06632507592439651,1.4820311069488525,1.4820311069488525,0.132581889629364,0.20587466657161713,1,True
66,0.737128496170044,0.32755112648010254,0.0,0.06393061578273773,1.4656364917755127,1.4656364917755127,0.11870555579662323,0.18566468358039856,0,True
67,0.7346575260162354,0.3382886052131653,0.0,0.06336859613656998,1.478552222251892,1.478552222251892,0.11016867309808731,0.23469719290733337,0,True
68,0.7273274064064026,0.3218224346637726,0.0,0.0644795298576355,1.4705488681793213,1.4705488681793213,0.14731019735336304,0.21010372042655945,0,True
69,0.7040553689002991,0.3372259736061096,0.0,0.06532515585422516,1.4772779941558838,1.4772779941558838,0.13253208994865417,0.24728098511695862,1,True
70,0.7160860300064087,0.3325542211532593,0.0,0.06509417295455933,1.4557886123657227,1.4557886123657227,0.16691254079341888,0.27030396461486816,0,True
71,0.7317392230033875,0.32628822326660156,0.0,0.06725796312093735,1.505427360534668,1.505427360534668,0.13134819269180298,0.2703896760940552,1,True
72,0.745836615562439,0.3192097842693329,0.0,0.06827525049448013,1.4920930862426758,1.4920930862426758,0.11564546078443527,0.2679576575756073,0,True
73,0.7664040923118591,0.3156595230102539,0.0,0.06738215684890747,1.476818323135376,1.476818323135376,0.11300291121006012,0.24039892852306366,0,True
74,0.7441809773445129,0.3144136071205139,0.0,0.06699807196855545,1.4566020965576172,1.4566020965576172,0.14513318240642548,0.2202392965555191,0,True
75,0.7384657263755798,0.3120982050895691,0.0,0.06472651660442352,1.4424935579299927,1.4424935579299927,0.1063293069601059,0.23661763966083527,0,True
76,0.739050030708313,0.3093399107456207,0.0,0.0643787533044815,1.4769043922424316,1.4769043922424316,0.1266295313835144,0.19761937856674194,0,True
77,0.7579550743103027,0.3006822466850281,0.0,0.06439937651157379,1.4609026908874512,1.4609026908874512,0.1364356428384781,0.18757264316082,0,True
78,0.7720076441764832,0.2997853755950928,0.0,0.06672495603561401,1.4455257654190063,1.4455257654190063,0.17176109552383423,0.19846203923225403,0,True
79,0.7681903839111328,0.2941409945487976,0.0,0.06551280617713928,1.4559870958328247,1.4559870958328247,0.15690888464450836,0.1677778959274292,0,True
80,0.7748966217041016,0.27848249673843384,0.0,0.06603982299566269,1.4633903503417969,1.4633903503417969,0.17096641659736633,0.1770174354314804,1,True
81,0.7869428396224976,0.2829229235649109,0.0,0.0648331418633461,1.434525489807129,1.434525489807129,0.13764500617980957,0.15989141166210175,1,True
82,0.7980541586875916,0.27675074338912964,0.0,0.06524635851383209,1.4603712558746338,1.4603712558746338,0.1397179663181305,0.18928144872188568,0,True
83,0.793925404548645,0.27011165022850037,0.0,0.06637075543403625,1.46326744556427,1.46326744556427,0.12178613245487213,0.16226020455360413,0,True
84,0.8086096048355103,0.25703567266464233,0.0,0.06510153412818909,1.4644416570663452,1.4644416570663452,0.09846288710832596,0.17964589595794678,0,True
85,0.812371015548706,0.2553463876247406,0.0,0.06373460590839386,1.4511501789093018,1.4511501789093018,0.10630132257938385,0.15304242074489594,0,True
86,0.8082671761512756,0.2583678066730499,0.0,0.06442956626415253,1.456102728843689,1.456102728843689,0.09865420311689377,0.1492013931274414,0,True
87,0.7959561347961426,0.26232126355171204,0.0,0.06332393735647202,1.4508507251739502,1.4508507251739502,0.10237034410238266,0.1383134424686432,0,True
88,0.7878378629684448,0.27144911885261536,0.0,0.06462661176919937,1.4559495449066162,1.4559495449066162,0.10448870062828064,0.1619284600019455,0,True
89,0.7908375263214111,0.267027348279953,0.0,0.06452618539333344,1.4774916172027588,1.4774916172027588,0.1369643211364746,0.14487022161483765,0,True
90,0.7967147827148438,0.25633710622787476,0.0,0.06511421501636505,1.4707293510437012,1.4707293510437012,0.10500408709049225,0.16618728637695312,0,True
91,0.8086888194084167,0.25682130455970764,0.0,0.06536108255386353,1.4788880348205566,1.4788880348205566,0.1427236944437027,0.18331661820411682,0,True
92,0.8202064633369446,0.25995370745658875,0.0,0.06717261672019958,1.4781076908111572,1.4781076908111572,0.18608419597148895,0.1713818907737732,0,True
93,0.8038049936294556,0.2643328905105591,0.0,0.06604128330945969,1.4575090408325195,1.4575090408325195,0.18200278282165527,0.19023844599723816,1,True
94,0.8057128190994263,0.2672663927078247,0.0,0.06435021758079529,1.433337926864624,1.433337926864624,0.14278411865234375,0.1769082248210907,0,True
95,0.8035136461257935,0.2547641098499298,0.0,0.06422514468431473,1.442317247390747,1.442317247390747,0.16125260293483734,0.15249556303024292,0,True
96,0.813963770866394,0.26350829005241394,0.0,0.06467577815055847,1.4470479488372803,1.4470479488372803,0.17839066684246063,0.16211219131946564,0,True
97,0.8255861401557922,0.25745952129364014,0.0,0.06570881605148315,1.4562759399414062,1.4562759399414062,0.15961849689483643,0.1566334217786789,0,True
98,0.8329806327819824,0.25653403997421265,0.0,0.06686970591545105,1.4562703371047974,1.4562703371047974,0.12684909999370575,0.1612783968448639,0,True
99,0.8178989887237549,0.2515111565589905,0.0,0.0651034563779831,1.4614278078079224,1.4614278078079224,0.10642383992671967,0.14486438035964966,0,True
100,0.8265707492828369,0.24565255641937256,0.0,0.06321914494037628,1.4740769863128662,1.4740769863128662,0.08910160511732101,0.13134917616844177,0,True
101,0.8310641050338745,0.23851048946380615,0.0,0.06505459547042847,1.4820199012756348,1.4820199012756348,0.11856851726770401,0.11406038701534271,0,True
102,0.8277756571769714,0.2320786416530609,0.0,0.06487234681844711,1.4637842178344727,1.4637842178344727,0.1014522910118103,0.12404999136924744,0,True
103,0.8295817971229553,0.24447447061538696,0.0,0.06475699692964554,1.4871152639389038,1.4871152639389038,0.11824452131986618,0.12337765097618103,0,True
104,0.8401245474815369,0.24352550506591797,0.0,0.06533488631248474,1.4953926801681519,1.4953926801681519,0.13034459948539734,0.11800144612789154,0,True
105,0.8374378681182861,0.23983120918273926,0.0,0.06521844863891602,1.4902677536010742,1.4902677536010742,0.11839993298053741,0.12088774144649506,0,True
106,0.841869592666626,0.24219298362731934,0.0,0.0646234005689621,1.502734661102295,1.502734661102295,0.12050386518239975,0.13172173500061035,0,True
107,0.8552722930908203,0.23851405084133148,0.0,0.06527547538280487,1.4909958839416504,1.4909958839416504,0.10693871229887009,0.13658210635185242,0,True
108,0.8573830127716064,0.22497454285621643,0.0,0.06539604812860489,1.4703173637390137,1.4703173637390137,0.10377459228038788,0.12568369507789612,1,True
109,0.8620328307151794,0.21576109528541565,0.0,0.0656934604048729,1.4438514709472656,1.4438514709472656,0.09711191058158875,0.1276986002922058,0,True
110,0.8729345798492432,0.20900264382362366,0.0,0.06515927612781525,1.4490065574645996,1.4490065574645996,0.10523663461208344,0.13942861557006836,0,True
111,0.875749945640564,0.20980483293533325,0.0,0.06422685086727142,1.4423143863677979,1.4423143863677979,0.10983764380216599,0.13425618410110474,0,True
112,0.8684931993484497,0.211202010512352,0.0,0.06462648510932922,1.466529130935669,1.466529130935669,0.15041621029376984,0.15391770005226135,0,True
113,0.8738235831260681,0.21475806832313538,0.0,0.06356938183307648,1.4481487274169922,1.4481487274169922,0.08530666679143906,0.16395536065101624,0,True
114,0.8755009174346924,0.21437856554985046,0.0,0.06363628059625626,1.4484646320343018,1.4484646320343018,0.08698513358831406,0.1393524706363678,0,True
115,0.8742958903312683,0.2101036161184311,0.0,0.0642397552728653,1.4502718448638916,1.4502718448638916,0.0839470773935318,0.12212620675563812,0,True
116,0.8741708993911743,0.20243781805038452,0.0,0.0639563649892807,1.4648594856262207,1.4648594856262207,0.09221093356609344,0.12765094637870789,0,True
117,0.8776125311851501,0.21015188097953796,0.0,0.06398424506187439,1.4467244148254395,1.4467244148254395,0.08555278927087784,0.12201786041259766,0,True
118,0.8925646543502808,0.1991463601589203,0.0,0.0649460107088089,1.467359185218811,1.467359185218811,0.12743976712226868,0.1490822732448578,0,True
119,0.8892220258712769,0.18651500344276428,0.0,0.06497699022293091,1.449026107788086,1.449026107788086,0.08550214022397995,0.12362921237945557,0,True
120,0.890508770942688,0.18727552890777588,0.0,0.06448768824338913,1.4601340293884277,1.4601340293884277,0.10526960343122482,0.12715661525726318,0,True
121,0.9011750221252441,0.18053585290908813,0.0,0.06550966203212738,1.4720299243927002,1.4720299243927002,0.09373912960290909,0.11463971436023712,0,True
122,0.9097234010696411,0.17644807696342468,0.0,0.06581752002239227,1.4490565061569214,1.4490565061569214,0.09672953188419342,0.13235591351985931,0,True
123,0.9213958978652954,0.18602809309959412,0.0,0.06570154428482056,1.4636421203613281,1.4636421203613281,0.08663085848093033,0.12754108011722565,0,True
124,0.9106200933456421,0.19736476242542267,0.0,0.0643412172794342,1.4436248540878296,1.4436248540878296,0.09917108714580536,0.11284561455249786,0,True
125,0.8856250047683716,0.1986704170703888,0.0,0.06401121616363525,1.4577891826629639,1.4577891826629639,0.08560160547494888,0.0960029810667038,0,True
126,0.8819078803062439,0.20085358619689941,0.0,0.06267445534467697,1.4430031776428223,1.4430031776428223,0.09833177924156189,0.10240589082241058,0,True
127,0.8855602145195007,0.19066014885902405,0.0,0.06437073647975922,1.4468331336975098,1.4468331336975098,0.0866866484284401,0.1118638664484024,0,True
128,0.8940801024436951,0.18606813251972198,0.0,0.06513512134552002,1.4329919815063477,1.4329919815063477,0.09584864228963852,0.12483750283718109,0,True
129,0.8916475772857666,0.18803563714027405,0.0,0.06503450870513916,1.4487988948822021,1.4487988948822021,0.09110605716705322,0.1192442998290062,0,True
130,0.900516152381897,0.17385347187519073,0.0,0.0642305314540863,1.451019525527954,1.451019525527954,0.08440299332141876,0.11068752408027649,0,True
131,0.9124059081077576,0.1778264343738556,0.0,0.06412827968597412,1.4650534391403198,1.4650534391403198,0.0870639756321907,0.09119027853012085,0,True
132,0.9270768761634827,0.16990846395492554,0.0,0.06486821174621582,1.4608691930770874,1.4608691930770874,0.10017476230859756,0.08448636531829834,0,True
133,0.9419377446174622,0.1683417558670044,0.0,0.06671774387359619,1.4575649499893188,1.4575649499893188,0.08877120167016983,0.10736057162284851,0,True
134,0.9395428895950317,0.17059162259101868,0.0,0.06563961505889893,1.4283366203308105,1.4283366203308105,0.0836329236626625,0.09838171303272247,0,True
135,0.9233918786048889,0.16731970012187958,0.0,0.064216248691082,1.4413855075836182,1.4413855075836182,0.0859217494726181,0.10344991087913513,0,True
136,0.9266606569290161,0.17129862308502197,0.0,0.06334511935710907,1.4453660249710083,1.4453660249710083,0.08500681817531586,0.10135587304830551,0,True
137,0.9124035835266113,0.1680571734905243,0.0,0.06480124592781067,1.4361505508422852,1.4361505508422852,0.08698947727680206,0.09776907414197922,0,True
138,0.9138848781585693,0.17916910350322723,0.0,0.06356403231620789,1.4385299682617188,1.4385299682617188,0.09706207364797592,0.11535632610321045,0,True
139,0.9100513458251953,0.17414799332618713,0.0,0.06506937742233276,1.4451136589050293,1.4451136589050293,0.09938804805278778,0.11173481494188309,0,True
140,0.9163127541542053,0.16582603752613068,0.0,0.06491181254386902,1.4531311988830566,1.4531311988830566,0.08671025186777115,0.11019407212734222,0,True
141,0.9227352142333984,0.1712271273136139,0.0,0.06536608934402466,1.469165563583374,1.469165563583374,0.15085187554359436,0.10752472281455994,0,True
142,0.934736967086792,0.15816408395767212,0.0,0.06522178649902344,1.4694777727127075,1.4694777727127075,0.08786308020353317,0.1044037863612175,0,True
143,0.9409676790237427,0.16098429262638092,0.0,0.06595167517662048,1.4627940654754639,1.4627940654754639,0.09065114706754684,0.10374204814434052,0,True
144,0.9558739066123962,0.1693097949028015,0.0,0.06613345444202423,1.4768710136413574,1.4768710136413574,0.08803065121173859,0.10083094984292984,0,True
145,0.9554249048233032,0.15741750597953796,0.0,0.06569807231426239,1.4522206783294678,1.4522206783294678,0.09020855277776718,0.10085110366344452,0,True
146,0.9476016163825989,0.1545690894126892,0.0,0.06481734663248062,1.4252171516418457,1.4252171516418457,0.08518727868795395,0.09970323741436005,0,True
147,0.9418306350708008,0.14891940355300903,0.0,0.06410688161849976,1.438842535018921,1.438842535018921,0.10177629441022873,0.0904843881726265,0,True
148,0.9338060617446899,0.150348961353302,0.0,0.06343790888786316,1.4392801523208618,1.4392801523208618,0.10078281909227371,0.09368865191936493,0,True
149,0.9393537044525146,0.14297834038734436,0.0,0.06414048373699188,1.4409654140472412,1.4409654140472412,0.0818573385477066,0.10674779117107391,0,True
150,0.9343818426132202,0.1480075567960739,0.0,0.06440244615077972,1.4715006351470947,1.4715006351470947,0.08702352643013,0.11099924147129059,0,True
151,0.9421334862709045,0.14124080538749695,0.0,0.06541664153337479,1.478240966796875,1.478240966796875,0.08859706670045853,0.11205452680587769,0,True
152,0.9406706094741821,0.14324721693992615,0.0,0.06496404111385345,1.4722846746444702,1.4722846746444702,0.08912438154220581,0.09831653535366058,0,True
153,0.9554440975189209,0.15373918414115906,0.0,0.0651465356349945,1.4919692277908325,1.4919692277908325,0.08428250998258591,0.09518370032310486,0,True
154,0.9728872776031494,0.14984945952892303,0.0,0.06651225686073303,1.4742565155029297,1.4742565155029297,0.08619154989719391,0.09538514167070389,0,True
155,0.9570928812026978,0.1624419391155243,0.0,0.06653222441673279,1.4622347354888916,1.4622347354888916,0.08799098432064056,0.0869755893945694,1,True
156,0.9517507553100586,0.1654628962278366,0.0,0.06549279391765594,1.4194343090057373,1.4194343090057373,0.09084319323301315,0.1020592600107193,0,True
157,0.9409559369087219,0.16331267356872559,0.0,0.06391854584217072,1.4305956363677979,1.4305956363677979,0.08149637281894684,0.10300488770008087,0,True
158,0.9391357898712158,0.1605742871761322,0.0,0.06360629200935364,1.4115447998046875,1.4115447998046875,0.08712618052959442,0.11010423302650452,0,True
159,0.9411537647247314,0.15591523051261902,0.0,0.063720703125,1.4274258613586426,1.4274258613586426,0.08693282306194305,0.11053287982940674,0,True
160,0.9349265694618225,0.15031608939170837,0.0,0.06465466320514679,1.4234352111816406,1.4234352111816406,0.08483708649873734,0.10662876069545746,0,True
161,0.9360651969909668,0.14329978823661804,0.0,0.06547635793685913,1.433821678161621,1.433821678161621,0.08258473873138428,0.10626965016126633,0,True
162,0.9433094263076782,0.14083410799503326,0.0,0.06492088735103607,1.4436079263687134,1.4436079263687134,0.08308044821023941,0.09537139534950256,0,True
163,0.9615431427955627,0.1531391441822052,0.0,0.06562533229589462,1.447799563407898,1.447799563407898,0.08980412781238556,0.09610001742839813,0,True
164,0.9656705856323242,0.15239723026752472,0.0,0.06755553185939789,1.4558625221252441,1.4558625221252441,0.0926075354218483,0.11999368667602539,0,True
165,0.9588488340377808,0.15709805488586426,0.0,0.06686326861381531,1.443640947341919,1.443640947341919,0.08391490578651428,0.1098051443696022,0,True
166,0.9620538949966431,0.1611071228981018,0.0,0.06511357426643372,1.43269681930542,1.43269681930542,0.08956203609704971,0.11183394491672516,0,True
167,0.9496080875396729,0.15248903632164001,0.0,0.06367703527212143,1.4183590412139893,1.4183590412139893,0.08623091876506805,0.10524016618728638,0,True
168,0.9528072476387024,0.15536290407180786,0.0,0.06298713386058807,1.4285905361175537,1.4285905361175537,0.08873871713876724,0.0881907269358635,0,True
169,0.9666591882705688,0.1497216671705246,0.0,0.06546562910079956,1.436307668685913,1.436307668685913,0.0815342366695404,0.10075986385345459,0,True
170,0.9670946002006531,0.13733306527137756,0.0,0.06620942056179047,1.4460070133209229,1.4460070133209229,0.09399954229593277,0.11007443070411682,0,True
171,0.9595010280609131,0.1299062967300415,0.0,0.06593861430883408,1.431105136871338,1.431105136871338,0.08317185938358307,0.10020515322685242,0,True
172,0.9572525024414062,0.1377319097518921,0.0,0.06433168053627014,1.464836835861206,1.464836835861206,0.08586037904024124,0.07471233606338501,0,True
173,0.9735106825828552,0.1415470391511917,0.0,0.06498381495475769,1.4583356380462646,1.4583356380462646,0.08121635019779205,0.09765609353780746,0,True
174,0.9706510901451111,0.14444361627101898,0.0,0.0663176029920578,1.458332896232605,1.458332896232605,0.08950595557689667,0.09577995538711548,0,True
175,0.979638934135437,0.14471973478794098,0.0,0.06625208258628845,1.4552627801895142,1.4552627801895142,0.08371756970882416,0.10119600594043732,0,True
176,0.9769669771194458,0.14349932968616486,0.0,0.06575634330511093,1.4387476444244385,1.4387476444244385,0.08418445289134979,0.09917106479406357,0,True
177,0.9732925891876221,0.14266327023506165,0.0,0.06448360532522202,1.4359405040740967,1.4359405040740967,0.08468738198280334,0.09712474048137665,0,True
178,0.9704704284667969,0.13811840116977692,0.0,0.06447428464889526,1.4415241479873657,1.4415241479873657,0.09047864377498627,0.10052194446325302,0,True
179,0.9796658158302307,0.1431797742843628,0.0,0.065354123711586,1.4434062242507935,1.4434062242507935,0.08909498900175095,0.11353502422571182,0,True
180,0.9803204536437988,0.13908377289772034,0.0,0.0665958821773529,1.4294722080230713,1.4294722080230713,0.08681473881006241,0.09673544764518738,0,True
181,0.9694558382034302,0.12426520138978958,0.0,0.0660775676369667,1.423379898071289,1.423379898071289,0.09053034335374832,0.09180296212434769,0,True
182,0.9619764089584351,0.14054447412490845,0.0,0.06443127244710922,1.4385488033294678,1.4385488033294678,0.08442089706659317,0.08435089141130447,0,True
183,0.9708279967308044,0.15270939469337463,0.0,0.06444495916366577,1.4511209726333618,1.4511209726333618,0.09087341278791428,0.09289619326591492,0,True
184,0.9756660461425781,0.13908329606056213,0.0,0.06565244495868683,1.4506230354309082,1.4506230354309082,0.08768149465322495,0.10786980390548706,0,True
185,0.9758589267730713,0.13631805777549744,0.0,0.06635291874408722,1.4624940156936646,1.4624940156936646,0.08453664183616638,0.08724279701709747,0,True
186,0.9830265045166016,0.1473572999238968,0.0,0.06623518466949463,1.4435830116271973,1.4435830116271973,0.09370981901884079,0.09107865393161774,0,True
187,0.9826966524124146,0.15021127462387085,0.0,0.06524010747671127,1.4379632472991943,1.4379632472991943,0.10313691943883896,0.08919109404087067,0,True
188,0.9799619913101196,0.13130199909210205,0.0,0.06464728713035583,1.4251997470855713,1.4251997470855713,0.08654892444610596,0.08253906667232513,0,True
189,0.9757394194602966,0.14527805149555206,0.0,0.06447401642799377,1.44923996925354,1.44923996925354,0.08333833515644073,0.08630912750959396,0,True
190,0.976626992225647,0.13891133666038513,0.0,0.06618870794773102,1.4438989162445068,1.4438989162445068,0.08529584854841232,0.1088995710015297,0,True
191,0.9744763970375061,0.13134416937828064,0.0,0.06628711521625519,1.4516829252243042,1.4516829252243042,0.0859287828207016,0.10057428479194641,0,True
192,0.9742149114608765,0.1306845247745514,0.0,0.06512567400932312,1.4383418560028076,1.4383418560028076,0.08715862780809402,0.08573953807353973,0,True
193,0.9878332018852234,0.13959673047065735,0.0,0.06529390811920166,1.446983814239502,1.446983814239502,0.0877155140042305,0.09628239274024963,0,True
194,0.9929033517837524,0.14275860786437988,0.0,0.06631369143724442,1.4448925256729126,1.4448925256729126,0.08681876212358475,0.09709691256284714,0,True
195,0.9937902688980103,0.14015594124794006,0.0,0.06649917364120483,1.4551830291748047,1.4551830291748047,0.08914875239133835,0.10426506400108337,0,True
196,0.9910536408424377,0.13186433911323547,0.0,0.06583381444215775,1.4393014907836914,1.4393014907836914,0.08340620249509811,0.09062330424785614,0,True
197,0.9760053157806396,0.13445329666137695,0.0,0.06455492973327637,1.4332243204116821,1.4332243204116821,0.08477192372083664,0.09418453276157379,0,True
198,0.9744573831558228,0.13220107555389404,0.0,0.06383180618286133,1.437746286392212,1.437746286392212,0.08446995168924332,0.09820305556058884,0,True
199,0.9767061471939087,0.14271841943264008,0.0,0.06420975923538208,1.4481574296951294,1.4481574296951294,0.08432012051343918,0.10154779255390167,0,True
200,0.9772408604621887,0.14329060912132263,0.0,0.06540524214506149,1.4465469121932983,1.4465469121932983,0.09570854157209396,0.08642624318599701,0,True
201,0.96944260597229,0.13972461223602295,0.0,0.06599704921245575,1.4540934562683105,1.4540934562683105,0.08580826222896576,0.08629550039768219,0,True
202,0.9756929278373718,0.1295013725757599,0.0,0.0655500590801239,1.4382675886154175,1.4382675886154175,0.08679132908582687,0.08504697680473328,0,True
203,0.9810019731521606,0.1364496946334839,0.0,0.0659533441066742,1.4589853286743164,1.4589853286743164,0.08197873830795288,0.07982747256755829,0,True
204,0.983971893787384,0.13562366366386414,0.0,0.06643222272396088,1.4454965591430664,1.4454965591430664,0.08807564526796341,0.09119325876235962,0,True
205,0.9799883365631104,0.12555056810379028,0.0,0.06583061814308167,1.448051929473877,1.448051929473877,0.09610859304666519,0.09761349856853485,0,True
206,0.9744448661804199,0.13978537917137146,0.0,0.06561293452978134,1.4472603797912598,1.4472603797912598,0.09556782245635986,0.08977895975112915,0,True
207,0.9793305397033691,0.1379149705171585,0.0,0.06517520546913147,1.4374462366104126,1.4374462366104126,0.09764628857374191,0.09908871352672577,0,True
208,0.9761167764663696,0.1371893286705017,0.0,0.06392541527748108,1.4345128536224365,1.4345128536224365,0.0923619270324707,0.0911608636379242,0,True
209,0.9856266975402832,0.1393386423587799,0.0,0.06387411803007126,1.445389986038208,1.445389986038208,0.08307062834501266,0.09170534461736679,0,True
210,0.9887489080429077,0.12715166807174683,0.0,0.06546027958393097,1.4369215965270996,1.4369215965270996,0.0881095752120018,0.08569066971540451,0,True
211,0.9753272533416748,0.12317626178264618,0.0,0.06575486063957214,1.4357072114944458,1.4357072114944458,0.08756007254123688,0.08766628801822662,0,True
212,0.9843329191207886,0.12088824808597565,0.0,0.0656808465719223,1.4462146759033203,1.4462146759033203,0.09319031238555908,0.10740913450717926,0,True
213,0.9809438586235046,0.12764739990234375,0.0,0.06462540477514267,1.443536400794983,1.443536400794983,0.09072175621986389,0.09375408291816711,0,True
214,0.9800450205802917,0.13269102573394775,0.0,0.06491070240736008,1.4499198198318481,1.4499198198318481,0.08931063860654831,0.08736066520214081,0,True
215,0.9852381944656372,0.12877631187438965,0.0,0.06532886624336243,1.4553251266479492,1.4553251266479492,0.085051529109478,0.09318773448467255,0,True
216,0.9856282472610474,0.13424637913703918,0.0,0.065420001745224,1.4513872861862183,1.4513872861862183,0.08261626958847046,0.09149114787578583,0,True
217,0.9970028400421143,0.14100810885429382,0.0,0.06561850011348724,1.4442977905273438,1.4442977905273438,0.09168241918087006,0.09376630932092667,0,True
218,0.9817014932632446,0.12497426569461823,0.0,0.06554223597049713,1.4218299388885498,1.4218299388885498,0.10496678948402405,0.07273244857788086,0,True
219,0.9881390333175659,0.1485063135623932,0.0,0.06469941139221191,1.4493703842163086,1.4493703842163086,0.09891065210103989,0.08746455609798431,0,True
220,0.9852848052978516,0.14393389225006104,0.0,0.06534886360168457,1.4424026012420654,1.4424026012420654,0.0834706649184227,0.09044227749109268,0,True
221,0.9687284231185913,0.13510474562644958,0.0,0.06525798887014389,1.4455170631408691,1.4455170631408691,0.08283241093158722,0.0830240547657013,0,True
222,0.9735767245292664,0.13267011940479279,0.0,0.06462273001670837,1.4497027397155762,1.4497027397155762,0.08831046521663666,0.09120777249336243,0,True
223,0.9762290120124817,0.12742894887924194,0.0,0.06497177481651306,1.4442013502120972,1.4442013502120972,0.08955813944339752,0.09572120010852814,0,True
224,0.9815425276756287,0.12951160967350006,0.0,0.06503254175186157,1.4527236223220825,1.4527236223220825,0.08457967638969421,0.09812191128730774,0,True
225,0.9711474180221558,0.12228840589523315,0.0,0.06637575477361679,1.4628958702087402,1.4628958702087402,0.09612122923135757,0.08155501633882523,0,True
226,0.9880422353744507,0.13166239857673645,0.0,0.06587636470794678,1.4442834854125977,1.4442834854125977,0.08340214192867279,0.08303523063659668,0,True
227,0.9911304712295532,0.14185088872909546,0.0,0.06659293174743652,1.4396196603775024,1.4396196603775024,0.0887690857052803,0.07840089499950409,0,True
228,0.9972468018531799,0.14915534853935242,0.0,0.06576397269964218,1.432837963104248,1.432837963104248,0.09213396161794662,0.09288346767425537,0,True
229,0.9916300773620605,0.13516855239868164,0.0,0.06536303460597992,1.4268181324005127,1.4268181324005127,0.09961622953414917,0.08344409614801407,0,True
230,0.977581262588501,0.13714876770973206,0.0,0.06465549021959305,1.421018123626709,1.421018123626709,0.09145483374595642,0.08591421693563461,0,True
231,0.9725447297096252,0.14038053154945374,0.0,0.06467239558696747,1.4483237266540527,1.4483237266540527,0.08348602056503296,0.08408777415752411,0,True
232,0.9756364226341248,0.13395830988883972,0.0,0.06388407945632935,1.441760778427124,1.441760778427124,0.091513492166996,0.09542132914066315,0,True
233,0.9823566675186157,0.14000768959522247,0.0,0.06494130939245224,1.4631707668304443,1.4631707668304443,0.08875555545091629,0.08448590338230133,0,True
234,0.9901560544967651,0.13111531734466553,0.0,0.06587924063205719,1.447550892829895,1.447550892829895,0.08627673983573914,0.08771912753582001,0,True
235,0.9934521317481995,0.133040189743042,0.0,0.0655783861875534,1.4562432765960693,1.4562432765960693,0.08604101091623306,0.08965005725622177,0,True
236,1.0090744495391846,0.13598531484603882,0.0,0.06593453139066696,1.4568560123443604,1.4568560123443604,0.08485376834869385,0.09300116449594498,0,True
237,1.0011966228485107,0.13482221961021423,0.0,0.0665687769651413,1.43229341506958,1.43229341506958,0.08397882431745529,0.1011645644903183,0,True
238,0.9936210513114929,0.1349429488182068,0.0,0.06543207168579102,1.4369245767593384,1.4369245767593384,0.0900953933596611,0.09187282621860504,0,True
239,0.9932871460914612,0.13007335364818573,0.0,0.06504397839307785,1.4296469688415527,1.4296469688415527,0.09126485884189606,0.0980457291007042,0,True
240,0.9936749339103699,0.13833685219287872,0.0,0.06468158215284348,1.420646071434021,1.420646071434021,0.0946204662322998,0.09113478660583496,0,True
241,0.9778982400894165,0.13581247627735138,0.0,0.06470638513565063,1.4226832389831543,1.4226832389831543,0.08664984256029129,0.08179362118244171,0,True
242,0.9636558294296265,0.1338939666748047,0.0,0.06410683691501617,1.4427143335342407,1.4427143335342407,0.08384080231189728,0.09608262777328491,0,True
243,0.9601747393608093,0.13311165571212769,0.0,0.0646437332034111,1.4620182514190674,1.4620182514190674,0.09057025611400604,0.08097374439239502,0,True
244,0.9721331000328064,0.13564500212669373,0.0,0.06531894207000732,1.4524976015090942,1.4524976015090942,0.08592356741428375,0.08922611176967621,0,True
245,0.9779199957847595,0.13418228924274445,0.0,0.06676587462425232,1.466029405593872,1.466029405593872,0.08791451901197433,0.07876230031251907,0,True
246,0.9912123084068298,0.13283771276474,0.0,0.06682375818490982,1.451484203338623,1.451484203338623,0.08589010685682297,0.09337535500526428,0,True
247,0.9996722936630249,0.13825345039367676,0.0,0.06734402477741241,1.4534915685653687,1.4534915685653687,0.09118441492319107,0.07213874906301498,0,True
248,0.9945552349090576,0.1396300196647644,0.0,0.06714893132448196,1.445583462715149,1.445583462715149,0.09522656351327896,0.07618200778961182,0,True
249,0.9785323143005371,0.1360233724117279,0.0,0.06670238077640533,1.444278597831726,1.444278597831726,0.0882611870765686,0.09494435042142868,0,True
250,0.9904858469963074,0.14440152049064636,0.0,0.06489697098731995,1.4364596605300903,1.4364596605300903,0.0969768762588501,0.09587450325489044,0,True
251,0.9745599031448364,0.13862846791744232,0.0,0.06470467895269394,1.4222674369812012,1.4222674369812012,0.08255136758089066,0.08716000616550446,0,True
252,0.9663584232330322,0.13734713196754456,0.0,0.0641784816980362,1.4364843368530273,1.4364843368530273,0.08565190434455872,0.08817802369594574,0,True
253,0.9728001952171326,0.134453684091568,0.0,0.06462349742650986,1.4510784149169922,1.4510784149169922,0.08540359139442444,0.08602890372276306,0,True
254,0.9868796467781067,0.1335086077451706,0.0,0.0654575377702713,1.441563606262207,1.441563606262207,0.0862572193145752,0.10349936783313751,0,True
255,0.9824541807174683,0.13034775853157043,0.0,0.06578792631626129,1.4584133625030518,1.4584133625030518,0.08181153982877731,0.06903989613056183,0,True
256,0.9932622909545898,0.13271299004554749,0.0,0.06617963314056396,1.4587583541870117,1.4587583541870117,0.09809474647045135,0.07847268134355545,0,True
257,1.0019975900650024,0.14088939130306244,0.0,0.06686556339263916,1.4465296268463135,1.4465296268463135,0.08498811721801758,0.07683698832988739,0,True
258,0.9958478212356567,0.13415151834487915,0.0,0.06614488363265991,1.4322524070739746,1.4322524070739746,0.09256527572870255,0.09445510804653168,0,True
259,0.9799957275390625,0.1313248574733734,0.0,0.06544219702482224,1.4330652952194214,1.4330652952194214,0.09113205969333649,0.0849086344242096,0,True
260,0.9829854369163513,0.1395057737827301,0.0,0.06479012221097946,1.4301276206970215,1.4301276206970215,0.08493977040052414,0.08667312562465668,0,True
261,0.9703313112258911,0.14143583178520203,0.0,0.06496631354093552,1.4336382150650024,1.4336382150650024,0.0846359133720398,0.09372760355472565,0,True
262,0.9661930799484253,0.13294817507266998,0.0,0.06462498754262924,1.4449576139450073,1.4449576139450073,0.10311877727508545,0.09157563745975494,0,True
263,0.9720277786254883,0.14176230132579803,0.0,0.06486629694700241,1.462209701538086,1.462209701538086,0.08527044951915741,0.08990953862667084,0,True
264,0.9848141670227051,0.14866216480731964,0.0,0.06636267155408859,1.4404988288879395,1.4404988288879395,0.08637883514165878,0.08076043426990509,0,True
265,0.9834586977958679,0.14388921856880188,0.0,0.0665241926908493,1.4487485885620117,1.4487485885620117,0.08900085091590881,0.07894445955753326,0,True
266,0.9820165634155273,0.13861745595932007,0.0,0.06565893441438675,1.4467006921768188,1.4467006921768188,0.08738914877176285,0.08399045467376709,0,True
267,0.9786151051521301,0.14116476476192474,0.0,0.06627094745635986,1.4399250745773315,1.4399250745773315,0.0923389196395874,0.08066903054714203,0,True
268,0.9790638089179993,0.1455719769001007,0.0,0.06538505852222443,1.4309568405151367,1.4309568405151367,0.08816039562225342,0.07661674171686172,0,True
269,0.9754424095153809,0.14546141028404236,0.0,0.06545833498239517,1.4324619770050049,1.4324619770050049,0.08386284112930298,0.09115540981292725,0,True
270,0.9860296249389648,0.14679089188575745,0.0,0.06513608992099762,1.4266108274459839,1.4266108274459839,0.08448679745197296,0.10476444661617279,0,True
271,0.9688296914100647,0.13713040947914124,0.0,0.0653161108493805,1.4320337772369385,1.4320337772369385,0.09048096090555191,0.07848985493183136,0,True
272,0.9605633020401001,0.135954350233078,0.0,0.06413152813911438,1.4401609897613525,1.4401609897613525,0.09463625401258469,0.07674720883369446,0,True
273,0.9708617925643921,0.13586553931236267,0.0,0.06451330333948135,1.4540479183197021,1.4540479183197021,0.09674900770187378,0.08076974004507065,0,True
274,0.9814648628234863,0.13658493757247925,0.0,0.0653793141245842,1.4378387928009033,1.4378387928009033,0.09415606409311295,0.09642264246940613,0,True
275,0.9781059622764587,0.13379070162773132,0.0,0.06689368188381195,1.451061725616455,1.451061725616455,0.09794936329126358,0.09320171922445297,0,True
276,0.9885829091072083,0.12762731313705444,0.0,0.06671154499053955,1.454453706741333,1.454453706741333,0.11349986493587494,0.08597513288259506,0,True
277,0.9882469177246094,0.12940065562725067,0.0,0.06612780690193176,1.443798303604126,1.443798303604126,0.12133734673261642,0.0757594183087349,0,True
278,1.0037498474121094,0.14521285891532898,0.0,0.06620500981807709,1.4517951011657715,1.4517951011657715,0.11025076359510422,0.08498381078243256,0,True
279,0.9986048340797424,0.13840053975582123,0.0,0.06682049483060837,1.4405310153961182,1.4405310153961182,0.09576045721769333,0.08420208096504211,0,True
280,0.9782150983810425,0.13318482041358948,0.0,0.06552430987358093,1.4397526979446411,1.4397526979446411,0.09070906788110733,0.08281680196523666,0,True
281,0.9789435267448425,0.13806772232055664,0.0,0.06451674550771713,1.447262167930603,1.447262167930603,0.08819974213838577,0.10850228369235992,0,True
282,0.9663988351821899,0.1270052194595337,0.0,0.06406445801258087,1.427278757095337,1.427278757095337,0.09388801455497742,0.08803185820579529,0,True
283,0.9610257148742676,0.14644482731819153,0.0,0.06323455274105072,1.4578015804290771,1.4578015804290771,0.09759646654129028,0.07712475955486298,0,True
284,0.9762991070747375,0.1397194117307663,0.0,0.06477048248052597,1.4614899158477783,1.4614899158477783,0.10004819929599762,0.08602868020534515,0,True
285,0.983320951461792,0.14378078281879425,0.0,0.06617322564125061,1.4707865715026855,1.4707865715026855,0.0989004448056221,0.08634147047996521,0,True
286,0.9924061894416809,0.13563477993011475,0.0,0.06690306961536407,1.4478743076324463,1.4478743076324463,0.08836040645837784,0.09341338276863098,0,True
287,0.9932274222373962,0.13717353343963623,0.0,0.06670963764190674,1.4546955823898315,1.4546955823898315,0.10071643441915512,0.08399408310651779,0,True
288,1.004109501838684,0.13349179923534393,0.0,0.06637008488178253,1.4494361877441406,1.4494361877441406,0.10111863166093826,0.08858772367238998,0,True
289,1.0045666694641113,0.13204722106456757,0.0,0.0660427063703537,1.42192542552948,1.42192542552948,0.09599220752716064,0.0861106663942337,0,True
290,0.9898852109909058,0.13232436776161194,0.0,0.06594955921173096,1.422440767288208,1.422440767288208,0.1518057882785797,0.11000537127256393,0,True
291,0.9718949794769287,0.13535422086715698,0.0,0.06451215595006943,1.4295825958251953,1.4295825958251953,0.11074327677488327,0.09957831352949142,0,True
292,0.9634256362915039,0.14416012167930603,0.0,0.06335094571113586,1.4178465604782104,1.4178465604782104,0.10457856208086014,0.08351770043373108,0,True
293,0.9622002243995667,0.1449538618326187,0.0,0.06273713707923889,1.4477005004882812,1.4477005004882812,0.09904886782169342,0.09448253363370895,0,True
294,0.9694222807884216,0.1413387954235077,0.0,0.06479055434465408,1.457120656967163,1.457120656967163,0.09040308743715286,0.07818878442049026,0,True
295,0.9811519384384155,0.1369071900844574,0.0,0.06576152890920639,1.4675068855285645,1.4675068855285645,0.08294019103050232,0.09226765483617783,0,True
296,0.9855664372444153,0.12406916916370392,0.0,0.0668385773897171,1.4478510618209839,1.4478510618209839,0.09235615283250809,0.08893775939941406,0,True
297,0.9955873489379883,0.13232317566871643,0.0,0.06642742455005646,1.452589511871338,1.452589511871338,0.08938368409872055,0.07689155638217926,0,True
298,1.0041069984436035,0.13534121215343475,0.0,0.06645801663398743,1.4366525411605835,1.4366525411605835,0.08813130110502243,0.09547168016433716,0,True
299,0.9951750040054321,0.13037198781967163,0.0,0.06709528714418411,1.4289085865020752,1.4289085865020752,0.0955428034067154,0.09820064157247543,0,True
300,0.9876480102539062,0.1416212022304535,0.0,0.06578658521175385,1.4190406799316406,1.4190406799316406,0.10431656241416931,0.0911242887377739,0,True
301,0.9713243842124939,0.13882720470428467,0.921875,0.0639018714427948,1.4187238216400146,1.4187238216400146,0.10735463351011276,0.08735060691833496,0,True
302,0.9677541255950928,0.14022502303123474,0.921875,0.06278123706579208,1.4253839254379272,1.4253839254379272,0.11901552230119705,0.09418253600597382,0,True
303,0.9695598483085632,0.153508260846138,0.921875,0.06370889395475388,1.4471454620361328,1.4471454620361328,0.11980545520782471,0.09352098405361176,0,True
304,0.9808521270751953,0.14975093305110931,0.921875,0.06558473408222198,1.4450422525405884,1.4450422525405884,0.10014428943395615,0.11766685545444489,0,True
305,0.9823005199432373,0.14041584730148315,0.921875,0.06605230271816254,1.4505517482757568,1.4505517482757568,0.08604765683412552,0.11692112684249878,0,True
306,1.0024738311767578,0.13943348824977875,0.921875,0.06599888205528259,1.4516286849975586,1.4516286849975586,0.08570637553930283,0.13221752643585205,0,True
307,1.0060207843780518,0.14309538900852203,0.921875,0.0667816773056984,1.4506783485412598,1.4506783485412598,0.09123828262090683,0.11417672038078308,0,True
308,1.010974407196045,0.1413603127002716,0.921875,0.06607700139284134,1.4371848106384277,1.4371848106384277,0.1017819419503212,0.14246100187301636,0,True
309,1.0058724880218506,0.14690031111240387,0.921875,0.06630675494670868,1.4611785411834717,1.4611785411834717,0.08785182237625122,0.1367759257555008,0,True
310,0.999774694442749,0.13763999938964844,0.921875,0.06600847095251083,1.4047856330871582,1.4047856330871582,0.09021884202957153,0.13279274106025696,0,True
311,0.9631361961364746,0.12793734669685364,0.921875,0.06345390528440475,1.4089369773864746,1.4089369773864746,0.095604807138443,0.11737459152936935,0,True
312,0.9700454473495483,0.1358720362186432,0.921875,0.06215637922286987,1.4184298515319824,1.4184298515319824,0.10947513580322266,0.1331736445426941,0,True
313,0.9711394309997559,0.1195327565073967,0.921875,0.06320148706436157,1.4454171657562256,1.4454171657562256,0.10143952816724777,0.14274471998214722,0,True
314,0.9981196522712708,0.1334424912929535,0.921875,0.06461960077285767,1.463860034942627,1.463860034942627,0.08588367700576782,0.1532316952943802,0,True
315,1.0133445262908936,0.13759997487068176,0.921875,0.06691566109657288,1.4628076553344727,1.4628076553344727,0.09141021966934204,0.13174782693386078,0,True
316,1.0168235301971436,0.1365545690059662,0.921875,0.06722172349691391,1.4674781560897827,1.4674781560897827,0.10288558155298233,0.1384042203426361,0,True
317,1.03486168384552,0.14921969175338745,0.921875,0.06691354513168335,1.4684079885482788,1.4684079885482788,0.09054030478000641,0.14811129868030548,0,True
318,1.0366671085357666,0.15964466333389282,0.921875,0.06748446077108383,1.4476540088653564,1.4476540088653564,0.09443769603967667,0.1457538604736328,0,True
319,1.0315821170806885,0.161864772439003,0.921875,0.06717684864997864,1.443386197090149,1.443386197090149,0.09212056547403336,0.15699899196624756,0,True
320,1.0009006261825562,0.1453353762626648,0.921875,0.06637199968099594,1.4158949851989746,1.4158949851989746,0.08977869153022766,0.1553400456905365,0,True
321,0.9685076475143433,0.13943617045879364,0.921875,0.06304369866847992,1.4050567150115967,1.4050567150115967,0.11622928082942963,0.1573224663734436,0,True
322,0.956620454788208,0.13673892617225647,0.921875,0.06142426282167435,1.4165167808532715,1.4165167808532715,0.09358551353216171,0.17404916882514954,0,True
323,0.9607064723968506,0.13062414526939392,0.921875,0.0627807229757309,1.4475449323654175,1.4475449323654175,0.09807736426591873,0.18299642205238342,0,True
324,0.9738431572914124,0.12265223264694214,0.921875,0.06495814770460129,1.451427698135376,1.451427698135376,0.10998114943504333,0.1662900447845459,0,True
325,0.9900829792022705,0.1290827840566635,0.921875,0.06679260730743408,1.484328031539917,1.484328031539917,0.129840686917305,0.14952275156974792,0,True
326,1.007097601890564,0.12893718481063843,0.921875,0.06802544742822647,1.4744704961776733,1.4744704961776733,0.09350161999464035,0.15038079023361206,0,True
327,1.0203070640563965,0.13948363065719604,0.921875,0.06778135895729065,1.4839906692504883,1.4839906692504883,0.09272688627243042,0.13934862613677979,0,True
328,1.0388078689575195,0.15011441707611084,0.921875,0.0681871622800827,1.4647066593170166,1.4647066593170166,0.09896475076675415,0.14545734226703644,0,True
329,1.0413804054260254,0.1618099808692932,0.921875,0.06857506930828094,1.4429882764816284,1.4429882764816284,0.09682785719633102,0.17368794977664948,0,True
330,1.0408570766448975,0.16451005637645721,0.921875,0.06801265478134155,1.4088002443313599,1.4088002443313599,0.09460070729255676,0.1763288378715515,0,True
331,1.0046911239624023,0.1541505753993988,0.921875,0.065094493329525,1.405240774154663,1.405240774154663,0.1027548611164093,0.18283258378505707,0,True
332,0.9628583788871765,0.14013752341270447,0.921875,0.06245868653059006,1.410618543624878,1.410618543624878,0.10521376878023148,0.17189893126487732,0,True
333,0.9575843811035156,0.1370309293270111,0.921875,0.06189450994133949,1.4314062595367432,1.4314062595367432,0.10650923103094101,0.1777215301990509,0,True
334,0.9688947200775146,0.1310366839170456,0.921875,0.06501156091690063,1.4186897277832031,1.4186897277832031,0.11279215663671494,0.1946568787097931,0,True
335,0.9729436635971069,0.12027012556791306,0.921875,0.0672338455915451,1.477821946144104,1.477821946144104,0.10133745521306992,0.1871751844882965,0,True
336,0.9987194538116455,0.13040438294410706,0.921875,0.06790719926357269,1.477304458618164,1.477304458618164,0.09431913495063782,0.1628466248512268,0,True
337,1.0160614252090454,0.13403189182281494,0.921875,0.0683608278632164,1.4671777486801147,1.4671777486801147,0.09955993294715881,0.13401588797569275,0,True
338,1.0171866416931152,0.1351473033428192,0.921875,0.06799550354480743,1.4539153575897217,1.4539153575897217,0.09517393261194229,0.13727620244026184,0,True
339,1.0282013416290283,0.1464540809392929,0.921875,0.06780912727117538,1.4534366130828857,1.4534366130828857,0.0926048681139946,0.12741588056087494,0,True
340,1.0305461883544922,0.15930671989917755,0.9296875,0.06771626323461533,1.435070514678955,1.435070514678955,0.10941120237112045,0.1461629718542099,0,True
341,1.0208499431610107,0.16257008910179138,0.9296875,0.06750813126564026,1.4103589057922363,1.4103589057922363,0.13044118881225586,0.1761571615934372,0,True
342,0.9971145987510681,0.15555959939956665,0.9296875,0.06462711095809937,1.3882145881652832,1.3882145881652832,0.11708872765302658,0.18109369277954102,0,True
343,0.9647713899612427,0.13433107733726501,0.9296875,0.06222733110189438,1.3943642377853394,1.3943642377853394,0.10745374858379364,0.1973899006843567,0,True
344,0.9566028714179993,0.12512841820716858,0.9296875,0.06246078386902809,1.437185525894165,1.437185525894165,0.10135027766227722,0.18648281693458557,0,True
345,0.9613841772079468,0.11685329675674438,0.9296875,0.06513321399688721,1.4653724431991577,1.4653724431991577,0.1163785383105278,0.1908937394618988,0,True
346,0.9718459844589233,0.11770057678222656,0.9296875,0.06714358925819397,1.4877352714538574,1.4877352714538574,0.09214536100625992,0.21154676377773285,0,True
347,0.9886404275894165,0.1116122156381607,0.9296875,0.0684078261256218,1.4785096645355225,1.4785096645355225,0.09349042177200317,0.17851655185222626,0,True
348,1.008421540260315,0.12059197574853897,0.9296875,0.06802813708782196,1.480029821395874,1.480029821395874,0.0970081314444542,0.14651693403720856,0,True
349,1.0303878784179688,0.14417371153831482,0.9296875,0.06889407336711884,1.460883617401123,1.460883617401123,0.09631634503602982,0.12886729836463928,0,True
350,1.0240285396575928,0.16031022369861603,0.9296875,0.06882396340370178,1.432939887046814,1.432939887046814,0.12505313754081726,0.13537980616092682,0,True
351,1.012981653213501,0.16061674058437347,0.9296875,0.06704069674015045,1.4094034433364868,1.4094034433364868,0.11670596152544022,0.1565241515636444,0,True
352,0.994202733039856,0.16202819347381592,0.9296875,0.06503427028656006,1.4303920269012451,1.4303920269012451,0.09154395014047623,0.12393534928560257,0,True
353,0.9975405335426331,0.16199401021003723,0.9296875,0.06434734165668488,1.3942803144454956,1.3942803144454956,0.09351544827222824,0.1442449539899826,0,True
354,0.9768261909484863,0.14977256953716278,0.9296875,0.06440289318561554,1.4226293563842773,1.4226293563842773,0.10457441955804825,0.15688419342041016,0,True
355,0.9771533012390137,0.12156053632497787,0.9296875,0.06459645926952362,1.424393892288208,1.424393892288208,0.09175894409418106,0.19412800669670105,0,True
356,0.9677391052246094,0.11948475241661072,0.9296875,0.06392522156238556,1.4416234493255615,1.4416234493255615,0.08895914256572723,0.15524551272392273,0,True
357,0.9749698042869568,0.11922682076692581,0.9296875,0.06651530414819717,1.4510140419006348,1.4510140419006348,0.10047116875648499,0.16178598999977112,0,True
358,0.9939587116241455,0.12566877901554108,0.9375,0.0657544881105423,1.4734141826629639,1.4734141826629639,0.0851747989654541,0.1726388931274414,0,True
359,1.0053205490112305,0.1378573179244995,0.9375,0.06700025498867035,1.460039734840393,1.460039734840393,0.09064557403326035,0.15071101486682892,0,True
360,1.0109970569610596,0.13823390007019043,0.9453125,0.06832896173000336,1.456390142440796,1.456390142440796,0.09995122253894806,0.1421310305595398,0,True
361,1.0050487518310547,0.14427608251571655,0.9453125,0.06745032966136932,1.4358667135238647,1.4358667135238647,0.09516432136297226,0.1620110422372818,0,True
362,0.9982306361198425,0.1505020260810852,0.9453125,0.06561093777418137,1.4202288389205933,1.4202288389205933,0.09114236384630203,0.16005747020244598,0,True
363,0.9949477314949036,0.15848353505134583,0.9453125,0.06492407619953156,1.4470124244689941,1.4470124244689941,0.14280124008655548,0.15151864290237427,0,True
364,0.9939135909080505,0.1563204824924469,0.9453125,0.06575518846511841,1.431895136833191,1.431895136833191,0.10804035514593124,0.1552668809890747,0,True
365,0.9916677474975586,0.1523303985595703,0.9453125,0.0656931921839714,1.4588847160339355,1.4588847160339355,0.09006331115961075,0.1765025407075882,0,True
366,0.9917404651641846,0.13496345281600952,0.953125,0.06500054895877838,1.4310815334320068,1.4310815334320068,0.08877862989902496,0.17874717712402344,0,True
367,0.9734129309654236,0.11360307037830353,0.953125,0.06439225375652313,1.4479467868804932,1.4479467868804932,0.1080840677022934,0.16953739523887634,0,True
368,0.9902514219284058,0.11861757189035416,0.953125,0.06434129178524017,1.4722034931182861,1.4722034931182861,0.1025233194231987,0.17389996349811554,0,True
369,1.0138306617736816,0.13100355863571167,0.953125,0.0670996755361557,1.4719593524932861,1.4719593524932861,0.08938673883676529,0.1704965978860855,0,True
370,1.0203487873077393,0.13330931961536407,0.9609375,0.06869938224554062,1.4368400573730469,1.4368400573730469,0.0910218358039856,0.18274231255054474,0,True
371,1.0002694129943848,0.12932097911834717,0.9609375,0.06691643595695496,1.439026951789856,1.439026951789856,0.11269597709178925,0.16881109774112701,0,True
372,0.9794293642044067,0.12943041324615479,0.96875,0.06448684632778168,1.4352877140045166,1.4352877140045166,0.0979624092578888,0.14566457271575928,0,True
373,0.9728578925132751,0.13844417035579681,0.96875,0.06354795396327972,1.419150471687317,1.419150471687317,0.09095124155282974,0.13975301384925842,0,True
374,0.9897853136062622,0.1452135443687439,0.96875,0.06480877101421356,1.4236856698989868,1.4236856698989868,0.09249577671289444,0.1493181586265564,0,True
375,1.0016826391220093,0.14836075901985168,0.96875,0.06636825203895569,1.417980432510376,1.417980432510376,0.0968584194779396,0.15475696325302124,0,True
376,0.9934602975845337,0.13425661623477936,0.96875,0.06688478589057922,1.407546043395996,1.407546043395996,0.09382082521915436,0.13763268291950226,0,True
377,0.9744818210601807,0.12643206119537354,0.96875,0.06459887325763702,1.4405012130737305,1.4405012130737305,0.09683023393154144,0.16281479597091675,0,True
378,0.9822169542312622,0.12919196486473083,0.96875,0.06385242938995361,1.4196479320526123,1.4196479320526123,0.10119643062353134,0.16590026021003723,0,True
379,0.9887087941169739,0.13377022743225098,0.96875,0.0643228217959404,1.4447680711746216,1.4447680711746216,0.09170304238796234,0.1818533092737198,0,True
380,0.9930371642112732,0.13691255450248718,0.96875,0.06601337343454361,1.4612374305725098,1.4612374305725098,0.09637138992547989,0.17008820176124573,0,True
381,0.9885349273681641,0.1409127563238144,0.9765625,0.06721414625644684,1.4450652599334717,1.4450652599334717,0.09140890091657639,0.17786434292793274,0,True
382,0.9805429577827454,0.14309389889240265,0.984375,0.06633538007736206,1.4055976867675781,1.4055976867675781,0.0866396427154541,0.17139410972595215,0,True
383,0.9751908183097839,0.1344318687915802,0.984375,0.06409446895122528,1.424448013305664,1.424448013305664,0.09924061596393585,0.14881539344787598,0,True
384,0.9720903038978577,0.1394660919904709,0.984375,0.06481416523456573,1.432651162147522,1.432651162147522,0.13002188503742218,0.1670258492231369,0,True
385,0.9791439771652222,0.14038413763046265,0.984375,0.06572417914867401,1.4387547969818115,1.4387547969818115,0.10224602371454239,0.148935467004776,0,True
386,0.9835940599441528,0.13188642263412476,0.984375,0.06711975485086441,1.4118467569351196,1.4118467569351196,0.09320592135190964,0.15912172198295593,0,True
387,0.985078752040863,0.1304859220981598,0.984375,0.06610019505023956,1.4211524724960327,1.4211524724960327,0.09076327830553055,0.16323891282081604,0,True
388,0.989854633808136,0.14581257104873657,0.984375,0.06556680798530579,1.4177569150924683,1.4177569150924683,0.13785907626152039,0.15736305713653564,0,True
389,0.9843661785125732,0.13796770572662354,0.984375,0.06601282954216003,1.450561285018921,1.450561285018921,0.09646105766296387,0.17049798369407654,0,True
390,0.9890158772468567,0.14060156047344208,0.984375,0.06454258412122726,1.4317642450332642,1.4317642450332642,0.08518852293491364,0.15947116911411285,0,True
391,0.9833897352218628,0.13345777988433838,0.984375,0.0646546259522438,1.4388628005981445,1.4388628005981445,0.09229434281587601,0.19102707505226135,0,True
392,0.9856686592102051,0.13124805688858032,0.984375,0.06568077206611633,1.4541904926300049,1.4541904926300049,0.09216047823429108,0.1923859417438507,0,True
393,0.9884521961212158,0.13083285093307495,0.984375,0.06473271548748016,1.4210991859436035,1.4210991859436035,0.08911686390638351,0.1917211413383484,0,True
394,0.9845172166824341,0.12108016014099121,0.984375,0.06428460776805878,1.4572691917419434,1.4572691917419434,0.12870347499847412,0.19712913036346436,0,True
395,0.9806275963783264,0.12642444670200348,0.984375,0.06442994624376297,1.432489037513733,1.432489037513733,0.08937173336744308,0.1477648913860321,0,True
396,0.9911483526229858,0.12555262446403503,0.984375,0.06556223332881927,1.4350218772888184,1.4350218772888184,0.08801354467868805,0.161002978682518,0,True
397,0.9900761842727661,0.1329895555973053,0.984375,0.06657734513282776,1.4482637643814087,1.4482637643814087,0.0916111171245575,0.16792361438274384,0,True
398,0.981145441532135,0.12620167434215546,0.984375,0.06623642146587372,1.434348225593567,1.434348225593567,0.10692539811134338,0.15875256061553955,0,True
399,0.9869889616966248,0.12453287839889526,0.984375,0.06565244495868683,1.4683101177215576,1.4683101177215576,0.08984166383743286,0.15323737263679504,0,True
400,1.0013196468353271,0.14523175358772278,0.984375,0.06619876623153687,1.4340001344680786,1.4340001344680786,0.10324873775243759,0.15287995338439941,0,True
401,1.0094151496887207,0.13419468700885773,0.984375,0.06669062376022339,1.3976614475250244,1.3976614475250244,0.09303424507379532,0.16542303562164307,0,True
402,1.0050559043884277,0.1337449997663498,0.984375,0.06568194925785065,1.4269943237304688,1.4269943237304688,0.09575758874416351,0.16946916282176971,0,True
403,0.9964402318000793,0.1355229914188385,0.984375,0.065031498670578,1.4018945693969727,1.4018945693969727,0.10091372579336166,0.18309874832630157,0,True
404,0.9710071682929993,0.1340717077255249,0.984375,0.06376330554485321,1.4143093824386597,1.4143093824386597,0.08775709569454193,0.16099637746810913,0,True
405,0.9655663371086121,0.12096552550792694,0.984375,0.06321053206920624,1.428188681602478,1.428188681602478,0.10172176361083984,0.17390328645706177,0,True
406,0.9701939821243286,0.1256110668182373,0.984375,0.06418174505233765,1.4472894668579102,1.4472894668579102,0.09073714911937714,0.1618449091911316,0,True
407,0.9895153045654297,0.12131287157535553,0.984375,0.06641969829797745,1.4450666904449463,1.4450666904449463,0.09146488457918167,0.17832109332084656,0,True
408,0.9932537078857422,0.11612215638160706,0.984375,0.06656219065189362,1.4523255825042725,1.4523255825042725,0.09679367393255234,0.16574546694755554,0,True
409,1.006502628326416,0.1313769519329071,0.9921875,0.06647463142871857,1.4564436674118042,1.4564436674118042,0.10269846767187119,0.16694951057434082,0,True
410,1.0121955871582031,0.14048364758491516,0.9921875,0.06782574951648712,1.4477617740631104,1.4477617740631104,0.09527198225259781,0.1447252631187439,0,True
411,1.0114269256591797,0.13625065982341766,0.9921875,0.06792397797107697,1.445298671722412,1.445298671722412,0.09980901330709457,0.15807652473449707,0,True
412,1.004341721534729,0.13189396262168884,0.9921875,0.06731095910072327,1.435298204421997,1.435298204421997,0.09730213135480881,0.1748315691947937,0,True
413,0.995929479598999,0.13517959415912628,0.9921875,0.06605610996484756,1.4210331439971924,1.4210331439971924,0.10004084557294846,0.15567921102046967,0,True
414,0.9948914051055908,0.12984177470207214,0.9921875,0.06513294577598572,1.4149256944656372,1.4149256944656372,0.0990455150604248,0.1750083863735199,0,True
415,1.0001208782196045,0.12542767822742462,0.9921875,0.06438879668712616,1.4130021333694458,1.4130021333694458,0.09048961848020554,0.19763463735580444,0,True
416,0.9883571267127991,0.12073802947998047,0.9921875,0.06396514177322388,1.4236987829208374,1.4236987829208374,0.08922279626131058,0.16927564144134521,0,True
417,0.9780495166778564,0.12093954533338547,0.9921875,0.06443898379802704,1.44655179977417,1.44655179977417,0.08847485482692719,0.16781911253929138,0,True
418,0.9874268770217896,0.11370056867599487,0.9921875,0.06573197990655899,1.4497674703598022,1.4497674703598022,0.09237555414438248,0.1673649102449417,0,True
419,0.9881070256233215,0.12427961826324463,0.9921875,0.0660039633512497,1.4573018550872803,1.4573018550872803,0.08930929750204086,0.17769908905029297,0,True
420,1.0008189678192139,0.12229157984256744,0.9921875,0.0683068260550499,1.4711755514144897,1.4711755514144897,0.1295856386423111,0.16166654229164124,0,True
421,1.0069358348846436,0.1306239813566208,0.9921875,0.06813524663448334,1.4462716579437256,1.4462716579437256,0.118309386074543,0.13751986622810364,0,True
422,1.002005696296692,0.139481782913208,0.9921875,0.06790964305400848,1.4281669855117798,1.4281669855117798,0.1135411486029625,0.15273550152778625,0,True
423,1.0047523975372314,0.1466655731201172,0.9921875,0.06614203751087189,1.4191495180130005,1.4191495180130005,0.09074831008911133,0.15776169300079346,0,True
424,0.9973645210266113,0.14153793454170227,0.9921875,0.0665656328201294,1.3953322172164917,1.3953322172164917,0.08990530669689178,0.16930171847343445,0,True
425,0.9883486032485962,0.129195898771286,0.9921875,0.06488138437271118,1.412843108177185,1.412843108177185,0.093778096139431,0.1646537482738495,0,True
426,0.9952807426452637,0.1323627382516861,0.9921875,0.06472106277942657,1.432675838470459,1.432675838470459,0.10582512617111206,0.17861975729465485,0,True
427,0.9997181296348572,0.13233795762062073,0.9921875,0.0654345154762268,1.422446608543396,1.422446608543396,0.11548691242933273,0.17930398881435394,0,True
428,0.9957135915756226,0.11677999049425125,0.9921875,0.06542709469795227,1.432049036026001,1.432049036026001,0.09155645966529846,0.19715741276741028,0,True
429,0.9813345670700073,0.108695387840271,0.9921875,0.06500456482172012,1.455613136291504,1.455613136291504,0.08916470408439636,0.18039453029632568,0,True
430,0.9871749877929688,0.11933501064777374,0.9921875,0.06510385870933533,1.4436357021331787,1.4436357021331787,0.09346972405910492,0.1818162500858307,0,True
431,0.9835818409919739,0.12100981175899506,0.9921875,0.06626005470752716,1.446752667427063,1.446752667427063,0.09121812134981155,0.15588046610355377,0,True
432,0.9895622730255127,0.12378767132759094,0.9921875,0.06651739776134491,1.468205213546753,1.468205213546753,0.09385711699724197,0.169486403465271,0,True
433,0.9941383600234985,0.12012936919927597,0.9921875,0.06777310371398926,1.4554519653320312,1.4554519653320312,0.09277978539466858,0.1494201123714447,0,True
434,0.9992249011993408,0.13388831913471222,0.9921875,0.06755197048187256,1.4471325874328613,1.4471325874328613,0.09331125766038895,0.140354186296463,0,True
435,0.9990735054016113,0.14034318923950195,0.9921875,0.06673003733158112,1.4208989143371582,1.4208989143371582,0.0988367423415184,0.1430005133152008,0,True
436,0.9953557252883911,0.1384042501449585,0.9921875,0.06570840626955032,1.4333248138427734,1.4333248138427734,0.09167782217264175,0.13664066791534424,0,True
437,0.9916852116584778,0.13074587285518646,0.9921875,0.06587962806224823,1.4098783731460571,1.4098783731460571,0.09378540515899658,0.14171084761619568,0,True
438,0.9986487030982971,0.13401292264461517,0.9921875,0.06606481224298477,1.4154775142669678,1.4154775142669678,0.09229971468448639,0.14062118530273438,0,True
439,0.9916399121284485,0.12711429595947266,0.9921875,0.06561080366373062,1.4172120094299316,1.4172120094299316,0.09162124991416931,0.14953458309173584,0,True
440,0.9826873540878296,0.11652348190546036,0.9921875,0.06507596373558044,1.4209315776824951,1.4209315776824951,0.09110920131206512,0.13911646604537964,0,True
441,0.9746283292770386,0.12182201445102692,0.9921875,0.06344339996576309,1.4266078472137451,1.4266078472137451,0.09197095781564713,0.16894710063934326,0,True
442,0.9905979633331299,0.13392925262451172,0.9921875,0.06449417769908905,1.4410358667373657,1.4410358667373657,0.08913923054933548,0.17449557781219482,0,True
443,0.9874252080917358,0.12658166885375977,0.9921875,0.06569409370422363,1.4413843154907227,1.4413843154907227,0.09197908639907837,0.15122880041599274,0,True
444,0.9826631546020508,0.12109842896461487,0.9921875,0.06615801155567169,1.4500185251235962,1.4500185251235962,0.09530315548181534,0.16443705558776855,0,True
445,0.9817811846733093,0.11878382414579391,0.9921875,0.06616953015327454,1.4474995136260986,1.4474995136260986,0.09772595763206482,0.1504296213388443,0,True
446,1.0018401145935059,0.11790375411510468,0.9921875,0.06674391776323318,1.4317491054534912,1.4317491054534912,0.1051056832075119,0.1570659577846527,0,True
447,1.0015982389450073,0.12801773846149445,0.9921875,0.06684105098247528,1.4070247411727905,1.4070247411727905,0.0995011180639267,0.15839402377605438,0,True
448,0.9905772805213928,0.12822017073631287,0.9921875,0.06674690544605255,1.434293270111084,1.434293270111084,0.0930430144071579,0.13041435182094574,0,True
449,0.996086061000824,0.13228285312652588,0.9921875,0.06608214974403381,1.411656141281128,1.411656141281128,0.09305659681558609,0.14407770335674286,0,True
450,0.9866988062858582,0.1366666555404663,0.9921875,0.06488089263439178,1.4225573539733887,1.4225573539733887,0.09179577976465225,0.1659039705991745,0,True
451,0.977487325668335,0.12939512729644775,0.9921875,0.06474894285202026,1.4269423484802246,1.4269423484802246,0.09233469516038895,0.16192951798439026,0,True
452,0.9860861897468567,0.12702837586402893,0.9921875,0.06454244256019592,1.407454013824463,1.407454013824463,0.09167949110269547,0.16444557905197144,0,True
453,0.9738681316375732,0.11798528581857681,0.9921875,0.06454001367092133,1.4341646432876587,1.4341646432876587,0.09293332695960999,0.16848133504390717,0,True
454,0.973381757736206,0.11090561747550964,0.9921875,0.06548170745372772,1.4432156085968018,1.4432156085968018,0.09688161313533783,0.17587938904762268,0,True
455,0.9825767278671265,0.12035414576530457,0.9921875,0.06563310325145721,1.461018681526184,1.461018681526184,0.09688824415206909,0.14601285755634308,0,True
456,0.9951402544975281,0.1241135373711586,1.0,0.06718119233846664,1.438674807548523,1.438674807548523,0.09400580078363419,0.169967383146286,0,True
457,0.9960627555847168,0.13341127336025238,1.0,0.06776183098554611,1.4491145610809326,1.4491145610809326,0.08984053879976273,0.16299909353256226,0,True
458,1.0018318891525269,0.13494709134101868,1.0,0.06725464761257172,1.4456149339675903,1.4456149339675903,0.09105416387319565,0.14454786479473114,0,True
459,1.0058684349060059,0.1393904983997345,1.0,0.06664659827947617,1.4335004091262817,1.4335004091262817,0.09031357616186142,0.14947369694709778,0,True
460,0.9890499114990234,0.12996098399162292,1.0,0.06537187099456787,1.4171996116638184,1.4171996116638184,0.095181904733181,0.13943974673748016,0,True
461,0.9838005304336548,0.1138274222612381,1.0,0.06470286846160889,1.4219706058502197,1.4219706058502197,0.09060901403427124,0.1714477241039276,0,True
462,0.9938249588012695,0.13625523447990417,1.0,0.06538419425487518,1.4069850444793701,1.4069850444793701,0.09505245834589005,0.15343818068504333,0,True
463,0.9988664388656616,0.13427191972732544,1.0,0.06541819870471954,1.4091657400131226,1.4091657400131226,0.09357920289039612,0.17989756166934967,0,True
464,0.9850895404815674,0.11766524612903595,1.0,0.06462951749563217,1.4251275062561035,1.4251275062561035,0.09727253019809723,0.18244668841362,0,True
465,0.9753063917160034,0.11688512563705444,1.0,0.06413338333368301,1.439217448234558,1.439217448234558,0.09452863782644272,0.1683700531721115,0,True
466,0.9711729288101196,0.13089434802532196,1.0,0.06439266353845596,1.4473401308059692,1.4473401308059692,0.09159393608570099,0.14144599437713623,0,True
467,0.9737792015075684,0.12207396328449249,1.0,0.06533864140510559,1.4683449268341064,1.4683449268341064,0.08862607926130295,0.16815292835235596,0,True
468,0.9807271361351013,0.12453074008226395,1.0,0.06704694032669067,1.460268497467041,1.460268497467041,0.09182409942150116,0.15565577149391174,0,True
469,0.9962036609649658,0.12262134999036789,1.0,0.06836079806089401,1.4399433135986328,1.4399433135986328,0.09406159818172455,0.15538665652275085,0,True
470,1.0019862651824951,0.12571310997009277,1.0,0.06750787049531937,1.4432469606399536,1.4432469606399536,0.09190500527620316,0.17279091477394104,0,True
471,0.9912753105163574,0.12524071335792542,1.0,0.06621281802654266,1.4345574378967285,1.4345574378967285,0.09141095727682114,0.16756987571716309,0,True
472,0.9789144396781921,0.1219601035118103,1.0,0.0637323334813118,1.399226188659668,1.399226188659668,0.08730384707450867,0.16610538959503174,0,True
473,0.9781010746955872,0.13335976004600525,1.0,0.06434295326471329,1.4227739572525024,1.4227739572525024,0.09409096091985703,0.17366358637809753,0,True
474,0.9755226373672485,0.1262955516576767,1.0,0.06581831723451614,1.426177740097046,1.426177740097046,0.09259513765573502,0.19259580969810486,0,True
475,0.9770417213439941,0.13551446795463562,1.0,0.06472338736057281,1.440042495727539,1.440042495727539,0.09583405405282974,0.1843007504940033,0,True
476,0.9731101989746094,0.12504112720489502,1.0,0.06446174532175064,1.4361469745635986,1.4361469745635986,0.09219945967197418,0.17301949858665466,0,True
477,0.9712876081466675,0.11462687700986862,1.0,0.06452369689941406,1.4328639507293701,1.4328639507293701,0.09336826950311661,0.1635913848876953,0,True
478,0.9841688871383667,0.10924066603183746,1.0,0.0652402713894844,1.4605190753936768,1.4605190753936768,0.08563100546598434,0.147489994764328,0,True
479,1.00906240940094,0.11512947082519531,1.0,0.06747869402170181,1.461705207824707,1.461705207824707,0.09403039515018463,0.15669101476669312,0,True
480,1.0163164138793945,0.10839295387268066,1.0,0.0686628520488739,1.4370261430740356,1.4370261430740356,0.09026576578617096,0.13704383373260498,0,True
481,0.9967199563980103,0.1228477954864502,1.0,0.06719139218330383,1.4456367492675781,1.4456367492675781,0.08876271545886993,0.14523929357528687,0,True
482,0.9967715740203857,0.1280076503753662,1.0,0.06658691167831421,1.422264814376831,1.422264814376831,0.09434721618890762,0.15921719372272491,0,True
483,0.9879759550094604,0.14107252657413483,1.0,0.06373950839042664,1.4012179374694824,1.4012179374694824,0.0943230614066124,0.1571136713027954,0,True
484,0.9712034463882446,0.13358139991760254,1.0,0.06486289203166962,1.394437313079834,1.394437313079834,0.08917640149593353,0.1809491217136383,0,True
485,0.9690201282501221,0.13257066905498505,1.0,0.0642663985490799,1.422110676765442,1.422110676765442,0.08955316245555878,0.1901073306798935,0,True
486,0.9687354564666748,0.1353580206632614,1.0,0.065010204911232,1.419693946838379,1.419693946838379,0.08866774290800095,0.1384982466697693,0,True
487,0.9791086316108704,0.12806931138038635,1.0,0.06510037183761597,1.4242210388183594,1.4242210388183594,0.09051433205604553,0.16672754287719727,0,True
488,0.9801708459854126,0.11643052846193314,1.0,0.06527732312679291,1.4489951133728027,1.4489951133728027,0.094286248087883,0.17231959104537964,0,True
489,0.9877743721008301,0.11121959239244461,1.0,0.0666118860244751,1.4240880012512207,1.4240880012512207,0.09942987561225891,0.15601670742034912,0,True
490,0.9963701367378235,0.11398857831954956,1.0,0.06689949333667755,1.4538509845733643,1.4538509845733643,0.08922482281923294,0.1354101002216339,0,True
491,1.0081534385681152,0.12350276112556458,1.0,0.06704781949520111,1.4292802810668945,1.4292802810668945,0.08937805891036987,0.1327471137046814,0,True
492,0.9985376596450806,0.12125816196203232,1.0,0.06647580116987228,1.4371154308319092,1.4371154308319092,0.09953512996435165,0.13832300901412964,0,True
493,0.9940482378005981,0.12306395173072815,1.0,0.06518173217773438,1.407097578048706,1.407097578048706,0.09186714142560959,0.15416552126407623,0,True
494,0.9847389459609985,0.13178154826164246,1.0,0.06418132036924362,1.4235548973083496,1.4235548973083496,0.09315755218267441,0.12850309908390045,0,True
495,0.9926841259002686,0.14058221876621246,1.0,0.06529536843299866,1.4353957176208496,1.4353957176208496,0.09038784354925156,0.16769185662269592,0,True
496,0.9768003821372986,0.12957139313220978,1.0,0.06535346806049347,1.4323909282684326,1.4323909282684326,0.09184034168720245,0.16937348246574402,0,True
497,0.9691603183746338,0.13129541277885437,1.0,0.0645410418510437,1.4080320596694946,1.4080320596694946,0.08783314377069473,0.16792920231819153,0,True
498,0.9731355905532837,0.13370254635810852,1.0,0.06457012891769409,1.453516960144043,1.453516960144043,0.08709101378917694,0.1536211520433426,0,True
499,0.9796642065048218,0.12551750242710114,1.0,0.06500548124313354,1.4483503103256226,1.4483503103256226,0.10217547416687012,0.18201518058776855,0,True
500,0.9771175384521484,0.12434573471546173,1.0,0.06581941992044449,1.45564866065979,1.45564866065979,0.0969606339931488,0.1795792430639267,0,True
501,0.987785816192627,0.1217997670173645,1.0,0.06669537723064423,1.4639002084732056,1.4639002084732056,0.09854418784379959,0.1785963773727417,0,True
502,0.9973050355911255,0.12176015228033066,1.0,0.06698320060968399,1.4538401365280151,1.4538401365280151,0.08894003927707672,0.1489289402961731,0,True
503,0.9969993829727173,0.11946257203817368,1.0,0.066829152405262,1.4277985095977783,1.4277985095977783,0.08851808309555054,0.13569852709770203,0,True
504,0.9948883056640625,0.12120760977268219,1.0,0.0655704215168953,1.4305837154388428,1.4305837154388428,0.09056202322244644,0.12585113942623138,0,True
505,1.0007133483886719,0.13079193234443665,1.0,0.06586562097072601,1.403645396232605,1.403645396232605,0.09274394810199738,0.1610088050365448,0,True
506,0.9851167798042297,0.13354995846748352,1.0,0.06559289246797562,1.436549425125122,1.436549425125122,0.09316053241491318,0.15575535595417023,0,True
507,0.9819374084472656,0.14097362756729126,1.0,0.06489737331867218,1.3958406448364258,1.3958406448364258,0.08993551135063171,0.16433344781398773,0,True
508,0.9685276746749878,0.13386961817741394,1.0,0.0639868900179863,1.4342148303985596,1.4342148303985596,0.0928882285952568,0.16894182562828064,0,True
509,0.9607864618301392,0.1278708279132843,1.0,0.06348336488008499,1.4376220703125,1.4376220703125,0.08770940452814102,0.16830945014953613,0,True
510,0.9553265571594238,0.12624259293079376,1.0,0.06315132975578308,1.4272193908691406,1.4272193908691406,0.09004362672567368,0.17840835452079773,0,True
511,0.9602262377738953,0.12510594725608826,1.0,0.06587942689657211,1.469104528427124,1.469104528427124,0.0905311107635498,0.15993277728557587,0,True
512,0.9749610424041748,0.12213513255119324,1.0,0.06770753860473633,1.4843329191207886,1.4843329191207886,0.09405409544706345,0.14759612083435059,0,True
513,0.9859714508056641,0.11578986793756485,1.0,0.06797630339860916,1.4491698741912842,1.4491698741912842,0.09374751150608063,0.16753831505775452,0,True
514,0.9812289476394653,0.11714515089988708,1.0,0.06750275939702988,1.4347336292266846,1.4347336292266846,0.09870225191116333,0.14956660568714142,0,True
515,0.9972986578941345,0.12450669705867767,1.0,0.0670786201953888,1.4218106269836426,1.4218106269836426,0.09195178002119064,0.14948245882987976,0,True
516,0.997046947479248,0.12337096780538559,1.0,0.06626541912555695,1.3939714431762695,1.3939714431762695,0.0998389944434166,0.1568847894668579,0,True
517,0.9898709058761597,0.13447856903076172,1.0,0.06489971280097961,1.4127342700958252,1.4127342700958252,0.09080308675765991,0.14206862449645996,0,True
518,0.9804348945617676,0.12659427523612976,1.0,0.06378234922885895,1.3794488906860352,1.3794488906860352,0.09090752899646759,0.15521323680877686,0,True
519,0.9665626287460327,0.12097455561161041,1.0,0.06324118375778198,1.3860397338867188,1.3860397338867188,0.08966618776321411,0.16016145050525665,0,True
520,0.9585063457489014,0.1161273866891861,1.0,0.06229338049888611,1.4204682111740112,1.4204682111740112,0.08811300992965698,0.1932055652141571,0,True
521,0.9659905433654785,0.1137421578168869,1.0,0.06388524919748306,1.4455194473266602,1.4455194473266602,0.08785542100667953,0.1827007234096527,0,True
522,0.9786766171455383,0.11660192906856537,1.0,0.06585995107889175,1.4317395687103271,1.4317395687103271,0.09351157397031784,0.16744539141654968,0,True
523,0.9757974743843079,0.10513464361429214,1.0,0.06614145636558533,1.4381840229034424,1.4381840229034424,0.08907514810562134,0.1674463152885437,0,True
524,0.973293662071228,0.108586385846138,1.0,0.06556233763694763,1.4375808238983154,1.4375808238983154,0.09105567634105682,0.13864368200302124,0,True
525,0.9683390855789185,0.11286177486181259,1.0,0.06631472706794739,1.4577336311340332,1.4577336311340332,0.08947844803333282,0.1276695877313614,0,True
526,0.9766237735748291,0.1266326606273651,1.0,0.06688342243432999,1.4341970682144165,1.4341970682144165,0.09343503415584564,0.1371372491121292,0,True
527,0.9889331459999084,0.13754715025424957,1.0,0.0670526996254921,1.4423294067382812,1.4423294067382812,0.09439457207918167,0.12326323986053467,0,True
528,0.9882371425628662,0.1367729902267456,1.0,0.06711148470640182,1.4061529636383057,1.4061529636383057,0.08725383132696152,0.15236406028270721,0,True
529,0.9663151502609253,0.13906344771385193,1.0,0.06475550681352615,1.406834602355957,1.406834602355957,0.09251975268125534,0.13961949944496155,0,True
530,0.966537356376648,0.13451199233531952,1.0,0.06368894129991531,1.4164443016052246,1.4164443016052246,0.09459105879068375,0.16577452421188354,0,True
531,0.961696207523346,0.1349305510520935,1.0,0.06297482550144196,1.4149668216705322,1.4149668216705322,0.09480013698339462,0.16162841022014618,0,True
532,0.9620685577392578,0.13173872232437134,1.0,0.064085453748703,1.4074944257736206,1.4074944257736206,0.09404554218053818,0.166406512260437,0,True
533,0.9539285898208618,0.12319894134998322,1.0,0.06538248062133789,1.4456524848937988,1.4456524848937988,0.09352519363164902,0.1610909104347229,0,True
534,0.9726319313049316,0.12356169521808624,1.0,0.06552135944366455,1.4299156665802002,1.4299156665802002,0.09067950397729874,0.15484057366847992,0,True
535,0.9689027070999146,0.11619101464748383,1.0,0.06673240661621094,1.443546175956726,1.443546175956726,0.13575443625450134,0.14900840818881989,0,True
536,0.9749568104743958,0.12033093720674515,1.0,0.06577708572149277,1.4275660514831543,1.4275660514831543,0.09385249018669128,0.14086471498012543,0,True
537,0.9800488948822021,0.12408633530139923,1.0,0.06632649898529053,1.4299135208129883,1.4299135208129883,0.09158123284578323,0.14150799810886383,0,True
538,0.9841756224632263,0.12596002221107483,1.0,0.06690706312656403,1.420163869857788,1.420163869857788,0.09358271956443787,0.1400873064994812,0,True
539,0.9758782386779785,0.12550494074821472,1.0,0.06597525626420975,1.4067769050598145,1.4067769050598145,0.09473679214715958,0.1322442889213562,0,True
540,0.973762035369873,0.13143140077590942,1.0,0.06502462923526764,1.408336877822876,1.408336877822876,0.09390492737293243,0.13753652572631836,0,True
541,0.9765279293060303,0.12960825860500336,1.0,0.06553757935762405,1.404348611831665,1.404348611831665,0.09303726255893707,0.16029581427574158,0,True
542,0.9649944305419922,0.13546325266361237,1.0,0.06440524756908417,1.4047707319259644,1.4047707319259644,0.09326386451721191,0.1433652937412262,0,True
543,0.9505941867828369,0.1285535842180252,1.0,0.06345035135746002,1.4246819019317627,1.4246819019317627,0.08570457249879837,0.1440083384513855,0,True
544,0.9470406174659729,0.1224658414721489,1.0,0.06284205615520477,1.4478918313980103,1.4478918313980103,0.08722422271966934,0.147976815700531,0,True
545,0.9539947509765625,0.13281458616256714,1.0,0.06456466019153595,1.4493892192840576,1.4493892192840576,0.09373585134744644,0.14671923220157623,0,True
546,0.9671227335929871,0.12518900632858276,1.0,0.06627074629068375,1.45052170753479,1.45052170753479,0.09458397328853607,0.17161118984222412,0,True
547,0.9766825437545776,0.12504330277442932,1.0,0.06703397631645203,1.4532614946365356,1.4532614946365356,0.09118413180112839,0.17006632685661316,0,True
548,0.9728552103042603,0.12206286191940308,1.0,0.0667567178606987,1.4492343664169312,1.4492343664169312,0.09417656064033508,0.14521309733390808,0,True
549,0.9744279980659485,0.12773823738098145,1.0,0.06661862134933472,1.4329462051391602,1.4329462051391602,0.0916752889752388,0.14539329707622528,0,True
550,0.9847036600112915,0.1316608041524887,1.0,0.06571946293115616,1.4155925512313843,1.4155925512313843,0.08752112090587616,0.15533271431922913,0,True
551,0.9701732397079468,0.12487390637397766,1.0,0.06603053212165833,1.4184753894805908,1.4184753894805908,0.09367730468511581,0.15732410550117493,0,True
552,0.9759601354598999,0.123903289437294,1.0,0.06579078733921051,1.4375196695327759,1.4375196695327759,0.09672383219003677,0.15409088134765625,0,True
553,0.9732547998428345,0.13036879897117615,1.0,0.06537052989006042,1.403527021408081,1.403527021408081,0.09337245672941208,0.13693970441818237,0,True
554,0.9721552133560181,0.1285792589187622,1.0,0.06493619084358215,1.3978558778762817,1.3978558778762817,0.09339585155248642,0.1602049469947815,0,True
555,0.9647337794303894,0.11934641003608704,1.0,0.06420640647411346,1.4282822608947754,1.4282822608947754,0.08873184770345688,0.18397723138332367,0,True
556,0.9588198661804199,0.12248453497886658,1.0,0.06423626095056534,1.4457288980484009,1.4457288980484009,0.10073938220739365,0.14067628979682922,0,True
557,0.9723373651504517,0.12974825501441956,1.0,0.06579063832759857,1.4412553310394287,1.4412553310394287,0.08770585805177689,0.1638319194316864,0,True
558,0.966498076915741,0.12368243932723999,1.0,0.06673088669776917,1.445860743522644,1.445860743522644,0.09335707873106003,0.15728169679641724,0,True
559,0.9668444395065308,0.11515574902296066,1.0,0.06675945967435837,1.455096960067749,1.455096960067749,0.08934587240219116,0.16615703701972961,0,True
560,0.972848653793335,0.12123508751392365,1.0,0.06657274067401886,1.4293901920318604,1.4293901920318604,0.08934181928634644,0.1347709596157074,0,True
561,0.970352292060852,0.11715211719274521,1.0,0.06615759432315826,1.4321632385253906,1.4321632385253906,0.09736131131649017,0.1353202760219574,0,True
562,0.9719110131263733,0.12104921042919159,1.0,0.06654294580221176,1.4226059913635254,1.4226059913635254,0.09687281399965286,0.1379857361316681,0,True
563,0.9682821035385132,0.11860968917608261,1.0,0.06646783649921417,1.3879059553146362,1.3879059553146362,0.09349563717842102,0.15085208415985107,0,True
564,0.9565414190292358,0.1166250929236412,1.0,0.06480711698532104,1.4110040664672852,1.4110040664672852,0.10907089710235596,0.14481234550476074,0,True
565,0.9632682800292969,0.12494422495365143,1.0,0.06488315761089325,1.4181125164031982,1.4181125164031982,0.091322161257267,0.14084497094154358,0,True
566,0.9617157578468323,0.12794318795204163,1.0,0.06470707058906555,1.4166133403778076,1.4166133403778076,0.09574994444847107,0.14151345193386078,0,True
567,0.9695603251457214,0.1290326565504074,1.0,0.06650950759649277,1.427240252494812,1.427240252494812,0.0895979180932045,0.17377859354019165,0,True
568,0.9703050851821899,0.13978561758995056,1.0,0.06596004962921143,1.4270654916763306,1.4270654916763306,0.08953629434108734,0.16859693825244904,0,True
569,0.9597026705741882,0.1184580847620964,1.0,0.0656685158610344,1.4449492692947388,1.4449492692947388,0.08583059161901474,0.15972095727920532,0,True
570,0.9573652744293213,0.12220409512519836,1.0,0.06458821892738342,1.437363862991333,1.437363862991333,0.09214331209659576,0.1402481198310852,0,True
571,0.9784488081932068,0.12926438450813293,1.0,0.06604111939668655,1.439429759979248,1.439429759979248,0.10303951799869537,0.178745299577713,0,True
572,0.9677268266677856,0.12827050685882568,1.0,0.06675505638122559,1.4410037994384766,1.4410037994384766,0.09360851347446442,0.18339891731739044,0,True
573,0.9655274152755737,0.12665942311286926,1.0,0.0660417452454567,1.434235692024231,1.434235692024231,0.094480961561203,0.1441107988357544,0,True
574,0.9732367396354675,0.13893242180347443,1.0,0.0659887045621872,1.4395599365234375,1.4395599365234375,0.10425607860088348,0.12359443306922913,0,True
575,0.9692458510398865,0.12951263785362244,1.0,0.06559688597917557,1.4039279222488403,1.4039279222488403,0.08992718160152435,0.1542419046163559,0,True
576,0.9528312683105469,0.13369408249855042,1.0,0.06504838168621063,1.434197187423706,1.434197187423706,0.09150784462690353,0.14513780176639557,0,True
577,0.9574770331382751,0.12871316075325012,1.0,0.06469610333442688,1.4190397262573242,1.4190397262573242,0.0919404923915863,0.17158068716526031,0,True
578,0.9328957200050354,0.13400018215179443,1.0,0.06461091339588165,1.4468626976013184,1.4468626976013184,0.09366848319768906,0.15881669521331787,0,True
579,0.9467248916625977,0.13579702377319336,1.0,0.06468449532985687,1.4387152194976807,1.4387152194976807,0.09227149188518524,0.1909857988357544,0,True
580,0.9443346261978149,0.13624857366085052,1.0,0.06523396074771881,1.4585521221160889,1.4585521221160889,0.08859557658433914,0.15081669390201569,0,True
581,0.9520780444145203,0.1402120292186737,1.0,0.06536123156547546,1.4399399757385254,1.4399399757385254,0.08753259479999542,0.16667842864990234,0,True
582,0.9446269273757935,0.13719230890274048,1.0,0.06688226759433746,1.4568228721618652,1.4568228721618652,0.09217903017997742,0.1441364735364914,0,True
583,0.9520894289016724,0.1330062747001648,1.0,0.06635195016860962,1.4243329763412476,1.4243329763412476,0.0908384695649147,0.1440843641757965,0,True
584,0.9517728686332703,0.1445177048444748,1.0,0.06648790836334229,1.4245412349700928,1.4245412349700928,0.09432993829250336,0.15822187066078186,0,True
585,0.9487218856811523,0.13872578740119934,1.0,0.0666089877486229,1.416625738143921,1.416625738143921,0.0995498076081276,0.15227702260017395,0,True
586,0.9490346908569336,0.12674881517887115,1.0,0.06611651182174683,1.422459602355957,1.422459602355957,0.10099343955516815,0.16002100706100464,0,True
587,0.9471827745437622,0.13624539971351624,1.0,0.0644109845161438,1.408339500427246,1.408339500427246,0.08969264477491379,0.1687534749507904,0,True
588,0.9507969617843628,0.13215181231498718,1.0,0.06444494426250458,1.4458236694335938,1.4458236694335938,0.08957802504301071,0.17260706424713135,0,True
589,0.9476543664932251,0.13289803266525269,1.0,0.06482770293951035,1.3911741971969604,1.3911741971969604,0.09477613121271133,0.14788749814033508,0,True
590,0.9443469047546387,0.1397850662469864,1.0,0.06390365213155746,1.4285082817077637,1.4285082817077637,0.0940089002251625,0.1583731323480606,0,True
591,0.9497759342193604,0.13066129386425018,1.0,0.06399182975292206,1.450486183166504,1.450486183166504,0.08752618730068207,0.16892598569393158,0,True
592,0.9572390913963318,0.1369214653968811,1.0,0.06546485424041748,1.4462796449661255,1.4462796449661255,0.0977662056684494,0.1746586114168167,0,True
593,0.9613808393478394,0.12880250811576843,1.0,0.06591993570327759,1.4554747343063354,1.4554747343063354,0.08833497762680054,0.16771599650382996,0,True
594,0.956897497177124,0.1315549910068512,1.0,0.06577631831169128,1.4476889371871948,1.4476889371871948,0.09123314917087555,0.17137116193771362,0,True
595,0.9571626782417297,0.13336418569087982,1.0,0.06537646800279617,1.4441652297973633,1.4441652297973633,0.09281451255083084,0.14796261489391327,0,True
596,0.9478989839553833,0.1326528638601303,1.0,0.06491226702928543,1.449084758758545,1.449084758758545,0.10055409371852875,0.1515532284975052,0,True
597,0.9602034687995911,0.12665113806724548,1.0,0.06556988507509232,1.4448421001434326,1.4448421001434326,0.09161056578159332,0.1781787872314453,0,True
598,0.9614020586013794,0.12675926089286804,1.0,0.06691081076860428,1.455161690711975,1.455161690711975,0.0942634865641594,0.18081030249595642,0,True
599,0.9639840126037598,0.12344206869602203,1.0,0.06627586483955383,1.424316167831421,1.424316167831421,0.0931381955742836,0.15230560302734375,0,True
600,0.9533250331878662,0.14257368445396423,1.0,0.06526242196559906,1.4346474409103394,1.4346474409103394,0.08961385488510132,0.14851413667201996,0,True
601,0.9503920674324036,0.1362648606300354,1.0,0.06485241651535034,1.421729326248169,1.421729326248169,0.09121005982160568,0.1835673451423645,0,True
602,0.951779305934906,0.1401377022266388,1.0,0.06475814431905746,1.421549916267395,1.421549916267395,0.0961579978466034,0.16552037000656128,0,True
603,0.9484438896179199,0.13985982537269592,1.0,0.06425689160823822,1.4321796894073486,1.4321796894073486,0.09042097628116608,0.18708419799804688,0,True
604,0.9397242069244385,0.13533204793930054,1.0,0.06464071571826935,1.4348983764648438,1.4348983764648438,0.093940369784832,0.17297576367855072,0,True
605,0.942264199256897,0.14176131784915924,1.0,0.06451693177223206,1.4520792961120605,1.4520792961120605,0.08911281824111938,0.16766831278800964,0,True
606,0.9445910453796387,0.1417967677116394,1.0,0.06465528905391693,1.4485299587249756,1.4485299587249756,0.08838087320327759,0.1484472006559372,0,True
607,0.9482316970825195,0.13374407589435577,1.0,0.06644587963819504,1.4457478523254395,1.4457478523254395,0.09033232182264328,0.16935321688652039,0,True
608,0.9511028528213501,0.135809987783432,1.0,0.06671933829784393,1.4283889532089233,1.4283889532089233,0.09162706881761551,0.15038108825683594,0,True
609,0.9382973909378052,0.1225057989358902,1.0,0.06592577695846558,1.4317935705184937,1.4317935705184937,0.09230474382638931,0.1563206911087036,0,True
610,0.9466798305511475,0.12903538346290588,1.0,0.06451688706874847,1.445141077041626,1.445141077041626,0.09286460280418396,0.1503104567527771,0,True
611,0.9494258165359497,0.1288946121931076,1.0,0.06561945378780365,1.414552092552185,1.414552092552185,0.09152984619140625,0.1647215485572815,0,True
612,0.9436928033828735,0.13300347328186035,1.0,0.06634198874235153,1.4095219373703003,1.4095219373703003,0.09333593398332596,0.1647554337978363,0,True
613,0.9471282958984375,0.13203394412994385,1.0,0.0650559663772583,1.4164047241210938,1.4164047241210938,0.09757198393344879,0.15368561446666718,0,True
614,0.9520646929740906,0.1485188603401184,1.0,0.0649920403957367,1.4276454448699951,1.4276454448699951,0.09024255722761154,0.15725384652614594,0,True
615,0.9461097717285156,0.14979206025600433,1.0,0.065517857670784,1.4046833515167236,1.4046833515167236,0.08828789740800858,0.1716652810573578,0,True
616,0.9311032891273499,0.1459750384092331,1.0,0.06458187103271484,1.4434757232666016,1.4434757232666016,0.08717398345470428,0.1675337553024292,0,True
617,0.9398839473724365,0.14163437485694885,1.0,0.06605685502290726,1.436826467514038,1.436826467514038,0.12085854262113571,0.1559159755706787,0,True
618,0.943963885307312,0.14794866740703583,1.0,0.06557651609182358,1.4491701126098633,1.4491701126098633,0.0949125736951828,0.15478771924972534,0,True
619,0.9423073530197144,0.13353829085826874,1.0,0.0667615607380867,1.454831600189209,1.454831600189209,0.09867440164089203,0.16419830918312073,0,True
620,0.9296771287918091,0.13490866124629974,1.0,0.06609401851892471,1.4502449035644531,1.4502449035644531,0.09860696643590927,0.14209286868572235,0,True
621,0.9270508885383606,0.1389610767364502,1.0,0.06543482095003128,1.4327532052993774,1.4327532052993774,0.09481661021709442,0.14667603373527527,0,True
622,0.9343106746673584,0.13726773858070374,1.0,0.06561437249183655,1.4379782676696777,1.4379782676696777,0.0869489535689354,0.17063109576702118,0,True
623,0.9373376369476318,0.133178249001503,1.0,0.06632933765649796,1.4271427392959595,1.4271427392959595,0.09619308263063431,0.1798475980758667,0,True
624,0.9481984972953796,0.14486250281333923,1.0,0.06575139611959457,1.4344618320465088,1.4344618320465088,0.09244596213102341,0.16946187615394592,0,True
625,0.9524160623550415,0.1567656695842743,1.0,0.06619130074977875,1.4318480491638184,1.4318480491638184,0.09298551082611084,0.15397226810455322,0,True
626,0.936917781829834,0.15510356426239014,1.0,0.0660855621099472,1.4336752891540527,1.4336752891540527,0.09169373661279678,0.1483391374349594,0,True
627,0.9301988482475281,0.1503809094429016,1.0,0.06450048089027405,1.419404149055481,1.419404149055481,0.08909245580434799,0.15358933806419373,0,True
628,0.9400521516799927,0.14836522936820984,1.0,0.06476984918117523,1.4599432945251465,1.4599432945251465,0.08992227166891098,0.13896110653877258,0,True
629,0.9505615830421448,0.15588797628879547,1.0,0.06594666093587875,1.4397591352462769,1.4397591352462769,0.09364940226078033,0.1421407163143158,0,True
630,0.9416501522064209,0.1452254205942154,1.0,0.06556496024131775,1.4160536527633667,1.4160536527633667,0.09362372010946274,0.14862200617790222,0,True
631,0.932178258895874,0.14363574981689453,1.0,0.0647067055106163,1.4354835748672485,1.4354835748672485,0.08852071315050125,0.17029529809951782,0,True
632,0.9236117005348206,0.13461357355117798,1.0,0.06428259611129761,1.4584327936172485,1.4584327936172485,0.09646499902009964,0.15280765295028687,0,True
633,0.93870609998703,0.14092227816581726,1.0,0.06525374948978424,1.4213323593139648,1.4213323593139648,0.09080547094345093,0.1628740429878235,0,True
634,0.945946455001831,0.13657498359680176,1.0,0.06578171998262405,1.449472427368164,1.449472427368164,0.0891643539071083,0.1650724560022354,0,True
635,0.9565096497535706,0.13532754778862,1.0,0.06703679263591766,1.4377415180206299,1.4377415180206299,0.09143200516700745,0.18544702231884003,0,True
636,0.9537676572799683,0.14876535534858704,1.0,0.06604115664958954,1.4222078323364258,1.4222078323364258,0.09130904078483582,0.16165564954280853,0,True
637,0.953689694404602,0.15019619464874268,1.0,0.06458966434001923,1.4164645671844482,1.4164645671844482,0.08478432893753052,0.16012267768383026,0,True
638,0.9451637268066406,0.13537287712097168,1.0,0.0636952742934227,1.420408010482788,1.420408010482788,0.08984038978815079,0.16424880921840668,0,True
639,0.9444153308868408,0.14951039850711823,1.0,0.06398841738700867,1.42341148853302,1.42341148853302,0.08882475644350052,0.1400545984506607,0,True
640,0.9415870308876038,0.14944079518318176,1.0,0.06545421481132507,1.4120092391967773,1.4120092391967773,0.09279042482376099,0.15050119161605835,0,True
641,0.9367896318435669,0.13959649205207825,1.0,0.06551216542720795,1.4380074739456177,1.4380074739456177,0.08890937268733978,0.15005165338516235,0,True
642,0.9331034421920776,0.14222823083400726,1.0,0.0652017742395401,1.422363519668579,1.422363519668579,0.08962980657815933,0.1554391086101532,0,True
643,0.9191768765449524,0.13760563731193542,1.0,0.06401646137237549,1.4490280151367188,1.4490280151367188,0.09324927628040314,0.1495324969291687,0,True
644,0.9224305152893066,0.145987868309021,1.0,0.06519048660993576,1.445120096206665,1.445120096206665,0.09335790574550629,0.12713438272476196,0,True
645,0.9278807044029236,0.13475263118743896,1.0,0.06659853458404541,1.4403748512268066,1.4403748512268066,0.0926392674446106,0.14458417892456055,0,True
646,0.9373471140861511,0.14071935415267944,1.0,0.06694389134645462,1.4407886266708374,1.4407886266708374,0.09236253798007965,0.13777408003807068,0,True
647,0.9428784847259521,0.1448655128479004,1.0,0.06723486632108688,1.416846752166748,1.416846752166748,0.08797204494476318,0.1399250626564026,0,True
648,0.9353010058403015,0.15338750183582306,1.0,0.0660715252161026,1.410618543624878,1.410618543624878,0.09835241734981537,0.14753279089927673,0,True
649,0.9334313869476318,0.15839020907878876,1.0,0.06454093754291534,1.4024276733398438,1.4024276733398438,0.08957135677337646,0.15286242961883545,0,True
650,0.9262535572052002,0.1700739562511444,1.0,0.06414146721363068,1.4133787155151367,1.4133787155151367,0.090785451233387,0.14328649640083313,0,True
651,0.9158925414085388,0.1758785843849182,1.0,0.06473518162965775,1.4066194295883179,1.4066194295883179,0.09062466770410538,0.13334402441978455,0,True
652,0.9122922420501709,0.16201040148735046,1.0,0.06444935500621796,1.4293017387390137,1.4293017387390137,0.09166579693555832,0.14947593212127686,0,True
653,0.9192522764205933,0.15427930653095245,1.0,0.06538395583629608,1.4236812591552734,1.4236812591552734,0.09692148119211197,0.14349013566970825,0,True
654,0.9189650416374207,0.13954350352287292,1.0,0.06507256627082825,1.4384410381317139,1.4384410381317139,0.09602853655815125,0.15432071685791016,0,True
655,0.9246743321418762,0.141139954328537,1.0,0.06593336164951324,1.4556734561920166,1.4556734561920166,0.09818518161773682,0.179871067404747,0,True
656,0.9260163307189941,0.14620310068130493,1.0,0.06539471447467804,1.4487977027893066,1.4487977027893066,0.0946580246090889,0.1481277495622635,0,True
657,0.9257434606552124,0.15774601697921753,1.0,0.06583968549966812,1.4533921480178833,1.4533921480178833,0.09256710112094879,0.15539225935935974,0,True
658,0.9422338604927063,0.1442108452320099,1.0,0.06557455658912659,1.4409040212631226,1.4409040212631226,0.08932579308748245,0.17709222435951233,0,True
659,0.9406725764274597,0.15053948760032654,1.0,0.06634160876274109,1.4120287895202637,1.4120287895202637,0.08776774257421494,0.16514882445335388,0,True
660,0.9366231560707092,0.1487976610660553,1.0,0.06529755890369415,1.409782886505127,1.409782886505127,0.09234937280416489,0.17593428492546082,0,True
661,0.9198801517486572,0.1522066295146942,1.0,0.06436993181705475,1.402901530265808,1.402901530265808,0.09077481925487518,0.14144274592399597,0,True
662,0.904229462146759,0.15201759338378906,1.0,0.06353913247585297,1.4064536094665527,1.4064536094665527,0.09061874449253082,0.13669453561306,0,True
663,0.9090641736984253,0.15462221205234528,1.0,0.06388235837221146,1.4243910312652588,1.4243910312652588,0.09330257028341293,0.16144049167633057,0,True
664,0.9111396074295044,0.15993265807628632,1.0,0.06516940891742706,1.4322445392608643,1.4322445392608643,0.0961928740143776,0.16302070021629333,0,True
665,0.9199010133743286,0.1458539068698883,1.0,0.06575498729944229,1.448182225227356,1.448182225227356,0.08937592804431915,0.1488552689552307,0,True
666,0.9107552170753479,0.14193643629550934,1.0,0.0671495795249939,1.4525046348571777,1.4525046348571777,0.10183746367692947,0.14165270328521729,0,True
667,0.926912784576416,0.14262422919273376,1.0,0.06629582494497299,1.4309258460998535,1.4309258460998535,0.08819835633039474,0.15777850151062012,0,True
668,0.9354649782180786,0.15513619780540466,1.0,0.06675003468990326,1.4076287746429443,1.4076287746429443,0.08828447014093399,0.1286575347185135,0,True
669,0.9338756799697876,0.152619868516922,1.0,0.06570687890052795,1.4173007011413574,1.4173007011413574,0.09092065691947937,0.15082046389579773,0,True
670,0.9220248460769653,0.15827354788780212,1.0,0.06563514471054077,1.4208284616470337,1.4208284616470337,0.08933138847351074,0.1302804797887802,0,True
671,0.9230034947395325,0.1660459339618683,1.0,0.06492011994123459,1.3952391147613525,1.3952391147613525,0.09309320896863937,0.14546793699264526,0,True
672,0.9096308946609497,0.15523412823677063,1.0,0.0643245130777359,1.393766164779663,1.393766164779663,0.09254895895719528,0.1509268432855606,0,True
673,0.9049326181411743,0.15287373960018158,1.0,0.06454157829284668,1.4317803382873535,1.4317803382873535,0.09669385105371475,0.1377745270729065,0,True
674,0.906688928604126,0.1594954878091812,1.0,0.06489798426628113,1.4410120248794556,1.4410120248794556,0.09700663387775421,0.14039260149002075,0,True
675,0.9097356200218201,0.15787959098815918,1.0,0.0654686838388443,1.4283849000930786,1.4283849000930786,0.09706476330757141,0.14184637367725372,0,True
676,0.9110865592956543,0.15465444326400757,1.0,0.06522403657436371,1.4383652210235596,1.4383652210235596,0.09327929466962814,0.17260116338729858,0,True
677,0.9087541103363037,0.15394249558448792,1.0,0.06503186374902725,1.436490535736084,1.436490535736084,0.08708424866199493,0.16869443655014038,0,True
678,0.9143644571304321,0.15843790769577026,1.0,0.06568215787410736,1.4429641962051392,1.4429641962051392,0.08842825889587402,0.13939177989959717,0,True
679,0.9228224754333496,0.16968658566474915,1.0,0.06735163927078247,1.4266202449798584,1.4266202449798584,0.08783573657274246,0.13516739010810852,0,True
680,0.9319621324539185,0.16634869575500488,1.0,0.06616617739200592,1.3982263803482056,1.3982263803482056,0.09280804544687271,0.1389247477054596,0,True
681,0.9172763824462891,0.1570667326450348,1.0,0.0642579048871994,1.4081993103027344,1.4081993103027344,0.09017812460660934,0.13739612698554993,0,True
682,0.9062539339065552,0.16236093640327454,1.0,0.0633312538266182,1.4285145998001099,1.4285145998001099,0.09431985765695572,0.12726572155952454,0,True
683,0.9132413864135742,0.1504843831062317,1.0,0.06408241391181946,1.4083521366119385,1.4083521366119385,0.09181482344865799,0.15630805492401123,0,True
684,0.918140172958374,0.15072070062160492,1.0,0.0652657225728035,1.423985481262207,1.423985481262207,0.09422460198402405,0.16245770454406738,0,True
685,0.9315547943115234,0.1496058702468872,1.0,0.0659121423959732,1.4311636686325073,1.4311636686325073,0.09465377032756805,0.16119803488254547,0,True
686,0.9254459142684937,0.15349560976028442,1.0,0.06550812721252441,1.4425554275512695,1.4425554275512695,0.09246344864368439,0.13875827193260193,0,True
687,0.9199854135513306,0.15059936046600342,1.0,0.06471189856529236,1.4351328611373901,1.4351328611373901,0.092934750020504,0.15056437253952026,0,True
688,0.9081528186798096,0.16312000155448914,1.0,0.06412585079669952,1.453288197517395,1.453288197517395,0.0858449637889862,0.14067694544792175,0,True
689,0.9136139154434204,0.16152623295783997,1.0,0.06462408602237701,1.4421882629394531,1.4421882629394531,0.09343155473470688,0.14787879586219788,0,True
690,0.9194628000259399,0.16145087778568268,1.0,0.06624818593263626,1.4708961248397827,1.4708961248397827,0.09021583944559097,0.14408719539642334,0,True
691,0.9273388385772705,0.1680811494588852,1.0,0.06790057569742203,1.4216057062149048,1.4216057062149048,0.0937894880771637,0.15026706457138062,0,True
692,0.916643500328064,0.16553287208080292,1.0,0.0665993019938469,1.3874256610870361,1.3874256610870361,0.09182325005531311,0.1361353099346161,0,True
693,0.904404878616333,0.154109388589859,1.0,0.06442053616046906,1.418806552886963,1.418806552886963,0.08962837606668472,0.15223143994808197,0,True
694,0.8989546298980713,0.16328734159469604,1.0,0.06351330876350403,1.437105655670166,1.437105655670166,0.09750519692897797,0.12525241076946259,0,True
695,0.9038640260696411,0.1615537405014038,1.0,0.06472931802272797,1.434870719909668,1.434870719909668,0.10098670423030853,0.14101168513298035,0,True
696,0.9195261001586914,0.155281662940979,1.0,0.06555692106485367,1.4162358045578003,1.4162358045578003,0.09777604043483734,0.16007480025291443,0,True
697,0.919503927230835,0.15967613458633423,1.0,0.06580588221549988,1.4447925090789795,1.4447925090789795,0.08896206319332123,0.14836306869983673,0,True
698,0.9129623174667358,0.1655457615852356,1.0,0.06507175415754318,1.4366508722305298,1.4366508722305298,0.09036330878734589,0.1272360384464264,0,True
699,0.9110276699066162,0.16625221073627472,1.0,0.06408406794071198,1.4420113563537598,1.4420113563537598,0.08965029567480087,0.14461757242679596,0,True
700,0.9190816879272461,0.16792640089988708,1.0,0.06432588398456573,1.4345736503601074,1.4345736503601074,0.09225575625896454,0.153482586145401,0,True
701,0.9153853058815002,0.16552220284938812,1.0,0.06556910276412964,1.474016785621643,1.474016785621643,0.0899546816945076,0.15967337787151337,0,True
702,0.916867196559906,0.15486198663711548,1.0,0.06702400743961334,1.4390575885772705,1.4390575885772705,0.09108620136976242,0.13311859965324402,0,True
703,0.9110289216041565,0.1582403928041458,1.0,0.06626938283443451,1.413979411125183,1.413979411125183,0.09776028990745544,0.13695409893989563,0,True
704,0.9093987941741943,0.15862484276294708,1.0,0.06495094299316406,1.4203715324401855,1.4203715324401855,0.0924610123038292,0.15275904536247253,0,True
705,0.9004266262054443,0.1632455587387085,1.0,0.06473825871944427,1.4214270114898682,1.4214270114898682,0.0942266657948494,0.16200727224349976,0,True
706,0.9010435342788696,0.16954925656318665,1.0,0.06540929526090622,1.418731451034546,1.418731451034546,0.09003932029008865,0.14250515401363373,0,True
707,0.897006630897522,0.17748883366584778,1.0,0.06599055230617523,1.4291653633117676,1.4291653633117676,0.09078461676836014,0.14301447570323944,0,True
708,0.9058072566986084,0.17346543073654175,1.0,0.06627927720546722,1.4155369997024536,1.4155369997024536,0.09024859219789505,0.14487142860889435,0,True
709,0.9047276377677917,0.1812494993209839,1.0,0.06581278145313263,1.4169186353683472,1.4169186353683472,0.09675343334674835,0.1398487240076065,0,True
710,0.8980491161346436,0.17271624505519867,1.0,0.06448042392730713,1.4159588813781738,1.4159588813781738,0.09210902452468872,0.1658266931772232,0,True
711,0.8995136618614197,0.18042832612991333,1.0,0.06316152215003967,1.4013068675994873,1.4013068675994873,0.09439137578010559,0.1575430929660797,0,True
712,0.8844718337059021,0.17231057584285736,1.0,0.06387929618358612,1.4315513372421265,1.4315513372421265,0.09016416221857071,0.1624303162097931,0,True
713,0.8869579434394836,0.18003153800964355,1.0,0.0644037127494812,1.4250447750091553,1.4250447750091553,0.09088330715894699,0.15549510717391968,0,True
714,0.8851825594902039,0.1754499226808548,1.0,0.06408347934484482,1.424973487854004,1.424973487854004,0.08976376056671143,0.15628810226917267,0,True
715,0.86885666847229,0.18211445212364197,1.0,0.0648857057094574,1.421454668045044,1.421454668045044,0.09774376451969147,0.14235293865203857,0,True
716,0.8844954967498779,0.17003720998764038,1.0,0.06386306881904602,1.4191455841064453,1.4191455841064453,0.09051283448934555,0.14631006121635437,0,True
717,0.8929009437561035,0.16742834448814392,1.0,0.06466162204742432,1.4239438772201538,1.4239438772201538,0.09308174252510071,0.1530267298221588,0,True
718,0.9032772779464722,0.16628918051719666,1.0,0.0660688579082489,1.4481772184371948,1.4481772184371948,0.08851303905248642,0.16016331315040588,0,True
719,0.9124475121498108,0.1715126931667328,1.0,0.06634755432605743,1.4317766427993774,1.4317766427993774,0.08921598643064499,0.14074952900409698,0,True
720,0.9206670522689819,0.17307578027248383,1.0,0.06607456505298615,1.4154845476150513,1.4154845476150513,0.08746405690908432,0.15901032090187073,0,True
721,0.9071474671363831,0.17957361042499542,1.0,0.06482575833797455,1.42046320438385,1.42046320438385,0.0897715836763382,0.14942139387130737,0,True
722,0.9034669399261475,0.17304718494415283,1.0,0.0631832480430603,1.4269013404846191,1.4269013404846191,0.09224532544612885,0.14346304535865784,0,True
723,0.9015588760375977,0.17656230926513672,1.0,0.0641152411699295,1.437973976135254,1.437973976135254,0.09182456880807877,0.1560051143169403,0,True
724,0.9075343608856201,0.17024008929729462,1.0,0.06545278429985046,1.4316667318344116,1.4316667318344116,0.08815885335206985,0.17642679810523987,0,True
725,0.8885492086410522,0.160418301820755,1.0,0.06593270599842072,1.441399335861206,1.441399335861206,0.09207865595817566,0.1498529016971588,0,True
726,0.8889988660812378,0.16747772693634033,1.0,0.06460154056549072,1.4339251518249512,1.4339251518249512,0.09097710251808167,0.1565437763929367,0,True
727,0.8979610204696655,0.1705523580312729,1.0,0.06449875235557556,1.4192224740982056,1.4192224740982056,0.09431643784046173,0.14330467581748962,0,True
728,0.9047218561172485,0.1712951362133026,1.0,0.06499888002872467,1.445626974105835,1.445626974105835,0.08858176320791245,0.15333779156208038,0,True
729,0.9157730340957642,0.16871976852416992,1.0,0.06599518656730652,1.426067590713501,1.426067590713501,0.0865364819765091,0.14690998196601868,0,True
730,0.9011818766593933,0.16749094426631927,1.0,0.06635816395282745,1.421595811843872,1.421595811843872,0.0924864262342453,0.15126802027225494,0,True
731,0.9008119106292725,0.17980457842350006,1.0,0.06496492028236389,1.412784218788147,1.412784218788147,0.09392963349819183,0.1654215306043625,0,True
732,0.8959863185882568,0.1849697381258011,1.0,0.06396623700857162,1.4226746559143066,1.4226746559143066,0.0933372750878334,0.1727181077003479,0,True
733,0.8849025964736938,0.18625876307487488,1.0,0.06414896249771118,1.421457290649414,1.421457290649414,0.08879965543746948,0.15145960450172424,0,True
734,0.8869958519935608,0.1837393045425415,1.0,0.06476311385631561,1.4381312131881714,1.4381312131881714,0.09535384923219681,0.15436893701553345,0,True
735,0.8833531737327576,0.17763864994049072,1.0,0.06520348787307739,1.40366792678833,1.40366792678833,0.08545877784490585,0.1702379584312439,0,True
736,0.8773602247238159,0.16762784123420715,1.0,0.06568706780672073,1.4320752620697021,1.4320752620697021,0.09333409368991852,0.1650097817182541,0,True
737,0.8791340589523315,0.17154362797737122,1.0,0.06498752534389496,1.4450726509094238,1.4450726509094238,0.09663737565279007,0.15523144602775574,0,True
738,0.8884918689727783,0.1748708337545395,1.0,0.065643310546875,1.438011884689331,1.438011884689331,0.0935094878077507,0.13829830288887024,0,True
739,0.8973562121391296,0.17351169884204865,1.0,0.06691534072160721,1.4239792823791504,1.4239792823791504,0.0994875356554985,0.1528146117925644,0,True
740,0.9004331827163696,0.18040156364440918,1.0,0.06628882139921188,1.4249922037124634,1.4249922037124634,0.09455937147140503,0.15260304510593414,0,True
741,0.8858805894851685,0.18131080269813538,1.0,0.06586180627346039,1.431949257850647,1.431949257850647,0.10483355075120926,0.11847203224897385,0,True
742,0.8947196006774902,0.17567741870880127,1.0,0.06445468962192535,1.4130306243896484,1.4130306243896484,0.09439583122730255,0.1547466516494751,0,True
743,0.893913745880127,0.17833131551742554,1.0,0.06412743777036667,1.4155495166778564,1.4155495166778564,0.09144920110702515,0.17018213868141174,0,True
744,0.8745332956314087,0.18465518951416016,1.0,0.06455453485250473,1.4234586954116821,1.4234586954116821,0.08488500118255615,0.16906291246414185,0,True
745,0.8694621324539185,0.18545149266719818,1.0,0.06476963311433792,1.4384207725524902,1.4384207725524902,0.0933803915977478,0.14197318255901337,0,True
746,0.8678196668624878,0.17863258719444275,1.0,0.06468774378299713,1.4366028308868408,1.4366028308868408,0.09460847824811935,0.1366492509841919,0,True
747,0.8708284497261047,0.18114572763442993,1.0,0.06496147811412811,1.44624662399292,1.44624662399292,0.10017910599708557,0.15871384739875793,0,True
748,0.881087064743042,0.18188312649726868,1.0,0.06589879095554352,1.4634382724761963,1.4634382724761963,0.09316664934158325,0.14761224389076233,0,True
749,0.8958992958068848,0.18594248592853546,1.0,0.06702341884374619,1.4501842260360718,1.4501842260360718,0.0954822525382042,0.14157161116600037,0,True
750,0.8924301862716675,0.1758861094713211,1.0,0.06841783225536346,1.439005732536316,1.439005732536316,0.09439747035503387,0.14987847208976746,0,True
751,0.8891422748565674,0.18347814679145813,1.0,0.06618229299783707,1.4119391441345215,1.4119391441345215,0.09188324213027954,0.14483916759490967,0,True
752,0.8794103264808655,0.18378324806690216,1.0,0.06444960832595825,1.3984931707382202,1.3984931707382202,0.09953001886606216,0.13953658938407898,0,True
753,0.877077579498291,0.18708683550357819,1.0,0.06341880559921265,1.3972489833831787,1.3972489833831787,0.09034442901611328,0.13871528208255768,0,True
754,0.8747693300247192,0.19341224431991577,1.0,0.06373753398656845,1.4006972312927246,1.4006972312927246,0.09343056380748749,0.17653349041938782,0,True
755,0.8693524599075317,0.18487048149108887,1.0,0.06323222815990448,1.4236665964126587,1.4236665964126587,0.09459635615348816,0.15614554286003113,0,True
756,0.8626607656478882,0.1804582178592682,1.0,0.06348360329866409,1.4339498281478882,1.4339498281478882,0.08935249596834183,0.14254367351531982,0,True
757,0.8700717687606812,0.17249299585819244,1.0,0.0640517845749855,1.4436111450195312,1.4436111450195312,0.08940249681472778,0.1572169065475464,0,True
758,0.8865369558334351,0.18179088830947876,1.0,0.06608518958091736,1.452847957611084,1.452847957611084,0.08810091763734818,0.15651574730873108,0,True
759,0.8878801465034485,0.18300732970237732,1.0,0.06779912114143372,1.434636116027832,1.434636116027832,0.09375029057264328,0.16015860438346863,0,True
760,0.8731552362442017,0.18779337406158447,1.0,0.0669151023030281,1.425185203552246,1.425185203552246,0.0924922525882721,0.15547293424606323,0,True
761,0.8751550912857056,0.20291313529014587,1.0,0.06631535291671753,1.4512526988983154,1.4512526988983154,0.10321567207574844,0.14549587666988373,0,True
762,0.8821836113929749,0.20289188623428345,1.0,0.06551629304885864,1.4037781953811646,1.4037781953811646,0.09204280376434326,0.14739565551280975,0,True
763,0.8734395503997803,0.2074507772922516,1.0,0.06429095566272736,1.397291660308838,1.397291660308838,0.09365639090538025,0.15377038717269897,0,True
764,0.8761026859283447,0.18483655154705048,1.0,0.0643981546163559,1.403753399848938,1.403753399848938,0.0893586277961731,0.14573922753334045,0,True
765,0.8706821203231812,0.19560043513774872,1.0,0.06381328403949738,1.3927550315856934,1.3927550315856934,0.09305700659751892,0.16546009480953217,0,True
766,0.8624696731567383,0.18081726133823395,1.0,0.06383084505796432,1.41500985622406,1.41500985622406,0.09482409805059433,0.17749424278736115,0,True
767,0.8503195643424988,0.18350425362586975,1.0,0.06256548315286636,1.4384582042694092,1.4384582042694092,0.08837299793958664,0.13511569797992706,0,True
768,0.8729990720748901,0.18491895496845245,1.0,0.06387977302074432,1.4530718326568604,1.4530718326568604,0.09065460413694382,0.15913836658000946,0,True
769,0.8816767334938049,0.18081669509410858,1.0,0.06684735417366028,1.4546270370483398,1.4546270370483398,0.09005112946033478,0.1510387361049652,0,True
770,0.8887293338775635,0.18863651156425476,1.0,0.06851945072412491,1.4404356479644775,1.4404356479644775,0.09395230561494827,0.15495175123214722,0,True
771,0.8910278081893921,0.18810506165027618,1.0,0.06673797219991684,1.428909420967102,1.428909420967102,0.09263814985752106,0.14719930291175842,0,True
772,0.8879848718643188,0.1934613138437271,1.0,0.06556425988674164,1.433007836341858,1.433007836341858,0.09405216574668884,0.13764432072639465,0,True
773,0.8783704042434692,0.20043689012527466,1.0,0.06486183404922485,1.4182623624801636,1.4182623624801636,0.08943761140108109,0.1421837955713272,0,True
774,0.8823820352554321,0.2030489146709442,1.0,0.06442096084356308,1.4148857593536377,1.4148857593536377,0.08944547176361084,0.1651010513305664,0,True
775,0.8766846060752869,0.1959361433982849,1.0,0.06518767029047012,1.3977900743484497,1.3977900743484497,0.09180134534835815,0.17011287808418274,0,True
776,0.8632985353469849,0.1889871060848236,1.0,0.0647943913936615,1.408149242401123,1.408149242401123,0.09036094695329666,0.16918887197971344,0,True
777,0.8523843884468079,0.18476054072380066,1.0,0.06293264776468277,1.4175695180892944,1.4175695180892944,0.09599266946315765,0.1641109734773636,0,True
778,0.8558799028396606,0.19303075969219208,1.0,0.06339357048273087,1.429580807685852,1.429580807685852,0.09335651993751526,0.13629144430160522,0,True
779,0.8611783981323242,0.18805578351020813,1.0,0.06508192420005798,1.4252352714538574,1.4252352714538574,0.08738607913255692,0.1489047259092331,0,True
780,0.8658407926559448,0.19306960701942444,1.0,0.06560082733631134,1.4520869255065918,1.4520869255065918,0.09692837297916412,0.16126157343387604,0,True
781,0.8684689998626709,0.19061510264873505,1.0,0.06680101156234741,1.4478378295898438,1.4478378295898438,0.08894804865121841,0.1397877186536789,0,True
782,0.8745507001876831,0.20359472930431366,1.0,0.0667283833026886,1.4391529560089111,1.4391529560089111,0.0944659411907196,0.14797279238700867,0,True
783,0.8890910148620605,0.18989644944667816,1.0,0.06635681539773941,1.4251465797424316,1.4251465797424316,0.09817539900541306,0.16466066241264343,0,True
784,0.8782577514648438,0.19389215111732483,1.0,0.06556658446788788,1.4223483800888062,1.4223483800888062,0.09093890339136124,0.15293453633785248,0,True
785,0.8788355588912964,0.20287606120109558,1.0,0.06446783989667892,1.4087200164794922,1.4087200164794922,0.09040633589029312,0.1260916143655777,0,True
786,0.8724772930145264,0.19505485892295837,1.0,0.06435653567314148,1.3933405876159668,1.3933405876159668,0.09312810003757477,0.1524677723646164,0,True
787,0.8516571521759033,0.19012263417243958,1.0,0.06392394006252289,1.3948628902435303,1.3948628902435303,0.093538798391819,0.1646779179573059,0,True
788,0.8580060005187988,0.1860160231590271,1.0,0.06229186803102493,1.4322458505630493,1.4322458505630493,0.0914367139339447,0.1581493616104126,0,True
789,0.8623713254928589,0.1805362105369568,1.0,0.06420742720365524,1.432236671447754,1.432236671447754,0.08860556781291962,0.15295937657356262,0,True
790,0.8717679977416992,0.18679212033748627,1.0,0.06590995192527771,1.4358205795288086,1.4358205795288086,0.09381795674562454,0.1545756310224533,0,True
791,0.8739882707595825,0.19050966203212738,1.0,0.06596969068050385,1.447182536125183,1.447182536125183,0.08762037754058838,0.15829092264175415,0,True
792,0.8710771799087524,0.20594505965709686,1.0,0.06555236876010895,1.4476555585861206,1.4476555585861206,0.09012069553136826,0.13900522887706757,0,True
793,0.8623766899108887,0.1974385529756546,1.0,0.0657152459025383,1.449361801147461,1.449361801147461,0.09190044552087784,0.14762060344219208,0,True
794,0.8674397468566895,0.20454701781272888,1.0,0.0658758282661438,1.4290132522583008,1.4290132522583008,0.09660384058952332,0.15027810633182526,0,True
795,0.8689253330230713,0.2053774893283844,1.0,0.06624593585729599,1.4369685649871826,1.4369685649871826,0.09469874203205109,0.14382719993591309,0,True
796,0.8699824810028076,0.2033417969942093,1.0,0.06632159650325775,1.391480565071106,1.391480565071106,0.0929754450917244,0.14986716210842133,0,True
797,0.8552318811416626,0.1977594792842865,1.0,0.06488204002380371,1.3716412782669067,1.3716412782669067,0.08927883207798004,0.14799439907073975,0,True
798,0.8452078104019165,0.19945280253887177,1.0,0.06296493113040924,1.4021503925323486,1.4021503925323486,0.09197983890771866,0.15682059526443481,0,True
799,0.8347896933555603,0.20674854516983032,1.0,0.0624646432697773,1.4258496761322021,1.4258496761322021,0.08675631135702133,0.13145247101783752,0,True
800,0.8449077010154724,0.2037559598684311,1.0,0.06430692970752716,1.4218319654464722,1.4218319654464722,0.08904583007097244,0.16490980982780457,0,True
801,0.8552993535995483,0.20487377047538757,1.0,0.0658029094338417,1.453542947769165,1.453542947769165,0.09002692997455597,0.16980426013469696,0,True
802,0.8601112365722656,0.205520898103714,1.0,0.06631330400705338,1.4378931522369385,1.4378931522369385,0.09026513248682022,0.16106189787387848,0,True
803,0.8532791137695312,0.20784875750541687,1.0,0.0651908814907074,1.4438426494598389,1.4438426494598389,0.09264511615037918,0.13683584332466125,0,True
804,0.8640888333320618,0.21688686311244965,1.0,0.06476369500160217,1.448623538017273,1.448623538017273,0.09143907576799393,0.14641666412353516,0,True
805,0.8612703084945679,0.21597781777381897,1.0,0.0658973827958107,1.4247748851776123,1.4247748851776123,0.0920814648270607,0.1309771090745926,0,True
806,0.8714804649353027,0.21671028435230255,1.0,0.06595365703105927,1.416701078414917,1.416701078414917,0.09080631285905838,0.14036545157432556,0,True
807,0.8673477172851562,0.1994139701128006,1.0,0.0661650076508522,1.4119311571121216,1.4119311571121216,0.09574590623378754,0.1554742008447647,0,True
808,0.8591262698173523,0.2011910080909729,1.0,0.06441765278577805,1.4200406074523926,1.4200406074523926,0.09513974189758301,0.13755294680595398,0,True
809,0.8487246632575989,0.19819384813308716,1.0,0.06404109299182892,1.4057350158691406,1.4057350158691406,0.09661290049552917,0.13175389170646667,0,True
810,0.8434693813323975,0.20528441667556763,1.0,0.06392660737037659,1.4038946628570557,1.4038946628570557,0.09789630770683289,0.14656245708465576,0,True
811,0.8465175628662109,0.20578068494796753,1.0,0.06469227373600006,1.4433577060699463,1.4433577060699463,0.09104548394680023,0.1530231237411499,0,True
812,0.8511831760406494,0.21418768167495728,1.0,0.06515482813119888,1.4235427379608154,1.4235427379608154,0.1047879159450531,0.1461123526096344,0,True
813,0.8635604977607727,0.21271079778671265,1.0,0.06491690129041672,1.4350378513336182,1.4350378513336182,0.09299518167972565,0.14844097197055817,0,True
814,0.851855993270874,0.2197725921869278,1.0,0.06490437686443329,1.4258182048797607,1.4258182048797607,0.0929977297782898,0.16446587443351746,0,True
815,0.8462327718734741,0.21299880743026733,1.0,0.06402868777513504,1.4485243558883667,1.4485243558883667,0.0930137038230896,0.1541939675807953,0,True
816,0.8515251874923706,0.21721906960010529,1.0,0.06488354504108429,1.4602110385894775,1.4602110385894775,0.09244269877672195,0.1356765180826187,0,True
817,0.8470248579978943,0.21552902460098267,1.0,0.06608355790376663,1.4300110340118408,1.4300110340118408,0.08646585047245026,0.14830262959003448,0,True
818,0.8464661240577698,0.2175048291683197,1.0,0.06563960760831833,1.412898063659668,1.412898063659668,0.09100931882858276,0.14038783311843872,0,True
819,0.8443602919578552,0.2119959592819214,1.0,0.06504769623279572,1.396270751953125,1.396270751953125,0.08841288089752197,0.15267086029052734,0,True
820,0.8368611335754395,0.21651051938533783,1.0,0.06452667713165283,1.4214611053466797,1.4214611053466797,0.09796270728111267,0.14007234573364258,0,True
821,0.8344652652740479,0.2127177119255066,1.0,0.06355870515108109,1.4067449569702148,1.4067449569702148,0.09015782177448273,0.1264857053756714,0,True
822,0.8427028059959412,0.22209416329860687,1.0,0.06447841972112656,1.4242079257965088,1.4242079257965088,0.0904909148812294,0.14903534948825836,0,True
823,0.861699104309082,0.21030402183532715,1.0,0.06631958484649658,1.4317970275878906,1.4317970275878906,0.08983393013477325,0.1642354130744934,0,True
824,0.8499019145965576,0.20237916707992554,1.0,0.06560781598091125,1.431036353111267,1.431036353111267,0.09386735409498215,0.15289947390556335,0,True
825,0.8576136231422424,0.2033434957265854,1.0,0.06472713500261307,1.4168014526367188,1.4168014526367188,0.09279175847768784,0.1528831273317337,0,True
826,0.8476963639259338,0.21534231305122375,1.0,0.06380696594715118,1.4170492887496948,1.4170492887496948,0.09448782354593277,0.16852141916751862,0,True
827,0.8403545022010803,0.21556490659713745,1.0,0.06323421001434326,1.421205759048462,1.421205759048462,0.0903741791844368,0.172277569770813,0,True
828,0.8369402885437012,0.22431209683418274,1.0,0.06453484296798706,1.439488172531128,1.439488172531128,0.09461314231157303,0.15127520263195038,0,True
829,0.837193489074707,0.22415098547935486,1.0,0.06605666875839233,1.448268175125122,1.448268175125122,0.09240508824586868,0.15722426772117615,0,True
830,0.8322460651397705,0.2110179364681244,1.0,0.06594828516244888,1.4307936429977417,1.4307936429977417,0.09491325914859772,0.1454559862613678,0,True
831,0.8272323608398438,0.21476787328720093,1.0,0.06569389253854752,1.4130889177322388,1.4130889177322388,0.08871728181838989,0.17141349613666534,0,True
832,0.8338042497634888,0.21389639377593994,1.0,0.06486770510673523,1.449849009513855,1.449849009513855,0.08710607141256332,0.16348150372505188,0,True
833,0.8414790034294128,0.22486785054206848,1.0,0.06469979882240295,1.45229971408844,1.45229971408844,0.09656079858541489,0.13143938779830933,0,True
834,0.8353185653686523,0.22558638453483582,1.0,0.06586814671754837,1.4164142608642578,1.4164142608642578,0.09094489365816116,0.14757195115089417,0,True
835,0.8445831537246704,0.21219760179519653,1.0,0.06601115316152573,1.4032124280929565,1.4032124280929565,0.09730973094701767,0.15300598740577698,0,True
836,0.853935956954956,0.21474872529506683,1.0,0.06592833995819092,1.4266605377197266,1.4266605377197266,0.09093493968248367,0.15915918350219727,0,True
837,0.8533104658126831,0.21542410552501678,1.0,0.06471113860607147,1.4312782287597656,1.4312782287597656,0.09369679540395737,0.14739906787872314,0,True
838,0.8440808057785034,0.2160150110721588,1.0,0.06377793848514557,1.4333012104034424,1.4333012104034424,0.0868009477853775,0.15101656317710876,0,True
839,0.8354842662811279,0.21626760065555573,1.0,0.06345347315073013,1.4215660095214844,1.4215660095214844,0.08816900849342346,0.17236918210983276,0,True
840,0.8320931196212769,0.22086241841316223,1.0,0.0639238953590393,1.4608513116836548,1.4608513116836548,0.08838769048452377,0.17275936901569366,0,True
841,0.8296855092048645,0.2228385955095291,1.0,0.06501825153827667,1.4670238494873047,1.4670238494873047,0.09502637386322021,0.15226571261882782,0,True
842,0.8391115665435791,0.22108158469200134,1.0,0.0663900375366211,1.432178258895874,1.432178258895874,0.09392689168453217,0.14732536673545837,0,True
843,0.8431600332260132,0.21154436469078064,1.0,0.06614849716424942,1.4236700534820557,1.4236700534820557,0.08980955928564072,0.17485573887825012,0,True
844,0.8412609100341797,0.22037672996520996,1.0,0.06502500176429749,1.4321601390838623,1.4321601390838623,0.09141954779624939,0.14867046475410461,0,True
845,0.8411790728569031,0.21824496984481812,1.0,0.06506262719631195,1.4488303661346436,1.4488303661346436,0.09025589376688004,0.13820920884609222,0,True
846,0.8427642583847046,0.21628792583942413,1.0,0.06592487543821335,1.426854133605957,1.426854133605957,0.0948207750916481,0.15619245171546936,0,True
847,0.8447619676589966,0.21822485327720642,1.0,0.06548914313316345,1.428161859512329,1.428161859512329,0.08863960951566696,0.16505244374275208,0,True
848,0.8514018058776855,0.21175053715705872,1.0,0.06564974784851074,1.4138232469558716,1.4138232469558716,0.09036076813936234,0.1780441701412201,0,True
849,0.8476953506469727,0.21653665602207184,1.0,0.06489752978086472,1.4097189903259277,1.4097189903259277,0.10176649689674377,0.14906062185764313,0,True
850,0.8479531407356262,0.2193138152360916,1.0,0.06360587477684021,1.3870383501052856,1.3870383501052856,0.09731964766979218,0.15885862708091736,0,True
851,0.8268161416053772,0.2183920443058014,1.0,0.062093086540699005,1.4176713228225708,1.4176713228225708,0.08643857389688492,0.14184093475341797,0,True
852,0.8272368907928467,0.22652971744537354,1.0,0.06360537558794022,1.4446144104003906,1.4446144104003906,0.09050363302230835,0.15665975213050842,0,True
853,0.8276265859603882,0.22602613270282745,1.0,0.06577187031507492,1.4501259326934814,1.4501259326934814,0.10089365392923355,0.1270689070224762,0,True
854,0.8329340219497681,0.2301914095878601,1.0,0.06733514368534088,1.4437037706375122,1.4437037706375122,0.09296078234910965,0.14484386146068573,0,True
855,0.8392524719238281,0.22468885779380798,1.0,0.06689396500587463,1.441776156425476,1.441776156425476,0.09075623750686646,0.14130543172359467,0,True
856,0.840533971786499,0.2246224582195282,1.0,0.06657490879297256,1.4140450954437256,1.4140450954437256,0.09547387808561325,0.12782913446426392,0,True
857,0.8412740230560303,0.22200456261634827,1.0,0.06616947054862976,1.413517951965332,1.413517951965332,0.09192517399787903,0.14965367317199707,0,True
858,0.8364322185516357,0.21880820393562317,1.0,0.06492803245782852,1.4026628732681274,1.4026628732681274,0.09258511662483215,0.13508114218711853,0,True
859,0.8492118716239929,0.219443678855896,1.0,0.06469548493623734,1.3982651233673096,1.3982651233673096,0.0953245535492897,0.13361918926239014,0,True
860,0.854311466217041,0.22043099999427795,1.0,0.06527084112167358,1.3918473720550537,1.3918473720550537,0.09573283791542053,0.15312936902046204,0,True
861,0.8413292169570923,0.2159023880958557,1.0,0.0637141615152359,1.3980635404586792,1.3980635404586792,0.09151388704776764,0.15183666348457336,0,True
862,0.8226644396781921,0.2292625904083252,1.0,0.06213568523526192,1.4012895822525024,1.4012895822525024,0.08987247198820114,0.14340870082378387,0,True
863,0.8106250762939453,0.2359669953584671,1.0,0.0632530152797699,1.4299116134643555,1.4299116134643555,0.08839951455593109,0.12789052724838257,0,True
864,0.8096847534179688,0.24091821908950806,1.0,0.0643845796585083,1.4462459087371826,1.4462459087371826,0.08796368539333344,0.15692535042762756,0,True
865,0.822338879108429,0.2378595769405365,1.0,0.06588294357061386,1.4546843767166138,1.4546843767166138,0.09257159382104874,0.15587151050567627,0,True
866,0.8239617347717285,0.24170202016830444,1.0,0.06700405478477478,1.4296188354492188,1.4296188354492188,0.09238209575414658,0.16177894175052643,0,True
867,0.8277085423469543,0.23261725902557373,1.0,0.06747478991746902,1.4458130598068237,1.4458130598068237,0.09420151263475418,0.13456887006759644,0,True
868,0.8243331909179688,0.2308560609817505,1.0,0.066390261054039,1.4213594198226929,1.4213594198226929,0.09068484604358673,0.1326146125793457,0,True
869,0.8238460421562195,0.24512530863285065,1.0,0.06471051275730133,1.4247643947601318,1.4247643947601318,0.09614100307226181,0.14551937580108643,0,True
870,0.8318390846252441,0.241597518324852,1.0,0.0660395622253418,1.4013159275054932,1.4013159275054932,0.10135117918252945,0.15005315840244293,0,True
871,0.8338010311126709,0.23063886165618896,1.0,0.06534889340400696,1.3910512924194336,1.3910512924194336,0.09349507093429565,0.15001550316810608,0,True
872,0.8236541152000427,0.23590907454490662,1.0,0.06478889286518097,1.3810465335845947,1.3810465335845947,0.09277944266796112,0.15329226851463318,0,True
873,0.8223426938056946,0.2333938330411911,1.0,0.06197270750999451,1.4025224447250366,1.4025224447250366,0.08863876760005951,0.16186361014842987,0,True
874,0.8153741359710693,0.2348443865776062,1.0,0.06274628639221191,1.429931879043579,1.429931879043579,0.09216820448637009,0.13739833235740662,0,True
875,0.8177399635314941,0.24223625659942627,1.0,0.06395328044891357,1.4309487342834473,1.4309487342834473,0.0896904319524765,0.15062949061393738,0,True
876,0.8137633204460144,0.24453774094581604,1.0,0.06554004549980164,1.4517290592193604,1.4517290592193604,0.08961619436740875,0.161728173494339,0,True
877,0.8128939867019653,0.24705494940280914,1.0,0.06721223145723343,1.4571380615234375,1.4571380615234375,0.10446824133396149,0.1450694501399994,0,True
878,0.8173499703407288,0.2394036203622818,1.0,0.06675313413143158,1.4460182189941406,1.4460182189941406,0.09214198589324951,0.13209885358810425,0,True
879,0.8262299299240112,0.24333539605140686,1.0,0.06550030410289764,1.4119285345077515,1.4119285345077515,0.08872538805007935,0.12399544566869736,0,True
880,0.8255350589752197,0.2435479611158371,1.0,0.06494580954313278,1.399693250656128,1.399693250656128,0.08995317667722702,0.13825580477714539,0,True
881,0.8288887143135071,0.2431929111480713,1.0,0.06480802595615387,1.4022079706192017,1.4022079706192017,0.08949625492095947,0.1331663876771927,0,True
882,0.8271211981773376,0.2350768744945526,1.0,0.0645756870508194,1.4062423706054688,1.4062423706054688,0.09492652118206024,0.14395874738693237,0,True
883,0.8252196907997131,0.23920556902885437,1.0,0.06403517723083496,1.4225802421569824,1.4225802421569824,0.09259429574012756,0.1540369838476181,0,True
884,0.8310191631317139,0.2373896688222885,1.0,0.06395716965198517,1.4126462936401367,1.4126462936401367,0.09175866097211838,0.15540477633476257,0,True
885,0.8252149820327759,0.23134680092334747,1.0,0.06450794637203217,1.4259588718414307,1.4259588718414307,0.09105852246284485,0.13202308118343353,0,True
886,0.824059009552002,0.2278313785791397,1.0,0.06473687291145325,1.4368414878845215,1.4368414878845215,0.0940949022769928,0.14575976133346558,0,True
887,0.822503924369812,0.23767635226249695,1.0,0.0639234334230423,1.4447519779205322,1.4447519779205322,0.08948688954114914,0.16141802072525024,0,True
888,0.8118349313735962,0.24711143970489502,1.0,0.06495066732168198,1.445357322692871,1.445357322692871,0.08694823831319809,0.1401911973953247,0,True
889,0.8111732006072998,0.24292244017124176,1.0,0.0653965026140213,1.4482297897338867,1.4482297897338867,0.09543412923812866,0.1385958194732666,0,True
890,0.8143225908279419,0.24027849733829498,1.0,0.06623092293739319,1.4570883512496948,1.4570883512496948,0.09663224965333939,0.13518720865249634,0,True
891,0.8195580840110779,0.25285467505455017,1.0,0.06677816808223724,1.4591171741485596,1.4591171741485596,0.0896376520395279,0.14331358671188354,0,True
892,0.8159660696983337,0.24736759066581726,1.0,0.06681182980537415,1.3937547206878662,1.3937547206878662,0.09239976853132248,0.15997320413589478,0,True
893,0.8171549439430237,0.2453586608171463,1.0,0.06547388434410095,1.405496597290039,1.405496597290039,0.09030380100011826,0.16719123721122742,0,True
894,0.8219054937362671,0.24147680401802063,1.0,0.0637645497918129,1.4215633869171143,1.4215633869171143,0.0894368514418602,0.17431554198265076,0,True
895,0.8107861876487732,0.2515118420124054,1.0,0.06311819702386856,1.4230356216430664,1.4230356216430664,0.09162738919258118,0.16674408316612244,0,True
896,0.8242095708847046,0.2397605925798416,1.0,0.06467929482460022,1.4242632389068604,1.4242632389068604,0.09701020270586014,0.17388659715652466,0,True
897,0.8245524168014526,0.23122245073318481,1.0,0.0647948682308197,1.4412105083465576,1.4412105083465576,0.0976012647151947,0.19386205077171326,0,True
898,0.8182390332221985,0.23297160863876343,1.0,0.06507659703493118,1.440234661102295,1.440234661102295,0.09691857546567917,0.14955121278762817,0,True
899,0.8139935731887817,0.23604145646095276,1.0,0.06419418752193451,1.4389089345932007,1.4389089345932007,0.0925469920039177,0.12884420156478882,0,True
900,0.8096891641616821,0.256070077419281,1.0,0.06353352218866348,1.437523603439331,1.437523603439331,0.08788225054740906,0.16446173191070557,0,True
901,0.806145191192627,0.25952690839767456,1.0,0.06584661453962326,1.4325520992279053,1.4325520992279053,0.09018218517303467,0.14962634444236755,0,True
902,0.8029001951217651,0.25586941838264465,1.0,0.0664692372083664,1.4432733058929443,1.4432733058929443,0.09397349506616592,0.12705598771572113,0,True
903,0.8058765530586243,0.25790339708328247,1.0,0.06612151861190796,1.4352669715881348,1.4352669715881348,0.09252709150314331,0.13712666928768158,0,True
904,0.7993410229682922,0.25269412994384766,1.0,0.06620311737060547,1.4077566862106323,1.4077566862106323,0.09231434017419815,0.13551467657089233,0,True
905,0.7931555509567261,0.2564857304096222,1.0,0.06565545499324799,1.3983726501464844,1.3983726501464844,0.08792344480752945,0.14312660694122314,0,True
906,0.8112971782684326,0.2447112500667572,1.0,0.06515556573867798,1.3927232027053833,1.3927232027053833,0.09206084161996841,0.15073180198669434,0,True
907,0.8055932521820068,0.24963340163230896,1.0,0.06449834257364273,1.4191666841506958,1.4191666841506958,0.1042855903506279,0.14030614495277405,0,True
908,0.8082844018936157,0.23877954483032227,1.0,0.0631885677576065,1.396470069885254,1.396470069885254,0.09817272424697876,0.13777261972427368,0,True
909,0.8025634288787842,0.2375565618276596,1.0,0.0630342960357666,1.405906319618225,1.405906319618225,0.09863198548555374,0.166383758187294,0,True
910,0.8044712543487549,0.249546080827713,1.0,0.06299237906932831,1.4313604831695557,1.4313604831695557,0.08879806846380234,0.15581555664539337,0,True
911,0.8081722259521484,0.2597232460975647,1.0,0.0645894780755043,1.4583666324615479,1.4583666324615479,0.08757831156253815,0.13553261756896973,0,True
912,0.7973699569702148,0.26692619919776917,1.0,0.06474360823631287,1.45979905128479,1.45979905128479,0.09027725458145142,0.1500559151172638,0,True
913,0.7877172827720642,0.2665751874446869,1.0,0.06484818458557129,1.4417438507080078,1.4417438507080078,0.09484675526618958,0.14629152417182922,0,True
914,0.7919991612434387,0.2596375346183777,1.0,0.06481833755970001,1.4445581436157227,1.4445581436157227,0.09145516157150269,0.1482728123664856,0,True
915,0.8056694269180298,0.255779892206192,1.0,0.06599708646535873,1.440129280090332,1.440129280090332,0.09230849146842957,0.15079200267791748,0,True
916,0.8109245300292969,0.25139468908309937,1.0,0.06705063581466675,1.415701985359192,1.415701985359192,0.09449265152215958,0.13677701354026794,0,True
917,0.8120385408401489,0.25363409519195557,1.0,0.06622271984815598,1.401885747909546,1.401885747909546,0.09426557272672653,0.13818861544132233,0,True
918,0.812997579574585,0.24054297804832458,1.0,0.06480385363101959,1.3865408897399902,1.3865408897399902,0.09029116481542587,0.14817732572555542,0,True
919,0.8011763095855713,0.2431582659482956,1.0,0.06267154216766357,1.4070662260055542,1.4070662260055542,0.09095606207847595,0.1323164999485016,0,True
920,0.805831789970398,0.24207112193107605,1.0,0.0626363679766655,1.4306944608688354,1.4306944608688354,0.09078505635261536,0.15066483616828918,0,True
921,0.811633825302124,0.23899132013320923,1.0,0.06433116644620895,1.427851676940918,1.427851676940918,0.08721565455198288,0.14645500481128693,0,True
922,0.8083750009536743,0.24393290281295776,1.0,0.06473253667354584,1.4275785684585571,1.4275785684585571,0.09347507357597351,0.14120224118232727,0,True
923,0.8098825812339783,0.25155457854270935,1.0,0.06407778710126877,1.455744981765747,1.455744981765747,0.08721629530191422,0.1630762219429016,0,True
924,0.8067505359649658,0.25558632612228394,1.0,0.06395938992500305,1.4320727586746216,1.4320727586746216,0.09268570691347122,0.1552736908197403,0,True
925,0.7965732216835022,0.26426029205322266,1.0,0.0645633414387703,1.4735219478607178,1.4735219478607178,0.09478528052568436,0.12808382511138916,0,True
926,0.7939924001693726,0.27543240785598755,1.0,0.06614956259727478,1.4528605937957764,1.4528605937957764,0.09214994311332703,0.13569504022598267,0,True
927,0.792611300945282,0.2810884416103363,1.0,0.06703566759824753,1.4525408744812012,1.4525408744812012,0.0931728333234787,0.13498514890670776,0,True
928,0.7882072925567627,0.27026546001434326,1.0,0.06793831288814545,1.427199125289917,1.427199125289917,0.09271819144487381,0.15091323852539062,0,True
929,0.7915711402893066,0.2697429060935974,1.0,0.06582050770521164,1.4259611368179321,1.4259611368179321,0.08997519314289093,0.1304163783788681,0,True
930,0.7837384939193726,0.26063477993011475,1.0,0.06383543461561203,1.4085352420806885,1.4085352420806885,0.09116628021001816,0.13677068054676056,0,True
931,0.7788626551628113,0.2574714422225952,1.0,0.06307942420244217,1.4163886308670044,1.4163886308670044,0.0892506018280983,0.1551373302936554,0,True
932,0.7864612936973572,0.2553142309188843,1.0,0.062418803572654724,1.412104845046997,1.412104845046997,0.08821221441030502,0.16064727306365967,0,True
933,0.7905389070510864,0.2592577338218689,1.0,0.06404078006744385,1.4342339038848877,1.4342339038848877,0.09510361403226852,0.15431955456733704,0,True
934,0.8018364310264587,0.25996607542037964,1.0,0.06402763724327087,1.4424892663955688,1.4424892663955688,0.08868099749088287,0.1618533730506897,0,True
935,0.7925019264221191,0.2681555151939392,1.0,0.06367644667625427,1.4531034231185913,1.4531034231185913,0.08872492611408234,0.15135499835014343,0,True
936,0.789907693862915,0.2736576497554779,1.0,0.06456375122070312,1.4584681987762451,1.4584681987762451,0.10010877251625061,0.14471447467803955,0,True
937,0.795495867729187,0.28662556409835815,1.0,0.06617361307144165,1.4598532915115356,1.4598532915115356,0.09339620918035507,0.13121925294399261,0,True
938,0.7991142868995667,0.27815836668014526,1.0,0.06670896708965302,1.4304478168487549,1.4304478168487549,0.090164914727211,0.13775184750556946,0,True
939,0.7824586629867554,0.2697453498840332,1.0,0.06609461456537247,1.4403612613677979,1.4403612613677979,0.09175945818424225,0.12672626972198486,0,True
940,0.7800040245056152,0.26415008306503296,1.0,0.06514105200767517,1.416900396347046,1.416900396347046,0.08997349441051483,0.14980390667915344,0,True
941,0.7868374586105347,0.26156747341156006,1.0,0.06363360583782196,1.4156056642532349,1.4156056642532349,0.0861009955406189,0.1452997922897339,0,True
942,0.7863843441009521,0.270230770111084,1.0,0.06361947953701019,1.4079394340515137,1.4079394340515137,0.09340193122625351,0.15275034308433533,0,True
943,0.7961156964302063,0.2651040554046631,1.0,0.06400522589683533,1.4204357862472534,1.4204357862472534,0.0909743681550026,0.1691109538078308,0,True
944,0.8067080974578857,0.2542895972728729,1.0,0.06460592150688171,1.4263927936553955,1.4263927936553955,0.0899168848991394,0.16896694898605347,0,True
945,0.8074951171875,0.25670021772384644,1.0,0.06442104279994965,1.4256377220153809,1.4256377220153809,0.08977098762989044,0.15325580537319183,0,True
946,0.8110975027084351,0.266928493976593,1.0,0.06337612122297287,1.4245857000350952,1.4245857000350952,0.08798856288194656,0.1476420760154724,0,True
947,0.8057596683502197,0.2739986181259155,1.0,0.06487971544265747,1.4474966526031494,1.4474966526031494,0.09013912081718445,0.12317857146263123,0,True
948,0.8038597106933594,0.27998435497283936,1.0,0.06528150290250778,1.4408015012741089,1.4408015012741089,0.09266454726457596,0.1428915560245514,0,True
949,0.7889003753662109,0.27788835763931274,1.0,0.06546272337436676,1.4270062446594238,1.4270062446594238,0.0893683061003685,0.15075096487998962,0,True
950,0.7593779563903809,0.27466708421707153,1.0,0.064508356153965,1.4063000679016113,1.4063000679016113,0.0896385908126831,0.13306063413619995,0,True
951,0.7623711824417114,0.2708877921104431,1.0,0.06441061943769455,1.4216408729553223,1.4216408729553223,0.0932522788643837,0.1359756737947464,0,True
952,0.7697490453720093,0.2757573127746582,1.0,0.06419000029563904,1.4073193073272705,1.4073193073272705,0.09378479421138763,0.1438608169555664,0,True
953,0.7761229872703552,0.27121707797050476,1.0,0.06448954343795776,1.4044952392578125,1.4044952392578125,0.09037339687347412,0.1320231556892395,0,True
954,0.7812265157699585,0.2577682435512543,1.0,0.0647057518362999,1.4092901945114136,1.4092901945114136,0.09240595996379852,0.14803160727024078,0,True
955,0.7953636646270752,0.2575698792934418,1.0,0.06421209126710892,1.4267604351043701,1.4267604351043701,0.08764994144439697,0.1589469611644745,0,True
956,0.8127504587173462,0.26308488845825195,1.0,0.0645686686038971,1.41265869140625,1.41265869140625,0.09706880152225494,0.14084087312221527,0,True
957,0.8072479963302612,0.26820170879364014,1.0,0.06367907673120499,1.4206440448760986,1.4206440448760986,0.09175878018140793,0.14437952637672424,0,True
958,0.7937288880348206,0.2754601240158081,1.0,0.06317954510450363,1.4450044631958008,1.4450044631958008,0.08461765944957733,0.15195845067501068,0,True
959,0.7918595671653748,0.2732172906398773,1.0,0.06395207345485687,1.440194010734558,1.440194010734558,0.0916345939040184,0.156202495098114,0,True
960,0.0663972944021225,0.9353799819946289,1.0,0.06361332535743713,1.410207986831665,1.410207986831665,0.0967898964881897,0.008818354457616806,118,True
961,0.157667338848114,0.8433539271354675,0.078125,0.0639733299612999,0.7029385566711426,0.7029385566711426,0.08772992342710495,0.6328570246696472,0,True
962,0.03617015853524208,0.9656305313110352,0.078125,0.07684150338172913,1.3485665321350098,1.3485665321350098,0.12213090807199478,0.6686587333679199,0,True
963,0.08744621276855469,0.9154475331306458,0.078125,0.06959974020719528,1.0096906423568726,1.0096906423568726,0.10512044280767441,0.6902645826339722,0,True
964,0.014287898316979408,0.9894487857818604,0.078125,0.058072324842214584,0.9082072973251343,0.9082072973251343,0.10073670744895935,0.5337528586387634,0,True
965,0.00029531680047512054,1.0052357912063599,0.078125,0.060061417520046234,0.7855189442634583,0.7855189442634583,0.10644252598285675,0.6909760236740112,0,True
966,-0.03436936438083649,1.0431658029556274,0.078125,0.06559993326663971,0.9074848890304565,0.9074848890304565,0.11883775144815445,0.8315025568008423,0,True
967,-0.05715344473719597,1.072483777999878,0.078125,0.066652312874794,0.9113702774047852,0.9113702774047852,0.13679936528205872,1.0301036834716797,0,True
968,-0.046200916171073914,1.0578351020812988,0.078125,0.06916067004203796,0.9600443840026855,0.9600443840026855,0.12451725453138351,1.0236830711364746,0,True
969,-0.04382973536849022,1.0528223514556885,0.078125,0.07463095337152481,1.0374062061309814,1.0374062061309814,0.13905802369117737,0.9422831535339355,0,True
970,0.02054278925061226,0.9818395972251892,0.078125,0.06879180669784546,1.1171398162841797,1.1171398162841797,0.12200149148702621,1.065192699432373,0,True
971,0.03156670182943344,0.9701475501060486,0.078125,0.06911402940750122,1.1752514839172363,1.1752514839172363,0.14140473306179047,0.8466557264328003,0,True
972,0.07162506878376007,0.9305553436279297,0.078125,0.06336469203233719,1.2169923782348633,1.2169923782348633,0.1320008784532547,0.7690469026565552,0,True
973,0.12934479117393494,0.8742105960845947,0.078125,0.06116912141442299,1.2991634607315063,1.2991634607315063,0.15239746868610382,0.6883893609046936,0,True
974,0.17560581862926483,0.831295371055603,0.078125,0.060679513961076736,1.3725265264511108,1.3725265264511108,0.11601769179105759,0.558080792427063,0,True
975,0.21506482362747192,0.7931511402130127,0.078125,0.06029670313000679,1.4250459671020508,1.4250459671020508,0.11301121860742569,0.5179214477539062,0,True
976,0.2544584274291992,0.7512459754943848,0.078125,0.059386417269706726,1.4394283294677734,1.4394283294677734,0.103695809841156,0.4192342758178711,0,True
977,0.2856672406196594,0.7276234030723572,0.078125,0.05732755735516548,1.4114131927490234,1.4114131927490234,0.11338184028863907,0.40400129556655884,0,True
978,0.29721754789352417,0.7199170589447021,0.078125,0.055649399757385254,1.4124338626861572,1.4124338626861572,0.14880269765853882,0.40264028310775757,0,True
979,0.3072396218776703,0.7045876979827881,0.078125,0.05416835471987724,1.445584774017334,1.445584774017334,0.0956425592303276,0.36707448959350586,0,True
980,0.3307686150074005,0.6867650151252747,0.078125,0.052692681550979614,1.443880319595337,1.443880319595337,0.09838145971298218,0.37445059418678284,0,True
981,0.33412134647369385,0.6732137203216553,0.078125,0.05295135825872421,1.4422924518585205,1.4422924518585205,0.11772752553224564,0.3536757230758667,0,True
982,0.34245365858078003,0.6598979234695435,0.078125,0.05115871876478195,1.4610246419906616,1.4610246419906616,0.09957249462604523,0.35229945182800293,0,True
983,0.3552994728088379,0.6572979688644409,0.078125,0.05026048421859741,1.4665191173553467,1.4665191173553467,0.09079859405755997,0.350791335105896,0,True
984,0.38470178842544556,0.6242528557777405,0.078125,0.050975922495126724,1.4743845462799072,1.4743845462799072,0.10549654811620712,0.3547142446041107,0,True
985,0.404192715883255,0.6015548706054688,0.078125,0.051475636661052704,1.4830348491668701,1.4830348491668701,0.09531722962856293,0.36286067962646484,0,True
986,0.4132536053657532,0.6007457375526428,0.078125,0.052633192390203476,1.5187890529632568,1.5187890529632568,0.09660495072603226,0.35222408175468445,0,True
987,0.4173477292060852,0.6022588014602661,0.078125,0.051948219537734985,1.471774935722351,1.471774935722351,0.09756989032030106,0.374860018491745,0,True
988,0.43938249349594116,0.5862255096435547,0.078125,0.05329570919275284,1.4714157581329346,1.4714157581329346,0.14794810116291046,0.3768191933631897,0,True
989,0.45865508913993835,0.5676950216293335,0.078125,0.054850175976753235,1.4696624279022217,1.4696624279022217,0.10260399430990219,0.3560827374458313,0,True
990,0.46442362666130066,0.5639191269874573,0.078125,0.0584392249584198,1.4993782043457031,1.4993782043457031,0.1274649053812027,0.3789379894733429,0,True
991,0.4753721356391907,0.5366092324256897,0.078125,0.05896083638072014,1.5216069221496582,1.5216069221496582,0.09949120879173279,0.3966640830039978,0,True
992,0.5020278692245483,0.5054569244384766,0.078125,0.05900079384446144,1.4975509643554688,1.4975509643554688,0.09370341897010803,0.332339882850647,0,True
993,0.5350615382194519,0.49488598108291626,0.078125,0.05988872051239014,1.4888997077941895,1.4888997077941895,0.11352931708097458,0.32005739212036133,0,True
994,0.5518651008605957,0.4846590757369995,0.078125,0.06047820299863815,1.4651052951812744,1.4651052951812744,0.10803396254777908,0.3160942792892456,0,True
995,0.5748081207275391,0.4559174180030823,0.078125,0.06091652065515518,1.4952418804168701,1.4952418804168701,0.10709074884653091,0.36018335819244385,0,True
996,0.5875686407089233,0.4580411911010742,0.078125,0.06338571012020111,1.496812105178833,1.496812105178833,0.12673494219779968,0.3367839455604553,0,True
997,0.5679670572280884,0.4730018675327301,0.078125,0.06007224693894386,1.4576053619384766,1.4576053619384766,0.11988198757171631,0.3531126081943512,0,True
998,0.5603669881820679,0.47155678272247314,0.078125,0.05977875739336014,1.4330908060073853,1.4330908060073853,0.11132482439279556,0.3068888187408447,0,True
999,0.5617997050285339,0.46971869468688965,0.078125,0.05969332903623581,1.4626715183258057,1.4626715183258057,0.09808872640132904,0.28417980670928955,1,True
1000,0.5839956998825073,0.45122456550598145,0.0703125,0.06176716834306717,1.464501142501831,1.464501142501831,0.10722064971923828,0.3267459571361542,0,True
