step,mean_vel_x,mean_abs_vx_error,p2_fault_active_mean,residual_action_mean_norm,final_action_mean_norm,base_action_mean_norm,residual_action_max_norm,mean_abs_yaw_error,done_count,no_nan_inf
1,0.020502150058746338,0.9794977903366089,0.0,1.0498050451278687,0.9142557978630066,0.9142557978630066,1.3388910293579102,2.061772346496582,0,True
2,0.033264316618442535,0.9709169864654541,0.0,1.8181871175765991,1.5846452713012695,1.5846452713012695,3.347421884536743,3.091454029083252,0,True
3,0.013051055371761322,0.9910723567008972,0.0,2.248533248901367,1.016845703125,1.016845703125,3.428307294845581,4.417593002319336,0,True
4,-0.07100585848093033,1.0723768472671509,0.0,2.5931813716888428,0.8589857220649719,0.8589857220649719,3.6856529712677,4.770753860473633,0,True
5,-0.04169810190796852,1.0416980981826782,0.0,2.6010208129882812,1.0296611785888672,1.0296611785888672,3.494708299636841,3.543353319168091,0,True
6,-0.03132430836558342,1.0313242673873901,0.0,2.215212821960449,1.2130625247955322,1.2130625247955322,3.3779890537261963,2.3976073265075684,0,True
7,0.00938730500638485,0.9906126856803894,0.0,1.8523396253585815,1.4370228052139282,1.4370228052139282,3.6455090045928955,1.3307480812072754,0,True
8,0.07967342436313629,0.9203265905380249,0.0,1.5937035083770752,1.6704398393630981,1.6704398393630981,3.7549662590026855,0.7483375072479248,0,True
9,0.11504215002059937,0.8852716088294983,0.0,1.4694976806640625,1.785828948020935,1.785828948020935,3.768888473510742,0.49323880672454834,0,True
10,0.11953932046890259,0.8804606795310974,0.0,1.3219393491744995,1.7196451425552368,1.7196451425552368,3.602881908416748,0.40599989891052246,0,True
11,0.1250571608543396,0.8749428987503052,0.0,1.2342665195465088,1.6751842498779297,1.6751842498779297,3.683375358581543,0.31457579135894775,0,True
12,0.14573869109153748,0.8542612791061401,0.0,1.239957332611084,1.6431479454040527,1.6431479454040527,3.600325345993042,0.2854848802089691,0,True
13,0.1613287478685379,0.8386712670326233,0.0,1.2234183549880981,1.6304373741149902,1.6304373741149902,3.4000799655914307,0.2675546109676361,0,True
14,0.18500494956970215,0.8149950504302979,0.0,1.2090706825256348,1.5971986055374146,1.5971986055374146,3.3511900901794434,0.2453165501356125,0,True
15,0.19950991868972778,0.8004900217056274,0.0,1.1996779441833496,1.5747615098953247,1.5747615098953247,3.2429678440093994,0.2500137686729431,0,True
16,0.20678995549678802,0.7941195964813232,0.0,1.1731140613555908,1.5551106929779053,1.5551106929779053,3.030129909515381,0.22962266206741333,0,True
17,0.22182053327560425,0.7781794667243958,0.0,1.2039380073547363,1.5492976903915405,1.5492976903915405,2.9106180667877197,0.22368745505809784,0,True
18,0.25419318675994873,0.749364972114563,0.0,1.2989985942840576,1.6265584230422974,1.6265584230422974,2.9369523525238037,0.24386003613471985,0,True
19,0.2907785177230835,0.7115538120269775,0.0,1.3273321390151978,1.644737720489502,1.644737720489502,2.7972781658172607,0.25246670842170715,0,True
20,0.31203725934028625,0.6909201741218567,0.0,1.3124520778656006,1.608880877494812,1.608880877494812,2.6034023761749268,0.24716517329216003,0,True
21,0.3298938274383545,0.670220136642456,0.0,1.3104242086410522,1.586381196975708,1.586381196975708,2.707698106765747,0.25729691982269287,0,True
22,0.34860095381736755,0.6514301896095276,0.0,1.3118665218353271,1.5255019664764404,1.5255019664764404,3.183013916015625,0.24117229878902435,0,True
23,0.37351638078689575,0.631898045539856,0.0,1.38531494140625,1.5527360439300537,1.5527360439300537,3.520073890686035,0.20455807447433472,0,True
24,0.39336884021759033,0.6079537868499756,0.0,1.3663790225982666,1.4893624782562256,1.4893624782562256,3.0034260749816895,0.22327250242233276,0,True
25,0.39181607961654663,0.6092422008514404,0.0,1.3020398616790771,1.4361401796340942,1.4361401796340942,3.5718917846679688,0.1990589201450348,0,True
26,0.39864712953567505,0.6013529300689697,0.0,1.3154462575912476,1.489467740058899,1.489467740058899,3.1724517345428467,0.2138761281967163,0,True
27,0.4065682590007782,0.5964127779006958,0.0,1.347215175628662,1.5027670860290527,1.5027670860290527,3.213535785675049,0.2196221500635147,0,True
28,0.44701844453811646,0.5610453486442566,0.0,1.4169235229492188,1.57709801197052,1.57709801197052,3.267512083053589,0.2285693883895874,0,True
29,0.45992791652679443,0.5447878837585449,0.0,1.4196312427520752,1.5950140953063965,1.5950140953063965,2.72886061668396,0.25094297528266907,0,True
30,0.4749385714530945,0.526943564414978,0.0,1.3736034631729126,1.5982794761657715,1.5982794761657715,2.8790485858917236,0.26313692331314087,0,True
31,0.4515661597251892,0.5503984093666077,0.0,1.3004708290100098,1.5244816541671753,1.5244816541671753,2.574974775314331,0.2397139072418213,0,True
32,0.44989651441574097,0.5518909096717834,0.0,1.282151222229004,1.5197339057922363,1.5197339057922363,3.6933236122131348,0.23133382201194763,0,True
33,0.4769950807094574,0.5269652605056763,0.0,1.3543317317962646,1.5097169876098633,1.5097169876098633,3.4898009300231934,0.2450525164604187,0,True
34,0.49014079570770264,0.5224142074584961,0.0,1.3576890230178833,1.5114319324493408,1.5114319324493408,2.810864210128784,0.22267311811447144,0,True
35,0.4931584596633911,0.5159708261489868,0.0,1.336605429649353,1.5147709846496582,1.5147709846496582,2.8959696292877197,0.19640231132507324,0,True
36,0.4849699139595032,0.5207744836807251,0.0,1.352121353149414,1.5454884767532349,1.5454884767532349,2.8422892093658447,0.23739327490329742,0,True
37,0.4995574951171875,0.5053356885910034,0.0,1.3875601291656494,1.6086124181747437,1.6086124181747437,2.8229358196258545,0.21481040120124817,0,True
38,0.5367550849914551,0.46798959374427795,0.0,1.4073967933654785,1.5981591939926147,1.5981591939926147,3.640376329421997,0.20286859571933746,0,True
39,0.5438200235366821,0.4605882465839386,0.0,1.3735381364822388,1.5499029159545898,1.5499029159545898,3.061746597290039,0.2556445300579071,0,True
40,0.579224705696106,0.429988831281662,0.0,1.361302137374878,1.6024819612503052,1.6024819612503052,3.300497055053711,0.247865229845047,0,True
41,0.5761032700538635,0.4278557300567627,0.0,1.331505537033081,1.5127525329589844,1.5127525329589844,2.617550849914551,0.24075089395046234,0,True
42,0.5542998313903809,0.4463956356048584,0.0,1.261362075805664,1.4404679536819458,1.4404679536819458,2.5821762084960938,0.21130499243736267,0,True
43,0.5568373203277588,0.4459853768348694,0.0,1.3256735801696777,1.4668023586273193,1.4668023586273193,2.614642381668091,0.2029055655002594,0,True
44,0.5974569320678711,0.4094827175140381,0.0,1.4207775592803955,1.5481739044189453,1.5481739044189453,2.6464481353759766,0.18919891119003296,0,True
45,0.5971195101737976,0.41340383887290955,0.0,1.384077548980713,1.548994779586792,1.548994779586792,3.303654432296753,0.22215893864631653,0,True
46,0.6149780750274658,0.39536547660827637,0.0,1.3661093711853027,1.551563024520874,1.551563024520874,3.8614189624786377,0.23407651484012604,0,True
47,0.6026722192764282,0.41279804706573486,0.0,1.3649506568908691,1.5534329414367676,1.5534329414367676,3.122272253036499,0.21350976824760437,0,True
48,0.6418378353118896,0.37848758697509766,0.0,1.424819827079773,1.6250717639923096,1.6250717639923096,2.740105628967285,0.21911682188510895,0,True
49,0.6439332365989685,0.3678867816925049,0.0,1.4102427959442139,1.5550954341888428,1.5550954341888428,4.430086135864258,0.21793103218078613,0,True
50,0.6393740177154541,0.37532922625541687,0.0,1.3607631921768188,1.5504904985427856,1.5504904985427856,3.368311643600464,0.2281501293182373,0,True
51,0.6464338898658752,0.37337198853492737,0.0,1.4101123809814453,1.5656166076660156,1.5656166076660156,3.6988096237182617,0.18520978093147278,0,True
52,0.6356230974197388,0.37823161482810974,0.0,1.4133875370025635,1.538316249847412,1.538316249847412,3.967958927154541,0.17756980657577515,0,True
53,0.6390756368637085,0.3769840896129608,0.0,1.3748133182525635,1.5121796131134033,1.5121796131134033,3.6997241973876953,0.18973590433597565,0,True
54,0.6612284183502197,0.3600541651248932,0.0,1.4281229972839355,1.5769314765930176,1.5769314765930176,3.8169610500335693,0.21230965852737427,0,True
55,0.6779131889343262,0.3462361991405487,0.0,1.46463143825531,1.5885498523712158,1.5885498523712158,3.914583921432495,0.20286844670772552,0,True
56,0.685407280921936,0.3384549617767334,0.0,1.4083057641983032,1.5446984767913818,1.5446984767913818,4.006413459777832,0.21606004238128662,0,True
57,0.6833617687225342,0.34645670652389526,0.0,1.4323811531066895,1.5837748050689697,1.5837748050689697,3.945838451385498,0.19385790824890137,0,True
58,0.7118489742279053,0.33025309443473816,0.0,1.4982545375823975,1.6494336128234863,1.6494336128234863,3.9772894382476807,0.18875384330749512,0,True
59,0.6927292943000793,0.3460378646850586,0.0,1.4208450317382812,1.5877400636672974,1.5877400636672974,3.719775438308716,0.20026132464408875,0,True
60,0.6980946660041809,0.33979374170303345,0.0,1.4248065948486328,1.595679521560669,1.595679521560669,3.1923184394836426,0.20693479478359222,0,True
61,0.7044613361358643,0.34126016497612,0.0,1.4286425113677979,1.5327820777893066,1.5327820777893066,2.9583792686462402,0.20257720351219177,0,True
62,0.688904881477356,0.3517783284187317,0.0,1.406569242477417,1.562082052230835,1.562082052230835,3.139223337173462,0.20352107286453247,0,True
63,0.7248820662498474,0.3178563117980957,0.0,1.4392316341400146,1.6150684356689453,1.6150684356689453,2.8675105571746826,0.20829421281814575,1,True
64,0.7292487621307373,0.32904279232025146,0.0,1.4283561706542969,1.5387375354766846,1.5387375354766846,2.9025940895080566,0.24132749438285828,0,True
65,0.7309571504592896,0.30286142230033875,0.0,1.4674010276794434,1.637786626815796,1.637786626815796,3.927672863006592,0.21907904744148254,0,True
66,0.714844822883606,0.30977684259414673,0.0,1.444247841835022,1.5727579593658447,1.5727579593658447,3.035942554473877,0.2272249460220337,0,True
67,0.6869643926620483,0.33376750349998474,0.0,1.432953119277954,1.5893635749816895,1.5893635749816895,3.1026036739349365,0.2686700224876404,0,True
68,0.7100872993469238,0.31723472476005554,0.0,1.4720604419708252,1.6304067373275757,1.6304067373275757,3.1176462173461914,0.2581443786621094,0,True
69,0.7076454758644104,0.3147343695163727,0.0,1.4475079774856567,1.574733018875122,1.574733018875122,3.0174221992492676,0.1895994246006012,0,True
70,0.7050144672393799,0.31999149918556213,0.0,1.4034419059753418,1.5854852199554443,1.5854852199554443,2.5782859325408936,0.2452450394630432,0,True
71,0.7153761386871338,0.31141549348831177,0.0,1.4327905178070068,1.5954111814498901,1.5954111814498901,2.970961570739746,0.22699378430843353,0,True
72,0.693284273147583,0.33302223682403564,0.0,1.4030256271362305,1.5688122510910034,1.5688122510910034,2.559070587158203,0.19737038016319275,0,True
73,0.6790958046913147,0.34214022755622864,0.0,1.4102717638015747,1.5936977863311768,1.5936977863311768,2.7933382987976074,0.20062482357025146,1,True
74,0.6918678283691406,0.34230703115463257,0.0,1.4280171394348145,1.588565468788147,1.588565468788147,2.6686394214630127,0.21671858429908752,1,True
75,0.7125052213668823,0.3107674717903137,0.0,1.4748454093933105,1.665276288986206,1.665276288986206,2.746320962905884,0.20981717109680176,0,True
76,0.6849691867828369,0.3335316777229309,0.0,1.4431116580963135,1.605953335762024,1.605953335762024,2.727792263031006,0.24710991978645325,1,True
77,0.6794698238372803,0.33229923248291016,0.0,1.4149186611175537,1.6186041831970215,1.6186041831970215,2.7079520225524902,0.2727617025375366,0,True
78,0.6731148958206177,0.3404601216316223,0.0,1.440631628036499,1.5828845500946045,1.5828845500946045,3.163393497467041,0.3174418807029724,0,True
79,0.6594247221946716,0.34682148694992065,0.0,1.4371771812438965,1.5548820495605469,1.5548820495605469,3.4835169315338135,0.2904105484485626,0,True
80,0.6770061254501343,0.33199504017829895,0.0,1.4053760766983032,1.5720293521881104,1.5720293521881104,2.8645191192626953,0.2249820977449417,0,True
81,0.6794504523277283,0.3368442952632904,0.0,1.4106017351150513,1.5647244453430176,1.5647244453430176,3.9194512367248535,0.1982257068157196,0,True
82,0.6851398944854736,0.3335641026496887,0.0,1.3776798248291016,1.5594573020935059,1.5594573020935059,2.938229560852051,0.1750284731388092,0,True
83,0.6958779692649841,0.32438474893569946,0.0,1.4247913360595703,1.5870661735534668,1.5870661735534668,3.781597375869751,0.18774005770683289,0,True
84,0.7072325348854065,0.31517207622528076,0.0,1.3914213180541992,1.6130421161651611,1.6130421161651611,2.421645402908325,0.19144397974014282,0,True
85,0.6831904053688049,0.3402881920337677,0.0,1.3738560676574707,1.5532622337341309,1.5532622337341309,2.616438865661621,0.16766253113746643,0,True
86,0.7132726907730103,0.30828404426574707,0.0,1.452643871307373,1.66576087474823,1.66576087474823,2.848959445953369,0.15893152356147766,0,True
87,0.7053919434547424,0.31066983938217163,0.0,1.4107333421707153,1.592343807220459,1.592343807220459,2.648689031600952,0.16858211159706116,0,True
88,0.7045215964317322,0.3085964620113373,0.0,1.3683292865753174,1.5996952056884766,1.5996952056884766,2.6753644943237305,0.15706151723861694,1,True
89,0.7166931629180908,0.2957496643066406,0.0,1.4200695753097534,1.6199488639831543,1.6199488639831543,2.717435836791992,0.1770402044057846,0,True
90,0.73406982421875,0.28992533683776855,0.0,1.421478033065796,1.6076359748840332,1.6076359748840332,2.7691705226898193,0.17668962478637695,0,True
91,0.7053943872451782,0.31008797883987427,0.0,1.376526117324829,1.545029640197754,1.545029640197754,2.593029260635376,0.19741447269916534,0,True
92,0.730897843837738,0.28408628702163696,0.0,1.4263510704040527,1.6131610870361328,1.6131610870361328,2.7652721405029297,0.1769987940788269,0,True
93,0.708492636680603,0.30280980467796326,0.0,1.384714961051941,1.529822826385498,1.529822826385498,3.052912950515747,0.15571655333042145,0,True
94,0.7305747866630554,0.2829003632068634,0.0,1.4229635000228882,1.6212760210037231,1.6212760210037231,3.1608939170837402,0.1777290403842926,1,True
95,0.7448363304138184,0.26651787757873535,0.0,1.4366567134857178,1.6232898235321045,1.6232898235321045,2.5534491539001465,0.14548346400260925,1,True
96,0.7489811182022095,0.2655741274356842,0.0,1.4586451053619385,1.6520438194274902,1.6520438194274902,3.109121322631836,0.1592411994934082,0,True
97,0.7532124519348145,0.2580699324607849,0.0,1.426934003829956,1.6209752559661865,1.6209752559661865,2.7277638912200928,0.1830848753452301,0,True
98,0.7322535514831543,0.2807285487651825,0.0,1.3687107563018799,1.5550403594970703,1.5550403594970703,2.457496404647827,0.19233942031860352,0,True
99,0.7456808686256409,0.26767730712890625,0.0,1.4176077842712402,1.5780563354492188,1.5780563354492188,2.7391984462738037,0.20497995615005493,0,True
100,0.748785674571991,0.26084691286087036,0.0,1.4342997074127197,1.5423933267593384,1.5423933267593384,2.805628538131714,0.1919514685869217,0,True
101,0.7562541365623474,0.25540420413017273,0.0,1.4469032287597656,1.5585145950317383,1.5585145950317383,3.2371954917907715,0.17159244418144226,0,True
102,0.7659339904785156,0.24722178280353546,0.0,1.4341721534729004,1.5631678104400635,1.5631678104400635,2.654736042022705,0.18015332520008087,0,True
103,0.7587220668792725,0.25335317850112915,0.0,1.4071784019470215,1.5759608745574951,1.5759608745574951,2.591183662414551,0.16298557817935944,0,True
104,0.7554827928543091,0.257693350315094,0.0,1.4413210153579712,1.6406471729278564,1.6406471729278564,2.655546188354492,0.13766366243362427,0,True
105,0.800347626209259,0.2189997285604477,0.0,1.5030455589294434,1.6848218441009521,1.6848218441009521,2.7904183864593506,0.13524562120437622,0,True
106,0.7759488821029663,0.2361448109149933,0.0,1.3883652687072754,1.576921820640564,1.576921820640564,2.63283634185791,0.13556955754756927,0,True
107,0.7838232517242432,0.2299620509147644,0.0,1.4034112691879272,1.6488640308380127,1.6488640308380127,2.8282155990600586,0.1207200214266777,0,True
108,0.7796511650085449,0.23370347917079926,0.0,1.4108177423477173,1.5918617248535156,1.5918617248535156,2.5676586627960205,0.12529347836971283,0,True
109,0.7799884676933289,0.23649322986602783,0.0,1.3860172033309937,1.5700907707214355,1.5700907707214355,2.5117452144622803,0.13330788910388947,0,True
110,0.7773662805557251,0.2410607486963272,0.0,1.4035042524337769,1.5437674522399902,1.5437674522399902,2.7606728076934814,0.13057005405426025,0,True
111,0.7839359641075134,0.2326684296131134,0.0,1.4302563667297363,1.6059763431549072,1.6059763431549072,2.5770998001098633,0.12417982518672943,0,True
112,0.7926948070526123,0.2195831686258316,0.0,1.425166130065918,1.6011384725570679,1.6011384725570679,2.8067548274993896,0.12014641612768173,0,True
113,0.7863481640815735,0.22610308229923248,0.0,1.4137630462646484,1.5920066833496094,1.5920066833496094,2.749371290206909,0.1227160319685936,0,True
114,0.7990573644638062,0.2162618339061737,0.0,1.4458131790161133,1.6539900302886963,1.6539900302886963,2.810516357421875,0.1340440809726715,0,True
115,0.8077529668807983,0.21175843477249146,0.0,1.4542957544326782,1.6498422622680664,1.6498422622680664,2.623730421066284,0.12872916460037231,1,True
116,0.8320798873901367,0.17862793803215027,0.0,1.458878993988037,1.6773991584777832,1.6773991584777832,4.0258917808532715,0.14628003537654877,0,True
117,0.7970453500747681,0.2178773730993271,0.0,1.3817678689956665,1.5273183584213257,1.5273183584213257,2.471827983856201,0.1641198694705963,0,True
118,0.8094221353530884,0.2048758864402771,0.0,1.4099911451339722,1.6108715534210205,1.6108715534210205,2.9174399375915527,0.15550497174263,0,True
119,0.8068696856498718,0.21466222405433655,0.0,1.3875105381011963,1.517364740371704,1.517364740371704,2.768822431564331,0.16383469104766846,0,True
120,0.811245322227478,0.20808498561382294,0.0,1.4279357194900513,1.552378535270691,1.552378535270691,2.766549587249756,0.167235866189003,0,True
121,0.8171396851539612,0.2029845118522644,0.0,1.4309780597686768,1.5590651035308838,1.5590651035308838,2.8235113620758057,0.14334633946418762,0,True
122,0.8084753751754761,0.20721741020679474,0.0,1.4256525039672852,1.5775091648101807,1.5775091648101807,2.5617339611053467,0.14465020596981049,0,True
123,0.8177871704101562,0.20397606492042542,0.0,1.4588099718093872,1.6455605030059814,1.6455605030059814,2.94852352142334,0.13910716772079468,0,True
124,0.8509219884872437,0.16614268720149994,0.0,1.5021452903747559,1.714980125427246,1.714980125427246,2.8248183727264404,0.1257617175579071,0,True
125,0.8520748615264893,0.1722729504108429,0.0,1.4248793125152588,1.6431522369384766,1.6431522369384766,2.5318984985351562,0.12414548546075821,0,True
126,0.8420511484146118,0.1779147982597351,0.0,1.3838679790496826,1.6251752376556396,1.6251752376556396,2.4379048347473145,0.10710707306861877,0,True
127,0.8447619676589966,0.18358775973320007,0.0,1.4125709533691406,1.5900815725326538,1.5900815725326538,2.6807596683502197,0.13332822918891907,0,True
128,0.8463858366012573,0.1721533238887787,0.0,1.3895771503448486,1.5526883602142334,1.5526883602142334,2.4503633975982666,0.10694065690040588,0,True
129,0.8487354516983032,0.16870424151420593,0.0,1.3723256587982178,1.5086040496826172,1.5086040496826172,2.671323299407959,0.11489950120449066,0,True
130,0.8445883989334106,0.17744897305965424,0.0,1.4030061960220337,1.5534840822219849,1.5534840822219849,2.617248058319092,0.13107788562774658,0,True
131,0.8600057363510132,0.16236157715320587,0.0,1.4497954845428467,1.6094815731048584,1.6094815731048584,2.7507753372192383,0.12214905023574829,0,True
132,0.8395576477050781,0.18335387110710144,0.0,1.426027536392212,1.5936028957366943,1.5936028957366943,2.5614476203918457,0.12289009988307953,0,True
133,0.8582121133804321,0.175896555185318,0.0,1.460056185722351,1.6881214380264282,1.6881214380264282,2.686579465866089,0.11338789761066437,0,True
134,0.8662388324737549,0.1595451980829239,0.0,1.4643161296844482,1.6676067113876343,1.6676067113876343,2.52242374420166,0.13790996372699738,0,True
135,0.8544725179672241,0.1723412573337555,0.0,1.4029874801635742,1.637513279914856,1.637513279914856,2.7562661170959473,0.12105153501033783,0,True
136,0.8557004928588867,0.17324714362621307,0.0,1.3713092803955078,1.59767746925354,1.59767746925354,2.676891565322876,0.10919342935085297,0,True
137,0.849463164806366,0.17527827620506287,0.0,1.3676848411560059,1.5633984804153442,1.5633984804153442,2.7573935985565186,0.13263556361198425,0,True
138,0.8627195954322815,0.16090957820415497,0.0,1.401808261871338,1.5939247608184814,1.5939247608184814,2.7221436500549316,0.13710974156856537,0,True
139,0.8571606874465942,0.16813267767429352,0.0,1.3991434574127197,1.5374071598052979,1.5374071598052979,2.6941347122192383,0.1356973648071289,0,True
140,0.8529532551765442,0.1713700294494629,0.0,1.4265050888061523,1.580479621887207,1.580479621887207,2.6443140506744385,0.13342922925949097,0,True
141,0.8401665091514587,0.17901159822940826,0.0,1.4144076108932495,1.5575854778289795,1.5575854778289795,2.609570264816284,0.13119317591190338,0,True
142,0.8496397137641907,0.1745792031288147,0.0,1.4310023784637451,1.6184896230697632,1.6184896230697632,2.501621961593628,0.1385340839624405,0,True
143,0.8479833006858826,0.1765105426311493,0.0,1.4550213813781738,1.6317652463912964,1.6317652463912964,2.9474692344665527,0.14372673630714417,0,True
144,0.8599420785903931,0.16794800758361816,0.0,1.4612491130828857,1.6637756824493408,1.6637756824493408,2.691480875015259,0.1246575191617012,0,True
145,0.8326225876808167,0.19019001722335815,0.0,1.417794942855835,1.6079604625701904,1.6079604625701904,2.900587320327759,0.12952807545661926,0,True
146,0.8520408868789673,0.17970047891139984,0.0,1.4118605852127075,1.6550812721252441,1.6550812721252441,2.734994411468506,0.10791493207216263,0,True
147,0.8477621078491211,0.17830896377563477,0.0,1.4390661716461182,1.6213932037353516,1.6213932037353516,2.7164227962493896,0.1147666946053505,0,True
148,0.8527060747146606,0.16779135167598724,0.0,1.4106807708740234,1.6055035591125488,1.6055035591125488,2.6134114265441895,0.12870588898658752,0,True
149,0.8407391309738159,0.17833004891872406,0.0,1.3798667192459106,1.5418431758880615,1.5418431758880615,2.5470480918884277,0.11654183268547058,0,True
150,0.8622511625289917,0.15942561626434326,0.0,1.4605635404586792,1.6297335624694824,1.6297335624694824,2.6819512844085693,0.11439052224159241,0,True
151,0.8549932241439819,0.1617967039346695,0.0,1.4456019401550293,1.5913214683532715,1.5913214683532715,2.615427017211914,0.12274318188428879,0,True
152,0.85309898853302,0.162295401096344,0.0,1.4184664487838745,1.6135039329528809,1.6135039329528809,2.567286729812622,0.12438757717609406,0,True
153,0.8618521690368652,0.16602376103401184,0.0,1.4430804252624512,1.6424379348754883,1.6424379348754883,2.9453787803649902,0.11615961790084839,0,True
154,0.8589923977851868,0.16763721406459808,0.0,1.4214485883712769,1.633193850517273,1.633193850517273,2.574289560317993,0.13824495673179626,0,True
155,0.8671781420707703,0.15750840306282043,0.0,1.438028335571289,1.6187481880187988,1.6187481880187988,2.870330572128296,0.11127842217683792,0,True
156,0.8538461923599243,0.16182991862297058,0.0,1.4179949760437012,1.596496343612671,1.596496343612671,2.660907506942749,0.12395623326301575,0,True
157,0.8742446899414062,0.14771601557731628,0.0,1.4660347700119019,1.646815299987793,1.646815299987793,2.756171703338623,0.1281149685382843,0,True
158,0.8566039800643921,0.16359339654445648,0.0,1.4123769998550415,1.559588074684143,1.559588074684143,2.75484299659729,0.12986230850219727,0,True
159,0.8485204577445984,0.1674293577671051,0.0,1.4213123321533203,1.5943076610565186,1.5943076610565186,2.5941154956817627,0.13674086332321167,0,True
160,0.8666585087776184,0.1517673134803772,0.0,1.458420753479004,1.644026279449463,1.644026279449463,2.718985080718994,0.12333604693412781,0,True
161,0.8514381051063538,0.1720166802406311,0.0,1.4108445644378662,1.5912246704101562,1.5912246704101562,2.784651279449463,0.1351253092288971,0,True
162,0.847292423248291,0.16906529664993286,0.0,1.4058630466461182,1.6061800718307495,1.6061800718307495,2.5467934608459473,0.11277680099010468,0,True
163,0.8532518744468689,0.16910964250564575,0.0,1.4439514875411987,1.6052331924438477,1.6052331924438477,2.535029888153076,0.10850178450345993,0,True
164,0.8569092750549316,0.1652592271566391,0.0,1.4458330869674683,1.6317481994628906,1.6317481994628906,2.8701531887054443,0.11366264522075653,0,True
165,0.8469600081443787,0.17346858978271484,0.0,1.40000319480896,1.5815703868865967,1.5815703868865967,2.5718894004821777,0.1182965338230133,0,True
166,0.8452797532081604,0.17891481518745422,0.0,1.4364752769470215,1.621393084526062,1.621393084526062,2.6687347888946533,0.1014121025800705,0,True
167,0.8671425580978394,0.15445920825004578,0.0,1.4467175006866455,1.643545150756836,1.643545150756836,2.8330166339874268,0.11682704091072083,0,True
168,0.8459522724151611,0.16837245225906372,0.0,1.3778191804885864,1.5514546632766724,1.5514546632766724,2.5133297443389893,0.11475467681884766,0,True
169,0.8356049060821533,0.1810443252325058,0.0,1.3729952573776245,1.5753953456878662,1.5753953456878662,2.4766924381256104,0.13878867030143738,0,True
170,0.8434717059135437,0.17065605521202087,0.0,1.4647877216339111,1.6420063972473145,1.6420063972473145,2.6834218502044678,0.12254682928323746,0,True
171,0.8537616729736328,0.16147387027740479,0.0,1.447290062904358,1.6312792301177979,1.6312792301177979,2.697326183319092,0.1268480122089386,0,True
172,0.8480809926986694,0.16709062457084656,0.0,1.401188850402832,1.597322940826416,1.597322940826416,2.5615394115448,0.13766294717788696,0,True
173,0.8471154570579529,0.17093822360038757,0.0,1.41694974899292,1.620553731918335,1.620553731918335,2.664890766143799,0.12272027134895325,0,True
174,0.8531500101089478,0.16014879941940308,0.0,1.423598051071167,1.6087819337844849,1.6087819337844849,2.564789056777954,0.12699881196022034,0,True
175,0.8312101364135742,0.17809344828128815,0.0,1.3937468528747559,1.5480852127075195,1.5480852127075195,2.558624505996704,0.127847820520401,0,True
176,0.8439216613769531,0.18372130393981934,0.0,1.431326985359192,1.6205878257751465,1.6205878257751465,2.7874059677124023,0.12243303656578064,0,True
177,0.8286219835281372,0.18790170550346375,0.0,1.4468368291854858,1.6064109802246094,1.6064109802246094,2.7098162174224854,0.09463419020175934,0,True
178,0.8259066343307495,0.19154663383960724,0.0,1.446481466293335,1.6466959714889526,1.6466959714889526,2.69653582572937,0.10771964490413666,0,True
179,0.830504298210144,0.18942181766033173,0.0,1.4537639617919922,1.6618006229400635,1.6618006229400635,2.771458625793457,0.11117654293775558,0,True
180,0.8451063632965088,0.1732768565416336,0.0,1.455558180809021,1.6794373989105225,1.6794373989105225,2.7030696868896484,0.12580426037311554,0,True
181,0.8501700758934021,0.166500061750412,0.0,1.41837477684021,1.629326581954956,1.629326581954956,2.552729368209839,0.11139145493507385,0,True
182,0.8321055173873901,0.1885230392217636,0.0,1.3578728437423706,1.5569815635681152,1.5569815635681152,2.707995653152466,0.12631656229496002,0,True
183,0.8360564708709717,0.17847228050231934,0.0,1.382731318473816,1.572095513343811,1.572095513343811,2.8492672443389893,0.1076139584183693,0,True
184,0.8379550576210022,0.17511361837387085,0.0,1.4191590547561646,1.5677075386047363,1.5677075386047363,2.760136604309082,0.11939457058906555,0,True
185,0.8362446427345276,0.1809583604335785,0.0,1.4340779781341553,1.570896029472351,1.570896029472351,2.7613158226013184,0.12208196520805359,0,True
186,0.8378862738609314,0.18032260239124298,0.0,1.436814546585083,1.6026673316955566,1.6026673316955566,2.60386323928833,0.13239209353923798,0,True
187,0.8542535305023193,0.16383659839630127,0.0,1.4549932479858398,1.644134283065796,1.644134283065796,2.792937994003296,0.1430690884590149,0,True
188,0.8261488676071167,0.1919155865907669,0.0,1.398747205734253,1.5876647233963013,1.5876647233963013,2.673187017440796,0.1465582251548767,0,True
189,0.8363001346588135,0.1855185180902481,0.0,1.4299975633621216,1.6853704452514648,1.6853704452514648,2.7274813652038574,0.12667006254196167,0,True
190,0.8491635322570801,0.17689135670661926,0.0,1.495882511138916,1.693634271621704,1.693634271621704,2.732296943664551,0.12998338043689728,0,True
191,0.8459222316741943,0.17322559654712677,0.0,1.436575174331665,1.6552808284759521,1.6552808284759521,2.6813600063323975,0.13344821333885193,0,True
192,0.8349344730377197,0.18614819645881653,0.0,1.3676013946533203,1.5681498050689697,1.5681498050689697,2.9509389400482178,0.12905821204185486,0,True
193,0.8442683815956116,0.17161157727241516,0.0,1.3784420490264893,1.5923633575439453,1.5923633575439453,2.5987565517425537,0.12735724449157715,0,True
194,0.8468391299247742,0.16943898797035217,0.0,1.3823654651641846,1.5462429523468018,1.5462429523468018,2.508600950241089,0.11619585007429123,0,True
195,0.8469939231872559,0.17071813344955444,0.0,1.4093921184539795,1.5613415241241455,1.5613415241241455,2.5599448680877686,0.11321862041950226,0,True
196,0.8560149669647217,0.16779842972755432,0.0,1.449703574180603,1.6192188262939453,1.6192188262939453,2.727396249771118,0.11431615054607391,0,True
197,0.8677424192428589,0.15503919124603271,0.0,1.4545409679412842,1.6524603366851807,1.6524603366851807,2.7639381885528564,0.12570145726203918,0,True
198,0.8516408801078796,0.1722184419631958,0.0,1.404293417930603,1.6125766038894653,1.6125766038894653,2.652147054672241,0.11800067126750946,0,True
199,0.8589537143707275,0.16356398165225983,0.0,1.403989315032959,1.6543359756469727,1.6543359756469727,2.628335475921631,0.1175619512796402,0,True
200,0.8539903163909912,0.16709670424461365,0.0,1.408198595046997,1.601894736289978,1.601894736289978,2.5832436084747314,0.12237687408924103,0,True
201,0.8470106720924377,0.17657893896102905,0.0,1.4202498197555542,1.5973968505859375,1.5973968505859375,3.0140111446380615,0.11709088087081909,0,True
202,0.8568514585494995,0.16531863808631897,0.0,1.4215149879455566,1.6142096519470215,1.6142096519470215,2.5405147075653076,0.12106297165155411,0,True
203,0.8471158742904663,0.17244663834571838,0.0,1.4296343326568604,1.606581449508667,1.606581449508667,2.7231242656707764,0.1352134346961975,0,True
204,0.8490417003631592,0.1779666543006897,0.0,1.4426116943359375,1.6326360702514648,1.6326360702514648,2.7697341442108154,0.11248800158500671,0,True
205,0.8395538330078125,0.17955680191516876,0.0,1.419339895248413,1.5854413509368896,1.5854413509368896,2.689983367919922,0.11837829649448395,0,True
206,0.8207702040672302,0.19359877705574036,0.0,1.4109171628952026,1.6106024980545044,1.6106024980545044,2.611910820007324,0.13135561347007751,0,True
207,0.8478849530220032,0.17457839846611023,0.0,1.4572995901107788,1.673168420791626,1.673168420791626,2.6526682376861572,0.1189226433634758,0,True
208,0.8442140817642212,0.17682954668998718,0.0,1.4223562479019165,1.6170427799224854,1.6170427799224854,2.488489866256714,0.10975401103496552,0,True
209,0.836277425289154,0.18271926045417786,0.0,1.402953863143921,1.6291048526763916,1.6291048526763916,2.594583749771118,0.12467248737812042,0,True
210,0.8459690809249878,0.17987385392189026,0.0,1.4402626752853394,1.6228375434875488,1.6228375434875488,2.677551031112671,0.12232980877161026,0,True
211,0.8582536578178406,0.1604960858821869,0.0,1.4231284856796265,1.5902438163757324,1.5902438163757324,2.701772689819336,0.11702220141887665,0,True
212,0.8340457677841187,0.18443921208381653,0.0,1.3753843307495117,1.534475326538086,1.534475326538086,2.8438851833343506,0.11186415702104568,0,True
213,0.8480076789855957,0.17459391057491302,0.0,1.4487102031707764,1.6219193935394287,1.6219193935394287,2.768512487411499,0.10708027333021164,0,True
214,0.8399865627288818,0.17929959297180176,0.0,1.4521539211273193,1.6178340911865234,1.6178340911865234,2.6352720260620117,0.11308958381414413,0,True
215,0.841919481754303,0.17588652670383453,0.0,1.4480550289154053,1.6330652236938477,1.6330652236938477,2.875520706176758,0.10582990944385529,0,True
216,0.8450398445129395,0.17634353041648865,0.0,1.4327856302261353,1.6405553817749023,1.6405553817749023,2.671854257583618,0.10881000757217407,0,True
217,0.843241810798645,0.17660170793533325,0.0,1.4230477809906006,1.6451290845870972,1.6451290845870972,2.6240298748016357,0.12014394998550415,0,True
218,0.8414246439933777,0.16675671935081482,0.0,1.417248010635376,1.629206657409668,1.629206657409668,2.613065004348755,0.1187935546040535,0,True
219,0.8508583903312683,0.16095638275146484,0.0,1.4047209024429321,1.5828227996826172,1.5828227996826172,2.755235433578491,0.12519797682762146,0,True
220,0.8544005751609802,0.16012237966060638,0.0,1.4032022953033447,1.605179786682129,1.605179786682129,2.6326687335968018,0.11201822012662888,0,True
221,0.8611882925033569,0.16825449466705322,0.0,1.431443691253662,1.5746043920516968,1.5746043920516968,2.6646690368652344,0.1334223449230194,0,True
222,0.8420339822769165,0.17218071222305298,0.0,1.405403971672058,1.5631129741668701,1.5631129741668701,2.816606283187866,0.12067585438489914,0,True
223,0.8650949001312256,0.1572500765323639,0.0,1.4421272277832031,1.6351035833358765,1.6351035833358765,2.655076265335083,0.09839015454053879,0,True
224,0.8537355661392212,0.1621740162372589,0.0,1.4480891227722168,1.5785804986953735,1.5785804986953735,2.7223827838897705,0.13241294026374817,0,True
225,0.8640962243080139,0.15772636234760284,0.0,1.4206161499023438,1.6092476844787598,1.6092476844787598,2.650850296020508,0.12573252618312836,0,True
226,0.8608022332191467,0.16530638933181763,0.0,1.4243496656417847,1.5999832153320312,1.5999832153320312,2.8788349628448486,0.128280371427536,0,True
227,0.867534875869751,0.15758207440376282,0.0,1.4817390441894531,1.7010530233383179,1.7010530233383179,2.70542049407959,0.11724531650543213,0,True
228,0.866703987121582,0.1585879623889923,0.0,1.4430551528930664,1.6366755962371826,1.6366755962371826,2.514784097671509,0.11980528384447098,0,True
229,0.8571208715438843,0.15360169112682343,0.0,1.3894721269607544,1.603403091430664,1.603403091430664,2.531867027282715,0.11021405458450317,0,True
230,0.8598248958587646,0.16070029139518738,0.0,1.4033308029174805,1.5926203727722168,1.5926203727722168,2.5896642208099365,0.12270919978618622,0,True
231,0.850651204586029,0.16623996198177338,0.0,1.375699758529663,1.556960105895996,1.556960105895996,2.4976320266723633,0.11996785551309586,0,True
232,0.8361718654632568,0.17777064442634583,0.0,1.3910077810287476,1.5424044132232666,1.5424044132232666,2.5673108100891113,0.1136377826333046,0,True
233,0.8555178642272949,0.16766922175884247,0.0,1.479978084564209,1.6183736324310303,1.6183736324310303,2.8255722522735596,0.1341979205608368,0,True
234,0.8536679744720459,0.15815120935440063,0.0,1.4573161602020264,1.6367614269256592,1.6367614269256592,2.7438669204711914,0.12686580419540405,0,True
235,0.8443009853363037,0.1742435097694397,0.0,1.4143478870391846,1.6269686222076416,1.6269686222076416,2.404207229614258,0.12541517615318298,0,True
236,0.8576889038085938,0.16163575649261475,0.0,1.47568678855896,1.701378345489502,1.701378345489502,3.010241985321045,0.11725707352161407,0,True
237,0.8510359525680542,0.16793188452720642,0.0,1.4201178550720215,1.6537158489227295,1.6537158489227295,2.7124359607696533,0.11236166208982468,0,True
238,0.8497487306594849,0.17167454957962036,0.0,1.3922991752624512,1.6196887493133545,1.6196887493133545,2.536569356918335,0.11706291139125824,0,True
239,0.870434045791626,0.14948934316635132,0.0,1.41310453414917,1.634657859802246,1.634657859802246,2.8246400356292725,0.1272253692150116,0,True
240,0.8593130111694336,0.1647840440273285,0.0,1.3906055688858032,1.567419409751892,1.567419409751892,2.734353542327881,0.11321292072534561,0,True
241,0.8549810647964478,0.16363725066184998,0.0,1.3904857635498047,1.5530914068222046,1.5530914068222046,2.681596040725708,0.10458344221115112,0,True
242,0.8658635020256042,0.16029998660087585,0.0,1.4185097217559814,1.5609509944915771,1.5609509944915771,3.001415491104126,0.09959472715854645,0,True
243,0.8527167439460754,0.1709112823009491,0.0,1.4083524942398071,1.5401184558868408,1.5401184558868408,2.6092145442962646,0.12838515639305115,0,True
244,0.8602388501167297,0.1673935055732727,0.0,1.4341727495193481,1.605315923690796,1.605315923690796,2.885265588760376,0.12085460126399994,0,True
245,0.853547215461731,0.16902923583984375,0.0,1.4490028619766235,1.632212519645691,1.632212519645691,2.8731906414031982,0.11200104653835297,0,True
246,0.8501636981964111,0.1762426495552063,0.0,1.4709489345550537,1.7024788856506348,1.7024788856506348,2.6980903148651123,0.12084472179412842,0,True
247,0.8637917041778564,0.15847620368003845,0.0,1.4352076053619385,1.6992156505584717,1.6992156505584717,2.717992067337036,0.1185159757733345,0,True
248,0.8511845469474792,0.16867677867412567,0.0,1.4189999103546143,1.6336575746536255,1.6336575746536255,2.6617958545684814,0.10759801417589188,0,True
249,0.8605345487594604,0.15472519397735596,0.0,1.4140455722808838,1.643865942955017,1.643865942955017,2.859222650527954,0.09834122657775879,0,True
250,0.8421939611434937,0.17150692641735077,0.0,1.3553447723388672,1.5303609371185303,1.5303609371185303,2.825777292251587,0.12825410068035126,0,True
251,0.8584641814231873,0.15973521769046783,0.0,1.3869298696517944,1.585052490234375,1.585052490234375,2.451418161392212,0.11795562505722046,0,True
252,0.863740086555481,0.16348780691623688,0.0,1.3999481201171875,1.5046007633209229,1.5046007633209229,2.4197440147399902,0.11645565927028656,0,True
253,0.8174413442611694,0.19700226187705994,0.0,1.3638300895690918,1.5133188962936401,1.5133188962936401,2.4651293754577637,0.14364995062351227,0,True
254,0.8484131097793579,0.17090852558612823,0.0,1.4856597185134888,1.6789337396621704,1.6789337396621704,2.60787296295166,0.12298856675624847,0,True
255,0.8484703302383423,0.17094779014587402,0.0,1.501186728477478,1.6511893272399902,1.6511893272399902,2.5202035903930664,0.14240184426307678,0,True
256,0.8504996299743652,0.1697675585746765,0.0,1.4426417350769043,1.6979680061340332,1.6979680061340332,2.7085187435150146,0.11731859296560287,0,True
257,0.8360120058059692,0.18481212854385376,0.0,1.4133973121643066,1.6501575708389282,1.6501575708389282,2.6588246822357178,0.10806689411401749,0,True
258,0.852288544178009,0.17144900560379028,0.0,1.4609150886535645,1.7181973457336426,1.7181973457336426,2.670346975326538,0.11920087039470673,0,True
259,0.8520063161849976,0.16721710562705994,0.0,1.410407543182373,1.6013069152832031,1.6013069152832031,2.6711511611938477,0.12266752123832703,0,True
260,0.8403321504592896,0.1753382533788681,0.0,1.368342638015747,1.551576018333435,1.551576018333435,2.744290351867676,0.12246492505073547,0,True
261,0.8621338605880737,0.15667952597141266,0.0,1.409225344657898,1.5960179567337036,1.5960179567337036,2.7242538928985596,0.10252300649881363,0,True
262,0.856965184211731,0.1676449328660965,0.0,1.4180004596710205,1.5343505144119263,1.5343505144119263,2.496795415878296,0.11452686786651611,0,True
263,0.8338831663131714,0.18094143271446228,0.0,1.386691689491272,1.5499186515808105,1.5499186515808105,2.3545753955841064,0.10738564282655716,0,True
264,0.8742151260375977,0.1508006453514099,0.0,1.493523359298706,1.6460542678833008,1.6460542678833008,2.5571064949035645,0.10295212268829346,0,True
265,0.8562110662460327,0.1617780476808548,0.0,1.4446754455566406,1.6045187711715698,1.6045187711715698,2.6188137531280518,0.1253536343574524,0,True
266,0.8746618032455444,0.14361858367919922,0.0,1.4324175119400024,1.6783356666564941,1.6783356666564941,2.664755344390869,0.11659283936023712,0,True
267,0.8709558248519897,0.1545988917350769,0.0,1.438948392868042,1.6339809894561768,1.6339809894561768,2.537231206893921,0.10403946042060852,0,True
268,0.8750700950622559,0.15882790088653564,0.0,1.4604204893112183,1.696700096130371,1.696700096130371,2.690138101577759,0.12976282835006714,0,True
269,0.881738543510437,0.14205685257911682,0.0,1.420929193496704,1.6044549942016602,1.6044549942016602,2.840024471282959,0.1239398941397667,0,True
270,0.8833845853805542,0.13839411735534668,0.0,1.3752490282058716,1.5687848329544067,1.5687848329544067,2.463677167892456,0.1203886866569519,0,True
271,0.8691298961639404,0.16402587294578552,0.0,1.3939857482910156,1.5458471775054932,1.5458471775054932,2.595829486846924,0.11213485151529312,0,True
272,0.8680379390716553,0.15620967745780945,0.0,1.4430323839187622,1.5686957836151123,1.5686957836151123,2.9362826347351074,0.12128831446170807,0,True
273,0.8725258111953735,0.1550220251083374,0.0,1.4504045248031616,1.5818434953689575,1.5818434953689575,2.7365362644195557,0.11838475614786148,0,True
274,0.865821361541748,0.1648527979850769,0.0,1.4389857053756714,1.602668046951294,1.602668046951294,2.849547863006592,0.12355850636959076,0,True
275,0.8655937910079956,0.16312286257743835,0.0,1.4271161556243896,1.640411376953125,1.640411376953125,2.601677417755127,0.13100983202457428,0,True
276,0.8607935309410095,0.16247960925102234,0.0,1.4319467544555664,1.6742476224899292,1.6742476224899292,2.658217430114746,0.13279250264167786,0,True
277,0.8625465631484985,0.17194625735282898,0.0,1.4333021640777588,1.695611834526062,1.695611834526062,2.656576633453369,0.11999165266752243,0,True
278,0.8607547283172607,0.17022918164730072,0.0,1.4430149793624878,1.6719141006469727,1.6719141006469727,2.568898916244507,0.11280719935894012,0,True
279,0.8718625903129578,0.15570813417434692,0.0,1.3966301679611206,1.6265175342559814,1.6265175342559814,2.799140214920044,0.10766737163066864,0,True
280,0.8732324242591858,0.15773141384124756,0.0,1.3412986993789673,1.559485912322998,1.559485912322998,2.4488284587860107,0.10875459015369415,0,True
281,0.8547217845916748,0.1631331890821457,0.0,1.3409810066223145,1.5167438983917236,1.5167438983917236,2.6451804637908936,0.10600686818361282,0,True
282,0.8510730266571045,0.17039109766483307,0.0,1.398150086402893,1.5423784255981445,1.5423784255981445,2.5519461631774902,0.10917149484157562,0,True
283,0.8700950741767883,0.16176581382751465,0.0,1.4976789951324463,1.5961177349090576,1.5961177349090576,2.6592867374420166,0.13237465918064117,0,True
284,0.8609679937362671,0.16449502110481262,0.0,1.472137689590454,1.6372549533843994,1.6372549533843994,2.7634570598602295,0.13710342347621918,0,True
285,0.8730154037475586,0.15637031197547913,0.0,1.4772446155548096,1.6845933198928833,1.6845933198928833,2.5723979473114014,0.13077029585838318,0,True
286,0.8357552289962769,0.1837882399559021,0.0,1.4318681955337524,1.6467407941818237,1.6467407941818237,2.5931951999664307,0.13216525316238403,0,True
287,0.854433000087738,0.16593556106090546,0.0,1.443518877029419,1.702714204788208,1.702714204788208,2.700374126434326,0.13096681237220764,0,True
288,0.8465157747268677,0.1697506606578827,0.0,1.4026654958724976,1.6048061847686768,1.6048061847686768,2.480034351348877,0.11835164576768875,0,True
289,0.842877209186554,0.17580148577690125,0.0,1.3957816362380981,1.6053988933563232,1.6053988933563232,2.6446878910064697,0.11748780310153961,0,True
290,0.8419185876846313,0.17619097232818604,0.0,1.39528226852417,1.5786993503570557,1.5786993503570557,2.710739850997925,0.12840008735656738,0,True
291,0.8335474133491516,0.1833077073097229,0.0,1.3904941082000732,1.5459928512573242,1.5459928512573242,2.5356736183166504,0.12257368862628937,0,True
292,0.8397632837295532,0.17562046647071838,0.0,1.4148540496826172,1.5929396152496338,1.5929396152496338,2.6814124584198,0.11111509799957275,0,True
293,0.8475933074951172,0.17602327466011047,0.0,1.4563567638397217,1.6094428300857544,1.6094428300857544,2.5652148723602295,0.11339077353477478,0,True
294,0.853057861328125,0.16839250922203064,0.0,1.4563994407653809,1.6415479183197021,1.6415479183197021,2.835116147994995,0.12800587713718414,0,True
295,0.8332678079605103,0.1934855878353119,0.0,1.3931587934494019,1.5927433967590332,1.5927433967590332,2.4144275188446045,0.12333524227142334,0,True
296,0.8458983898162842,0.17606709897518158,0.0,1.4444942474365234,1.6627016067504883,1.6627016067504883,2.8065989017486572,0.09847964346408844,0,True
297,0.854794979095459,0.17014512419700623,0.0,1.470998764038086,1.6700570583343506,1.6700570583343506,2.6534061431884766,0.12521538138389587,0,True
298,0.8659220933914185,0.17089402675628662,0.0,1.4569820165634155,1.655133605003357,1.655133605003357,2.763278007507324,0.12061101943254471,0,True
299,0.8718066811561584,0.16963541507720947,0.0,1.4403135776519775,1.6350765228271484,1.6350765228271484,2.8333351612091064,0.11048038303852081,0,True
300,0.8676902055740356,0.1753462255001068,0.0,1.4169234037399292,1.598432183265686,1.598432183265686,2.865834951400757,0.10684369504451752,0,True
301,0.8643781542778015,0.1671474575996399,0.9375,1.3999507427215576,1.5736587047576904,1.5736587047576904,2.5708200931549072,0.10197471082210541,0,True
302,0.874618649482727,0.15897351503372192,0.9375,1.4154914617538452,1.5531299114227295,1.5531299114227295,2.5947606563568115,0.1068962886929512,0,True
303,0.8736989498138428,0.17308859527111053,0.9375,1.443131446838379,1.5777735710144043,1.5777735710144043,2.7436609268188477,0.11612844467163086,0,True
304,0.885624885559082,0.15879091620445251,0.9375,1.432356357574463,1.6003775596618652,1.6003775596618652,2.569319486618042,0.1283794641494751,0,True
305,0.8659814596176147,0.1717701256275177,0.9375,1.4448039531707764,1.636096715927124,1.636096715927124,2.664879560470581,0.13644149899482727,0,True
306,0.8913506269454956,0.14906400442123413,0.9375,1.4907618761062622,1.7489266395568848,1.7489266395568848,2.4664716720581055,0.14726389944553375,0,True
307,0.874671459197998,0.15792258083820343,0.9375,1.4334006309509277,1.67708158493042,1.67708158493042,2.4279112815856934,0.13304628431797028,0,True
308,0.8794847130775452,0.15033377707004547,0.9375,1.3938841819763184,1.6616275310516357,1.6616275310516357,2.7529306411743164,0.11848727613687515,0,True
309,0.8775372505187988,0.15855063498020172,0.9375,1.3483555316925049,1.5616025924682617,1.5616025924682617,2.693631172180176,0.11942978203296661,0,True
310,0.870099663734436,0.15908831357955933,0.9375,1.3504666090011597,1.5264182090759277,1.5264182090759277,2.7405173778533936,0.11274933815002441,0,True
311,0.8957521915435791,0.12942694127559662,0.9375,1.397935152053833,1.5494128465652466,1.5494128465652466,2.70561146736145,0.11089148372411728,0,True
312,0.8826268911361694,0.14775848388671875,0.9375,1.406991958618164,1.5352160930633545,1.5352160930633545,2.5584146976470947,0.12067028135061264,0,True
313,0.8861907720565796,0.14954665303230286,0.9375,1.4356478452682495,1.5951520204544067,1.5951520204544067,2.7638087272644043,0.1395588219165802,0,True
314,0.8717955350875854,0.16055166721343994,0.9375,1.4404202699661255,1.6296968460083008,1.6296968460083008,2.781862258911133,0.12570156157016754,0,True
315,0.8847748041152954,0.15092334151268005,0.9375,1.4662998914718628,1.7047233581542969,1.7047233581542969,2.5779104232788086,0.150377556681633,0,True
316,0.9164636135101318,0.12654227018356323,0.9375,1.4748106002807617,1.7249956130981445,1.7249956130981445,2.614107370376587,0.1332307755947113,0,True
317,0.8877930641174316,0.14590999484062195,0.9375,1.3944578170776367,1.632259488105774,1.632259488105774,2.8795909881591797,0.12603142857551575,0,True
318,0.8844007253646851,0.15348558127880096,0.9375,1.3624579906463623,1.631343126296997,1.631343126296997,2.7557177543640137,0.12750540673732758,0,True
319,0.8768956661224365,0.15827953815460205,0.9375,1.3654705286026,1.561213493347168,1.561213493347168,2.6461126804351807,0.11906656622886658,0,True
320,0.8700727224349976,0.16570310294628143,0.9375,1.3824210166931152,1.5580565929412842,1.5580565929412842,2.5640511512756348,0.13686829805374146,0,True
321,0.9026628732681274,0.14820750057697296,0.9375,1.4162449836730957,1.5769422054290771,1.5769422054290771,2.615959405899048,0.11429616063833237,0,True
322,0.882748544216156,0.15574517846107483,0.9375,1.3735162019729614,1.5365476608276367,1.5365476608276367,2.558460235595703,0.1229865550994873,0,True
323,0.8710758090019226,0.1601625680923462,0.9375,1.352955937385559,1.572887659072876,1.572887659072876,2.41408371925354,0.12371957302093506,0,True
324,0.8704681992530823,0.16462501883506775,0.9375,1.4394172430038452,1.6280772686004639,1.6280772686004639,2.7629387378692627,0.11386200040578842,0,True
325,0.8706726431846619,0.16431924700737,0.9375,1.473447322845459,1.686877727508545,1.686877727508545,2.758549213409424,0.12412451207637787,0,True
326,0.8925133347511292,0.15076076984405518,0.9375,1.4713823795318604,1.6966614723205566,1.6966614723205566,2.5713791847229004,0.1193404570221901,0,True
327,0.8712595701217651,0.16219089925289154,0.9375,1.4132750034332275,1.653699278831482,1.653699278831482,2.525068998336792,0.11344216018915176,0,True
328,0.8627263903617859,0.16966824233531952,0.9375,1.3594130277633667,1.6303672790527344,1.6303672790527344,2.652611494064331,0.12330949306488037,0,True
329,0.8538996577262878,0.16747844219207764,0.9375,1.3700575828552246,1.59292471408844,1.59292471408844,2.6764321327209473,0.13518229126930237,0,True
330,0.867926299571991,0.17079463601112366,0.9375,1.4008193016052246,1.573826551437378,1.573826551437378,2.473445415496826,0.11334097385406494,0,True
331,0.8633763194084167,0.17190349102020264,0.9375,1.3970866203308105,1.5298540592193604,1.5298540592193604,2.628169059753418,0.1308649182319641,0,True
332,0.880273699760437,0.1546642929315567,0.9375,1.4134511947631836,1.5514137744903564,1.5514137744903564,2.662994623184204,0.11837330460548401,0,True
333,0.834272563457489,0.2015274465084076,0.9375,1.3734855651855469,1.530073642730713,1.530073642730713,2.5323290824890137,0.1293172836303711,0,True
334,0.8494764566421509,0.19259244203567505,0.9375,1.4824743270874023,1.7108064889907837,1.7108064889907837,2.7307991981506348,0.12621963024139404,0,True
335,0.8540771007537842,0.18708842992782593,0.9375,1.5116751194000244,1.715003490447998,1.715003490447998,2.604429244995117,0.14951124787330627,0,True
336,0.8661561012268066,0.17221994698047638,0.9375,1.489897608757019,1.7082538604736328,1.7082538604736328,2.766155242919922,0.14626440405845642,0,True
337,0.860063910484314,0.17476283013820648,0.9375,1.3853628635406494,1.6381902694702148,1.6381902694702148,2.465313196182251,0.13317275047302246,0,True
338,0.8441305756568909,0.1841813623905182,0.9375,1.3438045978546143,1.6128554344177246,1.6128554344177246,2.594125270843506,0.11444178223609924,0,True
339,0.8306844234466553,0.20607078075408936,0.9375,1.3644733428955078,1.5622727870941162,1.5622727870941162,2.6343226432800293,0.12013402581214905,0,True
340,0.8501056432723999,0.1848638355731964,0.9375,1.419504165649414,1.5850613117218018,1.5850613117218018,2.780865430831909,0.14183668792247772,0,True
341,0.8550333976745605,0.1865469217300415,0.9375,1.4055914878845215,1.5695414543151855,1.5695414543151855,2.7073819637298584,0.11871566623449326,0,True
342,0.8497580289840698,0.18388204276561737,0.9375,1.3863712549209595,1.5849153995513916,1.5849153995513916,2.4991769790649414,0.12546223402023315,0,True
343,0.8366147875785828,0.18407568335533142,0.9375,1.4027670621871948,1.6156091690063477,1.6156091690063477,2.476896286010742,0.13778507709503174,0,True
344,0.8529578447341919,0.18079745769500732,0.9375,1.4664065837860107,1.6754931211471558,1.6754931211471558,2.621908187866211,0.1437515765428543,0,True
345,0.8666173219680786,0.16135980188846588,0.9375,1.4705790281295776,1.7021561861038208,1.7021561861038208,2.606067419052124,0.1354110985994339,0,True
346,0.8644559979438782,0.1682220995426178,0.9375,1.438226342201233,1.6575086116790771,1.6575086116790771,2.5117948055267334,0.12290769815444946,0,True
347,0.8608050346374512,0.15975448489189148,0.9375,1.4096286296844482,1.6478322744369507,1.6478322744369507,2.6847755908966064,0.1135946661233902,0,True
348,0.8633466958999634,0.1619953066110611,0.9375,1.3679158687591553,1.5772892236709595,1.5772892236709595,2.443004608154297,0.11258429288864136,0,True
349,0.8461412787437439,0.1661672592163086,0.9375,1.3674495220184326,1.5148510932922363,1.5148510932922363,2.8014731407165527,0.09873097389936447,0,True
350,0.8517432808876038,0.16155359148979187,0.9375,1.4182581901550293,1.5680344104766846,1.5680344104766846,2.7147250175476074,0.12554293870925903,0,True
351,0.8861221671104431,0.13913118839263916,0.9375,1.4655500650405884,1.6046242713928223,1.6046242713928223,2.5447657108306885,0.11614089459180832,0,True
352,0.880874514579773,0.13874270021915436,0.9375,1.3988566398620605,1.5642650127410889,1.5642650127410889,2.52972412109375,0.12354669719934464,0,True
353,0.8643168210983276,0.15857583284378052,0.9375,1.387324571609497,1.5978045463562012,1.5978045463562012,2.4673404693603516,0.12870508432388306,0,True
354,0.8762431740760803,0.15885046124458313,0.9375,1.4451823234558105,1.6783249378204346,1.6783249378204346,2.7085964679718018,0.13507020473480225,0,True
355,0.884732723236084,0.14284974336624146,0.9375,1.4678817987442017,1.7013561725616455,1.7013561725616455,2.5829312801361084,0.12576167285442352,0,True
356,0.8880215883255005,0.14203257858753204,0.9375,1.4273802042007446,1.6194982528686523,1.6194982528686523,2.6543374061584473,0.11475011706352234,0,True
357,0.8916412591934204,0.1401214301586151,0.9375,1.4105162620544434,1.6414754390716553,1.6414754390716553,2.6452713012695312,0.11218943446874619,0,True
358,0.8702350854873657,0.1562139391899109,0.9375,1.3559138774871826,1.578744888305664,1.578744888305664,2.4547722339630127,0.12937024235725403,0,True
359,0.870621383190155,0.15445324778556824,0.9375,1.3854026794433594,1.5932600498199463,1.5932600498199463,2.434683322906494,0.11591008305549622,0,True
360,0.8778228759765625,0.16140416264533997,0.9375,1.4198336601257324,1.5778748989105225,1.5778748989105225,2.682858943939209,0.13703444600105286,0,True
361,0.8633722066879272,0.16308920085430145,0.9375,1.4095503091812134,1.558363437652588,1.558363437652588,2.6377639770507812,0.1199135109782219,0,True
362,0.8740465044975281,0.15180426836013794,0.9375,1.4234611988067627,1.595101237297058,1.595101237297058,2.764223098754883,0.12823030352592468,0,True
363,0.8667198419570923,0.15911810100078583,0.9375,1.4031329154968262,1.570060133934021,1.570060133934021,2.7046592235565186,0.14305490255355835,0,True
364,0.8698712587356567,0.1566821038722992,0.9453125,1.4169464111328125,1.6359235048294067,1.6359235048294067,2.7316970825195312,0.1156102791428566,0,True
365,0.885295033454895,0.15145748853683472,0.9453125,1.4777708053588867,1.6675246953964233,1.6675246953964233,2.677468776702881,0.13881567120552063,0,True
366,0.894270658493042,0.13742488622665405,0.9453125,1.4505224227905273,1.6716835498809814,1.6716835498809814,2.603764772415161,0.13420827686786652,0,True
367,0.8756861686706543,0.15001130104064941,0.9453125,1.3792407512664795,1.6191990375518799,1.6191990375518799,2.6604597568511963,0.11741519719362259,0,True
368,0.8659853935241699,0.1594139039516449,0.9453125,1.3859784603118896,1.6097581386566162,1.6097581386566162,2.7351162433624268,0.12172597646713257,0,True
369,0.8722344636917114,0.15045948326587677,0.9453125,1.4104020595550537,1.620889663696289,1.620889663696289,2.7312521934509277,0.12767131626605988,0,True
370,0.8697674870491028,0.15646877884864807,0.9453125,1.3911784887313843,1.5649858713150024,1.5649858713150024,2.7265748977661133,0.11390869319438934,0,True
371,0.8717413544654846,0.15580952167510986,0.9453125,1.3957346677780151,1.5666147470474243,1.5666147470474243,2.801257371902466,0.10916289687156677,0,True
372,0.8631279468536377,0.16073378920555115,0.9453125,1.3824270963668823,1.5543643236160278,1.5543643236160278,2.77062726020813,0.10621471703052521,0,True
373,0.8585620522499084,0.16186417639255524,0.9453125,1.404510259628296,1.588765025138855,1.588765025138855,2.738774061203003,0.11868444085121155,0,True
374,0.844467043876648,0.17501260340213776,0.953125,1.4236230850219727,1.6078338623046875,1.6078338623046875,2.666764497756958,0.1289045512676239,0,True
375,0.8964250087738037,0.14115746319293976,0.9609375,1.5019583702087402,1.7235214710235596,1.7235214710235596,2.7210304737091064,0.11514659225940704,0,True
376,0.8781561255455017,0.15846771001815796,0.9609375,1.417974829673767,1.6226108074188232,1.6226108074188232,2.559852361679077,0.11987344920635223,0,True
377,0.8977164626121521,0.12758290767669678,0.96875,1.4050266742706299,1.674169659614563,1.674169659614563,2.5724785327911377,0.10740594565868378,0,True
378,0.877632737159729,0.14609529078006744,0.96875,1.3482208251953125,1.5537117719650269,1.5537117719650269,2.5851473808288574,0.12970730662345886,0,True
379,0.8794790506362915,0.15216036140918732,0.96875,1.388824224472046,1.5877196788787842,1.5877196788787842,2.6126327514648438,0.1222124919295311,0,True
380,0.8740226030349731,0.16000685095787048,0.96875,1.4074491262435913,1.5333820581436157,1.5333820581436157,2.831912040710449,0.12658825516700745,0,True
381,0.8563143610954285,0.16709142923355103,0.96875,1.4094282388687134,1.5493762493133545,1.5493762493133545,2.4614853858947754,0.09586316347122192,0,True
382,0.8715757131576538,0.1533324420452118,0.96875,1.4337475299835205,1.6070547103881836,1.6070547103881836,2.604224681854248,0.1161157637834549,0,True
383,0.879793643951416,0.15958482027053833,0.96875,1.451955795288086,1.643554449081421,1.643554449081421,2.609389305114746,0.12287706881761551,0,True
384,0.8648769855499268,0.1744934320449829,0.96875,1.4356307983398438,1.66105055809021,1.66105055809021,2.611337900161743,0.12248916923999786,0,True
385,0.873814582824707,0.1695154309272766,0.96875,1.451578140258789,1.672437071800232,1.672437071800232,2.861577033996582,0.12716428935527802,0,True
386,0.8706097602844238,0.16948087513446808,0.96875,1.4290380477905273,1.6484181880950928,1.6484181880950928,2.810737371444702,0.12884539365768433,0,True
387,0.8693982362747192,0.1683984398841858,0.96875,1.3967524766921997,1.640580654144287,1.640580654144287,2.5975959300994873,0.1212535947561264,0,True
388,0.8642175197601318,0.16628289222717285,0.96875,1.3884943723678589,1.597896933555603,1.597896933555603,2.4456353187561035,0.11648871004581451,0,True
389,0.8689659237861633,0.1661740392446518,0.9765625,1.3886817693710327,1.568726897239685,1.568726897239685,2.553185224533081,0.1313316524028778,0,True
390,0.8751556873321533,0.16794580221176147,0.9765625,1.3864617347717285,1.5496217012405396,1.5496217012405396,2.84639048576355,0.1329316794872284,0,True
391,0.8646218180656433,0.16678522527217865,0.9765625,1.3796014785766602,1.5565146207809448,1.5565146207809448,2.627507448196411,0.12786643207073212,0,True
392,0.8641952276229858,0.17285653948783875,0.9765625,1.437232255935669,1.6024339199066162,1.6024339199066162,2.895367383956909,0.13611307740211487,0,True
393,0.8689974546432495,0.156698077917099,0.9765625,1.4603590965270996,1.6445212364196777,1.6445212364196777,2.8183157444000244,0.12558910250663757,0,True
394,0.8590768575668335,0.16867411136627197,0.9765625,1.4289495944976807,1.6507611274719238,1.6507611274719238,2.827221393585205,0.13126060366630554,0,True
395,0.8775613307952881,0.15161818265914917,0.984375,1.4359219074249268,1.7041053771972656,1.7041053771972656,2.5244388580322266,0.13314996659755707,0,True
396,0.8737373352050781,0.15276363492012024,0.9921875,1.395646333694458,1.66343355178833,1.66343355178833,2.6518657207489014,0.12132260203361511,0,True
397,0.8731383085250854,0.15203052759170532,0.9921875,1.3880290985107422,1.6416014432907104,1.6416014432907104,2.4157602787017822,0.11238081753253937,0,True
398,0.8692843317985535,0.15408028662204742,0.9921875,1.383914828300476,1.5880539417266846,1.5880539417266846,2.657527446746826,0.131108820438385,0,True
399,0.8673535585403442,0.15837454795837402,0.9921875,1.3712852001190186,1.5448904037475586,1.5448904037475586,2.6084787845611572,0.12888874113559723,0,True
400,0.8634607791900635,0.15955808758735657,0.9921875,1.382122278213501,1.5428047180175781,1.5428047180175781,2.7037501335144043,0.1273355334997177,0,True
401,0.8586892485618591,0.1699536144733429,0.9921875,1.3771910667419434,1.5255813598632812,1.5255813598632812,2.4174389839172363,0.1277085840702057,0,True
402,0.8500086069107056,0.1761419177055359,0.9921875,1.4208180904388428,1.586440920829773,1.586440920829773,2.5186574459075928,0.12323658168315887,0,True
403,0.8850319981575012,0.15245980024337769,0.9921875,1.4965542554855347,1.674448847770691,1.674448847770691,2.6342523097991943,0.11893852055072784,0,True
404,0.8833637237548828,0.15700224041938782,0.9921875,1.4632105827331543,1.6780740022659302,1.6780740022659302,2.672661304473877,0.1279159039258957,0,True
405,0.8661121129989624,0.1681673228740692,0.9921875,1.3939684629440308,1.6635818481445312,1.6635818481445312,2.639313220977783,0.14106714725494385,0,True
406,0.8631522059440613,0.16492386162281036,0.9921875,1.4246423244476318,1.6930603981018066,1.6930603981018066,2.765289783477783,0.14317695796489716,0,True
407,0.864602267742157,0.16514988243579865,0.9921875,1.3992657661437988,1.6152251958847046,1.6152251958847046,2.7495925426483154,0.12071723490953445,0,True
408,0.8716493844985962,0.1584935486316681,0.9921875,1.3930326700210571,1.5935046672821045,1.5935046672821045,2.7889163494110107,0.11362667381763458,0,True
409,0.863205075263977,0.16488446295261383,0.9921875,1.378530502319336,1.5628300905227661,1.5628300905227661,2.363016128540039,0.13015864789485931,0,True
410,0.8637044429779053,0.17649325728416443,0.9921875,1.3846278190612793,1.5777249336242676,1.5777249336242676,2.461989164352417,0.12836726009845734,0,True
411,0.8598599433898926,0.1817958950996399,0.9921875,1.4101026058197021,1.5950069427490234,1.5950069427490234,2.3986809253692627,0.11656680703163147,0,True
412,0.8626766204833984,0.17450891435146332,0.9921875,1.4402766227722168,1.6118216514587402,1.6118216514587402,2.5275516510009766,0.1305159330368042,0,True
413,0.8494188189506531,0.17946572601795197,0.9921875,1.4257862567901611,1.6398262977600098,1.6398262977600098,2.677508592605591,0.1220962181687355,0,True
414,0.8736522793769836,0.16524967551231384,0.9921875,1.4581245183944702,1.6834731101989746,1.6834731101989746,2.681098222732544,0.12061639875173569,0,True
415,0.8621208071708679,0.16688834130764008,0.9921875,1.4111299514770508,1.6357483863830566,1.6357483863830566,2.6296794414520264,0.1317552775144577,0,True
416,0.8530519008636475,0.16974250972270966,1.0,1.373394250869751,1.6380553245544434,1.6380553245544434,2.6209797859191895,0.12627172470092773,0,True
417,0.8720124959945679,0.15986761450767517,1.0,1.42465078830719,1.6588430404663086,1.6588430404663086,2.7004716396331787,0.11985050141811371,0,True
418,0.8684034943580627,0.1630052626132965,1.0,1.399107575416565,1.5997519493103027,1.5997519493103027,2.4396393299102783,0.12799522280693054,0,True
419,0.8459095358848572,0.17314979434013367,1.0,1.3419811725616455,1.5443791151046753,1.5443791151046753,2.609734058380127,0.14003118872642517,0,True
420,0.8690992593765259,0.16514384746551514,1.0,1.3996554613113403,1.6082322597503662,1.6082322597503662,2.677302598953247,0.1179232969880104,0,True
421,0.86078941822052,0.1705867201089859,1.0,1.3892467021942139,1.542897343635559,1.542897343635559,2.526832342147827,0.1223052516579628,0,True
422,0.8455449342727661,0.17758332192897797,1.0,1.3813507556915283,1.5899635553359985,1.5899635553359985,2.571571111679077,0.1309744119644165,0,True
423,0.881346583366394,0.15197992324829102,1.0,1.4737907648086548,1.6769282817840576,1.6769282817840576,2.5206868648529053,0.12250420451164246,0,True
424,0.8815751075744629,0.15531973540782928,1.0,1.4533731937408447,1.6495736837387085,1.6495736837387085,2.5295000076293945,0.14271698892116547,0,True
425,0.8627768754959106,0.17214307188987732,1.0,1.3971410989761353,1.6162294149398804,1.6162294149398804,2.483518123626709,0.1348506063222885,0,True
426,0.8668605089187622,0.17557334899902344,1.0,1.4024407863616943,1.6402033567428589,1.6402033567428589,2.7241568565368652,0.134503573179245,0,True
427,0.8887995481491089,0.14911019802093506,1.0,1.4647815227508545,1.6653733253479004,1.6653733253479004,2.6430044174194336,0.12978263199329376,0,True
428,0.8702056407928467,0.16080732643604279,1.0,1.377122163772583,1.5758881568908691,1.5758881568908691,2.8098905086517334,0.127852663397789,0,True
429,0.856656014919281,0.17148488759994507,1.0,1.3708155155181885,1.5814664363861084,1.5814664363861084,2.443121910095215,0.12855325639247894,0,True
430,0.867158055305481,0.17363812029361725,1.0,1.412037968635559,1.6035101413726807,1.6035101413726807,2.6596338748931885,0.12065581977367401,0,True
431,0.8787362575531006,0.15789474546909332,1.0,1.4157607555389404,1.5805751085281372,1.5805751085281372,2.7485108375549316,0.1150277704000473,0,True
432,0.8556013107299805,0.17129094898700714,1.0,1.3753749132156372,1.5566203594207764,1.5566203594207764,2.571408748626709,0.11061947792768478,0,True
433,0.8724654316902161,0.1582973301410675,1.0,1.4361834526062012,1.642696738243103,1.642696738243103,2.7202320098876953,0.10976611077785492,0,True
434,0.8684561252593994,0.15793484449386597,1.0,1.4374198913574219,1.6283683776855469,1.6283683776855469,2.5642940998077393,0.13485600054264069,0,True
435,0.8444114923477173,0.17661060392856598,1.0,1.422442078590393,1.6418017148971558,1.6418017148971558,2.724119186401367,0.13193148374557495,0,True
436,0.8727035522460938,0.1529315710067749,1.0,1.4343440532684326,1.6792025566101074,1.6792025566101074,2.6968064308166504,0.12153499573469162,0,True
437,0.8636322021484375,0.16614343225955963,1.0,1.395672082901001,1.6219303607940674,1.6219303607940674,2.6234474182128906,0.11680994182825089,0,True
438,0.8723908066749573,0.1555924266576767,1.0,1.3575599193572998,1.6101456880569458,1.6101456880569458,2.454444646835327,0.11778013408184052,0,True
439,0.8563917875289917,0.17194989323616028,1.0,1.3568342924118042,1.562990427017212,1.562990427017212,2.7312405109405518,0.11168795824050903,0,True
440,0.8687748312950134,0.16039831936359406,1.0,1.4050743579864502,1.606116771697998,1.606116771697998,2.6407105922698975,0.12639394402503967,0,True
441,0.8724137544631958,0.15653401613235474,1.0,1.4025700092315674,1.5647741556167603,1.5647741556167603,2.4225878715515137,0.1318528950214386,0,True
442,0.8655533790588379,0.16439750790596008,1.0,1.3949313163757324,1.5528520345687866,1.5528520345687866,2.834864616394043,0.1133873239159584,0,True
443,0.8854862451553345,0.15393534302711487,1.0,1.4288067817687988,1.611654281616211,1.611654281616211,2.755401134490967,0.12018884718418121,0,True
444,0.876200795173645,0.1560896784067154,1.0,1.4016032218933105,1.5845918655395508,1.5845918655395508,2.8037822246551514,0.13257703185081482,0,True
445,0.8449900150299072,0.18724378943443298,1.0,1.4080336093902588,1.6343562602996826,1.6343562602996826,2.5872881412506104,0.13108429312705994,0,True
446,0.8878705501556396,0.1497896909713745,1.0,1.5223456621170044,1.765881061553955,1.765881061553955,2.646902322769165,0.1270216554403305,0,True
447,0.8832066655158997,0.1472085565328598,1.0,1.4410061836242676,1.6607658863067627,1.6607658863067627,2.837029218673706,0.13426557183265686,0,True
448,0.8715180158615112,0.1473827362060547,1.0,1.351819634437561,1.6163018941879272,1.6163018941879272,2.6284420490264893,0.13236521184444427,0,True
449,0.881920576095581,0.13838538527488708,1.0,1.363450527191162,1.6060733795166016,1.6060733795166016,2.651418924331665,0.12774544954299927,0,True
450,0.8737537860870361,0.15884603559970856,1.0,1.3922107219696045,1.565933108329773,1.565933108329773,2.566032886505127,0.13929587602615356,0,True
451,0.8703041672706604,0.15846648812294006,1.0,1.4000070095062256,1.5401363372802734,1.5401363372802734,2.5557210445404053,0.15623869001865387,0,True
452,0.8516460061073303,0.1771201491355896,1.0,1.4119195938110352,1.5455710887908936,1.5455710887908936,2.6127755641937256,0.12315981090068817,0,True
453,0.8733311295509338,0.1608937531709671,1.0,1.4542986154556274,1.6482347249984741,1.6482347249984741,2.752504348754883,0.12755391001701355,0,True
454,0.8742316365242004,0.1590406596660614,1.0,1.4200506210327148,1.6033124923706055,1.6033124923706055,2.6284170150756836,0.1368393450975418,0,True
455,0.8614245653152466,0.17436936497688293,1.0,1.3906515836715698,1.6145660877227783,1.6145660877227783,2.57069730758667,0.1262136697769165,0,True
456,0.8740449547767639,0.15864533185958862,1.0,1.4470422267913818,1.6934691667556763,1.6934691667556763,2.7883682250976562,0.11830267310142517,0,True
457,0.8816205263137817,0.15941143035888672,1.0,1.4733763933181763,1.6926811933517456,1.6926811933517456,2.613579273223877,0.11587460339069366,0,True
458,0.8776878118515015,0.1556280553340912,1.0,1.3890451192855835,1.6514465808868408,1.6514465808868408,2.442103147506714,0.12497955560684204,0,True
459,0.8832222819328308,0.15053461492061615,1.0,1.3846079111099243,1.6303064823150635,1.6303064823150635,2.6601719856262207,0.12131722271442413,0,True
460,0.8827147483825684,0.1523105800151825,1.0,1.3792940378189087,1.5755305290222168,1.5755305290222168,2.572082042694092,0.14008906483650208,0,True
461,0.8817050457000732,0.1515895426273346,1.0,1.3599967956542969,1.5362070798873901,1.5362070798873901,2.4233994483947754,0.1471819430589676,0,True
462,0.8629473447799683,0.16821551322937012,1.0,1.3632800579071045,1.504441738128662,1.504441738128662,2.6015987396240234,0.1351071000099182,0,True
463,0.8673301935195923,0.15466958284378052,1.0,1.3966914415359497,1.5728092193603516,1.5728092193603516,2.619225025177002,0.11797866225242615,0,True
464,0.8654868006706238,0.1669885665178299,1.0,1.4472843408584595,1.6122455596923828,1.6122455596923828,2.875563859939575,0.13192349672317505,0,True
465,0.85791015625,0.17598411440849304,1.0,1.4651480913162231,1.6565794944763184,1.6565794944763184,2.6884765625,0.14172324538230896,0,True
466,0.8804284334182739,0.1536211520433426,1.0,1.470029354095459,1.7377448081970215,1.7377448081970215,2.7399773597717285,0.1247096061706543,0,True
467,0.8805420994758606,0.15161997079849243,1.0,1.4012949466705322,1.6530590057373047,1.6530590057373047,2.534562110900879,0.13478529453277588,0,True
468,0.8706719875335693,0.15316623449325562,1.0,1.3778131008148193,1.6499183177947998,1.6499183177947998,2.829897403717041,0.14429038763046265,0,True
469,0.8777648210525513,0.15871131420135498,1.0,1.3881003856658936,1.6273584365844727,1.6273584365844727,2.5498030185699463,0.12111025303602219,0,True
470,0.8736141920089722,0.158196821808815,1.0,1.3798282146453857,1.5757534503936768,1.5757534503936768,2.671678066253662,0.1185813695192337,0,True
471,0.8701280355453491,0.16278764605522156,1.0,1.3559092283248901,1.5375663042068481,1.5375663042068481,2.520136594772339,0.11780007183551788,0,True
472,0.8461592197418213,0.18024411797523499,1.0,1.3864872455596924,1.5313150882720947,1.5313150882720947,2.666626453399658,0.09129847586154938,0,True
473,0.8684667944908142,0.16470563411712646,1.0,1.442596673965454,1.6186528205871582,1.6186528205871582,2.7234408855438232,0.10730446130037308,0,True
474,0.8660006523132324,0.16784831881523132,1.0,1.45045804977417,1.6230875253677368,1.6230875253677368,2.682260036468506,0.11423269659280777,0,True
475,0.8618990182876587,0.16216294467449188,1.0,1.4246580600738525,1.6449058055877686,1.6449058055877686,2.5516536235809326,0.12832409143447876,0,True
476,0.8714263439178467,0.15484362840652466,1.0,1.4366552829742432,1.6763527393341064,1.6763527393341064,2.599134922027588,0.12646903097629547,0,True
477,0.8717532157897949,0.15504108369350433,1.0,1.4317752122879028,1.6815881729125977,1.6815881729125977,2.5792603492736816,0.11111689358949661,0,True
478,0.8849353790283203,0.14673608541488647,1.0,1.403984785079956,1.6603096723556519,1.6603096723556519,2.564683198928833,0.12797221541404724,0,True
479,0.8761053085327148,0.15030744671821594,1.0,1.3500665426254272,1.5623313188552856,1.5623313188552856,2.595978260040283,0.11559760570526123,0,True
480,0.8875597715377808,0.14232847094535828,1.0,1.3850340843200684,1.5814461708068848,1.5814461708068848,2.4603681564331055,0.10819156467914581,0,True
481,0.8730877637863159,0.15325292944908142,1.0,1.376901388168335,1.5341616868972778,1.5341616868972778,2.574786901473999,0.11860553175210953,0,True
482,0.8779780864715576,0.14857305586338043,1.0,1.4166983366012573,1.591942310333252,1.591942310333252,2.4051640033721924,0.11949577182531357,0,True
483,0.885844349861145,0.1598699688911438,1.0,1.4385584592819214,1.5982863903045654,1.5982863903045654,2.693361282348633,0.12779036164283752,0,True
484,0.8529897928237915,0.18562301993370056,1.0,1.4237217903137207,1.5951385498046875,1.5951385498046875,2.8474643230438232,0.13500013947486877,0,True
485,0.8714451789855957,0.16994300484657288,1.0,1.445356845855713,1.6758285760879517,1.6758285760879517,2.785634994506836,0.13672396540641785,0,True
486,0.8858749866485596,0.15755164623260498,1.0,1.4765126705169678,1.6831629276275635,1.6831629276275635,2.6964077949523926,0.11987439543008804,0,True
487,0.8875147700309753,0.15568268299102783,1.0,1.4201126098632812,1.655931830406189,1.655931830406189,2.53391432762146,0.11765188723802567,0,True
488,0.876211404800415,0.16106292605400085,1.0,1.3792920112609863,1.615392804145813,1.615392804145813,2.45870304107666,0.12457581609487534,0,True
489,0.8815106153488159,0.1565941423177719,1.0,1.4143145084381104,1.6152684688568115,1.6152684688568115,2.7158546447753906,0.13618949055671692,0,True
490,0.8913577795028687,0.15057741105556488,1.0,1.3956379890441895,1.5687365531921387,1.5687365531921387,2.513174057006836,0.1333952695131302,0,True
491,0.8742222189903259,0.16143298149108887,1.0,1.4006448984146118,1.5709031820297241,1.5709031820297241,2.4515812397003174,0.12910997867584229,0,True
492,0.8653171062469482,0.1579829752445221,1.0,1.4089126586914062,1.59610915184021,1.59610915184021,2.6475791931152344,0.12319162487983704,0,True
493,0.874478816986084,0.1615690141916275,1.0,1.4351863861083984,1.628558874130249,1.628558874130249,2.675529956817627,0.12230440974235535,0,True
494,0.8730136752128601,0.1595570147037506,1.0,1.422105073928833,1.6007206439971924,1.6007206439971924,2.472127676010132,0.12896227836608887,0,True
495,0.8619039058685303,0.16831374168395996,1.0,1.4110571146011353,1.6093366146087646,1.6093366146087646,2.458281993865967,0.12014491856098175,0,True
496,0.8712407350540161,0.16245223581790924,1.0,1.4250142574310303,1.6673939228057861,1.6673939228057861,2.538095712661743,0.11892207711935043,0,True
497,0.8803865313529968,0.14950507879257202,1.0,1.4186744689941406,1.6850547790527344,1.6850547790527344,2.449277639389038,0.11636766791343689,0,True
498,0.8775511980056763,0.15967795252799988,1.0,1.4228088855743408,1.6597847938537598,1.6597847938537598,2.6536099910736084,0.12217182666063309,0,True
499,0.8713754415512085,0.1614430546760559,1.0,1.3819787502288818,1.6296401023864746,1.6296401023864746,2.6117067337036133,0.142207533121109,0,True
500,0.8854323625564575,0.15242129564285278,1.0,1.410079002380371,1.6248763799667358,1.6248763799667358,2.559199571609497,0.12359470129013062,0,True
501,0.8723773956298828,0.16472718119621277,1.0,1.3817263841629028,1.5634270906448364,1.5634270906448364,2.4765195846557617,0.12477394938468933,0,True
502,0.8777499198913574,0.15329885482788086,1.0,1.3902106285095215,1.5724135637283325,1.5724135637283325,2.5073394775390625,0.11770626902580261,0,True
503,0.8496664762496948,0.18183168768882751,1.0,1.381903886795044,1.5427769422531128,1.5427769422531128,2.4295127391815186,0.14021900296211243,0,True
504,0.8725554943084717,0.17118024826049805,1.0,1.4605417251586914,1.6643714904785156,1.6643714904785156,2.6916720867156982,0.13966602087020874,0,True
505,0.8831474781036377,0.16580405831336975,1.0,1.4521081447601318,1.6404000520706177,1.6404000520706177,2.709925651550293,0.13544043898582458,0,True
506,0.8515493869781494,0.183924600481987,1.0,1.36985182762146,1.5888993740081787,1.5888993740081787,2.5904481410980225,0.1408054530620575,0,True
507,0.8643491268157959,0.16776663064956665,1.0,1.4227981567382812,1.6812360286712646,1.6812360286712646,2.5838606357574463,0.1158527210354805,0,True
508,0.8665520548820496,0.17506450414657593,1.0,1.4194152355194092,1.6298925876617432,1.6298925876617432,2.581068277359009,0.13161882758140564,0,True
509,0.8886265158653259,0.1461416780948639,1.0,1.403106451034546,1.6367435455322266,1.6367435455322266,2.6231906414031982,0.1194925382733345,0,True
510,0.8738731145858765,0.1589852124452591,1.0,1.3751908540725708,1.564229965209961,1.564229965209961,2.6191656589508057,0.1356208622455597,0,True
511,0.8780595064163208,0.15952572226524353,1.0,1.4127602577209473,1.6269804239273071,1.6269804239273071,2.7676897048950195,0.1273953914642334,0,True
512,0.8546016216278076,0.17939156293869019,1.0,1.3850668668746948,1.567370057106018,1.567370057106018,2.588156223297119,0.11850639432668686,0,True
513,0.8637052774429321,0.16389521956443787,1.0,1.4299824237823486,1.6333402395248413,1.6333402395248413,2.6604504585266113,0.14368216693401337,0,True
514,0.8625967502593994,0.1626492440700531,1.0,1.416635513305664,1.6223597526550293,1.6223597526550293,2.5963878631591797,0.13275431096553802,0,True
515,0.8811309337615967,0.15305781364440918,1.0,1.4507184028625488,1.667569637298584,1.667569637298584,2.816232442855835,0.12843994796276093,0,True
516,0.8604739904403687,0.16379138827323914,1.0,1.4099109172821045,1.636676549911499,1.636676549911499,2.7507705688476562,0.1316695660352707,0,True
517,0.8513951301574707,0.1757701337337494,1.0,1.4042984247207642,1.6432831287384033,1.6432831287384033,2.513078451156616,0.1340181827545166,0,True
518,0.8600114583969116,0.1686042845249176,1.0,1.4027947187423706,1.6491613388061523,1.6491613388061523,2.690239906311035,0.12200471013784409,0,True
519,0.8730677962303162,0.15761706233024597,1.0,1.4057132005691528,1.6222478151321411,1.6222478151321411,2.5229034423828125,0.10944584012031555,0,True
520,0.8671191930770874,0.16021132469177246,1.0,1.3758344650268555,1.5950422286987305,1.5950422286987305,2.653015613555908,0.12105756998062134,0,True
521,0.8486751317977905,0.180848628282547,1.0,1.3628840446472168,1.5421712398529053,1.5421712398529053,2.7570996284484863,0.12679077684879303,0,True
522,0.8529112339019775,0.1692899465560913,1.0,1.3906517028808594,1.579492211341858,1.579492211341858,2.5054640769958496,0.12018291652202606,0,True
523,0.8570505976676941,0.17374148964881897,1.0,1.435240626335144,1.5949050188064575,1.5949050188064575,2.4551868438720703,0.11849480867385864,0,True
524,0.8734818696975708,0.16879011690616608,1.0,1.4742933511734009,1.6499124765396118,1.6499124765396118,2.5386438369750977,0.12720991671085358,0,True
525,0.8802762627601624,0.16796939074993134,1.0,1.4511820077896118,1.646059513092041,1.646059513092041,2.7197792530059814,0.12147042155265808,0,True
526,0.8575664758682251,0.1799280345439911,1.0,1.40860915184021,1.6226617097854614,1.6226617097854614,2.5159189701080322,0.10984277725219727,0,True
527,0.8630113005638123,0.17412467300891876,1.0,1.4152982234954834,1.6730542182922363,1.6730542182922363,2.624732255935669,0.11546102166175842,0,True
528,0.8767887949943542,0.1628580093383789,1.0,1.4146559238433838,1.6291559934616089,1.6291559934616089,2.7946617603302,0.12204861640930176,0,True
529,0.8539282083511353,0.1742897927761078,1.0,1.37642240524292,1.5551738739013672,1.5551738739013672,2.478837013244629,0.12743449211120605,0,True
530,0.8661594390869141,0.17022617161273956,1.0,1.4041935205459595,1.592435598373413,1.592435598373413,2.5531139373779297,0.1194031685590744,0,True
531,0.8547158241271973,0.1766391396522522,1.0,1.3700345754623413,1.548700213432312,1.548700213432312,2.305635452270508,0.11530359089374542,0,True
532,0.8526309132575989,0.1768420785665512,1.0,1.395472526550293,1.5833721160888672,1.5833721160888672,2.6998958587646484,0.13722160458564758,0,True
533,0.872053861618042,0.16698014736175537,1.0,1.450647234916687,1.6413195133209229,1.6413195133209229,2.6698412895202637,0.12399014830589294,0,True
534,0.8798671960830688,0.15484586358070374,1.0,1.443730115890503,1.6571518182754517,1.6571518182754517,2.655076742172241,0.14362746477127075,0,True
535,0.8782885074615479,0.156119704246521,1.0,1.4400877952575684,1.6947267055511475,1.6947267055511475,2.6152987480163574,0.13425862789154053,0,True
536,0.880747377872467,0.15254688262939453,1.0,1.4335275888442993,1.6720044612884521,1.6720044612884521,2.588507890701294,0.14336669445037842,0,True
537,0.8852683901786804,0.14167827367782593,1.0,1.3659229278564453,1.6362709999084473,1.6362709999084473,2.5288686752319336,0.12273073196411133,0,True
538,0.8962314128875732,0.14850355684757233,1.0,1.3785688877105713,1.6172802448272705,1.6172802448272705,2.514096975326538,0.11833763122558594,0,True
539,0.880589485168457,0.15511789917945862,1.0,1.3822741508483887,1.522107720375061,1.522107720375061,2.626760482788086,0.1305186152458191,0,True
540,0.8813084363937378,0.14377981424331665,1.0,1.3747355937957764,1.5368010997772217,1.5368010997772217,2.7713382244110107,0.1388852894306183,0,True
541,0.8875018358230591,0.15173284709453583,1.0,1.3976632356643677,1.518144130706787,1.518144130706787,2.4885149002075195,0.12506535649299622,0,True
542,0.8871890306472778,0.14058130979537964,1.0,1.416811466217041,1.5935540199279785,1.5935540199279785,2.7511348724365234,0.12254698574542999,0,True
543,0.8889733552932739,0.1494462490081787,1.0,1.440086841583252,1.6210637092590332,1.6210637092590332,2.6749935150146484,0.12560831010341644,0,True
544,0.8970900774002075,0.14500293135643005,1.0,1.475113034248352,1.6901278495788574,1.6901278495788574,2.768301010131836,0.12670433521270752,0,True
545,0.9035327434539795,0.13793794810771942,1.0,1.4475421905517578,1.7062225341796875,1.7062225341796875,2.636920690536499,0.1260368376970291,0,True
546,0.9005028605461121,0.12895973026752472,1.0,1.423900842666626,1.7069518566131592,1.7069518566131592,2.530412435531616,0.12697726488113403,0,True
547,0.8936223387718201,0.13976895809173584,1.0,1.395617961883545,1.6468405723571777,1.6468405723571777,2.725956678390503,0.12363503128290176,0,True
548,0.902708888053894,0.13602739572525024,1.0,1.4008052349090576,1.5969271659851074,1.5969271659851074,2.697789192199707,0.11490672826766968,0,True
549,0.8818773031234741,0.14772126078605652,1.0,1.3492684364318848,1.5133986473083496,1.5133986473083496,2.5113439559936523,0.11783621460199356,0,True
550,0.8947751522064209,0.13027842342853546,1.0,1.4109221696853638,1.5583205223083496,1.5583205223083496,2.7440319061279297,0.11553674191236496,0,True
551,0.864277184009552,0.16555342078208923,1.0,1.4033136367797852,1.5247571468353271,1.5247571468353271,2.5851709842681885,0.11729888617992401,0,True
552,0.8708477020263672,0.1599954217672348,1.0,1.4538969993591309,1.649407148361206,1.649407148361206,2.7448227405548096,0.11046409606933594,0,True
553,0.896636426448822,0.14581048488616943,1.0,1.4911096096038818,1.6768847703933716,1.6768847703933716,2.5488810539245605,0.12439056485891342,0,True
554,0.8869678974151611,0.1584503948688507,1.0,1.4354548454284668,1.652235507965088,1.652235507965088,2.5822525024414062,0.11444421857595444,0,True
555,0.862482488155365,0.1624557375907898,1.0,1.4184389114379883,1.707676649093628,1.707676649093628,2.481961727142334,0.11828826367855072,0,True
556,0.8959672451019287,0.1477462500333786,1.0,1.4467406272888184,1.7209484577178955,1.7209484577178955,2.523247241973877,0.12211404740810394,0,True
557,0.8857790231704712,0.15214455127716064,1.0,1.384751558303833,1.6179440021514893,1.6179440021514893,2.579357147216797,0.12957444787025452,0,True
558,0.882271409034729,0.15606781840324402,1.0,1.3669663667678833,1.5682514905929565,1.5682514905929565,2.6942098140716553,0.14087532460689545,0,True
559,0.8683353662490845,0.15918833017349243,1.0,1.3742101192474365,1.5616271495819092,1.5616271495819092,2.673722982406616,0.1216045618057251,0,True
560,0.8893047571182251,0.1488625854253769,1.0,1.4376204013824463,1.58822762966156,1.58822762966156,2.780062437057495,0.12383554875850677,0,True
561,0.8664612770080566,0.1654081642627716,1.0,1.4020837545394897,1.5533881187438965,1.5533881187438965,2.4452905654907227,0.11849106103181839,0,True
562,0.8703615069389343,0.1660633385181427,1.0,1.46087646484375,1.637463927268982,1.637463927268982,2.56632661819458,0.11656119674444199,0,True
563,0.9089111685752869,0.1360228955745697,1.0,1.5104981660842896,1.7157267332077026,1.7157267332077026,2.6992475986480713,0.11258170753717422,0,True
564,0.8754206895828247,0.16621066629886627,1.0,1.4217122793197632,1.6234760284423828,1.6234760284423828,2.711867570877075,0.13667592406272888,0,True
565,0.8865299820899963,0.14609619975090027,1.0,1.4095211029052734,1.7015432119369507,1.7015432119369507,2.623736619949341,0.11680697649717331,0,True
566,0.8998483419418335,0.1508360058069229,1.0,1.4006484746932983,1.6092222929000854,1.6092222929000854,2.586244583129883,0.1159888356924057,0,True
567,0.8980235457420349,0.13612568378448486,1.0,1.378706693649292,1.5938889980316162,1.5938889980316162,2.642556667327881,0.12612037360668182,0,True
568,0.9001491069793701,0.14340047538280487,1.0,1.3791178464889526,1.5511112213134766,1.5511112213134766,2.6241586208343506,0.11968590319156647,0,True
569,0.9046216011047363,0.13917765021324158,1.0,1.385787010192871,1.58182692527771,1.58182692527771,2.604029417037964,0.11115200072526932,0,True
570,0.9043758511543274,0.13729669153690338,1.0,1.4076948165893555,1.5795694589614868,1.5795694589614868,2.615549325942993,0.11719326674938202,0,True
571,0.8785158395767212,0.1506202518939972,1.0,1.3790186643600464,1.5656464099884033,1.5656464099884033,2.5586812496185303,0.13749200105667114,0,True
572,0.8885786533355713,0.15450580418109894,1.0,1.443343162536621,1.653568983078003,1.653568983078003,2.573411703109741,0.12651267647743225,0,True
573,0.8949575424194336,0.15463337302207947,1.0,1.4828015565872192,1.7037665843963623,1.7037665843963623,2.5623111724853516,0.11742038279771805,0,True
574,0.8869801759719849,0.1609933078289032,1.0,1.447610855102539,1.677089810371399,1.677089810371399,2.669842481613159,0.12033646553754807,0,True
575,0.890483558177948,0.1454792022705078,1.0,1.4229252338409424,1.7050247192382812,1.7050247192382812,2.5675415992736816,0.12317013740539551,0,True
576,0.8621016144752502,0.16126859188079834,1.0,1.3275314569473267,1.5703397989273071,1.5703397989273071,2.423424482345581,0.13121065497398376,0,True
577,0.8606258630752563,0.16501760482788086,1.0,1.3602776527404785,1.5762348175048828,1.5762348175048828,2.6480138301849365,0.1270732879638672,0,True
578,0.8707190155982971,0.15886859595775604,1.0,1.4261384010314941,1.5807476043701172,1.5807476043701172,2.6542112827301025,0.13358744978904724,0,True
579,0.883892834186554,0.15218719840049744,1.0,1.4439754486083984,1.5955193042755127,1.5955193042755127,2.5158894062042236,0.1343661993741989,0,True
580,0.853989839553833,0.17407828569412231,1.0,1.3628995418548584,1.532155156135559,1.532155156135559,2.5484702587127686,0.16062942147254944,0,True
581,0.846447229385376,0.17751452326774597,1.0,1.4114972352981567,1.6286394596099854,1.6286394596099854,2.677259922027588,0.14332915842533112,0,True
582,0.8861087560653687,0.1574028730392456,1.0,1.5079907178878784,1.7188496589660645,1.7188496589660645,2.760082483291626,0.1146090179681778,0,True
583,0.8860145211219788,0.1569591462612152,1.0,1.4639134407043457,1.6679600477218628,1.6679600477218628,2.4876041412353516,0.12512914836406708,0,True
584,0.8956314325332642,0.14552727341651917,1.0,1.411872386932373,1.6646660566329956,1.6646660566329956,2.655677080154419,0.13454456627368927,0,True
585,0.8776352405548096,0.1532018780708313,1.0,1.3458918333053589,1.5920649766921997,1.5920649766921997,2.3884434700012207,0.12328074127435684,0,True
586,0.8837677836418152,0.1427989900112152,1.0,1.4018555879592896,1.611331582069397,1.611331582069397,2.779249906539917,0.13007938861846924,0,True
587,0.8749828338623047,0.15850776433944702,1.0,1.4158756732940674,1.5570664405822754,1.5570664405822754,2.5988385677337646,0.13533605635166168,0,True
588,0.8962403535842896,0.15100155770778656,1.0,1.4536092281341553,1.6093961000442505,1.6093961000442505,2.706902027130127,0.12043235450983047,0,True
589,0.8961805105209351,0.14828133583068848,1.0,1.4460675716400146,1.6001055240631104,1.6001055240631104,2.662371873855591,0.12380725145339966,0,True
590,0.87309730052948,0.1600346565246582,1.0,1.3971703052520752,1.5880259275436401,1.5880259275436401,2.5905051231384277,0.12251459062099457,0,True
591,0.8780006170272827,0.14906418323516846,1.0,1.3978538513183594,1.635399341583252,1.635399341583252,2.443984270095825,0.10976506769657135,0,True
592,0.8766549825668335,0.15913499891757965,1.0,1.4255642890930176,1.625730037689209,1.625730037689209,2.403024196624756,0.1236199140548706,0,True
593,0.8960336446762085,0.14749586582183838,1.0,1.4752473831176758,1.6783688068389893,1.6783688068389893,2.692063093185425,0.13133138418197632,0,True
594,0.8980101943016052,0.14159396290779114,1.0,1.4205485582351685,1.6514230966567993,1.6514230966567993,2.4541656970977783,0.12978869676589966,0,True
595,0.8910459280014038,0.14239735901355743,1.0,1.3947608470916748,1.6222941875457764,1.6222941875457764,2.6557300090789795,0.15080110728740692,0,True
596,0.8919098377227783,0.14046679437160492,1.0,1.4037256240844727,1.6167285442352295,1.6167285442352295,2.5103981494903564,0.14175181090831757,0,True
597,0.8735805749893188,0.15657690167427063,1.0,1.3908010721206665,1.5732712745666504,1.5732712745666504,2.6248621940612793,0.13673308491706848,0,True
598,0.8944249749183655,0.142719566822052,1.0,1.4398155212402344,1.6151034832000732,1.6151034832000732,2.634084463119507,0.12858381867408752,0,True
599,0.8642949461936951,0.17521172761917114,1.0,1.3961832523345947,1.5475826263427734,1.5475826263427734,2.3901383876800537,0.14202219247817993,0,True
600,0.8525795936584473,0.1767820119857788,1.0,1.4048351049423218,1.6257359981536865,1.6257359981536865,2.4658377170562744,0.1329592764377594,0,True
601,0.8765569925308228,0.164359912276268,1.0,1.4750568866729736,1.6606513261795044,1.6606513261795044,2.539961338043213,0.11860181391239166,0,True
602,0.876673698425293,0.16370445489883423,1.0,1.4380412101745605,1.6411421298980713,1.6411421298980713,2.7100887298583984,0.11729952692985535,0,True
603,0.8726167678833008,0.16513541340827942,1.0,1.4103084802627563,1.6346296072006226,1.6346296072006226,2.441485643386841,0.12985628843307495,0,True
604,0.86979079246521,0.1642342507839203,1.0,1.3895052671432495,1.6306724548339844,1.6306724548339844,2.6085422039031982,0.12412167340517044,0,True
605,0.8782705068588257,0.15468624234199524,1.0,1.4052863121032715,1.637865424156189,1.637865424156189,2.4401583671569824,0.11539646983146667,0,True
606,0.8763188123703003,0.14898762106895447,1.0,1.4079999923706055,1.5884517431259155,1.5884517431259155,2.4992313385009766,0.12083088606595993,0,True
607,0.8698990345001221,0.1566200703382492,1.0,1.4036223888397217,1.593978762626648,1.593978762626648,2.5758628845214844,0.12237776070833206,0,True
608,0.8842618465423584,0.1542225480079651,1.0,1.4108855724334717,1.6081820726394653,1.6081820726394653,2.7939512729644775,0.12318035960197449,0,True
609,0.8543455004692078,0.18094860017299652,1.0,1.4114048480987549,1.5862140655517578,1.5862140655517578,2.708516836166382,0.12979194521903992,0,True
610,0.8660641312599182,0.1602114886045456,1.0,1.4392375946044922,1.6676514148712158,1.6676514148712158,2.6486546993255615,0.12735405564308167,0,True
611,0.8733778595924377,0.17014935612678528,1.0,1.4281455278396606,1.6234208345413208,1.6234208345413208,2.675292491912842,0.12740567326545715,0,True
612,0.8569321632385254,0.18855370581150055,1.0,1.394157886505127,1.6165249347686768,1.6165249347686768,2.4664807319641113,0.13435250520706177,0,True
613,0.8679788112640381,0.17313803732395172,1.0,1.4190022945404053,1.6599819660186768,1.6599819660186768,2.624021053314209,0.11143829673528671,0,True
614,0.8672702312469482,0.16803967952728271,1.0,1.4179288148880005,1.6052244901657104,1.6052244901657104,2.6379573345184326,0.13003432750701904,0,True
615,0.8622219562530518,0.1760268211364746,1.0,1.3705213069915771,1.602160930633545,1.602160930633545,2.5444092750549316,0.11730030179023743,0,True
616,0.8648154735565186,0.17448368668556213,1.0,1.4136157035827637,1.619535207748413,1.619535207748413,2.588366746902466,0.11456069350242615,0,True
617,0.8847566843032837,0.16212382912635803,1.0,1.4070954322814941,1.6257281303405762,1.6257281303405762,2.6845455169677734,0.10622795671224594,0,True
618,0.8718788623809814,0.16795562207698822,1.0,1.399437665939331,1.5916190147399902,1.5916190147399902,3.096388101577759,0.12317198514938354,0,True
619,0.8700535297393799,0.1781497448682785,1.0,1.4217157363891602,1.6239393949508667,1.6239393949508667,2.472336769104004,0.13300031423568726,0,True
620,0.8857625722885132,0.15646284818649292,1.0,1.4146848917007446,1.6285382509231567,1.6285382509231567,2.6117031574249268,0.1329820603132248,0,True
621,0.8812514543533325,0.15577605366706848,1.0,1.3963603973388672,1.6099879741668701,1.6099879741668701,2.712087869644165,0.1514628529548645,0,True
622,0.8959563970565796,0.15144294500350952,1.0,1.4225447177886963,1.6198978424072266,1.6198978424072266,2.748728036880493,0.12603864073753357,0,True
623,0.8756153583526611,0.16378425061702728,1.0,1.40925133228302,1.6007091999053955,1.6007091999053955,2.655054807662964,0.12960070371627808,0,True
624,0.8840782642364502,0.16032320261001587,1.0,1.4362990856170654,1.633406400680542,1.633406400680542,2.919865131378174,0.13390804827213287,0,True
625,0.8602452278137207,0.17574456334114075,1.0,1.3721338510513306,1.5656729936599731,1.5656729936599731,2.4573991298675537,0.12266102433204651,0,True
626,0.8750291466712952,0.15709511935710907,1.0,1.4000766277313232,1.6168580055236816,1.6168580055236816,2.5476369857788086,0.11958757042884827,0,True
627,0.866915762424469,0.1654786467552185,1.0,1.3974790573120117,1.5920228958129883,1.5920228958129883,2.5378477573394775,0.10844561457633972,0,True
628,0.869957447052002,0.1601567566394806,1.0,1.4356040954589844,1.630976915359497,1.630976915359497,2.7721762657165527,0.12167660146951675,0,True
629,0.8654569983482361,0.16082341969013214,1.0,1.4284231662750244,1.6468555927276611,1.6468555927276611,2.5461013317108154,0.12876255810260773,0,True
630,0.863900899887085,0.16379012167453766,1.0,1.450170874595642,1.6785187721252441,1.6785187721252441,2.7586934566497803,0.131015807390213,0,True
631,0.866289496421814,0.1715080887079239,1.0,1.4033608436584473,1.628554344177246,1.628554344177246,2.6010122299194336,0.12500101327896118,0,True
632,0.8634400367736816,0.1619911789894104,1.0,1.3823418617248535,1.6073591709136963,1.6073591709136963,2.7150397300720215,0.13518986105918884,0,True
633,0.8462052345275879,0.18410269916057587,1.0,1.3949952125549316,1.5982248783111572,1.5982248783111572,2.632272481918335,0.12271043658256531,0,True
634,0.8504618406295776,0.18971453607082367,1.0,1.418988585472107,1.6069064140319824,1.6069064140319824,2.554990291595459,0.13111822307109833,0,True
635,0.8496255874633789,0.1779586374759674,1.0,1.3995147943496704,1.5648709535598755,1.5648709535598755,2.6816396713256836,0.13532525300979614,0,True
636,0.8330713510513306,0.19229330122470856,1.0,1.364568829536438,1.5562844276428223,1.5562844276428223,2.6645960807800293,0.12279737740755081,0,True
637,0.8587117195129395,0.1747136265039444,1.0,1.424524188041687,1.621857762336731,1.621857762336731,2.5481526851654053,0.11118075251579285,0,True
638,0.8678935766220093,0.16504551470279694,1.0,1.4399499893188477,1.610971212387085,1.610971212387085,2.6735334396362305,0.13697725534439087,0,True
639,0.8642785549163818,0.16735294461250305,1.0,1.4171174764633179,1.6237324476242065,1.6237324476242065,2.3371376991271973,0.1226857379078865,0,True
640,0.850317120552063,0.18267229199409485,1.0,1.3964641094207764,1.6106371879577637,1.6106371879577637,2.8435535430908203,0.12337982654571533,0,True
641,0.8631746768951416,0.16432739794254303,1.0,1.4318921566009521,1.686327338218689,1.686327338218689,2.6936774253845215,0.1237063854932785,0,True
642,0.8736205697059631,0.1623159795999527,1.0,1.4479353427886963,1.6421515941619873,1.6421515941619873,2.520045280456543,0.13083380460739136,0,True
643,0.878061056137085,0.157874196767807,1.0,1.4166491031646729,1.6435142755508423,1.6435142755508423,2.583329200744629,0.11546877026557922,0,True
644,0.8791334629058838,0.15791863203048706,1.0,1.3991893529891968,1.583107352256775,1.583107352256775,2.67944073677063,0.12315112352371216,0,True
645,0.8696359395980835,0.1585286557674408,1.0,1.3864140510559082,1.5757036209106445,1.5757036209106445,2.7329609394073486,0.12026287615299225,0,True
646,0.8738729953765869,0.15907466411590576,1.0,1.4058061838150024,1.5460269451141357,1.5460269451141357,2.549921989440918,0.1181676834821701,0,True
647,0.865143895149231,0.16697898507118225,1.0,1.4012963771820068,1.5351200103759766,1.5351200103759766,2.7681946754455566,0.12938441336154938,0,True
648,0.8821090459823608,0.15944410860538483,1.0,1.4395387172698975,1.629522681236267,1.629522681236267,2.4832985401153564,0.11470724642276764,0,True
649,0.8827264308929443,0.1645779013633728,1.0,1.4820666313171387,1.6599417924880981,1.6599417924880981,2.6018176078796387,0.12047705799341202,0,True
650,0.88490891456604,0.15157324075698853,1.0,1.4557945728302002,1.7120659351348877,1.7120659351348877,2.6663525104522705,0.12157626450061798,0,True
651,0.891110897064209,0.14405974745750427,1.0,1.4403595924377441,1.6797431707382202,1.6797431707382202,2.6482951641082764,0.13122014701366425,0,True
652,0.8871307373046875,0.14405986666679382,1.0,1.3857028484344482,1.633363127708435,1.633363127708435,2.5064196586608887,0.12354601919651031,0,True
653,0.9070039987564087,0.13535413146018982,1.0,1.4118059873580933,1.6203629970550537,1.6203629970550537,2.6496188640594482,0.10535366833209991,0,True
654,0.8983290195465088,0.12977474927902222,1.0,1.3894085884094238,1.5700308084487915,1.5700308084487915,2.5339865684509277,0.12991787493228912,0,True
655,0.8939334154129028,0.13391676545143127,1.0,1.3708641529083252,1.5498203039169312,1.5498203039169312,2.3494150638580322,0.12132564187049866,0,True
656,0.9011471271514893,0.14036773145198822,1.0,1.4197592735290527,1.5743852853775024,1.5743852853775024,2.6478867530822754,0.12719231843948364,0,True
657,0.8869709968566895,0.149198979139328,1.0,1.4293626546859741,1.5930674076080322,1.5930674076080322,2.558624267578125,0.1174594983458519,0,True
658,0.9037383198738098,0.13253192603588104,1.0,1.4585978984832764,1.6532723903656006,1.6532723903656006,2.5967774391174316,0.10716640204191208,0,True
659,0.8845687508583069,0.14836227893829346,1.0,1.4400758743286133,1.6428775787353516,1.6428775787353516,2.8146274089813232,0.1450762301683426,0,True
660,0.8851770162582397,0.15845128893852234,1.0,1.4497761726379395,1.7159984111785889,1.7159984111785889,2.5766305923461914,0.1277601718902588,0,True
661,0.9084796905517578,0.13569758832454681,1.0,1.4677660465240479,1.7146577835083008,1.7146577835083008,2.6129355430603027,0.11885532736778259,0,True
662,0.8763258457183838,0.15659025311470032,1.0,1.3783249855041504,1.6237375736236572,1.6237375736236572,2.7922861576080322,0.12555278837680817,0,True
663,0.8811959028244019,0.15575161576271057,1.0,1.380483627319336,1.617614984512329,1.617614984512329,2.7691032886505127,0.12757819890975952,0,True
664,0.8754011988639832,0.15776559710502625,1.0,1.3971641063690186,1.573580265045166,1.573580265045166,2.7575974464416504,0.1224062591791153,0,True
665,0.8777255415916443,0.1660650372505188,1.0,1.4030603170394897,1.5682756900787354,1.5682756900787354,2.58195161819458,0.12563663721084595,0,True
666,0.8912239074707031,0.1518920361995697,1.0,1.429154634475708,1.6193993091583252,1.6193993091583252,2.961329221725464,0.12800812721252441,0,True
667,0.8751010894775391,0.15361180901527405,1.0,1.4372432231903076,1.6078041791915894,1.6078041791915894,2.5790607929229736,0.12022815644741058,0,True
668,0.863750696182251,0.17455056309700012,1.0,1.412345290184021,1.660099983215332,1.660099983215332,2.478671073913574,0.12380781769752502,0,True
669,0.8800186514854431,0.1685916781425476,1.0,1.4732112884521484,1.6728229522705078,1.6728229522705078,2.873695135116577,0.11264379322528839,0,True
670,0.8771799206733704,0.15198464691638947,1.0,1.4258025884628296,1.6421915292739868,1.6421915292739868,2.711204767227173,0.1336137056350708,0,True
671,0.8828799724578857,0.1510368138551712,1.0,1.4082260131835938,1.6486222743988037,1.6486222743988037,2.7205111980438232,0.1298619657754898,0,True
672,0.8967361450195312,0.1338524967432022,1.0,1.401802659034729,1.6188609600067139,1.6188609600067139,2.500563383102417,0.1287800371646881,0,True
673,0.8830413818359375,0.1428472101688385,1.0,1.3782804012298584,1.5833724737167358,1.5833724737167358,2.5433788299560547,0.12485615909099579,0,True
674,0.900229811668396,0.14987713098526,1.0,1.4238100051879883,1.6010630130767822,1.6010630130767822,2.5116143226623535,0.1267690509557724,0,True
675,0.886333167552948,0.15132766962051392,1.0,1.3890750408172607,1.5734100341796875,1.5734100341796875,2.5774214267730713,0.11954496055841446,0,True
676,0.8926309943199158,0.1501082330942154,1.0,1.4242854118347168,1.6087473630905151,1.6087473630905151,2.4457249641418457,0.12710146605968475,0,True
677,0.8668313026428223,0.1748163402080536,1.0,1.4334291219711304,1.577223300933838,1.577223300933838,2.8115110397338867,0.13803747296333313,0,True
678,0.88218092918396,0.1547006219625473,1.0,1.4535889625549316,1.649019718170166,1.649019718170166,2.659949541091919,0.12444047629833221,0,True
679,0.8730354309082031,0.16223426163196564,1.0,1.4295811653137207,1.6281566619873047,1.6281566619873047,2.6213393211364746,0.13093294203281403,0,True
680,0.8929625749588013,0.14151525497436523,1.0,1.4448730945587158,1.6828433275222778,1.6828433275222778,2.537073850631714,0.12617957592010498,0,True
681,0.8815615177154541,0.15272480249404907,1.0,1.4254028797149658,1.6393280029296875,1.6393280029296875,2.437826633453369,0.1337520182132721,0,True
682,0.8943158984184265,0.13987945020198822,1.0,1.4235509634017944,1.6634643077850342,1.6634643077850342,2.7762386798858643,0.13039110600948334,0,True
683,0.8933603763580322,0.14675644040107727,1.0,1.4012329578399658,1.6094276905059814,1.6094276905059814,2.4794042110443115,0.13737885653972626,0,True
684,0.8793106079101562,0.1511964648962021,1.0,1.363909363746643,1.581947922706604,1.581947922706604,2.6050634384155273,0.12589122354984283,0,True
685,0.8954208493232727,0.13113823533058167,1.0,1.3970026969909668,1.5793898105621338,1.5793898105621338,2.5198721885681152,0.12227660417556763,0,True
686,0.8709009885787964,0.17204797267913818,1.0,1.3842984437942505,1.5352200269699097,1.5352200269699097,2.620518207550049,0.12173116952180862,0,True
687,0.8747614026069641,0.15736201405525208,1.0,1.4198477268218994,1.6104023456573486,1.6104023456573486,2.610381841659546,0.13781601190567017,0,True
688,0.8697272539138794,0.1702718734741211,1.0,1.4198126792907715,1.6164655685424805,1.6164655685424805,2.7347445487976074,0.13352365791797638,0,True
689,0.8850287795066833,0.15600644052028656,1.0,1.4615724086761475,1.6914513111114502,1.6914513111114502,2.80259108543396,0.11262376606464386,0,True
690,0.8707712888717651,0.16200798749923706,1.0,1.4352507591247559,1.652503252029419,1.652503252029419,2.6262834072113037,0.12908020615577698,0,True
691,0.8640990257263184,0.16448917984962463,1.0,1.4182102680206299,1.673220157623291,1.673220157623291,2.825922727584839,0.1159636527299881,0,True
692,0.8799827694892883,0.1674613654613495,1.0,1.411445140838623,1.6409828662872314,1.6409828662872314,2.719651460647583,0.12851735949516296,0,True
693,0.8503309488296509,0.1882871687412262,1.0,1.3753578662872314,1.5817500352859497,1.5817500352859497,2.8955037593841553,0.13910144567489624,0,True
694,0.8828365802764893,0.15124109387397766,1.0,1.4348071813583374,1.6363403797149658,1.6363403797149658,2.5049407482147217,0.12252731621265411,0,True
695,0.8954249620437622,0.14971387386322021,1.0,1.4296282529830933,1.5746901035308838,1.5746901035308838,2.89448881149292,0.1349821835756302,0,True
696,0.8660916090011597,0.16827534139156342,1.0,1.3723928928375244,1.5380412340164185,1.5380412340164185,2.4495625495910645,0.1408221423625946,0,True
697,0.8640599250793457,0.17187128961086273,1.0,1.3910009860992432,1.5888909101486206,1.5888909101486206,2.6647872924804688,0.11869622021913528,0,True
698,0.8985439538955688,0.1585143804550171,1.0,1.4848523139953613,1.6675269603729248,1.6675269603729248,2.865140914916992,0.11836156249046326,0,True
699,0.8987702131271362,0.14899544417858124,1.0,1.4383742809295654,1.6161391735076904,1.6161391735076904,2.3677093982696533,0.12498072534799576,0,True
700,0.8731909394264221,0.1683269441127777,1.0,1.4377460479736328,1.6710004806518555,1.6710004806518555,2.672847270965576,0.1300746500492096,0,True
701,0.9068514108657837,0.13580888509750366,1.0,1.4776469469070435,1.7731711864471436,1.7731711864471436,2.432415723800659,0.11588292568922043,0,True
702,0.9216534495353699,0.13046222925186157,1.0,1.4211138486862183,1.6790622472763062,1.6790622472763062,2.499805450439453,0.1159810870885849,0,True
703,0.8897259831428528,0.1479617804288864,1.0,1.3275333642959595,1.5713043212890625,1.5713043212890625,2.5977776050567627,0.13115839660167694,0,True
704,0.9083688259124756,0.13216593861579895,1.0,1.3783459663391113,1.5973074436187744,1.5973074436187744,2.4779181480407715,0.12464512884616852,0,True
705,0.9092172384262085,0.13543470203876495,1.0,1.3838565349578857,1.5227572917938232,1.5227572917938232,2.5963335037231445,0.1284773051738739,0,True
706,0.8940751552581787,0.1402847170829773,1.0,1.369077205657959,1.4966716766357422,1.4966716766357422,2.6025123596191406,0.12788645923137665,0,True
707,0.8820591568946838,0.15880052745342255,1.0,1.390549898147583,1.5057944059371948,1.5057944059371948,2.657576560974121,0.11887811124324799,0,True
708,0.8992611169815063,0.13847684860229492,1.0,1.4699077606201172,1.6410706043243408,1.6410706043243408,2.8012869358062744,0.1174895316362381,0,True
709,0.8989073634147644,0.14203676581382751,1.0,1.446410894393921,1.626788854598999,1.626788854598999,2.676854133605957,0.1245056763291359,0,True
710,0.897424578666687,0.13255277276039124,1.0,1.4496996402740479,1.7000305652618408,1.7000305652618408,2.624056816101074,0.11946406215429306,0,True
711,0.90765380859375,0.13035228848457336,1.0,1.4513154029846191,1.7230324745178223,1.7230324745178223,2.867539167404175,0.11771827936172485,0,True
712,0.8866490125656128,0.14541293680667877,1.0,1.4316880702972412,1.6688649654388428,1.6688649654388428,2.713197708129883,0.13432149589061737,0,True
713,0.8939131498336792,0.14006447792053223,1.0,1.3943257331848145,1.6540749073028564,1.6540749073028564,2.654466152191162,0.13234877586364746,0,True
714,0.8778156042098999,0.15821446478366852,1.0,1.3539049625396729,1.572359323501587,1.572359323501587,2.569836139678955,0.12992431223392487,0,True
715,0.8799014091491699,0.1466544270515442,1.0,1.3637155294418335,1.5619122982025146,1.5619122982025146,2.5739943981170654,0.13141120970249176,0,True
716,0.8733876943588257,0.15002788603305817,1.0,1.3810663223266602,1.5293583869934082,1.5293583869934082,2.640349864959717,0.12085928022861481,0,True
717,0.8496717214584351,0.18508464097976685,1.0,1.3961241245269775,1.5398151874542236,1.5398151874542236,2.5663583278656006,0.13723205029964447,0,True
718,0.8790789842605591,0.15737740695476532,1.0,1.4799375534057617,1.680114507675171,1.680114507675171,2.675238847732544,0.14263373613357544,0,True
719,0.884742021560669,0.163449227809906,1.0,1.4817968606948853,1.6611855030059814,1.6611855030059814,2.6065516471862793,0.13493528962135315,0,True
720,0.8929187655448914,0.15402072668075562,1.0,1.4508509635925293,1.7364697456359863,1.7364697456359863,2.6733436584472656,0.1305667608976364,0,True
721,0.8879441022872925,0.16039009392261505,1.0,1.4292837381362915,1.6831365823745728,1.6831365823745728,2.637632131576538,0.12737402319908142,0,True
722,0.8929081559181213,0.1589597761631012,1.0,1.4200705289840698,1.7009836435317993,1.7009836435317993,2.6335697174072266,0.12264683097600937,0,True
723,0.8972397446632385,0.154222309589386,1.0,1.4189141988754272,1.652148962020874,1.652148962020874,2.5656046867370605,0.11066612601280212,0,True
724,0.9029158353805542,0.14466167986392975,1.0,1.3957817554473877,1.5901243686676025,1.5901243686676025,2.836085319519043,0.13221432268619537,0,True
725,0.8962481021881104,0.1454641968011856,1.0,1.3744077682495117,1.5498323440551758,1.5498323440551758,2.540414571762085,0.12458299845457077,0,True
726,0.9047626256942749,0.13334625959396362,1.0,1.3908733129501343,1.5732407569885254,1.5732407569885254,2.4048619270324707,0.12556788325309753,0,True
727,0.8872969150543213,0.15097305178642273,1.0,1.3988116979599,1.5400111675262451,1.5400111675262451,2.409247875213623,0.13288214802742004,0,True
728,0.8873247504234314,0.1608133316040039,1.0,1.436558485031128,1.5992987155914307,1.5992987155914307,2.5161616802215576,0.1268002837896347,0,True
729,0.8898877501487732,0.1555354744195938,1.0,1.4573577642440796,1.6323473453521729,1.6323473453521729,2.826479434967041,0.12188251316547394,0,True
730,0.8994266986846924,0.1424238085746765,1.0,1.4553838968276978,1.6903481483459473,1.6903481483459473,2.5116465091705322,0.13627506792545319,0,True
731,0.9178036451339722,0.12253955006599426,1.0,1.4166100025177002,1.6760932207107544,1.6760932207107544,2.6531758308410645,0.12764912843704224,0,True
732,0.8872787952423096,0.14339303970336914,1.0,1.3718072175979614,1.6195528507232666,1.6195528507232666,2.5147109031677246,0.11849257349967957,0,True
733,0.8946253061294556,0.1409139633178711,1.0,1.4039642810821533,1.6411714553833008,1.6411714553833008,2.7744641304016113,0.11536276340484619,0,True
734,0.9082756042480469,0.13240563869476318,1.0,1.4467123746871948,1.6053144931793213,1.6053144931793213,2.6197993755340576,0.1279742419719696,0,True
735,0.8922122120857239,0.1422087848186493,1.0,1.404700756072998,1.5900726318359375,1.5900726318359375,2.4346542358398438,0.12348619848489761,0,True
736,0.9034223556518555,0.13383418321609497,1.0,1.4077204465866089,1.6114299297332764,1.6114299297332764,2.771233081817627,0.13038569688796997,0,True
737,0.8809294104576111,0.14069074392318726,1.0,1.3745992183685303,1.5954692363739014,1.5954692363739014,2.5109055042266846,0.13205009698867798,0,True
738,0.8704398274421692,0.1610974371433258,1.0,1.40824294090271,1.6094138622283936,1.6094138622283936,2.734018087387085,0.13582319021224976,0,True
739,0.8896847367286682,0.14147956669330597,1.0,1.4642882347106934,1.6471147537231445,1.6471147537231445,2.659205198287964,0.12963387370109558,0,True
740,0.890367329120636,0.15292514860630035,1.0,1.4579112529754639,1.627457618713379,1.627457618713379,2.845065116882324,0.11451374739408493,0,True
741,0.8965216875076294,0.14934803545475006,1.0,1.4128328561782837,1.6632940769195557,1.6632940769195557,2.747199296951294,0.12244259566068649,0,True
742,0.8956106305122375,0.15315601229667664,1.0,1.414217472076416,1.6831941604614258,1.6831941604614258,2.5898869037628174,0.1376325786113739,0,True
743,0.9279556274414062,0.12020101398229599,1.0,1.4398410320281982,1.7065808773040771,1.7065808773040771,2.5977511405944824,0.13693282008171082,0,True
744,0.9040724635124207,0.13834011554718018,1.0,1.4038987159729004,1.5973949432373047,1.5973949432373047,2.3836400508880615,0.11619147658348083,0,True
745,0.9016633033752441,0.13838788866996765,1.0,1.3973768949508667,1.6242518424987793,1.6242518424987793,2.610250949859619,0.12459322065114975,0,True
746,0.9095117449760437,0.12592051923274994,1.0,1.3741741180419922,1.5401421785354614,1.5401421785354614,2.4573564529418945,0.12215596437454224,0,True
747,0.8833924531936646,0.14985769987106323,1.0,1.3522095680236816,1.5009191036224365,1.5009191036224365,2.5915534496307373,0.12939956784248352,0,True
748,0.8839621543884277,0.15473972260951996,1.0,1.418398141860962,1.5843422412872314,1.5843422412872314,2.777824640274048,0.1211497113108635,0,True
749,0.9036585092544556,0.1406589299440384,1.0,1.4737129211425781,1.632924199104309,1.632924199104309,2.7178151607513428,0.14181210100650787,0,True
750,0.8850987553596497,0.15870019793510437,1.0,1.4211660623550415,1.631364345550537,1.631364345550537,2.5426132678985596,0.13880887627601624,0,True
751,0.8798503875732422,0.17147158086299896,1.0,1.431756615638733,1.6762995719909668,1.6762995719909668,2.565887451171875,0.13500559329986572,0,True
752,0.8994084596633911,0.1412602663040161,1.0,1.4516570568084717,1.6974976062774658,1.6974976062774658,2.70326828956604,0.13143977522850037,0,True
753,0.9056367874145508,0.14518922567367554,1.0,1.4175560474395752,1.6709970235824585,1.6709970235824585,2.7110512256622314,0.11949709057807922,0,True
754,0.9011349678039551,0.15845398604869843,1.0,1.4116976261138916,1.6461024284362793,1.6461024284362793,2.623513698577881,0.1293228268623352,0,True
755,0.9081409573554993,0.15324386954307556,1.0,1.4166185855865479,1.6253044605255127,1.6253044605255127,2.5757014751434326,0.11753523349761963,0,True
756,0.9011591672897339,0.15046823024749756,1.0,1.3923544883728027,1.556636095046997,1.556636095046997,2.8660295009613037,0.12392869591712952,0,True
757,0.8943649530410767,0.15369437634944916,1.0,1.376375675201416,1.549483060836792,1.549483060836792,2.683067798614502,0.1250331848859787,0,True
758,0.8994704484939575,0.15154320001602173,1.0,1.4175684452056885,1.575770378112793,1.575770378112793,2.555213212966919,0.11892379075288773,0,True
759,0.8842045068740845,0.1622897982597351,1.0,1.43046236038208,1.584238886833191,1.584238886833191,2.7052249908447266,0.12199059128761292,0,True
760,0.8962110280990601,0.15375661849975586,1.0,1.4485018253326416,1.6558527946472168,1.6558527946472168,2.549431085586548,0.13476480543613434,0,True
761,0.8821461200714111,0.16186298429965973,1.0,1.4010505676269531,1.6260690689086914,1.6260690689086914,2.59045672416687,0.13748043775558472,0,True
762,0.9022243022918701,0.14045628905296326,1.0,1.4229947328567505,1.6987096071243286,1.6987096071243286,2.610248565673828,0.11828136444091797,0,True
763,0.8779877424240112,0.15568044781684875,1.0,1.42276930809021,1.6348991394042969,1.6348991394042969,2.689901351928711,0.14463230967521667,0,True
764,0.8921880722045898,0.13338962197303772,1.0,1.4342947006225586,1.69437837600708,1.69437837600708,2.590418577194214,0.12624061107635498,0,True
765,0.9111493825912476,0.12354284524917603,1.0,1.4250953197479248,1.619741439819336,1.619741439819336,3.1034133434295654,0.10362312942743301,0,True
766,0.897398829460144,0.13514091074466705,1.0,1.3748068809509277,1.5529446601867676,1.5529446601867676,2.468717575073242,0.12349817156791687,0,True
767,0.8750778436660767,0.15865647792816162,1.0,1.3642141819000244,1.5456047058105469,1.5456047058105469,2.569201707839966,0.11121457815170288,0,True
768,0.8984506130218506,0.13972066342830658,1.0,1.4320826530456543,1.5951642990112305,1.5951642990112305,2.7918081283569336,0.12601713836193085,0,True
769,0.8769447803497314,0.16007038950920105,1.0,1.4278149604797363,1.568160057067871,1.568160057067871,2.4691638946533203,0.12276461720466614,0,True
770,0.8876185417175293,0.15852314233779907,1.0,1.432393193244934,1.631965160369873,1.631965160369873,2.652592897415161,0.12062335759401321,0,True
771,0.8968852758407593,0.14363369345664978,1.0,1.429805040359497,1.6424736976623535,1.6424736976623535,2.70712947845459,0.11086862534284592,0,True
772,0.8767826557159424,0.16110491752624512,1.0,1.410318374633789,1.6330052614212036,1.6330052614212036,2.6074206829071045,0.13040879368782043,0,True
773,0.9075080156326294,0.1367301195859909,1.0,1.4830540418624878,1.7095434665679932,1.7095434665679932,2.7867038249969482,0.1305350959300995,0,True
774,0.9165773987770081,0.1358300894498825,1.0,1.473374605178833,1.6702251434326172,1.6702251434326172,2.529205560684204,0.12379291653633118,0,True
775,0.9166678190231323,0.127947598695755,1.0,1.425397276878357,1.6588886976242065,1.6588886976242065,2.7031397819519043,0.12973445653915405,0,True
776,0.9027643203735352,0.1327628642320633,1.0,1.3638837337493896,1.5773084163665771,1.5773084163665771,2.6178245544433594,0.13325715065002441,0,True
777,0.9016751050949097,0.1346571445465088,1.0,1.381727933883667,1.5806034803390503,1.5806034803390503,2.564974546432495,0.12246260046958923,0,True
778,0.9028558135032654,0.13947661221027374,1.0,1.4111868143081665,1.5825564861297607,1.5825564861297607,2.7520244121551514,0.12160457670688629,0,True
779,0.9145822525024414,0.13676318526268005,1.0,1.4483203887939453,1.6254525184631348,1.6254525184631348,2.672879219055176,0.11516004800796509,0,True
780,0.9177242517471313,0.11785056442022324,1.0,1.388462781906128,1.5909640789031982,1.5909640789031982,2.641150712966919,0.12128522247076035,0,True
781,0.8849467039108276,0.154619961977005,1.0,1.3762959241867065,1.5620534420013428,1.5620534420013428,2.6172492504119873,0.12542246282100677,0,True
782,0.8965948224067688,0.13850395381450653,1.0,1.4497640132904053,1.6811981201171875,1.6811981201171875,2.7262420654296875,0.12584495544433594,0,True
783,0.9123821258544922,0.12703965604305267,1.0,1.4628136157989502,1.6815723180770874,1.6815723180770874,2.7579033374786377,0.1178397387266159,0,True
784,0.8993663787841797,0.14216482639312744,1.0,1.4250853061676025,1.6687345504760742,1.6687345504760742,2.4791226387023926,0.1296636164188385,0,True
785,0.9022401571273804,0.13656024634838104,1.0,1.416872501373291,1.6864361763000488,1.6864361763000488,2.5461599826812744,0.12322159111499786,0,True
786,0.9087007641792297,0.13371089100837708,1.0,1.4032436609268188,1.631847858428955,1.631847858428955,2.638320207595825,0.12515315413475037,0,True
787,0.8872930407524109,0.1401011049747467,1.0,1.3324509859085083,1.5549328327178955,1.5549328327178955,2.58178448677063,0.12079347670078278,0,True
788,0.8920109272003174,0.1374792456626892,1.0,1.3802826404571533,1.5532793998718262,1.5532793998718262,2.5629665851593018,0.12227506935596466,0,True
789,0.8898587226867676,0.1319752037525177,1.0,1.4271669387817383,1.5842397212982178,1.5842397212982178,2.8849923610687256,0.12042289972305298,0,True
790,0.884595513343811,0.1449635624885559,1.0,1.4402551651000977,1.5944193601608276,1.5944193601608276,2.507189989089966,0.10740748047828674,0,True
791,0.9014394879341125,0.14330624043941498,1.0,1.4740647077560425,1.6527116298675537,1.6527116298675537,2.657467842102051,0.1383015215396881,0,True
792,0.8998184204101562,0.1328860968351364,1.0,1.452994704246521,1.6708786487579346,1.6708786487579346,2.394134998321533,0.12588030099868774,0,True
793,0.8963958024978638,0.13763540983200073,1.0,1.4250085353851318,1.68667471408844,1.68667471408844,2.6189732551574707,0.11783021688461304,0,True
794,0.9258533716201782,0.12069523334503174,1.0,1.4490160942077637,1.6982874870300293,1.6982874870300293,2.5933079719543457,0.11841888725757599,0,True
795,0.9009479284286499,0.1406886726617813,1.0,1.3701171875,1.6001970767974854,1.6001970767974854,2.568737030029297,0.12208256125450134,0,True
796,0.9183827638626099,0.13281036913394928,1.0,1.4244768619537354,1.663789987564087,1.663789987564087,2.8278889656066895,0.12394240498542786,0,True
797,0.9077348709106445,0.1319231390953064,1.0,1.3992218971252441,1.5588350296020508,1.5588350296020508,2.5986576080322266,0.10940875858068466,0,True
798,0.905370831489563,0.13448777794837952,1.0,1.3881540298461914,1.5884159803390503,1.5884159803390503,2.5058631896972656,0.10042490810155869,0,True
799,0.917341947555542,0.13185246288776398,1.0,1.4292031526565552,1.597574234008789,1.597574234008789,2.74129319190979,0.11437875032424927,0,True
800,0.9103236198425293,0.13494053483009338,1.0,1.4130048751831055,1.6014666557312012,1.6014666557312012,2.6583943367004395,0.10358813405036926,0,True
801,0.9047207236289978,0.14549784362316132,1.0,1.4183878898620605,1.6044318675994873,1.6044318675994873,2.7069180011749268,0.11770697683095932,0,True
802,0.8891676664352417,0.15712550282478333,1.0,1.4376648664474487,1.6634060144424438,1.6634060144424438,2.6525380611419678,0.13163429498672485,0,True
803,0.9276232719421387,0.11105622351169586,1.0,1.4994945526123047,1.7284380197525024,1.7284380197525024,2.695535659790039,0.10815209150314331,0,True
804,0.9211572408676147,0.12887033820152283,1.0,1.4325292110443115,1.6292123794555664,1.6292123794555664,2.8277411460876465,0.12976080179214478,0,True
805,0.9116024971008301,0.13141530752182007,1.0,1.3720077276229858,1.6253032684326172,1.6253032684326172,2.538892984390259,0.11262064427137375,0,True
806,0.9184789657592773,0.13520404696464539,1.0,1.3728868961334229,1.5968446731567383,1.5968446731567383,2.424206256866455,0.12241663038730621,0,True
807,0.9009605050086975,0.14906468987464905,1.0,1.3863097429275513,1.5689966678619385,1.5689966678619385,2.5896549224853516,0.12821464240550995,0,True
808,0.9086967706680298,0.1472838819026947,1.0,1.405498743057251,1.6048059463500977,1.6048059463500977,2.4613709449768066,0.1262727677822113,0,True
809,0.9180425405502319,0.14394590258598328,1.0,1.4419888257980347,1.6157925128936768,1.6157925128936768,2.7154152393341064,0.11521215736865997,0,True
810,0.9426648616790771,0.12583430111408234,1.0,1.4489610195159912,1.6727888584136963,1.6727888584136963,2.5876736640930176,0.1226804256439209,0,True
811,0.906140923500061,0.14693322777748108,1.0,1.372624397277832,1.5688707828521729,1.5688707828521729,2.4459617137908936,0.1403455287218094,0,True
812,0.8865535855293274,0.170237198472023,1.0,1.3941131830215454,1.61095130443573,1.61095130443573,2.5569074153900146,0.1217716783285141,0,True
813,0.9208940863609314,0.13744565844535828,1.0,1.4815939664840698,1.670426845550537,1.670426845550537,2.59145188331604,0.11536937952041626,0,True
814,0.8957769870758057,0.14885005354881287,1.0,1.4414128065109253,1.6294875144958496,1.6294875144958496,2.715728759765625,0.12832973897457123,0,True
815,0.9247812032699585,0.13952630758285522,1.0,1.4558897018432617,1.6982054710388184,1.6982054710388184,2.6505239009857178,0.10541661828756332,0,True
816,0.9016210436820984,0.15277469158172607,1.0,1.3850789070129395,1.6094484329223633,1.6094484329223633,2.470275402069092,0.1188947856426239,0,True
817,0.8925741910934448,0.15141762793064117,1.0,1.3797328472137451,1.61721932888031,1.61721932888031,2.6683084964752197,0.1223968118429184,0,True
818,0.8891538381576538,0.1513611525297165,1.0,1.4199916124343872,1.6026065349578857,1.6026065349578857,2.7807750701904297,0.12267978489398956,0,True
819,0.9151270985603333,0.13484737277030945,1.0,1.4510319232940674,1.631901741027832,1.631901741027832,2.6668155193328857,0.11462737619876862,0,True
820,0.8991912603378296,0.15258726477622986,1.0,1.3976495265960693,1.5664324760437012,1.5664324760437012,2.685349941253662,0.11669193208217621,0,True
821,0.8880102634429932,0.14972954988479614,1.0,1.4068872928619385,1.6050643920898438,1.6050643920898438,2.8103370666503906,0.1283733993768692,0,True
822,0.9017007350921631,0.1340753734111786,1.0,1.449483871459961,1.6566429138183594,1.6566429138183594,2.754574775695801,0.10231359302997589,0,True
823,0.8998151421546936,0.13466978073120117,1.0,1.4253661632537842,1.6438634395599365,1.6438634395599365,2.7343757152557373,0.11680208891630173,0,True
824,0.8929589986801147,0.14434662461280823,1.0,1.4043829441070557,1.640021800994873,1.640021800994873,2.4214563369750977,0.10569357126951218,0,True
825,0.8900434970855713,0.14856548607349396,1.0,1.4057326316833496,1.6553606986999512,1.6553606986999512,2.5667309761047363,0.11144548654556274,0,True
826,0.9060052633285522,0.13885626196861267,1.0,1.4230358600616455,1.6661112308502197,1.6661112308502197,2.597320318222046,0.10818003863096237,0,True
827,0.8863881230354309,0.15104125440120697,1.0,1.3741960525512695,1.6004905700683594,1.6004905700683594,2.50288724899292,0.11391521990299225,0,True
828,0.8925455808639526,0.14421403408050537,1.0,1.4240955114364624,1.6430737972259521,1.6430737972259521,2.646728277206421,0.11134412884712219,0,True
829,0.8971553444862366,0.13316380977630615,1.0,1.412022352218628,1.605344533920288,1.605344533920288,2.6928627490997314,0.1024806946516037,0,True
830,0.9014078378677368,0.12849806249141693,1.0,1.3851898908615112,1.6052838563919067,1.6052838563919067,2.3346667289733887,0.11641792953014374,0,True
831,0.8789290189743042,0.159318745136261,1.0,1.3682883977890015,1.550549030303955,1.550549030303955,2.694615125656128,0.13076689839363098,0,True
832,0.8765674829483032,0.15212783217430115,1.0,1.423896074295044,1.610069990158081,1.610069990158081,2.7939279079437256,0.12120349705219269,0,True
833,0.9112801551818848,0.13827553391456604,1.0,1.463780403137207,1.6659811735153198,1.6659811735153198,2.595712900161743,0.11936751753091812,0,True
834,0.8940348625183105,0.1421874761581421,1.0,1.4202618598937988,1.5983524322509766,1.5983524322509766,2.4913763999938965,0.12323074787855148,0,True
835,0.8883360624313354,0.14927491545677185,1.0,1.3996623754501343,1.6383521556854248,1.6383521556854248,2.642733097076416,0.11638714373111725,0,True
836,0.8883805274963379,0.15183430910110474,1.0,1.4236137866973877,1.6306800842285156,1.6306800842285156,2.684563636779785,0.11530157923698425,0,True
837,0.8855670690536499,0.14660519361495972,1.0,1.4073421955108643,1.6213083267211914,1.6213083267211914,2.7756006717681885,0.11584138870239258,0,True
838,0.896276593208313,0.14390064775943756,1.0,1.4175374507904053,1.6351821422576904,1.6351821422576904,2.5210089683532715,0.11741906404495239,0,True
839,0.9123459458351135,0.1283484250307083,1.0,1.4422483444213867,1.651545763015747,1.651545763015747,2.53383731842041,0.13130521774291992,0,True
840,0.9070947766304016,0.12681637704372406,1.0,1.3889710903167725,1.604441523551941,1.604441523551941,2.6974682807922363,0.12765806913375854,0,True
841,0.8952207565307617,0.13230358064174652,1.0,1.3915126323699951,1.6089119911193848,1.6089119911193848,2.676008462905884,0.12523601949214935,0,True
842,0.906995952129364,0.13236573338508606,1.0,1.4102212190628052,1.6352453231811523,1.6352453231811523,2.4530906677246094,0.12041425704956055,0,True
843,0.8761311769485474,0.15794207155704498,1.0,1.3818750381469727,1.559520959854126,1.559520959854126,2.568995475769043,0.11845932900905609,0,True
844,0.8843289613723755,0.13885504007339478,1.0,1.406588077545166,1.6343607902526855,1.6343607902526855,2.6726741790771484,0.11426662653684616,0,True
845,0.8863393068313599,0.14388690888881683,1.0,1.4396960735321045,1.6103557348251343,1.6103557348251343,2.402437210083008,0.12687501311302185,0,True
846,0.8982770442962646,0.134956493973732,1.0,1.4354549646377563,1.6561789512634277,1.6561789512634277,2.5670149326324463,0.1235431656241417,0,True
847,0.8677780032157898,0.1557731032371521,1.0,1.396126389503479,1.6256904602050781,1.6256904602050781,2.5319113731384277,0.11021965742111206,0,True
848,0.8890354037284851,0.14822432398796082,1.0,1.455346703529358,1.6989909410476685,1.6989909410476685,2.6013693809509277,0.12873801589012146,0,True
849,0.867938756942749,0.16358941793441772,1.0,1.422311782836914,1.6329774856567383,1.6329774856567383,2.3401777744293213,0.12698352336883545,0,True
850,0.8744035959243774,0.1610255092382431,1.0,1.4155962467193604,1.6445808410644531,1.6445808410644531,2.6665966510772705,0.15612554550170898,0,True
851,0.8682523965835571,0.15838363766670227,1.0,1.3865818977355957,1.619214653968811,1.619214653968811,2.5203893184661865,0.15891602635383606,0,True
852,0.8748841285705566,0.15351101756095886,1.0,1.4056711196899414,1.6205207109451294,1.6205207109451294,2.391753673553467,0.13238880038261414,0,True
853,0.8692127466201782,0.15415234863758087,1.0,1.4039974212646484,1.5807301998138428,1.5807301998138428,2.8388636112213135,0.14584073424339294,0,True
854,0.8657175302505493,0.16501235961914062,1.0,1.4173433780670166,1.5992649793624878,1.5992649793624878,2.424849510192871,0.11861007660627365,0,True
855,0.8790220022201538,0.15743251144886017,1.0,1.4363765716552734,1.6075949668884277,1.6075949668884277,2.652513265609741,0.11191384494304657,0,True
856,0.8637970685958862,0.15432047843933105,1.0,1.4202392101287842,1.6023306846618652,1.6023306846618652,2.521263837814331,0.13234755396842957,0,True
857,0.8799052834510803,0.1492432951927185,1.0,1.4149640798568726,1.6418131589889526,1.6418131589889526,2.416577100753784,0.10741178691387177,0,True
858,0.8829659223556519,0.1592666506767273,1.0,1.4345790147781372,1.6591453552246094,1.6591453552246094,2.5088729858398438,0.11976004391908646,0,True
859,0.9039955735206604,0.13571596145629883,1.0,1.4596755504608154,1.6882566213607788,1.6882566213607788,2.7650601863861084,0.11310891807079315,0,True
860,0.8945519924163818,0.14242449402809143,1.0,1.3957674503326416,1.6064932346343994,1.6064932346343994,2.446077346801758,0.13621342182159424,0,True
861,0.9022070169448853,0.12591391801834106,1.0,1.404329776763916,1.6304867267608643,1.6304867267608643,2.637110948562622,0.10418131202459335,0,True
862,0.9052183628082275,0.13571131229400635,1.0,1.398482084274292,1.5763051509857178,1.5763051509857178,2.5173118114471436,0.11786054819822311,0,True
863,0.889176607131958,0.14783725142478943,1.0,1.3993964195251465,1.558938980102539,1.558938980102539,2.610013246536255,0.11909410357475281,0,True
864,0.901565432548523,0.14222872257232666,1.0,1.42362642288208,1.585256576538086,1.585256576538086,2.7041947841644287,0.10901480913162231,0,True
865,0.8905943036079407,0.1459697186946869,1.0,1.4255893230438232,1.5789934396743774,1.5789934396743774,2.7345387935638428,0.11471320688724518,0,True
866,0.8840025067329407,0.15335270762443542,1.0,1.4256671667099,1.6176600456237793,1.6176600456237793,2.782949924468994,0.11503786593675613,0,True
867,0.8933781385421753,0.14993062615394592,1.0,1.4582467079162598,1.6774182319641113,1.6774182319641113,2.725229024887085,0.12279720604419708,0,True
868,0.873558759689331,0.1679740697145462,1.0,1.4282127618789673,1.6437557935714722,1.6437557935714722,2.763462781906128,0.1298643797636032,0,True
869,0.8941588401794434,0.14765530824661255,1.0,1.4479193687438965,1.6904877424240112,1.6904877424240112,2.7019145488739014,0.11107227206230164,0,True
870,0.8814889192581177,0.1572171151638031,1.0,1.407839059829712,1.6507272720336914,1.6507272720336914,2.478722333908081,0.12666940689086914,0,True
871,0.8690725564956665,0.1536683738231659,1.0,1.3917860984802246,1.630989909172058,1.630989909172058,2.526670217514038,0.1189304068684578,0,True
872,0.8823580741882324,0.15290936827659607,1.0,1.408046007156372,1.6168081760406494,1.6168081760406494,2.609853982925415,0.11683286726474762,0,True
873,0.8707692623138428,0.1554817110300064,1.0,1.3753831386566162,1.5688796043395996,1.5688796043395996,2.4256715774536133,0.12215889990329742,0,True
874,0.8791548013687134,0.15810692310333252,1.0,1.401444435119629,1.5868566036224365,1.5868566036224365,2.3950870037078857,0.13203981518745422,0,True
875,0.8765249252319336,0.15986695885658264,1.0,1.4177217483520508,1.6107057332992554,1.6107057332992554,2.5264763832092285,0.11878742277622223,0,True
876,0.8790286779403687,0.1554848551750183,1.0,1.4664669036865234,1.645512580871582,1.645512580871582,2.53993558883667,0.12609806656837463,0,True
877,0.8721649646759033,0.16348955035209656,1.0,1.442150354385376,1.6446256637573242,1.6446256637573242,2.529038667678833,0.12278447300195694,0,True
878,0.8964658379554749,0.14737820625305176,1.0,1.4593617916107178,1.6938581466674805,1.6938581466674805,2.6523571014404297,0.1152520626783371,0,True
879,0.8917968273162842,0.14075937867164612,1.0,1.4193387031555176,1.6181787252426147,1.6181787252426147,2.7765984535217285,0.13709156215190887,0,True
880,0.8878482580184937,0.14282704889774323,1.0,1.3870054483413696,1.6064720153808594,1.6064720153808594,2.7251639366149902,0.12908846139907837,0,True
881,0.8967059254646301,0.1361452043056488,1.0,1.38747239112854,1.5899219512939453,1.5899219512939453,2.5311849117279053,0.1272175908088684,0,True
882,0.8688867092132568,0.16298000514507294,1.0,1.3995994329452515,1.5694689750671387,1.5694689750671387,2.504533529281616,0.12557393312454224,0,True
883,0.8967239856719971,0.13798758387565613,1.0,1.4894585609436035,1.6899147033691406,1.6899147033691406,2.6215293407440186,0.12061399221420288,0,True
884,0.8907320499420166,0.14644324779510498,1.0,1.457317590713501,1.6342239379882812,1.6342239379882812,2.550812005996704,0.1304279863834381,0,True
885,0.8701795339584351,0.15733559429645538,1.0,1.4046108722686768,1.6351072788238525,1.6351072788238525,2.612764835357666,0.13507992029190063,0,True
886,0.8741809725761414,0.159793883562088,1.0,1.417985200881958,1.642961025238037,1.642961025238037,2.660160541534424,0.1398838460445404,0,True
887,0.8924766778945923,0.1499084085226059,1.0,1.4391400814056396,1.646648645401001,1.646648645401001,2.8183846473693848,0.12366779893636703,0,True
888,0.9009438157081604,0.13942651450634003,1.0,1.423837423324585,1.61808443069458,1.61808443069458,2.849195957183838,0.12478132545948029,0,True
889,0.8943310976028442,0.13901013135910034,1.0,1.4003710746765137,1.5892703533172607,1.5892703533172607,2.6128950119018555,0.11842139065265656,0,True
890,0.8947341442108154,0.13604283332824707,1.0,1.403098464012146,1.615459680557251,1.615459680557251,2.8685030937194824,0.11693234741687775,0,True
891,0.8942473530769348,0.1355552226305008,1.0,1.3997533321380615,1.600314974784851,1.600314974784851,2.5459396839141846,0.11866110563278198,0,True
892,0.8908503651618958,0.14927108585834503,1.0,1.4501473903656006,1.6363215446472168,1.6363215446472168,2.8637094497680664,0.11242552846670151,0,True
893,0.9124858379364014,0.12320132553577423,1.0,1.4527342319488525,1.6827195882797241,1.6827195882797241,2.6986241340637207,0.12073247879743576,0,True
894,0.9092674255371094,0.12916751205921173,1.0,1.4067754745483398,1.620241403579712,1.620241403579712,2.5201685428619385,0.14169162511825562,0,True
895,0.9055517911911011,0.1250978410243988,1.0,1.378704309463501,1.6278250217437744,1.6278250217437744,2.592043876647949,0.13132132589817047,0,True
896,0.8822765946388245,0.16365179419517517,1.0,1.3947744369506836,1.6000596284866333,1.6000596284866333,2.4316186904907227,0.11209037899971008,0,True
897,0.9065546989440918,0.14638115465641022,1.0,1.470199704170227,1.6777794361114502,1.6777794361114502,2.6639723777770996,0.1402825266122818,0,True
898,0.9141474366188049,0.1304643452167511,1.0,1.43678879737854,1.6276723146438599,1.6276723146438599,2.512892961502075,0.13087183237075806,0,True
899,0.9195798635482788,0.1363234966993332,1.0,1.413379430770874,1.6023950576782227,1.6023950576782227,2.7050395011901855,0.13028575479984283,0,True
900,0.9050461053848267,0.14599980413913727,1.0,1.3760685920715332,1.574897050857544,1.574897050857544,2.463116407394409,0.13881894946098328,0,True
901,0.9078422784805298,0.14502130448818207,1.0,1.4125256538391113,1.5971169471740723,1.5971169471740723,2.3053271770477295,0.13493230938911438,0,True
902,0.9301819801330566,0.12994860112667084,1.0,1.4571058750152588,1.633007287979126,1.633007287979126,2.5807745456695557,0.14489424228668213,0,True
903,0.9276144504547119,0.13415320217609406,1.0,1.4506210088729858,1.6417944431304932,1.6417944431304932,2.714632034301758,0.12201458215713501,0,True
904,0.9134089946746826,0.13264191150665283,1.0,1.435105323791504,1.6684373617172241,1.6684373617172241,2.5956995487213135,0.1265314817428589,0,True
905,0.9146323204040527,0.13043668866157532,1.0,1.4219787120819092,1.6623876094818115,1.6623876094818115,2.588627338409424,0.12398998439311981,0,True
906,0.9120694994926453,0.13100455701351166,1.0,1.3942465782165527,1.6277523040771484,1.6277523040771484,2.689589738845825,0.13876274228096008,0,True
907,0.916851282119751,0.13489753007888794,1.0,1.4077752828598022,1.6040170192718506,1.6040170192718506,2.463315725326538,0.13337430357933044,0,True
908,0.9227782487869263,0.12483948469161987,1.0,1.4262003898620605,1.6229578256607056,1.6229578256607056,2.7138071060180664,0.12102269381284714,0,True
909,0.9238074421882629,0.1228349506855011,1.0,1.4162652492523193,1.612647294998169,1.612647294998169,2.7026872634887695,0.12439648061990738,0,True
910,0.8938488960266113,0.14619582891464233,1.0,1.3719146251678467,1.570218563079834,1.570218563079834,2.3163084983825684,0.1219950020313263,0,True
911,0.9050180912017822,0.1364002227783203,1.0,1.3795212507247925,1.6045844554901123,1.6045844554901123,2.827349901199341,0.11443868279457092,0,True
912,0.8885877132415771,0.15566401183605194,1.0,1.3957359790802002,1.5639058351516724,1.5639058351516724,2.7228167057037354,0.13245640695095062,0,True
913,0.8964625597000122,0.14642125368118286,1.0,1.4526278972625732,1.6400947570800781,1.6400947570800781,2.7488417625427246,0.11828392744064331,0,True
914,0.8990693092346191,0.13417035341262817,1.0,1.4810490608215332,1.666817307472229,1.666817307472229,2.7229487895965576,0.1270601898431778,0,True
915,0.8989280462265015,0.12599605321884155,1.0,1.4167556762695312,1.6501915454864502,1.6501915454864502,2.5448896884918213,0.11757298558950424,0,True
916,0.8711016178131104,0.15894635021686554,1.0,1.371873140335083,1.6328799724578857,1.6328799724578857,2.6576929092407227,0.1340567171573639,0,True
917,0.8892792463302612,0.15189632773399353,1.0,1.4273185729980469,1.6925474405288696,1.6925474405288696,2.587185859680176,0.137475848197937,0,True
918,0.8953859806060791,0.1391378492116928,1.0,1.4015692472457886,1.6524875164031982,1.6524875164031982,2.412407875061035,0.11280889809131622,0,True
919,0.8992352485656738,0.1404581218957901,1.0,1.3902060985565186,1.6017396450042725,1.6017396450042725,2.577115535736084,0.12722216546535492,0,True
920,0.8707672357559204,0.1599854975938797,1.0,1.370384931564331,1.5628151893615723,1.5628151893615723,2.6112751960754395,0.12096351385116577,0,True
921,0.8796483278274536,0.15390853583812714,1.0,1.4105255603790283,1.6021125316619873,1.6021125316619873,2.598712682723999,0.13635724782943726,0,True
922,0.8771826028823853,0.1536405235528946,1.0,1.4082870483398438,1.5686390399932861,1.5686390399932861,2.3860373497009277,0.13151243329048157,0,True
923,0.8652786016464233,0.16647818684577942,1.0,1.390506625175476,1.5797264575958252,1.5797264575958252,2.576385736465454,0.11147153377532959,0,True
924,0.8786812424659729,0.16082102060317993,1.0,1.4396841526031494,1.6322890520095825,1.6322890520095825,2.7844295501708984,0.12305718660354614,0,True
925,0.8810102939605713,0.15969212353229523,1.0,1.4486603736877441,1.6536242961883545,1.6536242961883545,2.8612349033355713,0.11752305924892426,0,True
926,0.86418217420578,0.1762131005525589,1.0,1.4210230112075806,1.6443064212799072,1.6443064212799072,2.766240358352661,0.13310280442237854,0,True
927,0.8857078552246094,0.14952880144119263,1.0,1.4605262279510498,1.7278051376342773,1.7278051376342773,2.6783690452575684,0.12546411156654358,0,True
928,0.8986671566963196,0.1401728093624115,1.0,1.409588098526001,1.65755295753479,1.65755295753479,2.6012256145477295,0.13027134537696838,0,True
929,0.8888756036758423,0.13500407338142395,1.0,1.3460146188735962,1.595916748046875,1.595916748046875,2.403590440750122,0.11222366988658905,0,True
930,0.8788894414901733,0.13829277455806732,1.0,1.3485286235809326,1.5606991052627563,1.5606991052627563,2.7464544773101807,0.12943001091480255,0,True
931,0.8759996891021729,0.14781944453716278,1.0,1.4033846855163574,1.5874381065368652,1.5874381065368652,2.523984670639038,0.12331677228212357,0,True
932,0.8996484279632568,0.12587863206863403,1.0,1.4526445865631104,1.6422594785690308,1.6422594785690308,2.6577396392822266,0.12839394807815552,0,True
933,0.881348192691803,0.14720295369625092,1.0,1.3950927257537842,1.5898102521896362,1.5898102521896362,2.5858116149902344,0.13530518114566803,0,True
934,0.8584970235824585,0.1666852980852127,1.0,1.37070631980896,1.591979742050171,1.591979742050171,2.424008846282959,0.12363886088132858,0,True
935,0.8686246871948242,0.15807108581066132,1.0,1.414440631866455,1.6556141376495361,1.6556141376495361,2.5678184032440186,0.10926400870084763,0,True
936,0.8725358247756958,0.16249531507492065,1.0,1.4475531578063965,1.6343175172805786,1.6343175172805786,2.7698519229888916,0.10264058411121368,0,True
937,0.8725043535232544,0.17217159271240234,1.0,1.438122034072876,1.6483917236328125,1.6483917236328125,2.680147647857666,0.1277930587530136,0,True
938,0.8847395181655884,0.15809811651706696,1.0,1.4459103345870972,1.6924614906311035,1.6924614906311035,2.5176334381103516,0.12001939117908478,0,True
939,0.8780105710029602,0.1618826985359192,1.0,1.4074710607528687,1.6429550647735596,1.6429550647735596,2.6652040481567383,0.14149335026741028,0,True
940,0.8699141144752502,0.15703453123569489,1.0,1.3920937776565552,1.6082875728607178,1.6082875728607178,2.8061985969543457,0.12011052668094635,0,True
941,0.8682604432106018,0.16860710084438324,1.0,1.4234087467193604,1.6131963729858398,1.6131963729858398,2.6476008892059326,0.12900328636169434,0,True
942,0.897704005241394,0.14810168743133545,1.0,1.4475061893463135,1.6179351806640625,1.6179351806640625,2.6569275856018066,0.12744933366775513,0,True
943,0.8835485577583313,0.14912714064121246,1.0,1.3918282985687256,1.571797490119934,1.571797490119934,2.545978546142578,0.11808860301971436,0,True
944,0.8666115403175354,0.16624288260936737,1.0,1.395118236541748,1.5961954593658447,1.5961954593658447,2.6786282062530518,0.1012537032365799,0,True
945,0.8561097979545593,0.17440252006053925,1.0,1.4198073148727417,1.6287314891815186,1.6287314891815186,2.607189416885376,0.12985464930534363,0,True
946,0.8695523738861084,0.16497540473937988,1.0,1.46376633644104,1.6645045280456543,1.6645045280456543,2.723848819732666,0.12075400352478027,0,True
947,0.9075479507446289,0.136846661567688,1.0,1.490555763244629,1.7191904783248901,1.7191904783248901,2.6988255977630615,0.11599608510732651,0,True
948,0.8946244120597839,0.14109563827514648,1.0,1.4000500440597534,1.6514458656311035,1.6514458656311035,2.5721402168273926,0.11605168879032135,0,True
949,0.8895966410636902,0.13691292703151703,1.0,1.3734188079833984,1.633146047592163,1.633146047592163,2.859001636505127,0.1308847963809967,0,True
950,0.8909509181976318,0.13958492875099182,1.0,1.3728513717651367,1.5757920742034912,1.5757920742034912,2.7493884563446045,0.09767795354127884,0,True
951,0.8942508697509766,0.15131908655166626,1.0,1.3988983631134033,1.5743694305419922,1.5743694305419922,2.756906509399414,0.11534437537193298,0,True
952,0.9105000495910645,0.13132761418819427,1.0,1.447629690170288,1.575692892074585,1.575692892074585,2.8315236568450928,0.11726008355617523,0,True
953,0.888157069683075,0.14077241718769073,1.0,1.3931158781051636,1.5669492483139038,1.5669492483139038,2.783174753189087,0.11710958927869797,0,True
954,0.8951081037521362,0.15197621285915375,1.0,1.4224213361740112,1.6215014457702637,1.6215014457702637,2.5817723274230957,0.10895409435033798,0,True
955,0.8713394403457642,0.16577543318271637,1.0,1.4360207319259644,1.632460355758667,1.632460355758667,2.7355804443359375,0.11430139094591141,0,True
956,0.9051521420478821,0.1486673206090927,1.0,1.4736709594726562,1.714486002922058,1.714486002922058,2.6123554706573486,0.10863004624843597,0,True
957,0.9125922918319702,0.14906038343906403,1.0,1.4562432765960693,1.6800898313522339,1.6800898313522339,2.598055124282837,0.11916573345661163,0,True
958,0.8925420641899109,0.14232411980628967,1.0,1.4026216268539429,1.6432498693466187,1.6432498693466187,2.7114882469177246,0.12109606713056564,0,True
959,0.880160927772522,0.1540452539920807,1.0,1.3779053688049316,1.6217384338378906,1.6217384338378906,2.731031894683838,0.11736288666725159,0,True
960,0.055596910417079926,0.9450588226318359,1.0,1.407991647720337,1.6095936298370361,1.6095936298370361,2.7506103515625,0.009304828941822052,120,True
961,0.03685462847352028,0.964637815952301,0.0625,1.2747702598571777,1.0929553508758545,1.0929553508758545,2.625684976577759,2.125809669494629,0,True
962,0.0206039696931839,0.9847234487533569,0.0625,1.8069589138031006,1.5216808319091797,1.5216808319091797,3.311471939086914,3.109502077102661,0,True
963,0.00944472849369049,0.9981502294540405,0.0625,2.2096691131591797,0.9886171817779541,0.9886171817779541,3.1042001247406006,4.239388942718506,0,True
964,-0.0527728870511055,1.058881163597107,0.0625,2.5463638305664062,0.7897449731826782,0.7897449731826782,3.625185251235962,4.477181911468506,0,True
965,-0.014909487217664719,1.0205941200256348,0.0625,2.5703935623168945,0.8807562589645386,0.8807562589645386,3.708984613418579,3.323960304260254,0,True
966,0.02409231849014759,0.9799742698669434,0.0625,2.0803661346435547,1.190762996673584,1.190762996673584,3.2716104984283447,1.9772443771362305,0,True
967,0.06768129020929337,0.9418104887008667,0.0625,1.6803123950958252,1.4446462392807007,1.4446462392807007,3.4696409702301025,1.1960147619247437,0,True
968,0.09631217271089554,0.9119483232498169,0.0625,1.4334114789962769,1.5863428115844727,1.5863428115844727,3.554718017578125,0.8026795983314514,0,True
969,0.14272896945476532,0.8620798587799072,0.0625,1.3691296577453613,1.6365864276885986,1.6365864276885986,3.675922155380249,0.5202301144599915,0,True
970,0.1418093740940094,0.8642704486846924,0.0625,1.180112600326538,1.6662261486053467,1.6662261486053467,3.421096086502075,0.40601634979248047,0,True
971,0.15979313850402832,0.845493733882904,0.0625,1.125241756439209,1.6105395555496216,1.6105395555496216,3.3657872676849365,0.33488526940345764,0,True
972,0.16990980505943298,0.8356192111968994,0.0625,1.076446771621704,1.5628947019577026,1.5628947019577026,3.257884979248047,0.3117845058441162,0,True
973,0.17317025363445282,0.833999514579773,0.0625,1.05057954788208,1.50089693069458,1.50089693069458,3.1195068359375,0.28713172674179077,0,True
974,0.1877937614917755,0.815997302532196,0.0625,1.1083543300628662,1.5049021244049072,1.5049021244049072,3.0406031608581543,0.2995866537094116,0,True
975,0.20982171595096588,0.7972983121871948,0.0625,1.1219918727874756,1.5129566192626953,1.5129566192626953,2.993560552597046,0.2785888910293579,0,True
976,0.19570797681808472,0.8098704218864441,0.0625,1.0707411766052246,1.459620475769043,1.459620475769043,2.7768282890319824,0.27790719270706177,0,True
977,0.23619821667671204,0.7666841149330139,0.0625,1.1748123168945312,1.5802321434020996,1.5802321434020996,2.6489462852478027,0.2784374952316284,0,True
978,0.2734037935733795,0.7330276370048523,0.0625,1.2364007234573364,1.583383560180664,1.583383560180664,3.4425525665283203,0.3021700084209442,0,True
979,0.29992616176605225,0.7102009057998657,0.0625,1.2301652431488037,1.5713207721710205,1.5713207721710205,2.5436506271362305,0.3254326581954956,0,True
980,0.3232814073562622,0.68204665184021,0.0625,1.3250064849853516,1.585733413696289,1.585733413696289,3.024454355239868,0.33809894323349,0,True
981,0.36537763476371765,0.6420470476150513,0.0625,1.3303883075714111,1.565140962600708,1.565140962600708,3.103468418121338,0.3213108777999878,0,True
982,0.370008647441864,0.6359127759933472,0.0625,1.2990179061889648,1.4896973371505737,1.4896973371505737,3.5188677310943604,0.2663663625717163,0,True
983,0.3770619034767151,0.6280025839805603,0.0625,1.3096452951431274,1.4641954898834229,1.4641954898834229,3.3976757526397705,0.2374003529548645,0,True
984,0.41876086592674255,0.5894606113433838,0.0625,1.3306782245635986,1.4317309856414795,1.4317309856414795,2.890493392944336,0.22574086487293243,0,True
985,0.42625778913497925,0.5827929377555847,0.0625,1.352709174156189,1.4352071285247803,1.4352071285247803,3.2699270248413086,0.239053413271904,0,True
986,0.45951002836227417,0.5474976301193237,0.0625,1.4102613925933838,1.5299134254455566,1.5299134254455566,3.3552541732788086,0.24609467387199402,0,True
987,0.4698023796081543,0.5378608703613281,0.0625,1.3683433532714844,1.494158148765564,1.494158148765564,2.792835235595703,0.26094287633895874,0,True
988,0.4736773669719696,0.5367574691772461,0.0625,1.3940513134002686,1.5182058811187744,1.5182058811187744,3.6142919063568115,0.24657022953033447,0,True
989,0.5102883577346802,0.5004714727401733,0.0625,1.3901467323303223,1.547947883605957,1.547947883605957,2.6514124870300293,0.24808058142662048,0,True
990,0.521414041519165,0.49214303493499756,0.0625,1.3583561182022095,1.4779990911483765,1.4779990911483765,3.4572556018829346,0.2804163992404938,0,True
991,0.5448261499404907,0.46454155445098877,0.0625,1.3401658535003662,1.5149791240692139,1.5149791240692139,2.7988154888153076,0.2236461341381073,0,True
992,0.5687582492828369,0.44555193185806274,0.0625,1.3673582077026367,1.4858009815216064,1.4858009815216064,2.9960601329803467,0.20050379633903503,0,True
993,0.5940532088279724,0.42353594303131104,0.0625,1.385441541671753,1.4939876794815063,1.4939876794815063,3.8135435581207275,0.20601174235343933,0,True
994,0.604915976524353,0.4117179214954376,0.0625,1.3735475540161133,1.5154719352722168,1.5154719352722168,3.2730062007904053,0.2236129641532898,0,True
995,0.5971948504447937,0.4200717806816101,0.0625,1.3637051582336426,1.4970018863677979,1.4970018863677979,2.5774457454681396,0.24883487820625305,0,True
996,0.6164288520812988,0.40419071912765503,0.0625,1.4010133743286133,1.5395801067352295,1.5395801067352295,2.5939784049987793,0.23575052618980408,0,True
997,0.6178656816482544,0.39821958541870117,0.0625,1.4123926162719727,1.531609296798706,1.531609296798706,3.200460433959961,0.23963013291358948,0,True
998,0.6112031936645508,0.4032612442970276,0.0625,1.4110811948776245,1.5705381631851196,1.5705381631851196,3.6366055011749268,0.23178519308567047,0,True
999,0.6414794325828552,0.37051790952682495,0.0625,1.474199891090393,1.6703648567199707,1.6703648567199707,2.6470022201538086,0.22023898363113403,0,True
1000,0.6674342155456543,0.3459206819534302,0.0625,1.422337532043457,1.5834999084472656,1.5834999084472656,2.517943859100342,0.1976923942565918,0,True
