step,mean_vel_x,mean_abs_vx_error,p2_fault_active_mean,residual_action_mean_norm,final_action_mean_norm,base_action_mean_norm,residual_action_max_norm,mean_abs_yaw_error,done_count,no_nan_inf
1,0.12658099830150604,0.8734190464019775,0.0,0.06625653803348541,0.6453126668930054,0.6459068059921265,0.0816497877240181,0.7751844525337219,0,True
2,-0.02650134637951851,1.0265012979507446,0.0,0.07764512300491333,1.452480673789978,1.4374516010284424,0.12092479318380356,0.7248612642288208,0,True
3,0.0020848531275987625,0.9979150891304016,0.0,0.06919652223587036,1.0211503505706787,1.0183649063110352,0.14880871772766113,0.7647948861122131,0,True
4,-0.10861612856388092,1.1086161136627197,0.0,0.05655335634946823,0.8092713356018066,0.8066083192825317,0.11976448446512222,0.566074550151825,0,True
5,-0.14634039998054504,1.1463403701782227,0.0,0.05746794492006302,0.7384271621704102,0.7353272438049316,0.10145674645900726,0.7382508516311646,0,True
6,-0.1935015320777893,1.1935014724731445,0.0,0.0655537024140358,0.8362452387809753,0.8361773490905762,0.137477844953537,1.0142021179199219,0,True
7,-0.18374451994895935,1.1837445497512817,0.0,0.06667697429656982,0.9084064960479736,0.9077929258346558,0.12980131804943085,1.167272686958313,0,True
8,-0.13971421122550964,1.1418359279632568,0.0,0.07235781848430634,0.9868900775909424,0.9871599674224854,0.13356806337833405,1.258643627166748,0,True
9,-0.09676383435726166,1.0967638492584229,0.0,0.07330609858036041,1.0547618865966797,1.0556068420410156,0.1277897208929062,1.2161080837249756,0,True
10,-0.051352716982364655,1.0513527393341064,0.0,0.06700274348258972,1.1061046123504639,1.1051080226898193,0.11654890328645706,1.037184715270996,0,True
11,0.0054672835394740105,0.9953048229217529,0.0,0.0652891993522644,1.2069447040557861,1.206539511680603,0.13030070066452026,1.030679702758789,0,True
12,0.0593474879860878,0.9408866167068481,0.0,0.06227404624223709,1.265503168106079,1.267318844795227,0.10795039683580399,0.780078649520874,0,True
13,0.0947326272726059,0.9056304693222046,0.0,0.05854073166847229,1.3033006191253662,1.3044254779815674,0.12674760818481445,0.6696077585220337,0,True
14,0.15372179448604584,0.8466331362724304,0.0,0.05811621621251106,1.4603936672210693,1.4621020555496216,0.1310807317495346,0.549369215965271,0,True
15,0.20595191419124603,0.7969869375228882,0.0,0.058765798807144165,1.4633562564849854,1.4647513628005981,0.11168514937162399,0.44916394352912903,0,True
16,0.23059692978858948,0.772215723991394,0.0,0.05764041095972061,1.510865569114685,1.5109610557556152,0.11243206262588501,0.3835565447807312,0,True
17,0.24112921953201294,0.7647581100463867,0.0,0.056444115936756134,1.500736951828003,1.5037940740585327,0.10656162351369858,0.3432415723800659,0,True
18,0.2727835774421692,0.730247974395752,0.0,0.05190114304423332,1.4995789527893066,1.503820776939392,0.10569468885660172,0.3177775740623474,0,True
19,0.3015977144241333,0.7095545530319214,0.0,0.05267420783638954,1.4754645824432373,1.4800353050231934,0.12442287057638168,0.3016882836818695,0,True
20,0.34515509009361267,0.678010106086731,0.0,0.05246291309595108,1.4762719869613647,1.4821072816848755,0.09141821414232254,0.2721360921859741,0,True
21,0.37284189462661743,0.6403130888938904,0.0,0.05107935145497322,1.474654197692871,1.4821555614471436,0.09110300987958908,0.299422025680542,0,True
22,0.3956245183944702,0.6138076782226562,0.0,0.04811343923211098,1.499443531036377,1.5062793493270874,0.08605410158634186,0.2835778594017029,0,True
23,0.39630377292633057,0.6171120405197144,0.0,0.0492301806807518,1.4836664199829102,1.4905133247375488,0.09374747425317764,0.2972279191017151,0,True
24,0.39768925309181213,0.610210657119751,0.0,0.04914594069123268,1.4919602870941162,1.4974255561828613,0.10366300493478775,0.3289393186569214,0,True
25,0.40894562005996704,0.6093131303787231,0.0,0.05070427432656288,1.5230345726013184,1.5306618213653564,0.11753367632627487,0.3375082015991211,0,True
26,0.3940889835357666,0.6176168918609619,0.0,0.052681900560855865,1.5214025974273682,1.5283170938491821,0.10993489623069763,0.3453189730644226,0,True
27,0.3828900456428528,0.6307616233825684,0.0,0.05406537652015686,1.5300514698028564,1.538362741470337,0.09838274121284485,0.325167179107666,0,True
28,0.3795146346092224,0.636483371257782,0.0,0.05694367736577988,1.5403847694396973,1.5488840341567993,0.13740208745002747,0.3452439606189728,0,True
29,0.3879098892211914,0.627933919429779,0.0,0.05759374797344208,1.5172066688537598,1.5257246494293213,0.11955710500478745,0.33491751551628113,0,True
30,0.40851086378097534,0.6088571548461914,0.0,0.05789125710725784,1.5265884399414062,1.5352872610092163,0.11268077045679092,0.31615203619003296,0,True
31,0.45059046149253845,0.5679440498352051,0.0,0.057444922626018524,1.5195448398590088,1.5289700031280518,0.1293133646249771,0.2770586609840393,0,True
32,0.5005991458892822,0.5242141485214233,0.0,0.05983734130859375,1.5116448402404785,1.522128939628601,0.10463178902864456,0.3248830735683441,0,True
33,0.517935037612915,0.5233554840087891,0.0,0.060665540397167206,1.4435220956802368,1.4542014598846436,0.09675943851470947,0.29018402099609375,0,True
34,0.5403628945350647,0.5071982145309448,0.0,0.05790293589234352,1.4225949048995972,1.4322236776351929,0.11185728758573532,0.2723959982395172,0,True
35,0.5278031229972839,0.5227107405662537,0.0,0.05629802122712135,1.4125282764434814,1.4198483228683472,0.09686124324798584,0.2637856602668762,0,True
36,0.5089964866638184,0.5244598984718323,0.0,0.055885642766952515,1.4288548231124878,1.4359440803527832,0.13152554631233215,0.28305763006210327,0,True
37,0.4974679946899414,0.5372058153152466,0.0,0.05565550923347473,1.4141219854354858,1.4218239784240723,0.10547207295894623,0.2742794156074524,0,True
38,0.5136675834655762,0.5321476459503174,0.0,0.05642011761665344,1.4459890127182007,1.455018162727356,0.11007848381996155,0.2966173589229584,0,True
39,0.5180589556694031,0.5161517858505249,0.0,0.05788504704833031,1.494943380355835,1.5033010244369507,0.17488084733486176,0.2964993119239807,0,True
40,0.527890682220459,0.5094031095504761,0.0,0.05764621123671532,1.4848077297210693,1.4942512512207031,0.0974389985203743,0.29041770100593567,0,True
41,0.5409413576126099,0.5020063519477844,0.0,0.06037406250834465,1.4657278060913086,1.475677490234375,0.1028832197189331,0.29152578115463257,0,True
42,0.5729290246963501,0.4745156466960907,0.0,0.06069699674844742,1.462040662765503,1.4719994068145752,0.11662756651639938,0.2985692620277405,1,True
43,0.5872775316238403,0.45078736543655396,0.0,0.06094280630350113,1.445186972618103,1.4550117254257202,0.0988081693649292,0.27160775661468506,0,True
44,0.5974547266960144,0.4525461196899414,0.0,0.06104453653097153,1.429513931274414,1.4398281574249268,0.10871773958206177,0.28422224521636963,0,True
45,0.6245182156562805,0.42810916900634766,0.0,0.06020883843302727,1.4012901782989502,1.4102274179458618,0.11165213584899902,0.2265056073665619,0,True
46,0.6271833181381226,0.43082746863365173,0.0,0.058065447956323624,1.4279175996780396,1.4367046356201172,0.12809598445892334,0.20312201976776123,0,True
47,0.625275731086731,0.41276681423187256,0.0,0.05674005672335625,1.4065401554107666,1.415582299232483,0.11809142678976059,0.2717515826225281,0,True
48,0.6353861093521118,0.40149402618408203,0.0,0.05991338938474655,1.4114055633544922,1.4212771654129028,0.2476179599761963,0.25519880652427673,0,True
49,0.6600620746612549,0.3773905038833618,0.0,0.05923901125788689,1.4186952114105225,1.4286384582519531,0.11675184220075607,0.2861323058605194,0,True
50,0.6623459458351135,0.37786513566970825,0.0,0.0592908076941967,1.4138832092285156,1.4233356714248657,0.1272938996553421,0.270186185836792,0,True
51,0.6710573434829712,0.37413936853408813,0.0,0.06033264845609665,1.4611575603485107,1.4699534177780151,0.11753729730844498,0.25576186180114746,0,True
52,0.680927574634552,0.36690372228622437,0.0,0.06078168749809265,1.4685864448547363,1.4789540767669678,0.11449677497148514,0.254667729139328,0,True
53,0.6824564337730408,0.35650137066841125,0.0,0.060879483819007874,1.4714046716690063,1.4803351163864136,0.1100403368473053,0.27157631516456604,0,True
54,0.6777108907699585,0.35632091760635376,0.0,0.06054706498980522,1.5210151672363281,1.5304205417633057,0.11000961810350418,0.2557148039340973,1,True
55,0.702297568321228,0.33740347623825073,0.0,0.06104637682437897,1.5018138885498047,1.5120108127593994,0.13288575410842896,0.2688971757888794,0,True
56,0.7163029909133911,0.32752829790115356,0.0,0.05933041498064995,1.5315635204315186,1.5407474040985107,0.11644451320171356,0.24980902671813965,0,True
57,0.7264947891235352,0.30896782875061035,0.0,0.06114407256245613,1.5431342124938965,1.5523643493652344,0.14128902554512024,0.2999384105205536,0,True
58,0.7273325324058533,0.3064561188220978,0.0,0.061512771993875504,1.5466697216033936,1.5564110279083252,0.12981587648391724,0.28979042172431946,0,True
59,0.7129813432693481,0.3154033422470093,0.0,0.06297485530376434,1.5682551860809326,1.5766326189041138,0.12945590913295746,0.22267857193946838,1,True
60,0.7023419141769409,0.3225306272506714,0.0,0.06264819204807281,1.5504605770111084,1.5585792064666748,0.117729552090168,0.22196826338768005,0,True
61,0.7201619148254395,0.33081603050231934,0.0,0.0622502863407135,1.552036166191101,1.561271071434021,0.11754559725522995,0.2223222255706787,0,True
62,0.7452212572097778,0.32038700580596924,0.0,0.06384074687957764,1.5211293697357178,1.5315313339233398,0.11030798405408859,0.2572355270385742,0,True
63,0.7458953857421875,0.30397534370422363,0.0,0.06589657068252563,1.5243737697601318,1.5357824563980103,0.1410299390554428,0.22688990831375122,0,True
64,0.760277271270752,0.30569911003112793,0.0,0.0650336891412735,1.4984221458435059,1.5095776319503784,0.11611297726631165,0.22083428502082825,0,True
65,0.7452393770217896,0.30956655740737915,0.0,0.06325364112854004,1.4705690145492554,1.4795581102371216,0.1262587159872055,0.18774563074111938,0,True
66,0.7515122890472412,0.3045473098754883,0.0,0.061861131340265274,1.4890742301940918,1.4977823495864868,0.1086731031537056,0.2192193567752838,1,True
67,0.7363412380218506,0.32091787457466125,0.0,0.06373018026351929,1.4999308586120605,1.509244441986084,0.10688693076372147,0.22339244186878204,0,True
68,0.7503436803817749,0.30735278129577637,0.0,0.06578752398490906,1.4928032159805298,1.5020430088043213,0.17152050137519836,0.21593938767910004,0,True
69,0.7468576431274414,0.30330654978752136,0.0,0.06429390609264374,1.4761216640472412,1.4858500957489014,0.1293148249387741,0.23901349306106567,0,True
70,0.7476105690002441,0.3075413107872009,0.0,0.06453100591897964,1.4690312147140503,1.4791810512542725,0.17386184632778168,0.21741792559623718,1,True
71,0.7409403324127197,0.3133237361907959,0.0,0.06457357853651047,1.4875515699386597,1.4968816041946411,0.14139078557491302,0.19936461746692657,1,True
72,0.7508735656738281,0.3105836510658264,0.0,0.06562326848506927,1.460788607597351,1.4709886312484741,0.12408407777547836,0.18392860889434814,0,True
73,0.7493351697921753,0.30263346433639526,0.0,0.06559312343597412,1.446286678314209,1.4558521509170532,0.11927614361047745,0.1750139594078064,0,True
74,0.7486405372619629,0.30018940567970276,0.0,0.06461330503225327,1.4320460557937622,1.442441463470459,0.11478690803050995,0.17589405179023743,0,True
75,0.7556841969490051,0.30011695623397827,0.0,0.06296223402023315,1.415160059928894,1.4258942604064941,0.1180601716041565,0.1946839988231659,0,True
76,0.7540115118026733,0.30811750888824463,0.0,0.06341002881526947,1.4259154796600342,1.4361770153045654,0.1345750093460083,0.2071964591741562,0,True
77,0.7586015462875366,0.2989203929901123,0.0,0.06455917656421661,1.4625552892684937,1.472853422164917,0.15629686415195465,0.19614405930042267,0,True
78,0.760165810585022,0.29053860902786255,0.0,0.06390955299139023,1.4464519023895264,1.4562089443206787,0.13503317534923553,0.20757877826690674,0,True
79,0.768826961517334,0.28811997175216675,0.0,0.06337450444698334,1.429782509803772,1.4395383596420288,0.14298675954341888,0.20828095078468323,0,True
80,0.774459719657898,0.26765453815460205,0.0,0.06451486051082611,1.440279483795166,1.449045181274414,0.15378157794475555,0.1824645698070526,1,True
81,0.7871322631835938,0.2668501138687134,0.0,0.064768485724926,1.4455862045288086,1.4552717208862305,0.15144756436347961,0.18193157017230988,0,True
82,0.8048568964004517,0.25995224714279175,0.0,0.06458856165409088,1.4431904554367065,1.4541383981704712,0.1494196653366089,0.1518440693616867,0,True
83,0.8102973103523254,0.2458016723394394,0.0,0.06526947021484375,1.4369450807571411,1.4470555782318115,0.13660527765750885,0.1678195297718048,1,True
84,0.8033239245414734,0.24163644015789032,0.0,0.06358996033668518,1.4429056644439697,1.4521470069885254,0.11211998015642166,0.15258163213729858,0,True
85,0.8153609037399292,0.241519957780838,0.0,0.0629192665219307,1.4503124952316284,1.4589256048202515,0.14664359390735626,0.1361047476530075,1,True
86,0.8263731002807617,0.2477380335330963,0.0,0.06203009933233261,1.4377055168151855,1.4478864669799805,0.11469461768865585,0.14655858278274536,0,True
87,0.8062847256660461,0.25488242506980896,0.0,0.06331773847341537,1.4511828422546387,1.460402250289917,0.09702212363481522,0.14195594191551208,0,True
88,0.8001872301101685,0.25414949655532837,0.0,0.06314808130264282,1.4642539024353027,1.4737966060638428,0.10505877435207367,0.15186576545238495,0,True
89,0.8090765476226807,0.23594346642494202,0.0,0.06221764534711838,1.4512939453125,1.4612716436386108,0.1037532389163971,0.13971826434135437,0,True
90,0.8130141496658325,0.2341974824666977,0.0,0.06266892701387405,1.453522801399231,1.4634119272232056,0.11343424767255783,0.14329537749290466,0,True
91,0.8277012705802917,0.24553242325782776,0.0,0.0646338015794754,1.4588649272918701,1.4699844121932983,0.13870853185653687,0.14897674322128296,0,True
92,0.8370590806007385,0.2344946563243866,0.0,0.06620149314403534,1.4693529605865479,1.479912519454956,0.15067844092845917,0.16230744123458862,0,True
93,0.8489152789115906,0.22431161999702454,0.0,0.06504584848880768,1.4634463787078857,1.4734153747558594,0.13910862803459167,0.14910580217838287,0,True
94,0.8168383836746216,0.2314281165599823,0.0,0.06386231631040573,1.449631929397583,1.4592324495315552,0.15582993626594543,0.11979296058416367,1,True
95,0.8320623636245728,0.23192018270492554,0.0,0.06224267929792404,1.4261682033538818,1.4346262216567993,0.1715603470802307,0.13472133874893188,0,True
96,0.8511993885040283,0.2393265813589096,0.0,0.06316658854484558,1.4441442489624023,1.454095721244812,0.1577308177947998,0.15394511818885803,0,True
97,0.8457584977149963,0.22947117686271667,0.0,0.06429918110370636,1.422241449356079,1.4326550960540771,0.14078772068023682,0.13644829392433167,0,True
98,0.8440897464752197,0.22685663402080536,0.0,0.06453406065702438,1.4393806457519531,1.449231743812561,0.1311514526605606,0.12758609652519226,0,True
99,0.8449676036834717,0.21429821848869324,0.0,0.06362654268741608,1.453419804573059,1.4627591371536255,0.15436263382434845,0.13357611000537872,0,True
100,0.8492484092712402,0.2170102596282959,0.0,0.06304168701171875,1.4602601528167725,1.4705649614334106,0.13680514693260193,0.12856480479240417,0,True
101,0.8641332387924194,0.21205809712409973,0.0,0.06381354480981827,1.4788423776626587,1.4891992807388306,0.152739018201828,0.15982893109321594,0,True
102,0.8773626685142517,0.20971420407295227,0.0,0.0647505670785904,1.474360466003418,1.4850289821624756,0.10367723554372787,0.1389668583869934,0,True
103,0.879940390586853,0.19356867671012878,0.0,0.06530777364969254,1.4613308906555176,1.4725818634033203,0.12654316425323486,0.13141706585884094,0,True
104,0.8657950758934021,0.20301096141338348,0.0,0.06395066529512405,1.447932481765747,1.4576178789138794,0.163153737783432,0.11465521156787872,0,True
105,0.8745479583740234,0.20066618919372559,0.0,0.062136709690093994,1.4644343852996826,1.4739387035369873,0.12414520233869553,0.1059798076748848,0,True
106,0.8848832845687866,0.2020150125026703,0.0,0.0632459968328476,1.4372107982635498,1.4481937885284424,0.15711985528469086,0.12065288424491882,0,True
107,0.8740257620811462,0.20593920350074768,0.0,0.06448423862457275,1.4450657367706299,1.4552878141403198,0.11380383372306824,0.1271010935306549,0,True
108,0.8740056753158569,0.19240106642246246,0.0,0.06309854984283447,1.4707117080688477,1.4802155494689941,0.11807405948638916,0.11471979320049286,0,True
109,0.8683797121047974,0.20104801654815674,0.0,0.06251794844865799,1.466770887374878,1.4762675762176514,0.10584146529436111,0.1129683256149292,1,True
110,0.8666772842407227,0.20048682391643524,0.0,0.062191128730773926,1.4676963090896606,1.477188229560852,0.12867231667041779,0.13164030015468597,0,True
111,0.870680570602417,0.20236679911613464,0.0,0.06366043537855148,1.4726510047912598,1.4825729131698608,0.09758075326681137,0.11843240261077881,0,True
112,0.885227382183075,0.21539980173110962,0.0,0.06492059677839279,1.4650235176086426,1.4758973121643066,0.10163726657629013,0.12981317937374115,0,True
113,0.8800359964370728,0.19758623838424683,0.0,0.06517522037029266,1.4274128675460815,1.438055396080017,0.10301723331212997,0.12833450734615326,0,True
114,0.867294430732727,0.19799751043319702,0.0,0.06289943307638168,1.4348342418670654,1.44413423538208,0.09345081448554993,0.12485019862651825,0,True
115,0.8743630051612854,0.19803756475448608,0.0,0.06312420964241028,1.4491288661956787,1.4587583541870117,0.10865506529808044,0.12807682156562805,0,True
116,0.8952396512031555,0.1935882270336151,0.0,0.06335966289043427,1.4461942911148071,1.4573692083358765,0.10924719274044037,0.142505943775177,0,True
117,0.8993973731994629,0.19103680551052094,0.0,0.0641508474946022,1.4230196475982666,1.4335100650787354,0.09688632935285568,0.12516789138317108,0,True
118,0.896884560585022,0.1831405758857727,0.0,0.06343024969100952,1.4260672330856323,1.4362541437149048,0.08461685478687286,0.11086064577102661,0,True
119,0.8989887237548828,0.1733124852180481,0.0,0.06245217099785805,1.42250657081604,1.4325324296951294,0.09163249284029007,0.11337611079216003,0,True
120,0.8980563879013062,0.1820620596408844,0.0,0.06244388222694397,1.4493720531463623,1.4590420722961426,0.1034819707274437,0.11849059909582138,0,True
121,0.9078960418701172,0.17804542183876038,0.0,0.06312273442745209,1.446508765220642,1.456747055053711,0.08259622007608414,0.1155407577753067,0,True
122,0.9256192445755005,0.17547202110290527,0.0,0.06379961967468262,1.4581003189086914,1.4682592153549194,0.09369155764579773,0.1270466446876526,0,True
123,0.9314247965812683,0.16278696060180664,0.0,0.0647570788860321,1.463108777999878,1.4741770029067993,0.10929132997989655,0.10796919465065002,0,True
124,0.9292966723442078,0.15344399213790894,0.0,0.06393089145421982,1.4222877025604248,1.4322224855422974,0.09680570662021637,0.11117319762706757,0,True
125,0.9223499298095703,0.16107672452926636,0.0,0.06241607666015625,1.4386911392211914,1.4479737281799316,0.07965752482414246,0.1211073249578476,0,True
126,0.9295865297317505,0.16622695326805115,0.0,0.06353291869163513,1.439750075340271,1.450779914855957,0.09712004661560059,0.11806223541498184,0,True
127,0.9165188074111938,0.17614847421646118,0.0,0.06318681687116623,1.4312500953674316,1.4414911270141602,0.08237919956445694,0.09498019516468048,0,True
128,0.9073349237442017,0.1717986762523651,0.0,0.063485287129879,1.4269071817398071,1.4361568689346313,0.08870270848274231,0.09478196501731873,0,True
129,0.9106982946395874,0.16520878672599792,0.0,0.0623636394739151,1.4368486404418945,1.4466204643249512,0.08816216140985489,0.0874931812286377,0,True
130,0.9223452806472778,0.16228900849819183,0.0,0.0626407265663147,1.432286262512207,1.4434566497802734,0.08472079783678055,0.09962593019008636,0,True
131,0.9240699410438538,0.14959394931793213,0.0,0.06390474736690521,1.4487075805664062,1.4581687450408936,0.08437979966402054,0.10025636851787567,0,True
132,0.9291812777519226,0.14797011017799377,0.0,0.06383301317691803,1.4583477973937988,1.468275547027588,0.08388872444629669,0.10767727345228195,0,True
133,0.9505425095558167,0.14161384105682373,0.0,0.06462918221950531,1.4408423900604248,1.4518959522247314,0.08728807419538498,0.12266002595424652,0,True
134,0.9379205107688904,0.14548997581005096,0.0,0.06541319191455841,1.416091799736023,1.4258310794830322,0.11888916045427322,0.09600815176963806,0,True
135,0.9427016973495483,0.15315909683704376,0.0,0.0632600411772728,1.4190821647644043,1.4285130500793457,0.08853252977132797,0.10815051198005676,0,True
136,0.9386948943138123,0.14875881373882294,0.0,0.06292895972728729,1.4243943691253662,1.4346685409545898,0.08109714835882187,0.10907904803752899,0,True
137,0.9363185167312622,0.15548239648342133,0.0,0.06341473013162613,1.4372413158416748,1.4472625255584717,0.08511538803577423,0.09593689441680908,0,True
138,0.9425621628761292,0.14204582571983337,0.0,0.06307770311832428,1.4190614223480225,1.4291049242019653,0.08656434714794159,0.10375252366065979,0,True
139,0.926334023475647,0.14629271626472473,0.0,0.06229765713214874,1.444352388381958,1.4541276693344116,0.08670666068792343,0.11295431107282639,0,True
140,0.9331854581832886,0.14348778128623962,0.0,0.0630078986287117,1.457181692123413,1.4675838947296143,0.08531066030263901,0.09022502601146698,0,True
141,0.9486340284347534,0.14553362131118774,0.0,0.06395791471004486,1.4547040462493896,1.4653005599975586,0.08474954217672348,0.09178939461708069,0,True
142,0.9484963417053223,0.14772477746009827,0.0,0.0646178349852562,1.4613125324249268,1.4710485935211182,0.08617488294839859,0.10585083812475204,0,True
143,0.9604784846305847,0.1505708545446396,0.0,0.06491932272911072,1.461700677871704,1.4730015993118286,0.08880189806222916,0.08296869695186615,0,True
144,0.9484909772872925,0.13899606466293335,0.0,0.06459099054336548,1.4442977905273438,1.454147458076477,0.08446085453033447,0.0764210969209671,0,True
145,0.9524825215339661,0.1390511691570282,0.0,0.06372252106666565,1.453144907951355,1.4619293212890625,0.08884673565626144,0.09856177866458893,0,True
146,0.9588017463684082,0.146131694316864,0.0,0.06360219419002533,1.4567768573760986,1.4673961400985718,0.085450179874897,0.09384612739086151,0,True
147,0.9535402655601501,0.13989895582199097,0.0,0.06380623579025269,1.4562344551086426,1.4663465023040771,0.08564615994691849,0.09838663041591644,0,True
148,0.9490543603897095,0.1290733367204666,0.0,0.06363251805305481,1.4415910243988037,1.4514704942703247,0.08211539685726166,0.08544011414051056,0,True
149,0.9451213479042053,0.13177825510501862,0.0,0.06299905478954315,1.45917809009552,1.4694714546203613,0.08924074470996857,0.09445863217115402,1,True
150,0.9580173492431641,0.13028836250305176,0.0,0.06391987204551697,1.41952645778656,1.4304883480072021,0.09017299115657806,0.09977862238883972,0,True
151,0.9598701000213623,0.1344822645187378,0.0,0.06428761035203934,1.4296472072601318,1.439793348312378,0.0875653624534607,0.0799754410982132,0,True
152,0.9660462141036987,0.1351628601551056,0.0,0.06429697573184967,1.423274278640747,1.4334120750427246,0.0821702852845192,0.09771257638931274,0,True
153,0.9655638933181763,0.13461029529571533,0.0,0.0643555149435997,1.4257214069366455,1.4370753765106201,0.08483684062957764,0.0959823876619339,0,True
154,0.9721304178237915,0.14671635627746582,0.0,0.06423068046569824,1.4172379970550537,1.4276955127716064,0.08648889511823654,0.0929775983095169,0,True
155,0.9621590375900269,0.13327252864837646,0.0,0.06284366548061371,1.4289829730987549,1.4380996227264404,0.0880664512515068,0.09771619737148285,0,True
156,0.9615525007247925,0.1405351161956787,0.0,0.06225726380944252,1.4355664253234863,1.4449517726898193,0.08168525248765945,0.08283449709415436,0,True
157,0.963255763053894,0.1403467059135437,0.0,0.06361544877290726,1.430964469909668,1.441654920578003,0.08716513961553574,0.1111336499452591,0,True
158,0.9450880289077759,0.13206201791763306,0.0,0.06387659907341003,1.4333349466323853,1.4426374435424805,0.08709581196308136,0.09724222868680954,0,True
159,0.957502007484436,0.13225138187408447,0.0,0.06356337666511536,1.42662513256073,1.4368082284927368,0.08424601703882217,0.10855317115783691,0,True
160,0.9595905542373657,0.13043707609176636,0.0,0.06377895176410675,1.4294190406799316,1.4397075176239014,0.08251752704381943,0.1093091070652008,0,True
161,0.9660335779190063,0.13800711929798126,0.0,0.0641750693321228,1.4118720293045044,1.421623706817627,0.08340751379728317,0.09950754791498184,0,True
162,0.9712713956832886,0.13545620441436768,0.0,0.0637042373418808,1.4275050163269043,1.4370367527008057,0.08788571506738663,0.10360202938318253,0,True
163,0.9704129695892334,0.12833933532238007,0.0,0.06311364471912384,1.422102451324463,1.4318873882293701,0.08646795898675919,0.11581359803676605,0,True
164,0.9566683769226074,0.13399910926818848,0.0,0.06336388736963272,1.4286994934082031,1.438001036643982,0.0851069763302803,0.09099070727825165,0,True
165,0.9616780281066895,0.14279574155807495,0.0,0.06336582452058792,1.42380690574646,1.4337952136993408,0.08480844646692276,0.0970342606306076,0,True
166,0.9716385006904602,0.1387997269630432,0.0,0.06331139802932739,1.4350067377090454,1.445375919342041,0.08934500068426132,0.10628075897693634,0,True
167,0.9656319618225098,0.13898500800132751,0.0,0.06414496898651123,1.437133550643921,1.4475393295288086,0.08413270860910416,0.08769398182630539,0,True
168,0.9549912810325623,0.12911519408226013,0.0,0.06399755924940109,1.4303710460662842,1.4395304918289185,0.08389117568731308,0.08525623381137848,0,True
169,0.9598860740661621,0.13522674143314362,0.0,0.06309396028518677,1.4259459972381592,1.4362037181854248,0.08518124371767044,0.08479991555213928,0,True
170,0.9680030345916748,0.13371005654335022,0.0,0.06381949782371521,1.4405092000961304,1.4506380558013916,0.09082932025194168,0.08922307938337326,0,True
171,0.963594913482666,0.12492448091506958,0.0,0.0649358481168747,1.4480587244033813,1.4580302238464355,0.0974394753575325,0.09862418472766876,0,True
172,0.9714118242263794,0.1388390213251114,0.0,0.06483900547027588,1.4261488914489746,1.4368445873260498,0.08509770780801773,0.10134407877922058,0,True
173,0.9675906896591187,0.13419555127620697,0.0,0.06501980125904083,1.4231585264205933,1.4331145286560059,0.09034939110279083,0.10741627216339111,0,True
174,0.9632238149642944,0.14080221951007843,0.0,0.06312385946512222,1.4308722019195557,1.4398927688598633,0.08514612913131714,0.09056558459997177,0,True
175,0.9704419374465942,0.1403195858001709,0.0,0.06350105255842209,1.4396919012069702,1.4495604038238525,0.08679334819316864,0.07853497564792633,0,True
176,0.9777671694755554,0.1411803662776947,0.0,0.06455022096633911,1.4287445545196533,1.4398844242095947,0.08700993657112122,0.10202383995056152,0,True
177,0.9654744863510132,0.12617477774620056,0.0,0.06408444046974182,1.397383451461792,1.407524585723877,0.08173788338899612,0.08934913575649261,0,True
178,0.9523074626922607,0.11813688278198242,0.0,0.06275232136249542,1.4253690242767334,1.434081792831421,0.08302087336778641,0.07818052917718887,0,True
179,0.956193208694458,0.12078902870416641,0.0,0.06197650358080864,1.4232985973358154,1.4337875843048096,0.08762086182832718,0.08841216564178467,0,True
180,0.9569306373596191,0.13990890979766846,0.0,0.06334353983402252,1.4337036609649658,1.4430460929870605,0.08907341957092285,0.0850573182106018,0,True
181,0.9670062065124512,0.13850130140781403,0.0,0.06432414799928665,1.4420568943023682,1.4524730443954468,0.08950917422771454,0.08960680663585663,0,True
182,0.9785528182983398,0.14574986696243286,0.0,0.06498220562934875,1.4373258352279663,1.4482567310333252,0.09105433523654938,0.097174271941185,0,True
183,0.9872756004333496,0.14251886308193207,0.0,0.06534717977046967,1.4256627559661865,1.436781644821167,0.0916345939040184,0.08549661189317703,0,True
184,0.9795262813568115,0.13339562714099884,0.0,0.0645453929901123,1.422046184539795,1.4311667680740356,0.085580974817276,0.08183228224515915,0,True
185,0.9858412742614746,0.13119937479496002,0.0,0.06384739279747009,1.4331282377243042,1.4427990913391113,0.09659599512815475,0.07855665683746338,0,True
186,0.9912670850753784,0.1352287083864212,0.0,0.06445245444774628,1.4135770797729492,1.4245600700378418,0.09892437607049942,0.08447197824716568,0,True
187,0.9747354984283447,0.12472625821828842,0.0,0.06478814035654068,1.4053587913513184,1.415492296218872,0.08484426140785217,0.07479584217071533,0,True
188,0.9620931148529053,0.12166208028793335,0.0,0.06296169757843018,1.4156614542007446,1.4247400760650635,0.08440063893795013,0.0750049352645874,0,True
189,0.9705416560173035,0.11847587674856186,0.0,0.062166109681129456,1.4177770614624023,1.4286143779754639,0.0873773917555809,0.09514467418193817,0,True
190,0.9651435613632202,0.1293492466211319,0.0,0.06306691467761993,1.4412767887115479,1.4508485794067383,0.08368304371833801,0.09477828443050385,0,True
191,0.9715273380279541,0.12487975507974625,0.0,0.06383134424686432,1.4421577453613281,1.4520964622497559,0.08406785875558853,0.08916153013706207,0,True
192,0.9833522439002991,0.13899746537208557,0.0,0.06470401585102081,1.4575941562652588,1.4683222770690918,0.08399859070777893,0.07642687857151031,0,True
193,0.996405839920044,0.13373485207557678,0.0,0.06549979001283646,1.4381756782531738,1.4491772651672363,0.08578310906887054,0.09006720036268234,0,True
194,0.9878621101379395,0.11757917702198029,0.0,0.06557545810937881,1.4426605701446533,1.4520080089569092,0.08577769994735718,0.09136053174734116,0,True
195,0.9854644536972046,0.12859106063842773,0.0,0.06430000066757202,1.420067548751831,1.4303059577941895,0.08303237706422806,0.08227281272411346,0,True
196,0.9722816348075867,0.14742010831832886,0.0,0.06448353826999664,1.41887366771698,1.428154468536377,0.09762290120124817,0.08170747756958008,0,True
197,0.9677814245223999,0.15557153522968292,0.0,0.06437426060438156,1.4077885150909424,1.4183235168457031,0.09030857682228088,0.09429691731929779,0,True
198,0.9478169679641724,0.14342722296714783,0.0,0.06306661665439606,1.4086053371429443,1.4174864292144775,0.08248837292194366,0.08937221765518188,0,True
199,0.950622022151947,0.14006823301315308,0.0,0.062135495245456696,1.4258463382720947,1.4363572597503662,0.08522437512874603,0.10633963346481323,0,True
200,0.9568572044372559,0.12837745249271393,0.0,0.06293632090091705,1.396294116973877,1.4065659046173096,0.08270244300365448,0.08797246217727661,0,True
201,0.9502779245376587,0.12027931958436966,0.0,0.0627746433019638,1.4364179372787476,1.4456607103347778,0.08633437007665634,0.08386296033859253,0,True
202,0.9724702835083008,0.13681763410568237,0.0,0.06423243880271912,1.4556937217712402,1.4659010171890259,0.08092458546161652,0.08223225921392441,0,True
203,0.9861785173416138,0.1453854739665985,0.0,0.0658004879951477,1.4439882040023804,1.4549524784088135,0.08586917072534561,0.08740964531898499,0,True
204,0.9818766713142395,0.1319408118724823,0.0,0.06620582938194275,1.4212422370910645,1.4307892322540283,0.0911221131682396,0.09525451809167862,0,True
205,0.9704472422599792,0.13991212844848633,0.0,0.06457910686731339,1.4214353561401367,1.430994987487793,0.08546292036771774,0.09161438792943954,0,True
206,0.9678403735160828,0.14519855380058289,0.0,0.06365357339382172,1.4197189807891846,1.429316759109497,0.09317685663700104,0.07439656555652618,0,True
207,0.9762897491455078,0.15697535872459412,0.0,0.06322497129440308,1.4035534858703613,1.4137710332870483,0.08528628200292587,0.08386187255382538,0,True
208,0.979180634021759,0.14738036692142487,0.0,0.06378704309463501,1.407862901687622,1.4181337356567383,0.08498088270425797,0.0904260128736496,0,True
209,0.9663267135620117,0.1329832822084427,0.0,0.0630035325884819,1.4092588424682617,1.419743537902832,0.08412746340036392,0.08865468204021454,0,True
210,0.9528892040252686,0.1270606517791748,0.0,0.06320399045944214,1.4158666133880615,1.4256573915481567,0.09086135029792786,0.07462820410728455,0,True
211,0.9484128952026367,0.13087233901023865,0.0,0.062426842749118805,1.423757553100586,1.4325741529464722,0.08054087311029434,0.08799274265766144,0,True
212,0.9638484716415405,0.1400032639503479,0.0,0.0630168691277504,1.4544129371643066,1.4640381336212158,0.0843082070350647,0.09090900421142578,0,True
213,0.9794355630874634,0.1415635049343109,0.0,0.06516893208026886,1.4711941480636597,1.4826982021331787,0.08835666626691818,0.09277850389480591,0,True
214,0.981791615486145,0.1291271150112152,0.0,0.06649316847324371,1.4625260829925537,1.4726731777191162,0.08521858602762222,0.09549326449632645,0,True
215,0.9916456341743469,0.12456928193569183,0.0,0.06606148183345795,1.4316346645355225,1.4419519901275635,0.09858860075473785,0.08978688716888428,0,True
216,0.9837234616279602,0.12159498780965805,0.0,0.06424759328365326,1.4232501983642578,1.4328380823135376,0.09402404725551605,0.08166813105344772,0,True
217,0.971911609172821,0.13318148255348206,0.0,0.06380314379930496,1.4104267358779907,1.4200046062469482,0.09655414521694183,0.07020725309848785,0,True
218,0.9604463577270508,0.14070120453834534,0.0,0.06375507265329361,1.3858261108398438,1.3955624103546143,0.09517316520214081,0.07968435436487198,0,True
219,0.9573156833648682,0.15337586402893066,0.0,0.06329922378063202,1.3971933126449585,1.4077601432800293,0.0877300351858139,0.07843363285064697,0,True
220,0.9463638663291931,0.1314697414636612,0.0,0.0623987540602684,1.3989286422729492,1.4081405401229858,0.08325543999671936,0.09173444658517838,0,True
221,0.9440926909446716,0.1305086761713028,0.0,0.061581142246723175,1.4290109872817993,1.4386811256408691,0.08399355411529541,0.08864559978246689,0,True
222,0.9628163576126099,0.1256624311208725,0.0,0.06354052573442459,1.4538967609405518,1.463472843170166,0.08643694967031479,0.08978267759084702,0,True
223,0.9892042875289917,0.14676198363304138,0.0,0.06525500118732452,1.4687724113464355,1.4798519611358643,0.09024073928594589,0.08806473761796951,0,True
224,0.9965764284133911,0.1378549039363861,0.0,0.06755214929580688,1.439937949180603,1.4509055614471436,0.08774391561746597,0.08853717148303986,0,True
225,0.9793274402618408,0.1238170638680458,0.0,0.06665781140327454,1.456892728805542,1.4661812782287598,0.08887364715337753,0.08624474704265594,0,True
226,0.9741970300674438,0.12758278846740723,0.0,0.064628466963768,1.4283690452575684,1.4375712871551514,0.093234121799469,0.07264096289873123,0,True
227,0.9784531593322754,0.14312246441841125,0.0,0.06314577907323837,1.4160184860229492,1.4249508380889893,0.08623173832893372,0.08875328302383423,0,True
228,0.9720869064331055,0.13581132888793945,0.0,0.06352190673351288,1.425775408744812,1.4357130527496338,0.09046033024787903,0.0907602310180664,0,True
229,0.9638857841491699,0.142268568277359,0.0,0.06420113146305084,1.3982338905334473,1.4084157943725586,0.11109886318445206,0.09683564305305481,0,True
230,0.9583122134208679,0.14280939102172852,0.0,0.06344480812549591,1.4039829969406128,1.4146897792816162,0.09406445175409317,0.07319024205207825,0,True
231,0.94389808177948,0.13791856169700623,0.0,0.06233792006969452,1.4090967178344727,1.4182533025741577,0.09520465135574341,0.07009635120630264,0,True
232,0.9470525979995728,0.1405676305294037,0.0,0.06269402801990509,1.440883755683899,1.4498941898345947,0.08506520092487335,0.07883229851722717,0,True
233,0.9668282270431519,0.15094362199306488,0.0,0.06370583176612854,1.4613447189331055,1.4718111753463745,0.07935643941164017,0.08206012845039368,0,True
234,0.9779274463653564,0.14890171587467194,0.0,0.06621523201465607,1.4420149326324463,1.4528623819351196,0.08498106896877289,0.08437731862068176,0,True
235,0.9689022898674011,0.13244470953941345,0.0,0.06579704582691193,1.4398316144943237,1.449720859527588,0.0889672115445137,0.07830797880887985,0,True
236,0.9683248996734619,0.13475441932678223,0.0,0.06426854431629181,1.4279017448425293,1.437175989151001,0.08212148398160934,0.07879157364368439,0,True
237,0.9741578698158264,0.1460692584514618,0.0,0.06325546652078629,1.4290871620178223,1.4391257762908936,0.08636823296546936,0.07193858921527863,0,True
238,0.9750486612319946,0.14479833841323853,0.0,0.0646727904677391,1.4059842824935913,1.4158324003219604,0.09563536942005157,0.08082740753889084,0,True
239,0.9733963012695312,0.14394018054008484,0.0,0.06435646861791611,1.4034113883972168,1.4138532876968384,0.08379677683115005,0.08340921998023987,0,True
240,0.9656733274459839,0.13982948660850525,0.0,0.06445518136024475,1.4106844663619995,1.4216169118881226,0.08840066194534302,0.080367811024189,0,True
241,0.941666305065155,0.13005593419075012,0.0,0.06328766793012619,1.4115829467773438,1.4210646152496338,0.0930991917848587,0.06823839247226715,0,True
242,0.9481351375579834,0.13401982188224792,0.0,0.06215056777000427,1.4387586116790771,1.4477933645248413,0.09629013389348984,0.08234943449497223,0,True
243,0.9626820087432861,0.14566323161125183,0.0,0.06355701386928558,1.4412643909454346,1.4518147706985474,0.09336642920970917,0.08837670087814331,0,True
244,0.9760756492614746,0.15415175259113312,0.0,0.06579994410276413,1.4592242240905762,1.4703080654144287,0.09077918529510498,0.09185892343521118,0,True
245,0.9785269498825073,0.1455361694097519,0.0,0.06648607552051544,1.440341830253601,1.4513963460922241,0.08208988606929779,0.09002748131752014,0,True
246,0.9735720157623291,0.13427132368087769,0.0,0.064876489341259,1.4266868829727173,1.4358696937561035,0.08771111071109772,0.07626155763864517,0,True
247,0.9799133539199829,0.14727619290351868,0.0,0.06359695643186569,1.4236321449279785,1.4338114261627197,0.08947139978408813,0.07708921283483505,0,True
248,0.9748748540878296,0.14682435989379883,0.0,0.0648924931883812,1.4084053039550781,1.4186655282974243,0.08975563198328018,0.07839735597372055,0,True
249,0.9668327569961548,0.14378368854522705,0.0,0.06473127752542496,1.426537036895752,1.4359713792800903,0.08715813606977463,0.08005432784557343,0,True
250,0.9704339504241943,0.14173084497451782,0.0,0.06420331448316574,1.4179009199142456,1.4288523197174072,0.08837592601776123,0.10081970691680908,0,True
251,0.9460121393203735,0.12956838309764862,0.0,0.06348817050457001,1.4024896621704102,1.411219596862793,0.08963970839977264,0.09030541777610779,0,True
252,0.9527468681335449,0.13797339797019958,0.0,0.061968933790922165,1.4266055822372437,1.4359623193740845,0.08511682599782944,0.10432037711143494,0,True
253,0.9603514671325684,0.13854268193244934,0.0,0.06317447125911713,1.46258544921875,1.4727368354797363,0.09293114393949509,0.08214782178401947,0,True
254,0.9734899997711182,0.14897388219833374,0.0,0.06504283845424652,1.4531748294830322,1.4638419151306152,0.09217343479394913,0.07523009181022644,0,True
255,0.9772928953170776,0.14535647630691528,0.0,0.06583833694458008,1.449571132659912,1.46009361743927,0.08934036642313004,0.08243240416049957,0,True
256,0.9742828607559204,0.14273029565811157,0.0,0.06565853208303452,1.4342641830444336,1.4441941976547241,0.10499674826860428,0.09129589051008224,0,True
257,0.9754130840301514,0.14177168905735016,0.0,0.06487208604812622,1.4382941722869873,1.4485033750534058,0.11115819215774536,0.09538388252258301,0,True
258,0.981231153011322,0.14852109551429749,0.0,0.06507451087236404,1.4130990505218506,1.4237184524536133,0.0959482491016388,0.09895908087491989,0,True
259,0.9696601629257202,0.1414179503917694,0.0,0.0651414692401886,1.4044238328933716,1.4139738082885742,0.09846018254756927,0.1018848642706871,0,True
260,0.9647173881530762,0.14862698316574097,0.0,0.06441853940486908,1.4026230573654175,1.4135218858718872,0.09924069792032242,0.10234583914279938,0,True
261,0.9512107372283936,0.14220938086509705,0.0,0.06397759169340134,1.4012384414672852,1.410991907119751,0.09809611737728119,0.09039852768182755,0,True
262,0.9398512244224548,0.1482590138912201,0.0,0.061687108129262924,1.4132826328277588,1.4226155281066895,0.08425882458686829,0.09127366542816162,0,True
263,0.9456305503845215,0.1505832076072693,0.0,0.06294524669647217,1.4444074630737305,1.45451021194458,0.08789721131324768,0.08091866225004196,0,True
264,0.9676207304000854,0.15161652863025665,0.0,0.06434281915426254,1.452819585800171,1.4639395475387573,0.08263543993234634,0.09178238362073898,0,True
265,0.9772355556488037,0.1412767618894577,0.0,0.06640152633190155,1.4545738697052002,1.465492606163025,0.08332819491624832,0.10177870094776154,0,True
266,0.9723504781723022,0.13227210938930511,0.0,0.06648625433444977,1.4519883394241333,1.4616715908050537,0.0933329239487648,0.08972898870706558,0,True
267,0.9776915311813354,0.13890767097473145,0.0,0.06491536647081375,1.4398952722549438,1.4485809803009033,0.09378205239772797,0.07908150553703308,0,True
268,0.9872182607650757,0.14372630417346954,0.0,0.06463801860809326,1.4472100734710693,1.4568644762039185,0.09558042138814926,0.08733980357646942,0,True
269,0.9892094135284424,0.14609263837337494,0.0,0.06531932204961777,1.4237370491027832,1.4340474605560303,0.08873894810676575,0.09397543966770172,0,True
270,0.9817982912063599,0.1488860845565796,0.0,0.06581718474626541,1.4297516345977783,1.4401752948760986,0.09892963618040085,0.10909109562635422,0,True
271,0.9554848670959473,0.13432647287845612,0.0,0.06413768976926804,1.4008771181106567,1.4099781513214111,0.1022128015756607,0.08988992869853973,0,True
272,0.9498185515403748,0.13460248708724976,0.0,0.062151387333869934,1.4216643571853638,1.430908203125,0.10259871184825897,0.09484738111495972,0,True
273,0.9555860161781311,0.13964027166366577,0.0,0.06271176040172577,1.431748390197754,1.441069483757019,0.10666502267122269,0.09801697731018066,0,True
274,0.9649060368537903,0.14626310765743256,0.0,0.0644775778055191,1.4567201137542725,1.4670847654342651,0.08440028131008148,0.09154080599546432,0,True
275,0.978323221206665,0.15162314474582672,0.0,0.06573126465082169,1.445898175239563,1.4565513134002686,0.0879962146282196,0.09333737194538116,0,True
276,0.9686198234558105,0.13277915120124817,0.0,0.065749891102314,1.4699761867523193,1.4798139333724976,0.08828074485063553,0.0742385983467102,0,True
277,0.9886137247085571,0.13398152589797974,0.0,0.06537631899118423,1.4582961797714233,1.4683507680892944,0.09593164920806885,0.08593394607305527,0,True
278,0.9945955276489258,0.13484227657318115,0.0,0.06435099244117737,1.4410940408706665,1.4504367113113403,0.09829405695199966,0.08958634734153748,0,True
279,0.993861198425293,0.14680543541908264,0.0,0.06583335250616074,1.4380135536193848,1.4489014148712158,0.09218794852495193,0.08592052757740021,0,True
280,0.9821271896362305,0.14375633001327515,0.0,0.06610125303268433,1.3997429609298706,1.4106192588806152,0.08713184297084808,0.08819293975830078,0,True
281,0.9604390859603882,0.14543533325195312,0.0,0.06346502155065536,1.3995078802108765,1.4080207347869873,0.08712568879127502,0.09576509892940521,0,True
282,0.9558881521224976,0.1506597101688385,0.0,0.0613715723156929,1.4007645845413208,1.4099868535995483,0.08993331342935562,0.08863023668527603,0,True
283,0.9459883570671082,0.1474449336528778,0.0,0.061985816806554794,1.4308133125305176,1.440261960029602,0.0859421119093895,0.08797326683998108,0,True
284,0.952572762966156,0.1481488049030304,0.0,0.06402069330215454,1.4386605024337769,1.4488227367401123,0.10642079263925552,0.0823066234588623,0,True
285,0.9517606496810913,0.14697399735450745,0.0,0.06475134938955307,1.4393420219421387,1.4497244358062744,0.10093694925308228,0.07501761615276337,0,True
286,0.9615068435668945,0.14106108248233795,0.0,0.06596385687589645,1.4612319469451904,1.471803903579712,0.10960373282432556,0.08479983359575272,0,True
287,0.9649524092674255,0.14060735702514648,0.0,0.06549094617366791,1.4489407539367676,1.4596045017242432,0.10232094675302505,0.07209029048681259,0,True
288,0.9637757539749146,0.14720018208026886,0.0,0.06573055684566498,1.431112289428711,1.4400337934494019,0.0938546359539032,0.07564731687307358,0,True
289,0.9651080965995789,0.15049494802951813,0.0,0.06555283069610596,1.4369770288467407,1.4467114210128784,0.09218697994947433,0.0764593780040741,0,True
290,0.9660529494285583,0.1492062211036682,0.0,0.06553956866264343,1.4118127822875977,1.4218287467956543,0.09365466237068176,0.09339423477649689,0,True
291,0.960405170917511,0.15600092709064484,0.0,0.06459808349609375,1.3980944156646729,1.408524513244629,0.0890711322426796,0.07582519948482513,0,True
292,0.955085039138794,0.15523718297481537,0.0,0.06433174759149551,1.4003984928131104,1.4105277061462402,0.10265207290649414,0.08504613488912582,0,True
293,0.9490547776222229,0.1496829092502594,0.0,0.0635526180267334,1.3999230861663818,1.4099044799804688,0.12262986600399017,0.08729477226734161,0,True
294,0.9416276216506958,0.15187832713127136,0.0,0.0636582002043724,1.4131118059158325,1.4228904247283936,0.12079347670078278,0.08785020560026169,0,True
295,0.9415575265884399,0.14269116520881653,0.0,0.06460186839103699,1.4306532144546509,1.4413297176361084,0.10377507656812668,0.10109372437000275,0,True
296,0.957371711730957,0.14800232648849487,0.0,0.06472525745630264,1.4509594440460205,1.4607765674591064,0.10049717128276825,0.10333476960659027,0,True
297,0.9693094491958618,0.15117354691028595,0.0,0.06541742384433746,1.4545516967773438,1.4650925397872925,0.09076778590679169,0.08848533779382706,0,True
298,0.9719904661178589,0.15900804102420807,0.0,0.06598934531211853,1.4585494995117188,1.4690608978271484,0.11125466972589493,0.10015261173248291,0,True
299,0.9629397988319397,0.15107880532741547,0.0,0.06628535687923431,1.4543076753616333,1.4644334316253662,0.11292633414268494,0.09038140624761581,0,True
300,0.9617237448692322,0.1590556651353836,0.0,0.06493471562862396,1.443594217300415,1.453776478767395,0.11151320487260818,0.08180401474237442,0,True
301,0.9617342948913574,0.16888374090194702,0.9140625,0.06470333784818649,1.4436665773391724,1.453086495399475,0.10538507252931595,0.09622931480407715,0,True
302,0.9682310819625854,0.1703067123889923,0.9140625,0.06531208753585815,1.4149713516235352,1.4251818656921387,0.0950726866722107,0.08843247592449188,0,True
303,0.9587475061416626,0.15859238803386688,0.9140625,0.06566663831472397,1.418565273284912,1.4278788566589355,0.10612085461616516,0.10224051028490067,0,True
304,0.9517313241958618,0.154971182346344,0.9140625,0.06449028104543686,1.4174895286560059,1.4272565841674805,0.09951994568109512,0.10559075325727463,0,True
305,0.951377809047699,0.15985330939292908,0.9140625,0.06364333629608154,1.4034745693206787,1.413177490234375,0.10183471441268921,0.09822943806648254,0,True
306,0.952367901802063,0.1532078981399536,0.9140625,0.06404706835746765,1.4355378150939941,1.4448482990264893,0.1162264421582222,0.12590369582176208,0,True
307,0.9578452706336975,0.1628936529159546,0.9140625,0.06524263322353363,1.444054365158081,1.4541678428649902,0.11629809439182281,0.1488894522190094,0,True
308,0.9573529958724976,0.15973323583602905,0.9140625,0.06594334542751312,1.4256528615951538,1.4355380535125732,0.11424735933542252,0.1380230039358139,0,True
309,0.958966851234436,0.16056223213672638,0.9140625,0.06574384868144989,1.436084270477295,1.4466638565063477,0.11963536590337753,0.13980349898338318,0,True
310,0.9473288655281067,0.15597234666347504,0.9140625,0.06544973701238632,1.4117947816848755,1.4218113422393799,0.16786536574363708,0.1426435112953186,0,True
311,0.9346297383308411,0.15534797310829163,0.9140625,0.0639411136507988,1.431963324546814,1.4403231143951416,0.11116638779640198,0.12903863191604614,0,True
312,0.9532568454742432,0.16411319375038147,0.9140625,0.06418129056692123,1.4216984510421753,1.4317922592163086,0.09966446459293365,0.11854349821805954,0,True
313,0.9575216770172119,0.15586578845977783,0.9140625,0.06498901546001434,1.412254810333252,1.4228053092956543,0.0882258266210556,0.13828518986701965,0,True
314,0.9734559059143066,0.1474897712469101,0.9140625,0.06589323282241821,1.4200892448425293,1.4299790859222412,0.09090045839548111,0.12741801142692566,0,True
315,0.973875880241394,0.1479838490486145,0.9140625,0.06406208872795105,1.4223613739013672,1.4322547912597656,0.094534732401371,0.10711309313774109,0,True
316,0.9803564548492432,0.1587596833705902,0.9140625,0.06435103714466095,1.4288523197174072,1.4388022422790527,0.10101314634084702,0.12732911109924316,0,True
317,0.9811372756958008,0.16100269556045532,0.9140625,0.06512540578842163,1.414351224899292,1.4242594242095947,0.11962542682886124,0.13025107979774475,0,True
318,0.9768835306167603,0.16627323627471924,0.9140625,0.06565865874290466,1.4243600368499756,1.433510661125183,0.11709624528884888,0.15452665090560913,0,True
319,0.9799184799194336,0.17777949571609497,0.9140625,0.06556859612464905,1.4311710596084595,1.4414565563201904,0.10481681674718857,0.1365397572517395,0,True
320,0.9622012972831726,0.16907998919487,0.9140625,0.06410986185073853,1.3931734561920166,1.4035558700561523,0.09890275448560715,0.1488434374332428,0,True
321,0.9382801055908203,0.1587454229593277,0.9140625,0.06286118179559708,1.4224839210510254,1.431192398071289,0.10611572861671448,0.1511373519897461,0,True
322,0.9374691843986511,0.1658991128206253,0.9140625,0.06264564394950867,1.430614709854126,1.4405150413513184,0.0913156196475029,0.14135706424713135,0,True
323,0.9355452060699463,0.16010183095932007,0.9140625,0.06382451951503754,1.434793472290039,1.4443995952606201,0.09243437647819519,0.14136536419391632,0,True
324,0.9494764804840088,0.15374529361724854,0.9140625,0.06495697796344757,1.4354214668273926,1.4459853172302246,0.10356456786394119,0.1520921289920807,0,True
325,0.9550079703330994,0.14875321090221405,0.9140625,0.0659058541059494,1.450373649597168,1.4602594375610352,0.11972448229789734,0.1510695219039917,0,True
326,0.9697416424751282,0.15066328644752502,0.9140625,0.06545513868331909,1.4611690044403076,1.4715499877929688,0.10545975714921951,0.1229858249425888,0,True
327,0.9825108051300049,0.16249555349349976,0.9140625,0.065621517598629,1.438858985900879,1.4485740661621094,0.1251356303691864,0.1220521330833435,0,True
328,0.9922807216644287,0.17544719576835632,0.9140625,0.0665682852268219,1.430160641670227,1.4405888319015503,0.1346241682767868,0.1357179880142212,0,True
329,0.9864756464958191,0.17524003982543945,0.9140625,0.06763201951980591,1.4366788864135742,1.4476101398468018,0.10991664975881577,0.13374045491218567,0,True
330,0.9691756963729858,0.16653227806091309,0.9140625,0.06615312397480011,1.3963541984558105,1.4060628414154053,0.10061875730752945,0.14497894048690796,0,True
331,0.9488973021507263,0.1722753345966339,0.9140625,0.06335064768791199,1.4012413024902344,1.4110190868377686,0.09387359023094177,0.13846758008003235,0,True
332,0.9412630200386047,0.17065902054309845,0.9140625,0.06284581124782562,1.389385461807251,1.3985987901687622,0.10151813179254532,0.1425795555114746,0,True
333,0.932571291923523,0.15551623702049255,0.9140625,0.06265012919902802,1.4295570850372314,1.439500093460083,0.09617205709218979,0.1491871476173401,0,True
334,0.9412345290184021,0.1664622724056244,0.9140625,0.06413683295249939,1.4311161041259766,1.4412577152252197,0.09054264426231384,0.1446019411087036,0,True
335,0.9611014127731323,0.16099952161312103,0.9140625,0.06612157076597214,1.4354454278945923,1.4471220970153809,0.09710202366113663,0.1595223844051361,0,True
336,0.9558432102203369,0.13993386924266815,0.9140625,0.06722303479909897,1.4568796157836914,1.4675607681274414,0.12066954374313354,0.15489183366298676,0,True
337,0.9669788479804993,0.14475344121456146,0.9140625,0.06668582558631897,1.4537937641143799,1.4636898040771484,0.12487682700157166,0.12632092833518982,0,True
338,0.9815689325332642,0.16332802176475525,0.9140625,0.06676701456308365,1.4391810894012451,1.449375033378601,0.1102849692106247,0.13396188616752625,0,True
339,1.0017807483673096,0.1705639660358429,0.9140625,0.0673820972442627,1.418030858039856,1.4291222095489502,0.1016114130616188,0.14676806330680847,0,True
340,0.9980865120887756,0.16833645105361938,0.9140625,0.06779885292053223,1.3989801406860352,1.4103525876998901,0.10729100555181503,0.14487013220787048,0,True
341,0.9594475030899048,0.16351118683815002,0.9140625,0.06553532928228378,1.4061920642852783,1.4146835803985596,0.1048768162727356,0.11618706583976746,0,True
342,0.9428146481513977,0.159809410572052,0.9140625,0.06274652481079102,1.4188847541809082,1.4274775981903076,0.08940926194190979,0.12320353090763092,0,True
343,0.9554516077041626,0.16595999896526337,0.921875,0.06309057027101517,1.4116898775100708,1.4226312637329102,0.09047918766736984,0.14477086067199707,0,True
344,0.9554136991500854,0.1612827181816101,0.921875,0.06454986333847046,1.4104293584823608,1.4204398393630981,0.0950893685221672,0.17060545086860657,0,True
345,0.9625289440155029,0.1594526320695877,0.921875,0.06653299927711487,1.4353539943695068,1.4461641311645508,0.10238735377788544,0.15767323970794678,0,True
346,0.9632781744003296,0.1584143042564392,0.921875,0.06699879467487335,1.440531611442566,1.451350212097168,0.11083736270666122,0.1397588849067688,0,True
347,0.9543520212173462,0.16450509428977966,0.921875,0.06619182229042053,1.4237821102142334,1.4334502220153809,0.11121397465467453,0.14600339531898499,0,True
348,0.9628336429595947,0.16201408207416534,0.921875,0.06578117609024048,1.4177687168121338,1.4279463291168213,0.0951681137084961,0.13721689581871033,0,True
349,0.964733898639679,0.16914698481559753,0.921875,0.06613415479660034,1.4156087636947632,1.4250726699829102,0.09771285951137543,0.14033657312393188,0,True
350,0.9643452167510986,0.16984963417053223,0.921875,0.0668446272611618,1.4439561367034912,1.4552099704742432,0.09909234195947647,0.12391890585422516,0,True
351,0.9579351544380188,0.16539311408996582,0.921875,0.06734788417816162,1.4247171878814697,1.4346089363098145,0.10305957496166229,0.11970940232276917,0,True
352,0.9669601917266846,0.1791408210992813,0.921875,0.06474505364894867,1.4097213745117188,1.4197425842285156,0.09817825257778168,0.12210503220558167,0,True
353,0.9640375375747681,0.1691175401210785,0.921875,0.0647445023059845,1.4053006172180176,1.4158856868743896,0.09939523041248322,0.11820349097251892,0,True
354,0.9544237852096558,0.16161665320396423,0.921875,0.06512952595949173,1.4165984392166138,1.42618727684021,0.10271263122558594,0.14662179350852966,0,True
355,0.9662749767303467,0.17665046453475952,0.9296875,0.06578069925308228,1.400475263595581,1.4118397235870361,0.12126894295215607,0.15076526999473572,0,True
356,0.9487533569335938,0.17534445226192474,0.9296875,0.06586343050003052,1.4099841117858887,1.4195144176483154,0.09838708490133286,0.14278247952461243,0,True
357,0.9440022706985474,0.17300403118133545,0.9296875,0.06458333134651184,1.429499864578247,1.439946174621582,0.0995154157280922,0.14929167926311493,0,True
358,0.9401371479034424,0.17009492218494415,0.9296875,0.06396566331386566,1.4379252195358276,1.4478099346160889,0.10171237587928772,0.15675866603851318,0,True
359,0.9405802488327026,0.1658700406551361,0.9296875,0.06545354425907135,1.431397795677185,1.4412212371826172,0.12073934078216553,0.1439124196767807,0,True
360,0.9541293382644653,0.17181476950645447,0.9375,0.06680794805288315,1.4537746906280518,1.4651962518692017,0.11643937975168228,0.14007821679115295,0,True
361,0.9572421312332153,0.17360332608222961,0.9375,0.06700766086578369,1.4208765029907227,1.4314944744110107,0.1061016097664833,0.1540510207414627,0,True
362,0.959284782409668,0.16909310221672058,0.9375,0.06605462729930878,1.4257771968841553,1.4362082481384277,0.09436959028244019,0.15647193789482117,0,True
363,0.9541252255439758,0.15638594329357147,0.9375,0.06538546830415726,1.4262754917144775,1.4357843399047852,0.09480960667133331,0.13998478651046753,0,True
364,0.9506392478942871,0.16500726342201233,0.9375,0.0647096037864685,1.4380028247833252,1.4474390745162964,0.10442030429840088,0.1325717270374298,0,True
365,0.9595823884010315,0.18276190757751465,0.9375,0.06562647223472595,1.4315969944000244,1.4415149688720703,0.11197026073932648,0.12888339161872864,0,True
366,0.9646934270858765,0.18599893152713776,0.9375,0.0661422610282898,1.4194471836090088,1.4300715923309326,0.11054282635450363,0.14930066466331482,0,True
367,0.9702136516571045,0.18539656698703766,0.9453125,0.06651801615953445,1.4184938669204712,1.4291530847549438,0.12080671638250351,0.16279542446136475,0,True
368,0.967160701751709,0.17645198106765747,0.9453125,0.06523026525974274,1.3829236030578613,1.393516182899475,0.10200870782136917,0.12404502183198929,0,True
369,0.9446156620979309,0.166357159614563,0.9453125,0.06431497633457184,1.407751202583313,1.4175522327423096,0.13739584386348724,0.1258506178855896,0,True
370,0.9447859525680542,0.16832654178142548,0.9453125,0.06455641984939575,1.41584312915802,1.4260270595550537,0.11480999737977982,0.14655590057373047,0,True
371,0.9372720718383789,0.17854225635528564,0.953125,0.06502404808998108,1.4215688705444336,1.4320766925811768,0.11236466467380524,0.13361051678657532,0,True
372,0.9399811625480652,0.17414605617523193,0.9609375,0.06618466973304749,1.4312210083007812,1.441819667816162,0.09889873117208481,0.12906421720981598,0,True
373,0.9534865617752075,0.1789017766714096,0.9609375,0.06652209162712097,1.4329301118850708,1.4431798458099365,0.09825774282217026,0.13356448709964752,0,True
374,0.9556975364685059,0.1770734190940857,0.9609375,0.06708353757858276,1.4083514213562012,1.4192345142364502,0.10081946849822998,0.12441172450780869,0,True
375,0.9502509236335754,0.16669794917106628,0.9609375,0.0664980486035347,1.4240025281906128,1.4340829849243164,0.10322248935699463,0.12596893310546875,0,True
376,0.9434753656387329,0.169032022356987,0.9609375,0.0656663179397583,1.4309523105621338,1.4404628276824951,0.10636167973279953,0.1368904709815979,0,True
377,0.9510499835014343,0.18237638473510742,0.9609375,0.06558254361152649,1.4139962196350098,1.4239429235458374,0.09549493342638016,0.1171584278345108,0,True
378,0.9524228572845459,0.17966434359550476,0.9609375,0.0660608783364296,1.436905860900879,1.4468276500701904,0.09810663014650345,0.15894246101379395,0,True
379,0.9515333771705627,0.1722368448972702,0.9609375,0.06501661986112595,1.3887627124786377,1.3990130424499512,0.09594182670116425,0.1410473883152008,0,True
380,0.9458330869674683,0.17002952098846436,0.9609375,0.06454627960920334,1.4200602769851685,1.430053472518921,0.09216978400945663,0.143559992313385,0,True
381,0.9498937129974365,0.16011056303977966,0.96875,0.06462563574314117,1.4184670448303223,1.4295005798339844,0.1068975031375885,0.13538628816604614,0,True
382,0.9435005187988281,0.15929056704044342,0.96875,0.06495513021945953,1.433235764503479,1.4435864686965942,0.12298037111759186,0.12460657209157944,0,True
383,0.95237135887146,0.16173973679542542,0.96875,0.06579616665840149,1.4464856386184692,1.4575107097625732,0.12558728456497192,0.13257649540901184,0,True
384,0.9588834047317505,0.15374794602394104,0.9765625,0.06673091650009155,1.427229881286621,1.437971591949463,0.11146607995033264,0.14123386144638062,0,True
385,0.9638592004776001,0.15395045280456543,0.9765625,0.06637034565210342,1.4506330490112305,1.4603185653686523,0.10101766139268875,0.1684132069349289,0,True
386,0.9712698459625244,0.16411158442497253,0.9765625,0.06661458313465118,1.4263432025909424,1.4372625350952148,0.09562801569700241,0.14886799454689026,0,True
387,0.9716373682022095,0.16598577797412872,0.9765625,0.06500875949859619,1.4281296730041504,1.4382619857788086,0.10282548516988754,0.146419495344162,0,True
388,0.9686835408210754,0.16099488735198975,0.9765625,0.06552723050117493,1.4383503198623657,1.4474314451217651,0.10041121393442154,0.17414754629135132,0,True
389,0.9661458134651184,0.1645265519618988,0.9765625,0.06515047699213028,1.4351880550384521,1.4449204206466675,0.10314419120550156,0.17375802993774414,0,True
390,0.9583883285522461,0.15148445963859558,0.9765625,0.06508205085992813,1.4030096530914307,1.4125843048095703,0.10307487845420837,0.16707448661327362,0,True
391,0.9654697775840759,0.16510838270187378,0.9765625,0.06464819610118866,1.4126644134521484,1.4232041835784912,0.10296693444252014,0.18111367523670197,0,True
392,0.9570837020874023,0.16051113605499268,0.9765625,0.06541231274604797,1.4226527214050293,1.4327576160430908,0.11690358072519302,0.16714610159397125,0,True
393,0.9397084712982178,0.16233469545841217,0.9765625,0.06409087032079697,1.427063226699829,1.4358837604522705,0.09478411823511124,0.15568402409553528,0,True
394,0.9465551376342773,0.1711457073688507,0.9765625,0.06458301097154617,1.4574906826019287,1.4676940441131592,0.099341981112957,0.1476457715034485,0,True
395,0.9449403285980225,0.17718136310577393,0.984375,0.06567911058664322,1.4237544536590576,1.4341946840286255,0.09628615528345108,0.1507958471775055,0,True
396,0.9480137228965759,0.1725819855928421,0.984375,0.06554287672042847,1.4451234340667725,1.4549765586853027,0.10188732296228409,0.1486816108226776,0,True
397,0.9642688632011414,0.1725369095802307,0.984375,0.06545655429363251,1.4141528606414795,1.4250072240829468,0.10212008655071259,0.1532878428697586,0,True
398,0.9524989128112793,0.16806240379810333,0.984375,0.06530281901359558,1.425682783126831,1.434279441833496,0.09972304105758667,0.14869174361228943,0,True
399,0.9446018934249878,0.16951291263103485,0.984375,0.06503330171108246,1.445730447769165,1.4543768167495728,0.10132099688053131,0.13852429389953613,0,True
400,0.9581910371780396,0.16796110570430756,0.984375,0.06500369310379028,1.4298149347305298,1.4401246309280396,0.09331676363945007,0.14958271384239197,0,True
401,0.9613534212112427,0.178421750664711,0.984375,0.06620866060256958,1.4150593280792236,1.4246671199798584,0.10648897290229797,0.15009751915931702,0,True
402,0.9666932225227356,0.17300458252429962,0.984375,0.06668748706579208,1.4172005653381348,1.4283654689788818,0.09660237282514572,0.15095111727714539,0,True
403,0.9528337717056274,0.17467890679836273,0.984375,0.06598781049251556,1.4025046825408936,1.4123938083648682,0.10889065265655518,0.14046688377857208,0,True
404,0.9497096538543701,0.17295733094215393,0.984375,0.06449688225984573,1.4101463556289673,1.420295000076294,0.10897910594940186,0.13912200927734375,0,True
405,0.9471065998077393,0.17929548025131226,0.984375,0.06421580910682678,1.4169814586639404,1.4274091720581055,0.09847457706928253,0.153202086687088,0,True
406,0.939145565032959,0.1651553362607956,0.984375,0.06479544937610626,1.4411308765411377,1.45033597946167,0.09755299240350723,0.13494041562080383,0,True
407,0.9444536566734314,0.1733638048171997,0.984375,0.06513351947069168,1.425640344619751,1.435570478439331,0.10309664905071259,0.14872662723064423,0,True
408,0.953002393245697,0.179112046957016,0.984375,0.06624967604875565,1.4334475994110107,1.4441550970077515,0.10320915281772614,0.1475890874862671,0,True
409,0.9551287889480591,0.17736372351646423,0.984375,0.06620413064956665,1.4106014966964722,1.4203195571899414,0.11380364745855331,0.1513107419013977,0,True
410,0.9462699890136719,0.18030959367752075,0.9921875,0.06550141423940659,1.446211576461792,1.45512056350708,0.1039484515786171,0.14353512227535248,0,True
411,0.9512133598327637,0.17830787599086761,0.9921875,0.06505608558654785,1.4417916536331177,1.4515985250473022,0.09771856665611267,0.13924290239810944,0,True
412,0.9506851434707642,0.18120795488357544,0.9921875,0.06602346897125244,1.4257869720458984,1.4360414743423462,0.0976313054561615,0.12362910807132721,0,True
413,0.9666376709938049,0.18431785702705383,0.9921875,0.06584394723176956,1.3985493183135986,1.4089174270629883,0.09997303038835526,0.15039288997650146,0,True
414,0.9680898189544678,0.17581063508987427,0.9921875,0.06642512232065201,1.4286385774612427,1.4397404193878174,0.10433448851108551,0.15152111649513245,0,True
415,0.9689931273460388,0.1724802553653717,0.9921875,0.06646561622619629,1.3752367496490479,1.3859150409698486,0.10294093936681747,0.15340879559516907,0,True
416,0.9488940834999084,0.17142529785633087,0.9921875,0.06481944024562836,1.4233944416046143,1.4329719543457031,0.10761922597885132,0.14883077144622803,0,True
417,0.9417706727981567,0.1668364405632019,0.9921875,0.06376560032367706,1.4231703281402588,1.4328985214233398,0.10257721692323685,0.1552199125289917,0,True
418,0.9504173994064331,0.169495090842247,0.9921875,0.06359322369098663,1.423130750656128,1.4332683086395264,0.09995508193969727,0.1617981493473053,0,True
419,0.9517725706100464,0.16450151801109314,0.9921875,0.0666828602552414,1.4340784549713135,1.444864273071289,0.10458984225988388,0.13792484998703003,0,True
420,0.9687918424606323,0.17236974835395813,0.9921875,0.06648804992437363,1.4242184162139893,1.435904860496521,0.11251432448625565,0.17777389287948608,0,True
421,0.9607897996902466,0.1613060086965561,0.9921875,0.06662903726100922,1.4245679378509521,1.434793472290039,0.10395164787769318,0.15517157316207886,0,True
422,0.9549288153648376,0.16681289672851562,0.9921875,0.06560388207435608,1.4200962781906128,1.4301646947860718,0.09921620786190033,0.16218575835227966,0,True
423,0.9520524144172668,0.16252607107162476,0.9921875,0.06495759636163712,1.422088861465454,1.4317982196807861,0.10143344104290009,0.15591713786125183,0,True
424,0.9512012600898743,0.17380014061927795,0.9921875,0.06462423503398895,1.4427108764648438,1.45222008228302,0.11611242592334747,0.14851108193397522,0,True
425,0.9613158106803894,0.18379426002502441,0.9921875,0.06596125662326813,1.4357240200042725,1.445923089981079,0.11289303004741669,0.14506734907627106,0,True
426,0.9667538404464722,0.17939504981040955,0.9921875,0.06576043367385864,1.4171204566955566,1.4279143810272217,0.0961516946554184,0.15377463400363922,0,True
427,0.9565844535827637,0.17653517425060272,0.9921875,0.0644591674208641,1.4153308868408203,1.4247334003448486,0.11693139374256134,0.14314088225364685,0,True
428,0.9491082429885864,0.1621294915676117,0.9921875,0.06485895812511444,1.4422141313552856,1.4515283107757568,0.09765762090682983,0.14952196180820465,0,True
429,0.965216338634491,0.17591024935245514,0.9921875,0.06431088596582413,1.4380483627319336,1.4487841129302979,0.10319202393293381,0.15184970200061798,0,True
430,0.9677935838699341,0.16182395815849304,0.9921875,0.06628087162971497,1.431474208831787,1.4412307739257812,0.10958389192819595,0.16567285358905792,0,True
431,0.9681292176246643,0.15949039161205292,0.9921875,0.06638209521770477,1.4210796356201172,1.430830478668213,0.10453054308891296,0.16339635848999023,0,True
432,0.9678148031234741,0.1567111313343048,0.9921875,0.06619084626436234,1.4429179430007935,1.4537320137023926,0.11609204858541489,0.17023728787899017,0,True
433,0.9655460715293884,0.15852117538452148,0.9921875,0.06544426083564758,1.4208955764770508,1.4315749406814575,0.10118479281663895,0.16638365387916565,0,True
434,0.9628616571426392,0.15992295742034912,0.9921875,0.0655086413025856,1.4165422916412354,1.4265856742858887,0.10729802399873734,0.171982541680336,0,True
435,0.9557664394378662,0.15998435020446777,0.9921875,0.06438352912664413,1.436830997467041,1.4458887577056885,0.11077453196048737,0.16147014498710632,0,True
436,0.955968976020813,0.1573333442211151,0.9921875,0.06510680168867111,1.4332923889160156,1.4436964988708496,0.09754323959350586,0.1590145230293274,0,True
437,0.9657756090164185,0.1628551483154297,0.9921875,0.06579995155334473,1.443802833557129,1.4546213150024414,0.11642829328775406,0.15758009254932404,0,True
438,0.9670343399047852,0.16142484545707703,0.9921875,0.06670806556940079,1.4318559169769287,1.4421124458312988,0.10582754760980606,0.15856075286865234,0,True
439,0.9611048698425293,0.16287286579608917,0.9921875,0.065552718937397,1.434915542602539,1.4445459842681885,0.09452669322490692,0.14127644896507263,0,True
440,0.9643979072570801,0.18015290796756744,0.9921875,0.06554407626390457,1.434849739074707,1.4452775716781616,0.09369699656963348,0.15080592036247253,0,True
441,0.9636647701263428,0.17664358019828796,0.9921875,0.06595160067081451,1.4301832914352417,1.4398324489593506,0.09495601058006287,0.157708540558815,0,True
442,0.9685989022254944,0.161163330078125,0.9921875,0.06537732481956482,1.439573049545288,1.4499188661575317,0.10325845330953598,0.16735440492630005,0,True
443,0.9534317851066589,0.15677154064178467,0.9921875,0.06530190259218216,1.4303767681121826,1.4391283988952637,0.11666736751794815,0.15724582970142365,0,True
444,0.945504903793335,0.16208389401435852,0.9921875,0.06467065215110779,1.4392272233963013,1.4488704204559326,0.10724005848169327,0.14814303815364838,0,True
445,0.9571280479431152,0.15936988592147827,0.9921875,0.06485351920127869,1.4098544120788574,1.420091152191162,0.10363145172595978,0.16476866602897644,0,True
446,0.9550682306289673,0.15484826266765594,0.9921875,0.06470683217048645,1.4341514110565186,1.4437707662582397,0.10715003311634064,0.17952628433704376,0,True
447,0.9580591917037964,0.1575952023267746,0.9921875,0.06547440588474274,1.4361169338226318,1.4464614391326904,0.10789815336465836,0.14920169115066528,0,True
448,0.9494858384132385,0.14174827933311462,0.9921875,0.06530586630105972,1.448441743850708,1.45784330368042,0.11628535389900208,0.12962819635868073,0,True
449,0.9648004770278931,0.15319228172302246,0.9921875,0.06515694409608841,1.4454805850982666,1.455582857131958,0.11837991327047348,0.13842906057834625,0,True
450,0.9772971272468567,0.16290633380413055,1.0,0.0664665624499321,1.4316350221633911,1.441523551940918,0.09627772122621536,0.1353067308664322,0,True
451,0.9805312156677246,0.1619497537612915,1.0,0.06662642955780029,1.436263084411621,1.4459376335144043,0.10742258280515671,0.134599506855011,0,True
452,0.993494987487793,0.16636061668395996,1.0,0.06664721667766571,1.4322798252105713,1.4431636333465576,0.11271341145038605,0.16487543284893036,0,True
453,0.9798194169998169,0.16591902077198029,1.0,0.06629399210214615,1.4195079803466797,1.4294991493225098,0.11170855164527893,0.1605483889579773,0,True
454,0.9597315788269043,0.1573801040649414,1.0,0.06375641375780106,1.4167122840881348,1.4254205226898193,0.10230594873428345,0.15168315172195435,0,True
455,0.9443225860595703,0.14919345080852509,1.0,0.0638570487499237,1.4354897737503052,1.4447866678237915,0.10249121487140656,0.1700405478477478,0,True
456,0.9575453996658325,0.15880367159843445,1.0,0.06490650773048401,1.4312422275543213,1.4414817094802856,0.10917504876852036,0.16011980175971985,0,True
457,0.9651423692703247,0.1655290424823761,1.0,0.06655362248420715,1.4270074367523193,1.4376051425933838,0.09988150745630264,0.17311304807662964,0,True
458,0.9615942239761353,0.15849541127681732,1.0,0.06604210287332535,1.4281673431396484,1.4388976097106934,0.10307689011096954,0.14645367860794067,0,True
459,0.9563151001930237,0.15274590253829956,1.0,0.06607910245656967,1.4156060218811035,1.425371766090393,0.11492696404457092,0.14404535293579102,0,True
460,0.9483387470245361,0.15951263904571533,1.0,0.06591925024986267,1.4262582063674927,1.4361653327941895,0.11347395926713943,0.1264611780643463,0,True
461,0.9631248712539673,0.17340749502182007,1.0,0.06597717106342316,1.4185242652893066,1.429280161857605,0.10631104558706284,0.12561269104480743,0,True
462,0.9642857909202576,0.17116647958755493,1.0,0.06681142747402191,1.4289665222167969,1.4394121170043945,0.10517770051956177,0.13563135266304016,0,True
463,0.97150719165802,0.17507441341876984,1.0,0.06649360060691833,1.3988152742385864,1.409035086631775,0.09784059226512909,0.12884750962257385,0,True
464,0.9608291387557983,0.17018194496631622,1.0,0.06530578434467316,1.4201858043670654,1.4297062158584595,0.09595809876918793,0.1578758955001831,0,True
465,0.9577524662017822,0.17248141765594482,1.0,0.06441894918680191,1.4273011684417725,1.4374001026153564,0.09616086632013321,0.1616404950618744,0,True
466,0.9526623487472534,0.16723930835723877,1.0,0.06458845734596252,1.4275720119476318,1.437495470046997,0.09587576240301132,0.14929190278053284,0,True
467,0.9525407552719116,0.16285264492034912,1.0,0.06401913613080978,1.435882329940796,1.445533037185669,0.10950981080532074,0.1781957894563675,0,True
468,0.9613401293754578,0.16371899843215942,1.0,0.06559734046459198,1.420342206954956,1.4311330318450928,0.1080864742398262,0.15709087252616882,0,True
469,0.9561453461647034,0.14396801590919495,1.0,0.06505191326141357,1.425811529159546,1.4346576929092407,0.09830038994550705,0.1764572560787201,0,True
470,0.9687771797180176,0.14360648393630981,1.0,0.06485886871814728,1.4491944313049316,1.4597101211547852,0.0999864712357521,0.16425369679927826,0,True
471,0.9884538650512695,0.14694184064865112,1.0,0.06601390987634659,1.4346325397491455,1.4451364278793335,0.11848334223031998,0.1360860913991928,0,True
472,0.9801127910614014,0.1272851973772049,1.0,0.06765048950910568,1.4595167636871338,1.4687484502792358,0.12187792360782623,0.16131630539894104,0,True
473,0.9872395396232605,0.1398155838251114,1.0,0.06707800179719925,1.4433706998825073,1.4540901184082031,0.11852449178695679,0.15697789192199707,0,True
474,0.9769456386566162,0.14912773668766022,1.0,0.0665636658668518,1.4171650409698486,1.427135944366455,0.09743114560842514,0.15312600135803223,0,True
475,0.9812087416648865,0.1474577635526657,1.0,0.06552185118198395,1.4359595775604248,1.4460294246673584,0.11347880214452744,0.15987592935562134,0,True
476,0.9786778688430786,0.14707216620445251,1.0,0.06532859802246094,1.405367374420166,1.4153162240982056,0.1045086607336998,0.164566308259964,0,True
477,0.9669924974441528,0.14270702004432678,1.0,0.06436824798583984,1.4245338439941406,1.4342628717422485,0.10980395972728729,0.17014610767364502,0,True
478,0.9724669456481934,0.14599020779132843,1.0,0.06459524482488632,1.438124179840088,1.4481697082519531,0.11699767410755157,0.18784929811954498,0,True
479,0.975436806678772,0.15239453315734863,1.0,0.0644325315952301,1.4409377574920654,1.4507335424423218,0.12243474274873734,0.1471041738986969,0,True
480,0.9666817784309387,0.13985887169837952,1.0,0.0657527893781662,1.418853998184204,1.4283556938171387,0.11787629127502441,0.1339704394340515,0,True
481,0.9755041599273682,0.1394709348678589,1.0,0.06596722453832626,1.4566214084625244,1.4669363498687744,0.11246023327112198,0.16204828023910522,0,True
482,0.9722627401351929,0.14111769199371338,1.0,0.06688838452100754,1.4192885160446167,1.429037094116211,0.1090579479932785,0.17287889122962952,0,True
483,0.9609454870223999,0.15794888138771057,1.0,0.06512639671564102,1.4314825534820557,1.4409664869308472,0.10817971080541611,0.15892869234085083,0,True
484,0.9631866216659546,0.16511723399162292,1.0,0.06521092355251312,1.4262564182281494,1.4363948106765747,0.10532654076814651,0.14603716135025024,0,True
485,0.9543678164482117,0.1664137840270996,1.0,0.0652007982134819,1.450892448425293,1.4599217176437378,0.10768166184425354,0.16443559527397156,0,True
486,0.9616795182228088,0.17698243260383606,1.0,0.06560047715902328,1.4354654550552368,1.4459997415542603,0.10276829451322556,0.12826833128929138,0,True
487,0.965451180934906,0.1725175380706787,1.0,0.06548301875591278,1.413695216178894,1.4243993759155273,0.10369949787855148,0.1404114067554474,0,True
488,0.9559853076934814,0.1594841182231903,1.0,0.06571225821971893,1.4064977169036865,1.4159966707229614,0.0999048501253128,0.12924523651599884,0,True
489,0.950820803642273,0.15133419632911682,1.0,0.06538854539394379,1.4346860647201538,1.4445457458496094,0.1275859773159027,0.14405882358551025,0,True
490,0.9624079465866089,0.1553623378276825,1.0,0.06483403593301773,1.4013524055480957,1.4113738536834717,0.10263672471046448,0.15875130891799927,0,True
491,0.9595028758049011,0.15654423832893372,1.0,0.06562312692403793,1.4378657341003418,1.4476525783538818,0.10366305708885193,0.1475849151611328,0,True
492,0.9642922878265381,0.1622401773929596,1.0,0.06625659018754959,1.4333655834197998,1.444195032119751,0.10037817060947418,0.1469183713197708,0,True
493,0.9608892202377319,0.16561482846736908,1.0,0.06591697037220001,1.4226438999176025,1.432228922843933,0.1094181016087532,0.12001389265060425,0,True
494,0.9601037502288818,0.1708434373140335,1.0,0.06514917314052582,1.4273061752319336,1.4375094175338745,0.0997835174202919,0.14501610398292542,0,True
495,0.9645309448242188,0.17511963844299316,1.0,0.06606477499008179,1.4322023391723633,1.443331241607666,0.1014946773648262,0.13327200710773468,0,True
496,0.9448693990707397,0.16634228825569153,1.0,0.06610492616891861,1.4384632110595703,1.447974443435669,0.11169281601905823,0.1352149248123169,0,True
497,0.9538732767105103,0.17544955015182495,1.0,0.06606399267911911,1.4165219068527222,1.4273409843444824,0.11469872295856476,0.13496726751327515,0,True
498,0.9542280435562134,0.1694643199443817,1.0,0.06521305441856384,1.3912264108657837,1.4015299081802368,0.1108497753739357,0.15794938802719116,0,True
499,0.9547735452651978,0.16834920644760132,1.0,0.06501593440771103,1.4111725091934204,1.4208447933197021,0.09610311686992645,0.15451346337795258,0,True
500,0.9499105215072632,0.16750338673591614,1.0,0.06516651809215546,1.4141411781311035,1.424316167831421,0.09990770369768143,0.12606245279312134,0,True
501,0.948050320148468,0.16205132007598877,1.0,0.06427528709173203,1.416187047958374,1.426812767982483,0.10868693888187408,0.14327505230903625,0,True
502,0.945095419883728,0.16049730777740479,1.0,0.06535276770591736,1.4383046627044678,1.4483952522277832,0.11633825302124023,0.1317138969898224,0,True
503,0.9505072236061096,0.15312938392162323,1.0,0.06528965383768082,1.4281210899353027,1.4385902881622314,0.11574053019285202,0.1468764692544937,0,True
504,0.9488824605941772,0.1542133241891861,1.0,0.06619325280189514,1.4281103610992432,1.4379069805145264,0.10435890406370163,0.15247666835784912,0,True
505,0.9597840309143066,0.16558930277824402,1.0,0.06623788923025131,1.4375897645950317,1.4482052326202393,0.10793231427669525,0.14727529883384705,0,True
506,0.9736819267272949,0.1625484824180603,1.0,0.0668388232588768,1.4189834594726562,1.430431842803955,0.10085506737232208,0.14597778022289276,0,True
507,0.9692349433898926,0.1543615460395813,1.0,0.06668435037136078,1.4022445678710938,1.4117823839187622,0.10101526230573654,0.14388060569763184,0,True
508,0.9626603722572327,0.15471583604812622,1.0,0.06513309478759766,1.4199156761169434,1.429412603378296,0.0932805985212326,0.15086311101913452,0,True
509,0.9505153894424438,0.15822942554950714,1.0,0.06483670324087143,1.4232418537139893,1.4324514865875244,0.10903851687908173,0.16716574132442474,0,True
510,0.9553394913673401,0.16483652591705322,1.0,0.06441937386989594,1.4224853515625,1.432823896408081,0.10145937651395798,0.16145548224449158,0,True
511,0.9538602828979492,0.15903127193450928,1.0,0.06533811241388321,1.407165288925171,1.4172554016113281,0.10560617595911026,0.15906298160552979,0,True
512,0.9586445689201355,0.1565721035003662,1.0,0.06514430046081543,1.437152624130249,1.4474918842315674,0.11423707753419876,0.15467870235443115,0,True
513,0.9590253829956055,0.1516345590353012,1.0,0.06532102078199387,1.4015371799468994,1.411622405052185,0.10328841209411621,0.13862526416778564,0,True
514,0.9549909830093384,0.1518867015838623,1.0,0.06430339068174362,1.408299207687378,1.4172935485839844,0.0993417501449585,0.1372978389263153,0,True
515,0.9616543054580688,0.1589103639125824,1.0,0.06491409987211227,1.4339107275009155,1.4435195922851562,0.1010032594203949,0.1538998782634735,0,True
516,0.9659166932106018,0.15650545060634613,1.0,0.0656685009598732,1.430202841758728,1.4406386613845825,0.1030905470252037,0.14675147831439972,0,True
517,0.9649657607078552,0.14612150192260742,1.0,0.06603789329528809,1.4454121589660645,1.4558994770050049,0.10740045458078384,0.16547498106956482,0,True
518,0.9664019346237183,0.15904107689857483,1.0,0.06614083051681519,1.4270133972167969,1.4376028776168823,0.11726311594247818,0.13869591057300568,0,True
519,0.9684453010559082,0.1641024947166443,1.0,0.06596757471561432,1.4149162769317627,1.4246397018432617,0.12830059230327606,0.1583532840013504,0,True
520,0.96013343334198,0.15397587418556213,1.0,0.0656585693359375,1.4406044483184814,1.4498825073242188,0.11267202347517014,0.14460816979408264,0,True
521,0.9595603942871094,0.15669342875480652,1.0,0.06611701846122742,1.43582022190094,1.4447979927062988,0.09954509139060974,0.15007126331329346,0,True
522,0.9739599823951721,0.16539396345615387,1.0,0.06597637385129929,1.441287636756897,1.4526402950286865,0.10253371298313141,0.14783482253551483,0,True
523,0.9704312682151794,0.14911697804927826,1.0,0.06635967642068863,1.4208054542541504,1.4308419227600098,0.09840601682662964,0.16768960654735565,0,True
524,0.9626172780990601,0.1391982138156891,1.0,0.0647875964641571,1.4260153770446777,1.435386061668396,0.09074442833662033,0.15220175683498383,0,True
525,0.9705782532691956,0.13454632461071014,1.0,0.06449931114912033,1.4454410076141357,1.4550702571868896,0.10431841760873795,0.14624285697937012,0,True
526,0.9771474599838257,0.15775105357170105,1.0,0.06536731123924255,1.4144536256790161,1.4250884056091309,0.10844816267490387,0.15602216124534607,0,True
527,0.9706106781959534,0.14253254234790802,1.0,0.06675145030021667,1.4104348421096802,1.4199857711791992,0.12063809484243393,0.15976975858211517,0,True
528,0.9656652212142944,0.14220857620239258,1.0,0.06520499289035797,1.417123794555664,1.426361322402954,0.09891774505376816,0.15103401243686676,0,True
529,0.9779229164123535,0.15038317441940308,1.0,0.06524418294429779,1.4160151481628418,1.4274826049804688,0.10917777568101883,0.13201938569545746,0,True
530,0.9774373173713684,0.14934775233268738,1.0,0.06618588417768478,1.409275770187378,1.419405221939087,0.11101590842008591,0.14543795585632324,0,True
531,0.9729194641113281,0.14796128869056702,1.0,0.06489704549312592,1.4167228937149048,1.4266958236694336,0.12152299284934998,0.14119543135166168,0,True
532,0.9621453881263733,0.14830122888088226,1.0,0.06463567167520523,1.446312427520752,1.455909013748169,0.11717215180397034,0.14369624853134155,0,True
533,0.9660589694976807,0.1578788459300995,1.0,0.06521695852279663,1.4279303550720215,1.4382493495941162,0.09250716120004654,0.1448812633752823,0,True
534,0.9708929061889648,0.15981918573379517,1.0,0.0649295523762703,1.41575026512146,1.4253551959991455,0.09189017862081528,0.14818766713142395,0,True
535,0.9641837477684021,0.1646600067615509,1.0,0.06534796953201294,1.4292595386505127,1.4385406970977783,0.09557610750198364,0.15347836911678314,0,True
536,0.9689208269119263,0.1532333791255951,1.0,0.06522560864686966,1.4278450012207031,1.4385640621185303,0.09898610413074493,0.14482834935188293,0,True
537,0.9753831624984741,0.15270459651947021,1.0,0.06645628809928894,1.4220771789550781,1.433084487915039,0.10232514142990112,0.1294763684272766,0,True
538,0.967452883720398,0.1455991119146347,1.0,0.06615746021270752,1.4076756238937378,1.4178695678710938,0.11303111165761948,0.12283678352832794,0,True
539,0.9627958536148071,0.15102246403694153,1.0,0.0659969374537468,1.413238525390625,1.4235270023345947,0.10938955843448639,0.13874369859695435,0,True
540,0.9623299241065979,0.15154828131198883,1.0,0.06520646810531616,1.4170482158660889,1.427270531654358,0.1025751531124115,0.13761204481124878,0,True
541,0.9627218246459961,0.15181481838226318,1.0,0.0654074102640152,1.4050501585006714,1.4154014587402344,0.10930787026882172,0.1581675410270691,0,True
542,0.9522299766540527,0.15760628879070282,1.0,0.06481309980154037,1.3997085094451904,1.4101512432098389,0.09871654212474823,0.1221848800778389,0,True
543,0.9558743238449097,0.155933678150177,1.0,0.06467454135417938,1.4152562618255615,1.4253222942352295,0.09235966205596924,0.13943955302238464,0,True
544,0.9565479159355164,0.1556333303451538,1.0,0.06505763530731201,1.4231711626052856,1.4336597919464111,0.11455116420984268,0.1289287507534027,0,True
545,0.9486463069915771,0.1510111391544342,1.0,0.065087229013443,1.4242459535598755,1.4344477653503418,0.11497274786233902,0.15164072811603546,0,True
546,0.9390240907669067,0.15634293854236603,1.0,0.06502193957567215,1.4254364967346191,1.434898018836975,0.10865523666143417,0.14750856161117554,0,True
547,0.9423943161964417,0.16159386932849884,1.0,0.06616012752056122,1.4534845352172852,1.4640982151031494,0.11749935895204544,0.14830397069454193,0,True
548,0.9676591753959656,0.16856986284255981,1.0,0.06711310893297195,1.420218825340271,1.432239294052124,0.10561522096395493,0.13737407326698303,0,True
549,0.9666412472724915,0.15492597222328186,1.0,0.06752126663923264,1.4354491233825684,1.4462318420410156,0.09407660365104675,0.14185065031051636,0,True
550,0.9741555452346802,0.15576474368572235,1.0,0.06646481901407242,1.4089219570159912,1.4200918674468994,0.11966139078140259,0.13143473863601685,0,True
551,0.9672528505325317,0.15761244297027588,1.0,0.06595083326101303,1.4103236198425293,1.419130802154541,0.13067562878131866,0.10810903459787369,0,True
552,0.9601984024047852,0.15681998431682587,1.0,0.06461469829082489,1.4049456119537354,1.4140965938568115,0.11117752641439438,0.13968682289123535,0,True
553,0.9532971382141113,0.15573589503765106,1.0,0.06398362666368484,1.4041905403137207,1.414001703262329,0.09150607883930206,0.12802761793136597,0,True
554,0.9588137865066528,0.15816019475460052,1.0,0.06383967399597168,1.390763521194458,1.4011104106903076,0.09297453612089157,0.14034563302993774,0,True
555,0.9575811624526978,0.1552070826292038,1.0,0.06428109854459763,1.4041091203689575,1.414448618888855,0.0942590981721878,0.14852353930473328,0,True
556,0.9515281319618225,0.1495680809020996,1.0,0.06413735449314117,1.4115022420883179,1.4216465950012207,0.09579439461231232,0.14712750911712646,0,True
557,0.944873571395874,0.14659559726715088,1.0,0.06383082270622253,1.4257030487060547,1.4351024627685547,0.09647498279809952,0.1288743019104004,0,True
558,0.9440996646881104,0.13983020186424255,1.0,0.064732626080513,1.4572011232376099,1.4664820432662964,0.10929365456104279,0.1384698450565338,0,True
559,0.967207670211792,0.15526489913463593,1.0,0.06729559600353241,1.454300045967102,1.4660874605178833,0.10212957113981247,0.15508413314819336,0,True
560,0.9776061773300171,0.15764901041984558,1.0,0.06841988861560822,1.4215831756591797,1.432846188545227,0.1289663016796112,0.15435323119163513,0,True
561,0.9809582233428955,0.15637990832328796,1.0,0.06686221063137054,1.3972806930541992,1.4072530269622803,0.10446374118328094,0.14403003454208374,0,True
562,0.9602018594741821,0.14357998967170715,1.0,0.06451267004013062,1.42214035987854,1.4300951957702637,0.11705192178487778,0.14806164801120758,0,True
563,0.9618350267410278,0.1597064733505249,1.0,0.062359388917684555,1.4170539379119873,1.4257447719573975,0.12476186454296112,0.13761673867702484,0,True
564,0.9608794450759888,0.16152648627758026,1.0,0.06369180977344513,1.4091565608978271,1.4187052249908447,0.10097222030162811,0.13899242877960205,0,True
565,0.970154881477356,0.16267910599708557,1.0,0.06526041030883789,1.405158281326294,1.4160479307174683,0.10086068511009216,0.1503763198852539,0,True
566,0.9487768411636353,0.16117411851882935,1.0,0.06483685970306396,1.4159860610961914,1.425645112991333,0.09624306112527847,0.14139924943447113,0,True
567,0.9437267184257507,0.15287747979164124,1.0,0.06386743485927582,1.4212970733642578,1.4316704273223877,0.11865169554948807,0.13708218932151794,0,True
568,0.9516338109970093,0.15088042616844177,1.0,0.06301146000623703,1.4139630794525146,1.4241160154342651,0.10772105306386948,0.1445552408695221,0,True
569,0.9492727518081665,0.13972751796245575,1.0,0.06399695575237274,1.4292991161346436,1.4387271404266357,0.09953811019659042,0.16168183088302612,0,True
570,0.943825364112854,0.13158546388149261,1.0,0.06513212621212006,1.4375370740890503,1.4471017122268677,0.09349671751260757,0.1337866187095642,0,True
571,0.9557454586029053,0.13390478491783142,1.0,0.0656917467713356,1.4374809265136719,1.447951316833496,0.09172838926315308,0.14326609671115875,0,True
572,0.9721419811248779,0.13715723156929016,1.0,0.06622323393821716,1.4112813472747803,1.421217679977417,0.129921093583107,0.14959105849266052,0,True
573,0.9658142924308777,0.13691459596157074,1.0,0.06632951647043228,1.4069344997406006,1.416849136352539,0.10522505640983582,0.1578693687915802,0,True
574,0.9631891846656799,0.14940541982650757,1.0,0.06628555804491043,1.43215811252594,1.4422392845153809,0.12357928603887558,0.14078004658222198,0,True
575,0.9586277604103088,0.1518908590078354,1.0,0.06608356535434723,1.4176907539367676,1.4279930591583252,0.1185702309012413,0.14289776980876923,0,True
576,0.9454857110977173,0.16405637562274933,1.0,0.06493882834911346,1.398254632949829,1.4080238342285156,0.09905710071325302,0.14866995811462402,0,True
577,0.9477130174636841,0.1562793254852295,1.0,0.06354663521051407,1.4093024730682373,1.419069766998291,0.09265893697738647,0.17124441266059875,0,True
578,0.9428451657295227,0.15328459441661835,1.0,0.06367772817611694,1.4028407335281372,1.412492036819458,0.0971316322684288,0.1587049961090088,0,True
579,0.9362133741378784,0.15159481763839722,1.0,0.0637248307466507,1.4267909526824951,1.4371212720870972,0.09641694277524948,0.158150777220726,1,True
580,0.9396662712097168,0.1452103853225708,0.9921875,0.062652587890625,1.4067600965499878,1.4166150093078613,0.08776077628135681,0.1566421240568161,0,True
581,0.9441536664962769,0.1464354544878006,0.9921875,0.06323441118001938,1.4368919134140015,1.4462761878967285,0.0850512683391571,0.14939728379249573,0,True
582,0.9545994400978088,0.14332479238510132,0.9921875,0.0641988217830658,1.4338772296905518,1.4438925981521606,0.0840446874499321,0.15106379985809326,0,True
583,0.9625933170318604,0.1416812539100647,0.9921875,0.0656149685382843,1.4364571571350098,1.446579933166504,0.11609422415494919,0.1446315348148346,0,True
584,0.9740685224533081,0.13825787603855133,0.9921875,0.06632000207901001,1.4377059936523438,1.4466742277145386,0.0923311784863472,0.16566097736358643,0,True
585,0.989671528339386,0.14944902062416077,0.9921875,0.06775541603565216,1.4262773990631104,1.4366202354431152,0.1286560595035553,0.17416632175445557,0,True
586,0.9751729965209961,0.15263739228248596,0.9921875,0.06682807207107544,1.426485300064087,1.4360828399658203,0.1344813108444214,0.15380153059959412,0,True
587,0.9669865965843201,0.14856180548667908,0.9921875,0.06413282454013824,1.3928087949752808,1.402393102645874,0.1253209412097931,0.16897839307785034,0,True
588,0.9605599641799927,0.14690855145454407,0.9921875,0.0631718710064888,1.3916854858398438,1.3998180627822876,0.1363009810447693,0.1715267151594162,0,True
589,0.9603195190429688,0.14800876379013062,0.9921875,0.06204702705144882,1.439082145690918,1.448874831199646,0.1184241846203804,0.19075992703437805,0,True
590,0.9597445726394653,0.13404357433319092,0.9921875,0.06337869167327881,1.4060513973236084,1.4158989191055298,0.09465768933296204,0.1599515825510025,0,True
591,0.9592357873916626,0.1312897503376007,0.9921875,0.06304305046796799,1.4156296253204346,1.4249813556671143,0.09078173339366913,0.17863969504833221,0,True
592,0.9689431190490723,0.1354842185974121,0.9921875,0.06424856185913086,1.4433773756027222,1.453676700592041,0.09406455606222153,0.16276264190673828,0,True
593,0.9698304533958435,0.13406497240066528,0.9921875,0.0655359998345375,1.4496278762817383,1.4596455097198486,0.09301729500293732,0.15992984175682068,0,True
594,0.9739919900894165,0.12007579207420349,0.9921875,0.06623148918151855,1.4531439542770386,1.4628798961639404,0.0950462594628334,0.1399930715560913,0,True
595,0.9873878359794617,0.12907244265079498,0.9921875,0.06667397171258926,1.4570367336273193,1.4667115211486816,0.0969812273979187,0.14872193336486816,1,True
596,0.9967724680900574,0.14700424671173096,0.984375,0.0667487308382988,1.4056357145309448,1.416205883026123,0.10113797336816788,0.12667173147201538,0,True
597,0.9881274700164795,0.15494652092456818,0.984375,0.06629825383424759,1.4162147045135498,1.4248825311660767,0.09974709153175354,0.14304158091545105,0,True
598,0.9882002472877502,0.15294580161571503,0.984375,0.06495144218206406,1.3849550485610962,1.3948547840118408,0.08716574311256409,0.1617671549320221,0,True
599,0.9696133136749268,0.1523207128047943,0.984375,0.06204795092344284,1.3882312774658203,1.39778733253479,0.09077443927526474,0.15662699937820435,0,True
600,0.946914792060852,0.12592142820358276,0.984375,0.06199214980006218,1.3898353576660156,1.3982157707214355,0.09292110800743103,0.17536106705665588,0,True
601,0.9341874718666077,0.13499239087104797,0.984375,0.06048078089952469,1.4099724292755127,1.418607234954834,0.09025544673204422,0.16818036139011383,0,True
602,0.9485614895820618,0.14451941847801208,0.984375,0.06318887323141098,1.4340770244598389,1.4439599514007568,0.1484091579914093,0.1535155177116394,0,True
603,0.9738501906394958,0.14823231101036072,0.984375,0.06514403969049454,1.4302654266357422,1.4413104057312012,0.09179413318634033,0.1723688542842865,0,True
604,0.9762247800827026,0.13682863116264343,0.984375,0.06672762334346771,1.457597017288208,1.4683363437652588,0.09684847295284271,0.16190975904464722,0,True
605,0.9668657779693604,0.14154180884361267,0.984375,0.06621374189853668,1.4416227340698242,1.4517672061920166,0.09977861493825912,0.148829385638237,0,True
606,0.976047158241272,0.14251282811164856,0.984375,0.06624625623226166,1.4365110397338867,1.4466686248779297,0.11200486868619919,0.1579837203025818,0,True
607,0.9891747236251831,0.16228850185871124,0.984375,0.06558334827423096,1.435427188873291,1.4454721212387085,0.11229205131530762,0.17664285004138947,0,True
608,0.9792893528938293,0.16578803956508636,0.984375,0.06652751564979553,1.4156032800674438,1.42527174949646,0.1366906613111496,0.1746741533279419,0,True
609,0.9723676443099976,0.1700516790151596,0.984375,0.06588490307331085,1.389454960823059,1.3991951942443848,0.1024072989821434,0.14748230576515198,0,True
610,0.9687873721122742,0.15745830535888672,0.984375,0.06398798525333405,1.3916049003601074,1.4021375179290771,0.10561999678611755,0.17715656757354736,0,True
611,0.9444631338119507,0.1382552683353424,0.984375,0.06277575343847275,1.3942146301269531,1.4037609100341797,0.10482494533061981,0.14632076025009155,0,True
612,0.9449462294578552,0.13414713740348816,0.984375,0.061789192259311676,1.404391884803772,1.4141221046447754,0.09558774530887604,0.15129166841506958,0,True
613,0.9567530155181885,0.14467482268810272,0.984375,0.06328392773866653,1.4240920543670654,1.4342951774597168,0.0898282378911972,0.15554746985435486,0,True
614,0.9691888689994812,0.13522180914878845,0.984375,0.06574338674545288,1.4319965839385986,1.443253517150879,0.10071181505918503,0.16054518520832062,0,True
615,0.9611082077026367,0.12912437319755554,0.984375,0.0666288509964943,1.4400837421417236,1.4495185613632202,0.10084939002990723,0.1324341744184494,0,True
616,0.9750622510910034,0.1412469446659088,0.984375,0.06513495743274689,1.4176135063171387,1.4281058311462402,0.10908858478069305,0.14450575411319733,0,True
617,0.9779033660888672,0.14563994109630585,0.984375,0.06548081338405609,1.4406054019927979,1.4503002166748047,0.11194290965795517,0.15462815761566162,0,True
618,0.9806968569755554,0.14384952187538147,0.984375,0.06542757898569107,1.4216113090515137,1.4311838150024414,0.09606831520795822,0.15387101471424103,0,True
619,0.9820965528488159,0.15861999988555908,0.984375,0.06562112271785736,1.4105623960494995,1.4210684299468994,0.10409653931856155,0.12507271766662598,0,True
620,0.9890682697296143,0.15000277757644653,0.984375,0.06517165899276733,1.3804199695587158,1.3915884494781494,0.10998888313770294,0.16253572702407837,0,True
621,0.9632759690284729,0.1377635896205902,0.984375,0.06450061500072479,1.4089140892028809,1.4182573556900024,0.11391814053058624,0.14378848671913147,0,True
622,0.9601660966873169,0.1386343240737915,0.984375,0.06232910975813866,1.3856518268585205,1.3949971199035645,0.10152062028646469,0.1363615095615387,0,True
623,0.9500848650932312,0.13348650932312012,0.984375,0.061579957604408264,1.4062732458114624,1.4159090518951416,0.08814772218465805,0.1519795060157776,0,True
624,0.9667278528213501,0.13710573315620422,0.984375,0.06514684855937958,1.404538869857788,1.414273738861084,0.13628922402858734,0.16633471846580505,0,True
625,0.9661928415298462,0.1322687268257141,0.984375,0.06454114615917206,1.4436830282211304,1.453930139541626,0.09466767311096191,0.14019136130809784,0,True
626,0.9589663743972778,0.12734821438789368,0.984375,0.06481745839118958,1.4303834438323975,1.4408706426620483,0.09796354919672012,0.1261032223701477,0,True
627,0.961785078048706,0.13815245032310486,0.984375,0.06466765701770782,1.4280707836151123,1.4385392665863037,0.10712447762489319,0.15116098523139954,0,True
628,0.96950364112854,0.14308272302150726,0.984375,0.06467249989509583,1.4291387796401978,1.4380106925964355,0.12518689036369324,0.15972158312797546,0,True
629,0.9743950366973877,0.15295787155628204,0.984375,0.0648786872625351,1.4249160289764404,1.4342269897460938,0.0996568500995636,0.14349126815795898,0,True
630,0.9821773767471313,0.1598043143749237,0.984375,0.06593547761440277,1.429671049118042,1.4397940635681152,0.09231408685445786,0.1315551996231079,0,True
631,0.9801826477050781,0.15668466687202454,0.984375,0.06566904485225677,1.4050718545913696,1.4154057502746582,0.0992814227938652,0.13636450469493866,0,True
632,0.9634460210800171,0.14683160185813904,0.984375,0.0646657645702362,1.418033480644226,1.4279766082763672,0.09017181396484375,0.11353690922260284,0,True
633,0.955362856388092,0.14443352818489075,0.984375,0.0632782131433487,1.3750046491622925,1.3843536376953125,0.09481686353683472,0.1291135549545288,0,True
634,0.9543176889419556,0.13202205300331116,0.984375,0.062414512038230896,1.3934869766235352,1.4028887748718262,0.09191732108592987,0.1474286913871765,0,True
635,0.9616291522979736,0.12677001953125,0.984375,0.06443796306848526,1.4224460124969482,1.4335918426513672,0.11401389539241791,0.17468616366386414,0,True
636,0.9673665761947632,0.1338861584663391,0.984375,0.06410794705152512,1.3951177597045898,1.4053101539611816,0.09072442352771759,0.1664903461933136,0,True
637,0.9588785767555237,0.1410638689994812,0.984375,0.06407438963651657,1.4227986335754395,1.4324167966842651,0.10811688005924225,0.1259433776140213,0,True
638,0.9665274620056152,0.14442366361618042,0.984375,0.06365740299224854,1.4289240837097168,1.4394986629486084,0.11750321090221405,0.15845684707164764,0,True
639,0.9700756072998047,0.1547691822052002,0.984375,0.06520351767539978,1.4223164319992065,1.4323549270629883,0.10894377529621124,0.13652752339839935,0,True
640,0.9731966853141785,0.14255012571811676,0.984375,0.06556746363639832,1.4296143054962158,1.4393444061279297,0.08851175010204315,0.15615586936473846,0,True
641,0.9573203921318054,0.15832668542861938,0.984375,0.06531015038490295,1.4354934692382812,1.4453743696212769,0.11660297960042953,0.14192934334278107,1,True
642,0.9599019885063171,0.16103117167949677,0.9765625,0.06500650942325592,1.4222931861877441,1.4333255290985107,0.09998535364866257,0.14065365493297577,0,True
643,0.9577137231826782,0.1483723372220993,0.9765625,0.06376802921295166,1.4042556285858154,1.4134140014648438,0.09505436569452286,0.15274667739868164,0,True
644,0.954510509967804,0.1429997682571411,0.9765625,0.06351353228092194,1.4140716791152954,1.4238758087158203,0.09360530972480774,0.13741426169872284,0,True
645,0.9711745977401733,0.13955870270729065,0.9765625,0.06468400359153748,1.404127597808838,1.4157567024230957,0.09467286616563797,0.15903031826019287,0,True
646,0.9569677710533142,0.12890416383743286,0.9765625,0.06516101956367493,1.4105840921401978,1.4205752611160278,0.1168660968542099,0.17939132452011108,0,True
647,0.9578513503074646,0.1438812017440796,0.9765625,0.06372670829296112,1.4211831092834473,1.4308912754058838,0.10610095411539078,0.16537624597549438,0,True
648,0.9628111720085144,0.15119951963424683,0.9765625,0.06293151527643204,1.4057633876800537,1.4141907691955566,0.10424921661615372,0.16373367607593536,0,True
649,0.9722256660461426,0.14921441674232483,0.9765625,0.06391088664531708,1.428915023803711,1.4393483400344849,0.08757747709751129,0.17780061066150665,0,True
650,0.9826033711433411,0.1538952887058258,0.9765625,0.06559550017118454,1.4411956071853638,1.4525266885757446,0.12228132039308548,0.1866401582956314,0,True
651,0.9619814157485962,0.14936010539531708,0.9765625,0.0650382936000824,1.4286304712295532,1.4381649494171143,0.09224432706832886,0.15231458842754364,0,True
652,0.9552932977676392,0.14586740732192993,0.9765625,0.06444475054740906,1.4347162246704102,1.444260597229004,0.12391107529401779,0.14822186529636383,0,True
653,0.9608647227287292,0.1439153254032135,0.9765625,0.06471771001815796,1.4327099323272705,1.4427649974822998,0.09349808096885681,0.1478881537914276,0,True
654,0.959526777267456,0.1442929059267044,0.9765625,0.06515158712863922,1.4315955638885498,1.440761685371399,0.09429527819156647,0.15355108678340912,0,True
655,0.9676907062530518,0.137142151594162,0.9765625,0.06514408439397812,1.4420216083526611,1.4524697065353394,0.1127525195479393,0.14583387970924377,0,True
656,0.9688011407852173,0.1433110535144806,0.9765625,0.06543580442667007,1.4077484607696533,1.4177937507629395,0.08864719420671463,0.13911864161491394,0,True
657,0.9670921564102173,0.13866844773292542,0.9765625,0.06416729092597961,1.4035136699676514,1.4136013984680176,0.10854578763246536,0.13294847309589386,0,True
658,0.9695518016815186,0.1406009942293167,0.9765625,0.06315524876117706,1.4071509838104248,1.4170938730239868,0.1264680027961731,0.12226130068302155,0,True
659,0.9703711271286011,0.1371179223060608,0.9765625,0.06440447270870209,1.4196155071258545,1.4292001724243164,0.10595928877592087,0.1575678288936615,0,True
660,0.9659477472305298,0.14805343747138977,0.9765625,0.0640983134508133,1.402664303779602,1.4124329090118408,0.10258858650922775,0.13363339006900787,0,True
661,0.9679311513900757,0.15375033020973206,0.9765625,0.0634365826845169,1.402679204940796,1.413208246231079,0.08784365653991699,0.1298292726278305,0,True
662,0.9594222903251648,0.15263181924819946,0.9765625,0.06363236904144287,1.3965935707092285,1.4067902565002441,0.08812414854764938,0.16112393140792847,0,True
663,0.9480197429656982,0.12909038364887238,0.9765625,0.0635637640953064,1.4353586435317993,1.4453694820404053,0.08515828847885132,0.14668920636177063,0,True
664,0.9542114734649658,0.1264672428369522,0.9765625,0.06276048719882965,1.4184114933013916,1.4286162853240967,0.09276983886957169,0.1462913155555725,0,True
665,0.9568199515342712,0.12846386432647705,0.9765625,0.06453852355480194,1.4265294075012207,1.4369628429412842,0.10086868703365326,0.1552533507347107,0,True
666,0.9627727270126343,0.13082674145698547,0.9765625,0.06639079004526138,1.4190160036087036,1.4298323392868042,0.0941300168633461,0.15857169032096863,0,True
667,0.9735976457595825,0.13533136248588562,0.9765625,0.0659489780664444,1.4168789386749268,1.4270744323730469,0.09088382869958878,0.1330139935016632,0,True
668,0.9759684801101685,0.13162758946418762,0.9765625,0.06506936252117157,1.411926031112671,1.421789288520813,0.09209951013326645,0.13760873675346375,0,True
669,0.9890865087509155,0.13167421519756317,0.9765625,0.06520535051822662,1.421428918838501,1.4326196908950806,0.09741879999637604,0.15442954003810883,0,True
670,0.9911620616912842,0.14042925834655762,0.9765625,0.06506817042827606,1.4098238945007324,1.419889211654663,0.08972777426242828,0.14303749799728394,0,True
671,0.9832012057304382,0.1449749767780304,0.9765625,0.06498563289642334,1.4137563705444336,1.423490047454834,0.09163716435432434,0.13988593220710754,0,True
672,0.9736877679824829,0.14509795606136322,0.9765625,0.06411874294281006,1.405561089515686,1.4158620834350586,0.08838437497615814,0.14231504499912262,0,True
673,0.95892333984375,0.13539589941501617,0.9765625,0.0631372332572937,1.4092109203338623,1.4188860654830933,0.09028507024049759,0.15566778182983398,0,True
674,0.969383716583252,0.13257010281085968,0.9765625,0.06257481873035431,1.4113914966583252,1.4216153621673584,0.09062806516885757,0.17155134677886963,0,True
675,0.9576585292816162,0.12464409321546555,0.9765625,0.06355025619268417,1.418964147567749,1.429365873336792,0.10676467418670654,0.15278831124305725,0,True
676,0.9624927043914795,0.12370528280735016,0.9765625,0.06412655860185623,1.4265034198760986,1.437481164932251,0.08738718926906586,0.14408499002456665,0,True
677,0.9580724239349365,0.11684558540582657,0.9765625,0.06440803408622742,1.4294438362121582,1.4389911890029907,0.09078319370746613,0.14836493134498596,0,True
678,0.9622933864593506,0.12794996798038483,0.9765625,0.06422792375087738,1.4434256553649902,1.4538578987121582,0.09135208278894424,0.11109837144613266,0,True
679,0.9658189415931702,0.13953371345996857,0.9765625,0.06472548842430115,1.4466520547866821,1.4570653438568115,0.08676233887672424,0.12999555468559265,0,True
680,0.9791201949119568,0.13486279547214508,0.9765625,0.06571091711521149,1.4190669059753418,1.4296284914016724,0.09116070717573166,0.14661884307861328,0,True
681,0.972669243812561,0.1386144906282425,0.9765625,0.06539856642484665,1.4309519529342651,1.440638542175293,0.09600936621427536,0.14152950048446655,0,True
682,0.9739253520965576,0.1437666416168213,0.9765625,0.06480397284030914,1.4043961763381958,1.4152504205703735,0.09184110909700394,0.11846183240413666,0,True
683,0.9643087983131409,0.14322367310523987,0.9765625,0.0637042373418808,1.3924577236175537,1.4023420810699463,0.09891746193170547,0.13325312733650208,0,True
684,0.9430081844329834,0.13876861333847046,0.9765625,0.06301842629909515,1.4346508979797363,1.4430885314941406,0.13670611381530762,0.1740245670080185,0,True
685,0.9452447891235352,0.1499890685081482,0.9765625,0.06298042088747025,1.4404590129852295,1.4511919021606445,0.09469553828239441,0.1462174355983734,0,True
686,0.9462273716926575,0.14371097087860107,0.9765625,0.06434918940067291,1.4206228256225586,1.4313158988952637,0.14764034748077393,0.1671205759048462,0,True
687,0.9438377618789673,0.1274867206811905,0.9765625,0.06420361250638962,1.439362645149231,1.449112057685852,0.09069780260324478,0.1590239703655243,0,True
688,0.9574378728866577,0.12542952597141266,0.9765625,0.06426233053207397,1.4424991607666016,1.4532074928283691,0.09019012749195099,0.1471647024154663,0,True
689,0.9644790291786194,0.13357502222061157,0.9765625,0.06547319889068604,1.4279284477233887,1.4387774467468262,0.08789519220590591,0.1423068791627884,0,True
690,0.9733593463897705,0.13875490427017212,0.9765625,0.06593939661979675,1.4257365465164185,1.4364681243896484,0.0930485799908638,0.14214979112148285,0,True
691,0.9743573665618896,0.1427711844444275,0.9765625,0.0650322437286377,1.4146816730499268,1.4244457483291626,0.09299997240304947,0.1404845118522644,0,True
692,0.9622832536697388,0.13868597149848938,0.9765625,0.06454705446958542,1.4141218662261963,1.4238412380218506,0.09296940267086029,0.13570834696292877,0,True
693,0.9699341058731079,0.14746342599391937,0.9765625,0.06394334137439728,1.416896939277649,1.427405834197998,0.08970025926828384,0.1403399407863617,0,True
694,0.9703981876373291,0.15021762251853943,0.9765625,0.06425737589597702,1.390317678451538,1.4004617929458618,0.10878586769104004,0.14929154515266418,0,True
695,0.956551194190979,0.13606664538383484,0.9765625,0.06404516100883484,1.3954226970672607,1.4048494100570679,0.08965613692998886,0.17010007798671722,0,True
696,0.9560055732727051,0.1353776603937149,0.9765625,0.0634450912475586,1.418656587600708,1.428822636604309,0.08863760530948639,0.16655988991260529,0,True
697,0.9468936920166016,0.13333415985107422,0.9765625,0.06334304064512253,1.4081764221191406,1.4183330535888672,0.09229699522256851,0.14024585485458374,0,True
698,0.944212019443512,0.14161887764930725,0.9765625,0.06307768821716309,1.4322266578674316,1.4422048330307007,0.09132751822471619,0.1356147676706314,0,True
699,0.9414989948272705,0.12677009403705597,0.9765625,0.06449344754219055,1.438422679901123,1.4486554861068726,0.08803484588861465,0.12618306279182434,0,True
700,0.9506555795669556,0.1276799738407135,0.9765625,0.06458165496587753,1.4249223470687866,1.4351863861083984,0.0926252081990242,0.13961026072502136,0,True
701,0.9647010564804077,0.13712342083454132,0.9765625,0.06543730199337006,1.4371702671051025,1.4476925134658813,0.09101158380508423,0.14421877264976501,0,True
702,0.9792866706848145,0.1457720696926117,0.9765625,0.06499074399471283,1.4346342086791992,1.4447927474975586,0.09307046234607697,0.16950619220733643,0,True
703,0.9755960702896118,0.14492137730121613,0.9765625,0.06592042744159698,1.4576778411865234,1.466945767402649,0.12606237828731537,0.1422809511423111,0,True
704,0.9745655059814453,0.14457178115844727,0.9765625,0.06528176367282867,1.4202299118041992,1.429811954498291,0.08906388282775879,0.14692765474319458,0,True
705,0.975605845451355,0.15186399221420288,0.9765625,0.0641687661409378,1.4100534915924072,1.420445442199707,0.09287814795970917,0.14901113510131836,0,True
706,0.9657813310623169,0.14134728908538818,0.9765625,0.06472571194171906,1.4107798337936401,1.4210574626922607,0.09257937967777252,0.1518803834915161,0,True
707,0.9630094170570374,0.13604560494422913,0.9765625,0.06359626352787018,1.3969756364822388,1.407616138458252,0.09720568358898163,0.16652920842170715,0,True
708,0.9553548097610474,0.12048821151256561,0.9765625,0.06266672164201736,1.4268524646759033,1.4374160766601562,0.09191281348466873,0.18396374583244324,0,True
709,0.9494732022285461,0.1257089376449585,0.9765625,0.06391392648220062,1.419588327407837,1.4299275875091553,0.1008853018283844,0.14532339572906494,0,True
710,0.9521983861923218,0.12699097394943237,0.9765625,0.06404964625835419,1.4313311576843262,1.440974473953247,0.09494756162166595,0.16994936764240265,0,True
711,0.9611051082611084,0.1284131109714508,0.9765625,0.0642143115401268,1.451389193534851,1.4620047807693481,0.08420252799987793,0.1553432047367096,0,True
712,0.9614012837409973,0.12617233395576477,0.9765625,0.06495007127523422,1.440641164779663,1.4504616260528564,0.09313275665044785,0.1427658349275589,0,True
713,0.9694374799728394,0.12654012441635132,0.9765625,0.06542202830314636,1.4421454668045044,1.452912449836731,0.0960952416062355,0.15323244035243988,0,True
714,0.9774912595748901,0.14335192739963531,0.9765625,0.0658344030380249,1.4328258037567139,1.4429036378860474,0.12410509586334229,0.12917375564575195,0,True
715,0.9741636514663696,0.13537931442260742,0.9765625,0.06579510867595673,1.4160128831863403,1.424649715423584,0.10415787994861603,0.12529969215393066,0,True
716,0.9767488241195679,0.14275828003883362,0.9765625,0.06443345546722412,1.4392273426055908,1.4494658708572388,0.09142135828733444,0.1392139196395874,0,True
717,0.9698731899261475,0.13684706389904022,0.9765625,0.06536617875099182,1.392679214477539,1.403402328491211,0.1686515361070633,0.1243496686220169,0,True
718,0.9666107296943665,0.12696997821331024,0.9765625,0.06379321962594986,1.390552282333374,1.400277018547058,0.09163054823875427,0.15725906193256378,0,True
719,0.9643856287002563,0.1267542988061905,0.9765625,0.06234549731016159,1.3906888961791992,1.399627447128296,0.08866371959447861,0.14754433929920197,0,True
720,0.9548506736755371,0.12875498831272125,0.9765625,0.0631379559636116,1.4220150709152222,1.4321837425231934,0.0925486832857132,0.14573590457439423,0,True
721,0.9587405920028687,0.13083666563034058,0.9765625,0.0635288655757904,1.4090499877929688,1.4197100400924683,0.08788853883743286,0.15352433919906616,0,True
722,0.9532824754714966,0.12892232835292816,0.9765625,0.06443409621715546,1.4366481304168701,1.4458763599395752,0.08952867984771729,0.16464334726333618,0,True
723,0.9611886143684387,0.1328124701976776,0.9765625,0.06566156446933746,1.449354648590088,1.459320306777954,0.10293783247470856,0.13567999005317688,0,True
724,0.9643670320510864,0.14372827112674713,0.9765625,0.0656762346625328,1.4215145111083984,1.4325478076934814,0.09227047115564346,0.1380177140235901,0,True
725,0.9638636708259583,0.13428108394145966,0.9765625,0.0653839111328125,1.4174003601074219,1.4274566173553467,0.09509211033582687,0.15039017796516418,0,True
726,0.9684219360351562,0.13330237567424774,0.9765625,0.06433705985546112,1.412383794784546,1.4213088750839233,0.10028838366270065,0.1394660472869873,0,True
727,0.9652426838874817,0.13938698172569275,0.9765625,0.06450332701206207,1.4205979108810425,1.430405855178833,0.10548073798418045,0.11612415313720703,0,True
728,0.9682803153991699,0.13351190090179443,0.9765625,0.06395392119884491,1.402919888496399,1.413848638534546,0.08960594236850739,0.1384323388338089,0,True
729,0.9641687870025635,0.13149133324623108,0.9765625,0.0638158917427063,1.3822765350341797,1.39264976978302,0.09075627475976944,0.14354950189590454,0,True
730,0.9575358629226685,0.12518782913684845,0.9765625,0.0638861358165741,1.4267926216125488,1.4365472793579102,0.09470292180776596,0.14428994059562683,0,True
731,0.9592928886413574,0.1414063572883606,0.9765625,0.06391569972038269,1.4169899225234985,1.4279040098190308,0.09129432588815689,0.1263168901205063,0,True
732,0.9521489143371582,0.13829779624938965,0.9765625,0.0646422952413559,1.4146411418914795,1.4259331226348877,0.10841407626867294,0.13333076238632202,0,True
733,0.9487499594688416,0.13343816995620728,0.9765625,0.0644407868385315,1.4393647909164429,1.4487718343734741,0.08946128189563751,0.13468828797340393,0,True
734,0.9611718654632568,0.14431144297122955,0.9765625,0.06476914882659912,1.4597681760787964,1.4699971675872803,0.09196466952562332,0.12942242622375488,0,True
735,0.9720345735549927,0.14467991888523102,0.9765625,0.06571821868419647,1.446479320526123,1.4581334590911865,0.09014978259801865,0.1360064446926117,0,True
736,0.9746348857879639,0.14403262734413147,0.9765625,0.0656772255897522,1.4203124046325684,1.4310693740844727,0.09575174748897552,0.1623777449131012,0,True
737,0.9598186016082764,0.1352231651544571,0.9765625,0.06447666883468628,1.401702880859375,1.4099562168121338,0.11276868730783463,0.13050305843353271,0,True
738,0.9517428278923035,0.12725773453712463,0.9765625,0.0626373291015625,1.431948184967041,1.4411134719848633,0.08998043835163116,0.12797729671001434,0,True
739,0.9623391628265381,0.13899436593055725,0.9765625,0.06359036266803741,1.4181277751922607,1.4278812408447266,0.09645471721887589,0.1401464343070984,0,True
740,0.9683948755264282,0.14032143354415894,0.9765625,0.06499004364013672,1.42960524559021,1.440927267074585,0.09086467325687408,0.14951512217521667,0,True
741,0.9726148843765259,0.13939416408538818,0.9765625,0.06586140394210815,1.3998854160308838,1.410851240158081,0.09580722451210022,0.1484987437725067,0,True
742,0.9491777420043945,0.124705970287323,0.9765625,0.06465186178684235,1.4189003705978394,1.4288959503173828,0.09120238572359085,0.15488965809345245,0,True
743,0.9459770917892456,0.1316884458065033,0.9765625,0.06330708414316177,1.3966288566589355,1.4067180156707764,0.09429401904344559,0.11916098743677139,0,True
744,0.9410419464111328,0.14544185996055603,0.9765625,0.06246110051870346,1.411956787109375,1.420264482498169,0.09513280540704727,0.1198166012763977,0,True
745,0.9520809650421143,0.1374858319759369,0.9765625,0.0632697343826294,1.4251039028167725,1.435903549194336,0.08908785134553909,0.15121930837631226,0,True
746,0.9499319195747375,0.14301325380802155,0.9765625,0.06554749608039856,1.4303836822509766,1.440993070602417,0.09066571295261383,0.14786586165428162,0,True
747,0.9519351124763489,0.129608616232872,0.9765625,0.06596368551254272,1.4308972358703613,1.4412040710449219,0.09210037440061569,0.150181382894516,0,True
748,0.9557690620422363,0.12687157094478607,0.9765625,0.06444323807954788,1.415557861328125,1.425502061843872,0.09486079961061478,0.14343446493148804,0,True
749,0.9551976919174194,0.13176827132701874,0.9765625,0.0637914389371872,1.4105217456817627,1.420189380645752,0.08752607554197311,0.13979707658290863,0,True
750,0.9605209827423096,0.13594333827495575,0.9765625,0.06474229693412781,1.4100546836853027,1.4208283424377441,0.09307507425546646,0.13642071187496185,0,True
751,0.9618842601776123,0.13135874271392822,0.9765625,0.06577858328819275,1.4047863483428955,1.415006160736084,0.0867592990398407,0.1389935463666916,0,True
752,0.9529175162315369,0.13915470242500305,0.9765625,0.06477195769548416,1.38218092918396,1.3930537700653076,0.08866369724273682,0.13748495280742645,0,True
753,0.951415479183197,0.13975420594215393,0.9765625,0.06383472681045532,1.3850756883621216,1.395567774772644,0.08843830972909927,0.14761540293693542,0,True
754,0.9480345249176025,0.1458083987236023,0.9765625,0.0628395527601242,1.4025321006774902,1.4125585556030273,0.0943947285413742,0.13211248815059662,0,True
755,0.9445065259933472,0.14966866374015808,0.9765625,0.0631372258067131,1.4110080003738403,1.4208204746246338,0.0859425887465477,0.14045009016990662,0,True
756,0.9417504668235779,0.14767864346504211,0.9765625,0.06438946723937988,1.4349822998046875,1.4454686641693115,0.09306783974170685,0.12735627591609955,0,True
757,0.9473724365234375,0.14283104240894318,0.9765625,0.06512760370969772,1.4332292079925537,1.443839430809021,0.08831719309091568,0.13846546411514282,0,True
758,0.9525935053825378,0.13822266459465027,0.9765625,0.06446197628974915,1.4374659061431885,1.448393702507019,0.08790823072195053,0.14644776284694672,0,True
759,0.960835337638855,0.13315074145793915,0.9765625,0.06489646434783936,1.4171442985534668,1.4277284145355225,0.09580188989639282,0.1533985733985901,0,True
760,0.9469587206840515,0.13137364387512207,0.9765625,0.06384497880935669,1.4189393520355225,1.4277904033660889,0.08751028031110764,0.14799228310585022,0,True
761,0.9452331066131592,0.13418492674827576,0.9765625,0.06393073499202728,1.4208520650863647,1.4310709238052368,0.08926813304424286,0.1319713294506073,0,True
762,0.9486680626869202,0.14099133014678955,0.9765625,0.06373000890016556,1.4091873168945312,1.41983962059021,0.08879535645246506,0.13374225795269012,0,True
763,0.9523295164108276,0.14343038201332092,0.9765625,0.064339280128479,1.4099042415618896,1.42002272605896,0.08781960606575012,0.1468702256679535,0,True
764,0.9562414884567261,0.1534830927848816,0.9765625,0.06427688896656036,1.3987473249435425,1.4096086025238037,0.08770974725484848,0.13430218398571014,0,True
765,0.9620331525802612,0.1554560363292694,0.9765625,0.06423619389533997,1.3976205587387085,1.4083250761032104,0.09263929724693298,0.14335298538208008,0,True
766,0.9383304715156555,0.14355072379112244,0.9765625,0.06422484666109085,1.4070708751678467,1.417442798614502,0.09024602919816971,0.1310761570930481,0,True
767,0.9399982690811157,0.14186647534370422,0.9765625,0.06285442411899567,1.414562463760376,1.4244048595428467,0.09024328738451004,0.13588616251945496,0,True
768,0.9459339380264282,0.14077185094356537,0.9765625,0.06369782984256744,1.432883858680725,1.4427995681762695,0.08475615829229355,0.14402344822883606,0,True
769,0.9498693943023682,0.13880732655525208,0.9765625,0.06463389098644257,1.4351868629455566,1.4460934400558472,0.08766733855009079,0.151683509349823,0,True
770,0.9494062662124634,0.1358315795660019,0.9765625,0.06586423516273499,1.4348108768463135,1.4456467628479004,0.09244044870138168,0.1512264609336853,0,True
771,0.9441232681274414,0.13851186633110046,0.9765625,0.06443852186203003,1.4089072942733765,1.41935133934021,0.08657143265008926,0.1272856891155243,0,True
772,0.934607982635498,0.14826567471027374,0.9765625,0.06367816776037216,1.410425066947937,1.4200756549835205,0.09024306386709213,0.1439063847064972,0,True
773,0.941665768623352,0.146877259016037,0.9765625,0.06326405704021454,1.4110569953918457,1.4210044145584106,0.08950420469045639,0.14853355288505554,0,True
774,0.9320064783096313,0.15582984685897827,0.9765625,0.06415535509586334,1.417656421661377,1.4272608757019043,0.09555433690547943,0.14050331711769104,0,True
775,0.9390674829483032,0.15719729661941528,0.9765625,0.06453195214271545,1.4184467792510986,1.4294748306274414,0.08866582065820694,0.12812440097332,0,True
776,0.9422482252120972,0.1472932994365692,0.9765625,0.0649532824754715,1.4227283000946045,1.433683156967163,0.08964251726865768,0.1475875973701477,0,True
777,0.9466028809547424,0.14575627446174622,0.9765625,0.06488868594169617,1.4260597229003906,1.436491847038269,0.09320224076509476,0.14643816649913788,0,True
778,0.946637749671936,0.14631444215774536,0.9765625,0.06498583406209946,1.4643762111663818,1.474320888519287,0.09622600674629211,0.12346906960010529,0,True
779,0.9544714689254761,0.1423550546169281,0.9765625,0.06562255322933197,1.428213357925415,1.4385766983032227,0.08655939996242523,0.13628415763378143,0,True
780,0.9560047388076782,0.1387496441602707,0.9765625,0.06554930657148361,1.4177260398864746,1.4290629625320435,0.08607980608940125,0.1413644701242447,0,True
781,0.9634712934494019,0.12605296075344086,0.9765625,0.06609801948070526,1.3988151550292969,1.4099605083465576,0.08939463645219803,0.1530526727437973,0,True
782,0.950059711933136,0.13014492392539978,0.9765625,0.06433029472827911,1.400613784790039,1.4102474451065063,0.09366451948881149,0.14228293299674988,0,True
783,0.9367526173591614,0.13526545464992523,0.9765625,0.06260751187801361,1.408808708190918,1.4182605743408203,0.09313760697841644,0.11412273347377777,0,True
784,0.9452664852142334,0.15686333179473877,0.9765625,0.06197153031826019,1.3850960731506348,1.3957810401916504,0.08501802384853363,0.13090890645980835,0,True
785,0.9499024748802185,0.161566823720932,0.9765625,0.06355021148920059,1.4121266603469849,1.4225099086761475,0.08493403345346451,0.13589683175086975,0,True
786,0.9446879625320435,0.14641427993774414,0.9765625,0.06445237249135971,1.4224472045898438,1.4330915212631226,0.09524494409561157,0.16073250770568848,0,True
787,0.945216715335846,0.150630384683609,0.9765625,0.06481204181909561,1.4310953617095947,1.4424693584442139,0.0903383120894432,0.13485980033874512,0,True
788,0.9548341035842896,0.148443803191185,0.9765625,0.06538060307502747,1.43222975730896,1.442882776260376,0.08998119831085205,0.13259726762771606,0,True
789,0.9489905834197998,0.14824295043945312,0.9765625,0.06483685970306396,1.4138774871826172,1.4239392280578613,0.0894678458571434,0.13146847486495972,0,True
790,0.9458905458450317,0.145019993185997,0.9765625,0.06501619517803192,1.4333078861236572,1.4434518814086914,0.09226509928703308,0.14258715510368347,0,True
791,0.954329252243042,0.14170752465724945,0.9765625,0.06517179310321808,1.4248194694519043,1.4356327056884766,0.0950770452618599,0.15004131197929382,0,True
792,0.9471405744552612,0.1402779221534729,0.9765625,0.0655154436826706,1.4090220928192139,1.4192088842391968,0.10370510071516037,0.13820955157279968,0,True
793,0.937809944152832,0.13654786348342896,0.9765625,0.06331872195005417,1.418944239616394,1.4281091690063477,0.08599438518285751,0.1337781846523285,0,True
794,0.9412407875061035,0.14669595658779144,0.9765625,0.06321730464696884,1.4105045795440674,1.4213100671768188,0.08784496039152145,0.11268037557601929,0,True
795,0.9437735676765442,0.15124739706516266,0.9765625,0.06442221999168396,1.397974967956543,1.4086854457855225,0.08729678392410278,0.1479833573102951,0,True
796,0.9400110840797424,0.15883119404315948,0.9765625,0.06469976902008057,1.4131898880004883,1.4233702421188354,0.08801684528589249,0.1358078569173813,0,True
797,0.9455570578575134,0.15235164761543274,0.9765625,0.0642610713839531,1.4010848999023438,1.411819338798523,0.08808065205812454,0.13576951622962952,0,True
798,0.9386300444602966,0.1582033634185791,0.9765625,0.06434749066829681,1.4031057357788086,1.4141061305999756,0.08833392709493637,0.13161104917526245,0,True
799,0.9334163665771484,0.1481848657131195,0.9765625,0.06471380591392517,1.4214389324188232,1.4309096336364746,0.08647245913743973,0.14945891499519348,0,True
800,0.9386729001998901,0.15431615710258484,0.9765625,0.0638192817568779,1.4235804080963135,1.4335682392120361,0.08784428983926773,0.13976460695266724,0,True
801,0.9495141506195068,0.15958842635154724,0.9765625,0.0653550773859024,1.4283599853515625,1.4394820928573608,0.08711568266153336,0.13513201475143433,0,True
802,0.9543871879577637,0.1585400253534317,0.9765625,0.06582801043987274,1.3921608924865723,1.4036755561828613,0.09541649371385574,0.14049692451953888,0,True
803,0.9369617700576782,0.14483210444450378,0.9765625,0.06482990086078644,1.4133139848709106,1.4232991933822632,0.08681239187717438,0.13336515426635742,0,True
804,0.9328852295875549,0.14017945528030396,0.9765625,0.06235845759510994,1.4003053903579712,1.4107134342193604,0.08596555888652802,0.13643358647823334,0,True
805,0.9399117231369019,0.1478404402732849,0.9765625,0.06339932978153229,1.398491621017456,1.4092111587524414,0.09175439924001694,0.12043511867523193,0,True
806,0.9377508163452148,0.15132859349250793,0.9765625,0.06488530337810516,1.4060869216918945,1.416105031967163,0.09298805892467499,0.13398966193199158,0,True
807,0.9447847604751587,0.1564754843711853,0.9765625,0.0645155981183052,1.4113802909851074,1.4224460124969482,0.09351983666419983,0.15402710437774658,0,True
808,0.9485890865325928,0.1631115972995758,0.9765625,0.06431858241558075,1.4019536972045898,1.413071632385254,0.09166137129068375,0.15854407846927643,0,True
809,0.9333286881446838,0.1582452356815338,0.9765625,0.0644088089466095,1.416243553161621,1.4258610010147095,0.09092573821544647,0.1494879275560379,0,True
810,0.9244773983955383,0.1500398814678192,0.9765625,0.062422629445791245,1.4156960248947144,1.4252033233642578,0.09221231192350388,0.14046737551689148,0,True
811,0.9345667362213135,0.1566978245973587,0.9765625,0.06341998279094696,1.4286446571350098,1.4386051893234253,0.09087827056646347,0.1478559970855713,0,True
812,0.9457340240478516,0.16404905915260315,0.9765625,0.06566885858774185,1.3935842514038086,1.4049967527389526,0.095530666410923,0.14450430870056152,0,True
813,0.9356236457824707,0.14466148614883423,0.9765625,0.06511961668729782,1.4276115894317627,1.4384267330169678,0.08863405883312225,0.1355210542678833,0,True
814,0.9329116344451904,0.14298109710216522,0.9765625,0.06442594528198242,1.4154211282730103,1.4244884252548218,0.09397736191749573,0.13534265756607056,0,True
815,0.9225924015045166,0.14449721574783325,0.9765625,0.06322057545185089,1.4245110750198364,1.4344756603240967,0.09018390625715256,0.12897001206874847,0,True
816,0.9331660270690918,0.15962016582489014,0.9765625,0.06324100494384766,1.411771297454834,1.42219078540802,0.08544891327619553,0.11750013381242752,0,True
817,0.9299662709236145,0.1645052134990692,0.9765625,0.06404013931751251,1.4071848392486572,1.41680109500885,0.09036261588335037,0.13081508874893188,0,True
818,0.9381600618362427,0.1646610051393509,0.9765625,0.06524813920259476,1.430692434310913,1.4412068128585815,0.09472247213125229,0.14746984839439392,0,True
819,0.9494454860687256,0.1602421998977661,0.9765625,0.06558439880609512,1.4086087942123413,1.4204992055892944,0.09447845071554184,0.13424335420131683,0,True
820,0.9396694898605347,0.16121064126491547,0.9765625,0.0642385482788086,1.3913865089416504,1.4014406204223633,0.08565032482147217,0.1263146698474884,0,True
821,0.9198582172393799,0.15566417574882507,0.9765625,0.06320354342460632,1.419071912765503,1.4281805753707886,0.08396554738283157,0.15021347999572754,0,True
822,0.9210017323493958,0.16294202208518982,0.9765625,0.06242015212774277,1.420072317123413,1.4303860664367676,0.08896654099225998,0.13109254837036133,0,True
823,0.9176923632621765,0.15823884308338165,0.9765625,0.06426720321178436,1.4042797088623047,1.414299488067627,0.0889756977558136,0.14958223700523376,0,True
824,0.919845461845398,0.14872467517852783,0.9765625,0.06456159055233002,1.426163911819458,1.4370319843292236,0.08874018490314484,0.15890784561634064,0,True
825,0.9181020855903625,0.14786574244499207,0.9765625,0.06388808786869049,1.4274184703826904,1.437333583831787,0.08797908574342728,0.15357041358947754,0,True
826,0.919350802898407,0.1457151472568512,0.9765625,0.06356123089790344,1.4256134033203125,1.4355547428131104,0.0844387337565422,0.14691013097763062,0,True
827,0.9274423718452454,0.14902088046073914,0.9765625,0.06373358517885208,1.4341304302215576,1.4443330764770508,0.08951659500598907,0.14011695981025696,0,True
828,0.9442011117935181,0.1599104404449463,0.9765625,0.06559731066226959,1.428156852722168,1.439743995666504,0.08991816639900208,0.14113029837608337,0,True
829,0.9407139420509338,0.15860527753829956,0.9765625,0.06607962399721146,1.4294769763946533,1.4405186176300049,0.09555649012327194,0.14196479320526123,0,True
830,0.9357665777206421,0.15823307633399963,0.9765625,0.06522081792354584,1.4309637546539307,1.4406825304031372,0.09247412532567978,0.14200666546821594,0,True
831,0.9336751699447632,0.16464528441429138,0.9765625,0.0642591342329979,1.4072576761245728,1.4173171520233154,0.08972736448049545,0.13000857830047607,0,True
832,0.9293866753578186,0.16627873480319977,0.9765625,0.0635109692811966,1.3975930213928223,1.408163070678711,0.08845038712024689,0.13456137478351593,0,True
833,0.9154497981071472,0.16540944576263428,0.9765625,0.0632542222738266,1.3875758647918701,1.3969850540161133,0.09048554301261902,0.16726505756378174,0,True
834,0.9136812090873718,0.16142287850379944,0.9765625,0.0625733882188797,1.416712760925293,1.4276092052459717,0.09038041532039642,0.13503023982048035,0,True
835,0.9103056192398071,0.1521528959274292,0.9765625,0.06346787512302399,1.407796025276184,1.4170622825622559,0.08695874363183975,0.14412745833396912,0,True
836,0.9190422892570496,0.14652124047279358,0.9765625,0.06287721544504166,1.409287929534912,1.4202486276626587,0.08920139074325562,0.12665018439292908,0,True
837,0.9211578965187073,0.1470458060503006,0.9765625,0.06450098007917404,1.4255092144012451,1.435624361038208,0.09107081592082977,0.14037881791591644,0,True
838,0.9217913746833801,0.15270671248435974,0.9765625,0.06472291052341461,1.4415080547332764,1.4511150121688843,0.08378949761390686,0.1598140001296997,0,True
839,0.9319201707839966,0.15638510882854462,0.9765625,0.06397557258605957,1.4553604125976562,1.4664976596832275,0.09375002980232239,0.14336101710796356,0,True
840,0.9422622323036194,0.1629616767168045,0.9765625,0.06562094390392303,1.4128787517547607,1.4229941368103027,0.08976565301418304,0.14646488428115845,0,True
841,0.9412533044815063,0.16558675467967987,0.9765625,0.06577900052070618,1.4303845167160034,1.439689040184021,0.08964923769235611,0.1343851387500763,0,True
842,0.9462566375732422,0.17588433623313904,0.9765625,0.06627900153398514,1.4256160259246826,1.4369456768035889,0.08972189575433731,0.13737089931964874,0,True
843,0.9318727254867554,0.16279257833957672,0.9765625,0.06539129465818405,1.3893932104110718,1.3996886014938354,0.09464205056428909,0.12265492230653763,0,True
844,0.9178174734115601,0.1600191444158554,0.9765625,0.06375932693481445,1.3857834339141846,1.395371675491333,0.08828748762607574,0.13068658113479614,0,True
845,0.9111132025718689,0.1555536389350891,0.9765625,0.062245506793260574,1.3834352493286133,1.3935779333114624,0.08911217749118805,0.1480940580368042,0,True
846,0.8985738158226013,0.163018599152565,0.9765625,0.06218954175710678,1.4198927879333496,1.429336667060852,0.08680740743875504,0.1436428278684616,0,True
847,0.9131478071212769,0.16368049383163452,0.9765625,0.06389948725700378,1.4339916706085205,1.445185661315918,0.08996453881263733,0.16080698370933533,0,True
848,0.9276844263076782,0.1555016189813614,0.9765625,0.06468527764081955,1.4159083366394043,1.4273090362548828,0.100010946393013,0.15024709701538086,0,True
849,0.9333832263946533,0.15273581445217133,0.9765625,0.06532599031925201,1.4353538751602173,1.4453983306884766,0.09151095896959305,0.14713814854621887,0,True
850,0.9245184063911438,0.15925605595111847,0.9765625,0.06579668819904327,1.4459607601165771,1.455725908279419,0.09388746321201324,0.1446973979473114,0,True
851,0.9302356243133545,0.16531658172607422,0.9765625,0.06433089077472687,1.422623872756958,1.4335241317749023,0.08735247701406479,0.12926721572875977,0,True
852,0.9392222166061401,0.16675925254821777,0.9765625,0.06489138305187225,1.4150946140289307,1.425226092338562,0.09032916277647018,0.14047132432460785,0,True
853,0.9398447275161743,0.16943350434303284,0.9765625,0.06477351486682892,1.3926626443862915,1.4027711153030396,0.08727030456066132,0.14506544172763824,0,True
854,0.9217679500579834,0.16929186880588531,0.9765625,0.06419727206230164,1.4169631004333496,1.4275672435760498,0.08897069096565247,0.13864311575889587,0,True
855,0.9111338257789612,0.16173534095287323,0.9765625,0.06375813484191895,1.378580093383789,1.3889248371124268,0.08982765674591064,0.1194697767496109,0,True
856,0.9020284414291382,0.16833624243736267,0.9765625,0.06156469136476517,1.3800848722457886,1.3897802829742432,0.0885571539402008,0.1347227394580841,0,True
857,0.8996775150299072,0.1568649411201477,0.9765625,0.06234312057495117,1.4200212955474854,1.429494023323059,0.0885581448674202,0.12881070375442505,0,True
858,0.9072949886322021,0.1530657410621643,0.9765625,0.06331360340118408,1.4421167373657227,1.4529449939727783,0.08863690495491028,0.13269595801830292,0,True
859,0.9227778315544128,0.1503443568944931,0.9765625,0.06537669897079468,1.4363515377044678,1.4476104974746704,0.08715038746595383,0.13862040638923645,0,True
860,0.9353013038635254,0.15543478727340698,0.9765625,0.06572863459587097,1.427868366241455,1.4382576942443848,0.09969992190599442,0.1492636501789093,0,True
861,0.9226140975952148,0.1562337875366211,0.9765625,0.06462189555168152,1.4385650157928467,1.4481806755065918,0.09067977964878082,0.13760951161384583,0,True
862,0.9265438318252563,0.1664099395275116,0.9765625,0.0642319917678833,1.440521478652954,1.450629472732544,0.09133973717689514,0.12638172507286072,0,True
863,0.9342638254165649,0.17056486010551453,0.9765625,0.06476476788520813,1.4115482568740845,1.4221389293670654,0.08869632333517075,0.1502155214548111,0,True
864,0.9279307723045349,0.1731375902891159,0.9765625,0.06477178633213043,1.3927063941955566,1.4024409055709839,0.09128937870264053,0.13980868458747864,0,True
865,0.9155080914497375,0.16278798878192902,0.9765625,0.06403471529483795,1.3991339206695557,1.4091798067092896,0.08972566574811935,0.1299929916858673,0,True
866,0.9070628881454468,0.16395793855190277,0.9765625,0.06373389065265656,1.384960412979126,1.3961423635482788,0.08622031658887863,0.1281070113182068,0,True
867,0.8910959362983704,0.1532362997531891,0.9765625,0.06265228986740112,1.401953935623169,1.4114694595336914,0.09090778231620789,0.13628271222114563,0,True
868,0.8947209715843201,0.1553952693939209,0.9765625,0.06286481022834778,1.433053970336914,1.4433211088180542,0.09275214374065399,0.14064884185791016,0,True
869,0.9056967496871948,0.16548897325992584,0.9765625,0.06434742361307144,1.4027787446975708,1.4131096601486206,0.08800531923770905,0.12562371790409088,0,True
870,0.9169799089431763,0.1600133627653122,0.9765625,0.0647331178188324,1.4362235069274902,1.4474682807922363,0.08731237798929214,0.14074847102165222,0,True
871,0.9260829091072083,0.16146127879619598,0.9765625,0.06471987068653107,1.4215930700302124,1.4318878650665283,0.08731570094823837,0.14579355716705322,0,True
872,0.9167253971099854,0.16220666468143463,0.9765625,0.06476311385631561,1.4352381229400635,1.4448285102844238,0.08929390460252762,0.1354011595249176,0,True
873,0.9191089868545532,0.16578339040279388,0.9765625,0.06474841386079788,1.414340853691101,1.4250104427337646,0.08657591789960861,0.13864165544509888,0,True
874,0.9163996577262878,0.16376617550849915,0.9765625,0.06448335945606232,1.3907814025878906,1.4012889862060547,0.08893824368715286,0.12450678646564484,0,True
875,0.9045324325561523,0.17261728644371033,0.9765625,0.06457579135894775,1.4016165733337402,1.4116530418395996,0.08585431426763535,0.14750847220420837,0,True
876,0.9077006578445435,0.1743529587984085,0.9765625,0.064012311398983,1.4181956052780151,1.4285006523132324,0.08714611083269119,0.13310855627059937,0,True
877,0.9035766124725342,0.1673537641763687,0.9765625,0.06411807239055634,1.3885835409164429,1.3997628688812256,0.0911283791065216,0.12461716681718826,0,True
878,0.8999436497688293,0.15894640982151031,0.9765625,0.06442050635814667,1.409531831741333,1.4194629192352295,0.09022383391857147,0.12463411688804626,0,True
879,0.901613712310791,0.15979492664337158,0.9765625,0.06419890373945236,1.4091321229934692,1.4197862148284912,0.08836963027715683,0.12581098079681396,0,True
880,0.9035966396331787,0.167364239692688,0.984375,0.06395359337329865,1.3902363777160645,1.400543212890625,0.09430002421140671,0.14245396852493286,0,True
881,0.9048655033111572,0.16762784123420715,0.984375,0.06410150229930878,1.427851676940918,1.4381142854690552,0.08936816453933716,0.1467825174331665,0,True
882,0.9143509864807129,0.17691189050674438,0.984375,0.0647110566496849,1.42449951171875,1.4357298612594604,0.09397871047258377,0.13450577855110168,0,True
883,0.9159071445465088,0.17021358013153076,0.984375,0.06412674486637115,1.3973686695098877,1.4080159664154053,0.08680018782615662,0.1360144019126892,0,True
884,0.8992660641670227,0.1685619354248047,0.984375,0.06382350623607635,1.4056808948516846,1.4148485660552979,0.08703196048736572,0.14589117467403412,0,True
885,0.8971949219703674,0.17395524680614471,0.984375,0.06304613500833511,1.415511131286621,1.4258254766464233,0.089251808822155,0.1465129852294922,0,True
886,0.9033960103988647,0.16480885446071625,0.984375,0.06352920830249786,1.4068963527679443,1.4175982475280762,0.08833958208560944,0.13553303480148315,0,True
887,0.8990428447723389,0.15974003076553345,0.984375,0.06488646566867828,1.418792963027954,1.4288897514343262,0.08828241378068924,0.143446147441864,0,True
888,0.9025689363479614,0.1648927927017212,0.984375,0.06453579664230347,1.4098858833312988,1.42083740234375,0.09364918619394302,0.12489964812994003,0,True
889,0.9041216969490051,0.16427049040794373,0.984375,0.0639534667134285,1.4095675945281982,1.4200170040130615,0.08681968599557877,0.12953180074691772,0,True
890,0.9102951288223267,0.16525021195411682,0.984375,0.06422485411167145,1.4107412099838257,1.421005368232727,0.08643780648708344,0.1166875958442688,0,True
891,0.9021793603897095,0.17159053683280945,0.984375,0.06399036198854446,1.412174940109253,1.4224207401275635,0.09383136034011841,0.1397826373577118,0,True
892,0.9078783988952637,0.17587430775165558,0.984375,0.06434096395969391,1.4192352294921875,1.429621696472168,0.08880681544542313,0.13408254086971283,0,True
893,0.9169925451278687,0.18592402338981628,0.984375,0.06426198780536652,1.4143893718719482,1.4254355430603027,0.08706319332122803,0.12422747164964676,0,True
894,0.9162710905075073,0.1807781159877777,0.984375,0.06437638401985168,1.3988373279571533,1.4092239141464233,0.09021393209695816,0.13733433187007904,0,True
895,0.9120813012123108,0.16156044602394104,0.984375,0.06304474174976349,1.3995546102523804,1.409674048423767,0.09205140173435211,0.1420520693063736,0,True
896,0.9052900671958923,0.1653432548046112,0.9921875,0.06298340857028961,1.4019039869308472,1.4119292497634888,0.08560037612915039,0.14374317228794098,0,True
897,0.8994691371917725,0.164840430021286,0.9921875,0.06346022337675095,1.4041467905044556,1.4141572713851929,0.09536555409431458,0.14321205019950867,0,True
898,0.906046986579895,0.16466552019119263,0.9921875,0.0638764500617981,1.4287095069885254,1.439718246459961,0.09247530996799469,0.16632205247879028,0,True
899,0.903825044631958,0.1595604568719864,0.9921875,0.06524769216775894,1.4331128597259521,1.4439542293548584,0.08767013251781464,0.15059280395507812,0,True
900,0.9107013940811157,0.1575770527124405,0.9921875,0.06533481180667877,1.4277595281600952,1.4386931657791138,0.08816178143024445,0.12839047610759735,0,True
901,0.902283787727356,0.17510198056697845,0.9921875,0.06523850560188293,1.3995985984802246,1.4101940393447876,0.08833537995815277,0.12566472589969635,0,True
902,0.9052660465240479,0.17615415155887604,0.9921875,0.06429100036621094,1.4031542539596558,1.4132226705551147,0.08671747893095016,0.11929238587617874,0,True
903,0.9024671912193298,0.18009158968925476,0.9921875,0.06441465020179749,1.4179949760437012,1.4281814098358154,0.09381207823753357,0.12987610697746277,0,True
904,0.8976967334747314,0.17534655332565308,0.9921875,0.06449529528617859,1.3951570987701416,1.4061355590820312,0.08940581977367401,0.12874773144721985,0,True
905,0.895922064781189,0.18242573738098145,0.9921875,0.06297002732753754,1.3922009468078613,1.4023088216781616,0.08670616149902344,0.15723329782485962,0,True
906,0.8945260643959045,0.1770906150341034,0.9921875,0.06302635371685028,1.4071650505065918,1.4177110195159912,0.09401809424161911,0.14547298848628998,0,True
907,0.8960425853729248,0.17034095525741577,0.9921875,0.06344631314277649,1.418290615081787,1.4284048080444336,0.09124452620744705,0.14136266708374023,0,True
908,0.8839616179466248,0.16757705807685852,0.9921875,0.0630885437130928,1.4362481832504272,1.4466218948364258,0.09137171506881714,0.13115884363651276,0,True
909,0.8946182727813721,0.15668553113937378,0.9921875,0.06478163599967957,1.4198696613311768,1.4313302040100098,0.08581587672233582,0.15409326553344727,0,True
910,0.9021751880645752,0.16573452949523926,0.9921875,0.06548599898815155,1.4346959590911865,1.4454114437103271,0.08838693797588348,0.15846896171569824,0,True
911,0.9156103134155273,0.1706685721874237,0.9921875,0.06560508161783218,1.4179348945617676,1.428252100944519,0.09249751269817352,0.13360439240932465,0,True
912,0.9211645126342773,0.17562472820281982,0.9921875,0.0658409371972084,1.4272961616516113,1.4377187490463257,0.09557279199361801,0.12246692925691605,0,True
913,0.9155557155609131,0.1741001009941101,0.9921875,0.06502765417098999,1.425459623336792,1.435636043548584,0.09468554705381393,0.12478151172399521,0,True
914,0.8995314836502075,0.175795316696167,0.9921875,0.06476593017578125,1.394955039024353,1.405204176902771,0.09451839327812195,0.13240358233451843,0,True
915,0.8853369951248169,0.1816301941871643,0.9921875,0.06334803998470306,1.404235601425171,1.413604736328125,0.08686179667711258,0.13461346924304962,0,True
916,0.8970439434051514,0.1862446367740631,0.9921875,0.06318072974681854,1.4098234176635742,1.4209399223327637,0.08868145942687988,0.15149442851543427,0,True
917,0.9035065174102783,0.18315041065216064,0.9921875,0.06425365805625916,1.3826510906219482,1.3937962055206299,0.08932892233133316,0.14311176538467407,0,True
918,0.8836072683334351,0.17122672498226166,0.9921875,0.06366397440433502,1.4039393663406372,1.4139734506607056,0.0967075452208519,0.14016030728816986,0,True
919,0.8766695261001587,0.17475822567939758,0.9921875,0.06295644491910934,1.4194321632385254,1.4295556545257568,0.08886045962572098,0.13124802708625793,0,True
920,0.8759349584579468,0.1746535450220108,0.9921875,0.06261255592107773,1.44084894657135,1.451049566268921,0.08923522382974625,0.12779338657855988,0,True
921,0.8937230110168457,0.17382466793060303,0.9921875,0.06489681452512741,1.447959065437317,1.4586213827133179,0.0888914242386818,0.15689566731452942,0,True
922,0.912513256072998,0.17726582288742065,0.9921875,0.06638947874307632,1.4383270740509033,1.449406623840332,0.08927080780267715,0.13898636400699615,0,True
923,0.916434645652771,0.178747296333313,0.9921875,0.06752665340900421,1.4254822731018066,1.437288761138916,0.09058132022619247,0.12712332606315613,0,True
924,0.9006220102310181,0.16879361867904663,0.9921875,0.06561741232872009,1.396406888961792,1.4053678512573242,0.08710496127605438,0.12384691834449768,0,True
925,0.8838205337524414,0.18076571822166443,0.9921875,0.06241635978221893,1.4043138027191162,1.4135860204696655,0.09052584320306778,0.13172626495361328,0,True
926,0.8831520080566406,0.19248351454734802,0.9921875,0.06253796070814133,1.3760929107666016,1.386307954788208,0.08887778967618942,0.12114626169204712,0,True
927,0.8882492780685425,0.19823625683784485,0.9921875,0.06413473188877106,1.3959890604019165,1.4067198038101196,0.0891566202044487,0.12951070070266724,0,True
928,0.8886814117431641,0.18577298521995544,0.9921875,0.06423918902873993,1.4007916450500488,1.4119110107421875,0.08918394148349762,0.160303995013237,0,True
929,0.8828608989715576,0.17736776173114777,0.9921875,0.06291291117668152,1.3948856592178345,1.405273675918579,0.08729948103427887,0.15251371264457703,0,True
930,0.8787753582000732,0.18020810186862946,0.9921875,0.06201642379164696,1.4277939796447754,1.4378724098205566,0.08580228686332703,0.15331950783729553,0,True
931,0.8799798488616943,0.17278645932674408,0.9921875,0.06252917647361755,1.4510691165924072,1.4605107307434082,0.08619102835655212,0.14979752898216248,0,True
932,0.8896645307540894,0.1772158145904541,0.9921875,0.06489156186580658,1.4662201404571533,1.4765877723693848,0.08827082812786102,0.1549120843410492,0,True
933,0.9041749238967896,0.17457817494869232,0.9921875,0.06728091835975647,1.4647380113601685,1.4760130643844604,0.0878320261836052,0.15033690631389618,0,True
934,0.918586254119873,0.179569274187088,0.9921875,0.06667435169219971,1.416433572769165,1.4271795749664307,0.0857541486620903,0.14125674962997437,0,True
935,0.9020830392837524,0.17823702096939087,0.9921875,0.06506723165512085,1.4066753387451172,1.4163143634796143,0.08898114413022995,0.1209147647023201,0,True
936,0.8989837169647217,0.1775716096162796,0.9921875,0.06294173002243042,1.4089347124099731,1.417673945426941,0.09387393295764923,0.12344025075435638,0,True
937,0.8975143432617188,0.18515771627426147,0.9921875,0.06346360594034195,1.380693793296814,1.3912818431854248,0.08856301754713058,0.12105013430118561,0,True
938,0.8899064064025879,0.18485665321350098,0.9921875,0.06452086567878723,1.3748756647109985,1.385481834411621,0.0941196158528328,0.14192110300064087,0,True
939,0.8831944465637207,0.1866874098777771,0.9921875,0.0637955591082573,1.3757822513580322,1.3859660625457764,0.09049902111291885,0.13686822354793549,0,True
940,0.8761470913887024,0.19197338819503784,0.9921875,0.06281470507383347,1.3973661661148071,1.4077867269515991,0.09618759155273438,0.1361997127532959,0,True
941,0.8760128021240234,0.1956626921892166,0.9921875,0.06228410452604294,1.4057745933532715,1.4160500764846802,0.08892478048801422,0.15483182668685913,0,True
942,0.8713233470916748,0.1817937046289444,1.0,0.0624629482626915,1.4302915334701538,1.4404370784759521,0.08610032498836517,0.14856189489364624,0,True
943,0.8810476660728455,0.1922760009765625,1.0,0.0648345947265625,1.4391305446624756,1.4498401880264282,0.08287536352872849,0.12563416361808777,0,True
944,0.8839344382286072,0.18811708688735962,1.0,0.06588566303253174,1.4375582933425903,1.4486042261123657,0.09549115598201752,0.13310980796813965,0,True
945,0.8930585384368896,0.18889951705932617,1.0,0.06652195006608963,1.4165315628051758,1.428592562675476,0.0944400429725647,0.13569194078445435,0,True
946,0.8882829546928406,0.18424943089485168,1.0,0.0654408186674118,1.399500846862793,1.4088973999023438,0.0904216393828392,0.12557853758335114,0,True
947,0.8809202313423157,0.18898232281208038,1.0,0.06350594013929367,1.4019720554351807,1.4113727807998657,0.08854836970567703,0.12109645456075668,0,True
948,0.8797169327735901,0.19661790132522583,1.0,0.06307339668273926,1.397248387336731,1.4073582887649536,0.08998706191778183,0.12763743102550507,0,True
949,0.8851155042648315,0.19354769587516785,1.0,0.06399822980165482,1.3966611623764038,1.4082591533660889,0.0944301187992096,0.14276908338069916,0,True
950,0.8858667612075806,0.19012245535850525,1.0,0.06429298222064972,1.3941097259521484,1.4040679931640625,0.09073096513748169,0.15119779109954834,0,True
951,0.8844355940818787,0.18936866521835327,1.0,0.06313276290893555,1.3963267803192139,1.4067108631134033,0.08887092769145966,0.14086343348026276,0,True
952,0.8736962080001831,0.18626290559768677,1.0,0.062461256980895996,1.4092251062393188,1.4197509288787842,0.09395181387662888,0.13404667377471924,0,True
953,0.87824547290802,0.1793719232082367,1.0,0.06268808990716934,1.4125034809112549,1.4221420288085938,0.08559192717075348,0.14135971665382385,0,True
954,0.8913918733596802,0.17470210790634155,1.0,0.06426031142473221,1.4252463579177856,1.4359748363494873,0.09151595085859299,0.15133877098560333,0,True
955,0.8950715661048889,0.1749616265296936,1.0,0.06528571248054504,1.4422246217727661,1.4526597261428833,0.08648718893527985,0.12382423132658005,0,True
956,0.9073553085327148,0.18260222673416138,1.0,0.06565968692302704,1.4158090353012085,1.4270777702331543,0.08736776560544968,0.12270426750183105,0,True
957,0.8923513889312744,0.18816789984703064,1.0,0.06492665410041809,1.4023646116256714,1.4116103649139404,0.09110422432422638,0.13371148705482483,0,True
958,0.8844500184059143,0.1877649873495102,1.0,0.06388348340988159,1.418245792388916,1.4269745349884033,0.09029413759708405,0.12785637378692627,0,True
959,0.8902311325073242,0.19441524147987366,1.0,0.06396403908729553,1.403482437133789,1.414179801940918,0.09300259500741959,0.12385410070419312,0,True
960,0.08310972899198532,0.9245618581771851,1.0,0.06495504081249237,1.3973238468170166,1.4080456495285034,0.08958140015602112,0.013501028530299664,115,True
961,0.16353899240493774,0.8445498943328857,0.1015625,0.06374076008796692,0.7410922050476074,0.7456879615783691,0.08782842755317688,0.6187744736671448,0,True
962,0.037491220980882645,0.9678990840911865,0.1015625,0.07708750665187836,1.3820877075195312,1.369931697845459,0.1259641796350479,0.6537667512893677,0,True
963,0.06570526957511902,0.9362006187438965,0.1015625,0.06854695081710815,1.0370302200317383,1.0343245267868042,0.11369820684194565,0.714490532875061,0,True
964,-0.005502243526279926,1.0126371383666992,0.1015625,0.05698385834693909,0.8743502497673035,0.8745062351226807,0.10350441187620163,0.6138983368873596,0,True
965,-0.025806110352277756,1.0300835371017456,0.1015625,0.05860034376382828,0.7816344499588013,0.7813107967376709,0.09410886466503143,0.6868196725845337,0,True
966,-0.07167311012744904,1.0740300416946411,0.1015625,0.06561986356973648,0.8475940823554993,0.8497132062911987,0.10824783891439438,0.8232566118240356,0,True
967,-0.06282120198011398,1.071146011352539,0.1015625,0.06701220571994781,0.9078851938247681,0.9079040288925171,0.11414872854948044,0.9707246422767639,0,True
968,-0.051761649549007416,1.062415599822998,0.1015625,0.07155530154705048,1.003615379333496,1.0048407316207886,0.13726060092449188,1.1396393775939941,0,True
969,0.0005926582962274551,1.0074306726455688,0.1015625,0.07382124662399292,1.0606944561004639,1.0620510578155518,0.1372758448123932,1.0244672298431396,0,True
970,0.023184314370155334,0.9864376783370972,0.1015625,0.06885667145252228,1.1229751110076904,1.1232919692993164,0.15350835025310516,0.9650419354438782,0,True
971,0.04495678097009659,0.9666224718093872,0.1015625,0.06955953687429428,1.123518943786621,1.1243631839752197,0.12848436832427979,0.7916042804718018,0,True
972,0.07991407066583633,0.9328278303146362,0.1015625,0.06569568812847137,1.1695854663848877,1.1714668273925781,0.12624207139015198,0.6827136874198914,0,True
973,0.1449902206659317,0.8652578592300415,0.1015625,0.06377716362476349,1.2781763076782227,1.2802010774612427,0.12424340844154358,0.6645062565803528,0,True
974,0.1928146779537201,0.8133629560470581,0.1015625,0.06235162913799286,1.3349084854125977,1.3377362489700317,0.11674114316701889,0.4759873151779175,0,True
975,0.23375821113586426,0.7730340957641602,0.1015625,0.061144791543483734,1.345103144645691,1.3492366075515747,0.12827850878238678,0.44931691884994507,0,True
976,0.24588307738304138,0.767181396484375,0.1015625,0.058919064700603485,1.3039665222167969,1.3072574138641357,0.09848673641681671,0.44331368803977966,0,True
977,0.24507872760295868,0.763506293296814,0.1015625,0.05821910873055458,1.3291170597076416,1.33369779586792,0.09502458572387695,0.3822186589241028,0,True
978,0.26225000619888306,0.7472327947616577,0.1015625,0.055200137197971344,1.3998751640319824,1.403435468673706,0.12909045815467834,0.34456679224967957,0,True
979,0.2788163423538208,0.7315992712974548,0.1015625,0.053092096000909805,1.4116199016571045,1.4155302047729492,0.09959526360034943,0.2979547381401062,0,True
980,0.30455994606018066,0.7085059285163879,0.1015625,0.051732052117586136,1.44631028175354,1.4511451721191406,0.09451168775558472,0.3206736147403717,0,True
981,0.3168158531188965,0.694852352142334,0.1015625,0.05248109996318817,1.4374498128890991,1.4438707828521729,0.10100686550140381,0.3473825454711914,0,True
982,0.3269706070423126,0.6878734827041626,0.1015625,0.051950156688690186,1.455862283706665,1.463141918182373,0.09889087826013565,0.36006173491477966,0,True
983,0.3225715756416321,0.692780613899231,0.1015625,0.053933292627334595,1.465479850769043,1.4729641675949097,0.09459688514471054,0.36895301938056946,0,True
984,0.3247898817062378,0.6839827299118042,0.1015625,0.05189315229654312,1.4833009243011475,1.4908521175384521,0.13167798519134521,0.355171263217926,0,True
985,0.3385654091835022,0.6690524220466614,0.1015625,0.05216052383184433,1.4917616844177246,1.4988254308700562,0.08964892476797104,0.3455616235733032,0,True
986,0.34869861602783203,0.6627261638641357,0.1015625,0.05535588786005974,1.4871799945831299,1.494313359260559,0.09230414032936096,0.3341856598854065,0,True
987,0.37723955512046814,0.6396848559379578,0.1015625,0.05685814470052719,1.49025559425354,1.4984710216522217,0.1412394791841507,0.38622626662254333,0,True
988,0.40765446424484253,0.6145584583282471,0.1015625,0.0553775355219841,1.4914369583129883,1.4994442462921143,0.11921001225709915,0.4065505564212799,0,True
989,0.44914621114730835,0.5752193331718445,0.1015625,0.05747942626476288,1.517280101776123,1.5253585577011108,0.10863903909921646,0.3499053120613098,0,True
990,0.4642234444618225,0.5556969046592712,0.1015625,0.05695900321006775,1.5210713148117065,1.5288941860198975,0.11039610952138901,0.3215511441230774,0,True
991,0.4882938265800476,0.5441447496414185,0.1015625,0.057717062532901764,1.50858473777771,1.5172544717788696,0.12479384243488312,0.30541354417800903,0,True
992,0.5051122903823853,0.5297716856002808,0.1015625,0.05791030824184418,1.485325574874878,1.4934585094451904,0.10183200240135193,0.31369394063949585,0,True
993,0.5021364688873291,0.5223429203033447,0.1015625,0.059055961668491364,1.4726293087005615,1.4809987545013428,0.09657283127307892,0.2857317626476288,0,True
994,0.516927182674408,0.5102927684783936,0.1015625,0.057733532041311264,1.4717367887496948,1.4795300960540771,0.11194451153278351,0.30556145310401917,0,True
995,0.5240792036056519,0.502261757850647,0.1015625,0.056518279016017914,1.473886489868164,1.4829323291778564,0.11179018765687943,0.29203304648399353,0,True
996,0.5234707593917847,0.4964140057563782,0.1015625,0.05764032527804375,1.4410269260406494,1.4496610164642334,0.1621805727481842,0.30261459946632385,0,True
997,0.5285628437995911,0.49318569898605347,0.1015625,0.05905028432607651,1.4559139013290405,1.4651243686676025,0.10295148193836212,0.31517109274864197,0,True
998,0.55785071849823,0.4713138937950134,0.1015625,0.05849713459610939,1.4624755382537842,1.4716813564300537,0.10675445199012756,0.30051833391189575,0,True
999,0.5826231837272644,0.45425260066986084,0.1015625,0.059500545263290405,1.4336957931518555,1.4427257776260376,0.10429833829402924,0.3567280173301697,0,True
1000,0.59919673204422,0.44296157360076904,0.1015625,0.060254041105508804,1.4401758909225464,1.4488511085510254,0.10179194808006287,0.29734790325164795,0,True
