step,mean_vel_x,mean_abs_vx_error,p2_fault_active_mean,residual_action_mean_norm,final_action_mean_norm,base_action_mean_norm,residual_action_max_norm,mean_abs_yaw_error,done_count,no_nan_inf
1,-0.09023740887641907,1.0902373790740967,0.0,0.06373614817857742,0.6686244606971741,0.6682944297790527,0.06373614817857742,0.954980731010437,0,True
2,-0.4936954081058502,1.4936953783035278,0.0,0.0787748396396637,1.6086446046829224,1.598183035850525,0.0787748396396637,1.2047374248504639,0,True
3,-0.28086015582084656,1.280860185623169,0.0,0.06951028108596802,1.1428685188293457,1.1399736404418945,0.06951028108596802,1.3029885292053223,0,True
4,-0.41247040033340454,1.4124703407287598,0.0,0.07291539758443832,0.7939875721931458,0.7983632683753967,0.07291539758443832,0.2562546730041504,0,True
5,-0.24608755111694336,1.2460875511169434,0.0,0.07349593192338943,0.7518854141235352,0.7408763766288757,0.07349593192338943,0.800670862197876,0,True
6,-0.3677118420600891,1.3677117824554443,0.0,0.071801096200943,0.5670412182807922,0.5684973001480103,0.071801096200943,0.054497066885232925,0,True
7,-0.4527260363101959,1.4527260065078735,0.0,0.0627371072769165,0.5955204367637634,0.5898375511169434,0.0627371072769165,0.02796858176589012,0,True
8,-0.5001026391983032,1.5001026391983032,0.0,0.07454661279916763,0.7372917532920837,0.7306278347969055,0.07454661279916763,0.5936160683631897,0,True
9,-0.6702283620834351,1.670228362083435,0.0,0.0721968337893486,0.8266381621360779,0.8252263069152832,0.0721968337893486,0.7519266605377197,0,True
10,-0.7248519062995911,1.7248518466949463,0.0,0.07101377844810486,0.8535668253898621,0.8535152673721313,0.07101377844810486,0.10810505598783493,0,True
11,-0.759490966796875,1.759490966796875,0.0,0.08084125816822052,1.0276461839675903,1.0263780355453491,0.08084125816822052,0.5896592140197754,0,True
12,-0.7728273272514343,1.772827386856079,0.0,0.06956135481595993,0.9844626784324646,0.9858372807502747,0.06956135481595993,0.9224624633789062,0,True
13,-0.04646468162536621,1.0464646816253662,0.0,0.06425366550683975,0.9743579030036926,0.9769958853721619,0.06425366550683975,0.5605039596557617,0,True
14,-0.03269871696829796,1.0326987504959106,0.0,0.07661686837673187,1.1217896938323975,1.1330069303512573,0.07661686837673187,1.450943112373352,0,True
15,0.25620800256729126,0.7437919974327087,0.0,0.09320048242807388,2.146601438522339,2.1462674140930176,0.09320048242807388,0.6776486039161682,0,True
16,0.5513525605201721,0.4486474394798279,0.0,0.061513978987932205,1.4945827722549438,1.4964935779571533,0.061513978987932205,0.6746731400489807,0,True
17,0.5302108526229858,0.46978914737701416,0.0,0.0503748320043087,0.7803813219070435,0.7795829772949219,0.0503748320043087,0.5650522708892822,0,True
18,0.30911770462989807,0.6908823251724243,0.0,0.04809084162116051,1.1508288383483887,1.1451425552368164,0.04809084162116051,0.23360292613506317,0,True
19,0.011583964340388775,0.9884160161018372,0.0,0.04193486273288727,1.4983731508255005,1.495775818824768,0.04193486273288727,0.12784317135810852,0,True
20,-0.17157316207885742,1.1715731620788574,0.0,0.06305354088544846,1.5713200569152832,1.579403042793274,0.06305354088544846,0.1918768584728241,0,True
21,-0.31754857301712036,1.3175485134124756,0.0,0.04810859262943268,1.7367260456085205,1.7418298721313477,0.04810859262943268,0.15433821082115173,0,True
22,-0.24878337979316711,1.2487833499908447,0.0,0.05713164061307907,1.906941533088684,1.9068024158477783,0.05713164061307907,1.363591194152832,0,True
23,0.017079727724194527,0.9829202890396118,0.0,0.07677021622657776,1.9701682329177856,1.975058674812317,0.07677021622657776,0.5458128452301025,0,True
24,0.4826412796974182,0.5173587203025818,0.0,0.03016262874007225,2.20546555519104,2.20771861076355,0.03016262874007225,0.18300537765026093,0,True
25,0.626928448677063,0.373071551322937,0.0,0.049423232674598694,1.5289169549942017,1.5340890884399414,0.049423232674598694,0.04252414405345917,0,True
26,0.17152486741542816,0.8284751176834106,0.0,0.06230685114860535,1.6731802225112915,1.6693960428237915,0.06230685114860535,0.3746926486492157,0,True
27,-0.050289690494537354,1.0502896308898926,0.0,0.04788106307387352,1.6670708656311035,1.6649113893508911,0.04788106307387352,0.6291322708129883,0,True
28,-0.3222825229167938,1.3222825527191162,0.0,0.057419873774051666,1.3393487930297852,1.3394412994384766,0.057419873774051666,0.13297948241233826,0,True
29,-0.4264768660068512,1.4264768362045288,0.0,0.05752308666706085,1.2443904876708984,1.2432209253311157,0.05752308666706085,0.7451931238174438,0,True
30,-0.5830185413360596,1.5830185413360596,0.0,0.057290807366371155,1.198899507522583,1.198824167251587,0.057290807366371155,0.758499801158905,0,True
31,-0.7557544708251953,1.7557544708251953,0.0,0.03331426903605461,1.4051685333251953,1.4080147743225098,0.03331426903605461,0.6874533295631409,0,True
32,-0.5783672332763672,1.5783672332763672,0.0,0.06392793357372284,1.499692440032959,1.5030884742736816,0.06392793357372284,2.3895339965820312,0,True
33,-0.6599568128585815,1.6599568128585815,0.0,0.06728598475456238,1.6802372932434082,1.6845098733901978,0.06728598475456238,2.019683361053467,0,True
34,-0.6864624619483948,1.68646240234375,0.0,0.050896838307380676,1.6520649194717407,1.656917929649353,0.050896838307380676,1.9606178998947144,0,True
35,-0.2536431550979614,1.2536431550979614,0.0,0.049434561282396317,1.4109245538711548,1.4122745990753174,0.049434561282396317,0.41343367099761963,0,True
36,-0.05799301341176033,1.0579930543899536,0.0,0.048423245549201965,1.3700751066207886,1.3728545904159546,0.048423245549201965,0.38873353600502014,0,True
37,0.24402135610580444,0.7559786438941956,0.0,0.05032655969262123,2.3241076469421387,2.333552598953247,0.05032655969262123,0.10648830235004425,0,True
38,0.5067289471626282,0.4932710528373718,0.0,0.06306285411119461,1.5115526914596558,1.5230402946472168,0.06306285411119461,0.13647811114788055,0,True
39,0.6383469104766846,0.36165308952331543,0.0,0.09893117100000381,1.2491651773452759,1.2640457153320312,0.09893117100000381,0.11137096583843231,0,True
40,0.48456332087516785,0.5154366493225098,0.0,0.0991092249751091,1.133291482925415,1.1310906410217285,0.0991092249751091,0.0451689288020134,0,True
41,0.22445401549339294,0.7755459547042847,0.0,0.061451662331819534,1.3609007596969604,1.3534287214279175,0.061451662331819534,0.005531718488782644,0,True
42,-0.010802846401929855,1.0108028650283813,0.0,0.057164035737514496,1.3781676292419434,1.385908842086792,0.057164035737514496,0.22174128890037537,0,True
43,-0.24993713200092316,1.2499371767044067,0.0,0.06241467595100403,1.4787425994873047,1.4852474927902222,0.06241467595100403,0.2350807934999466,0,True
44,-0.14728780090808868,1.1472878456115723,0.0,0.045764464884996414,1.4132425785064697,1.4201459884643555,0.045764464884996414,0.22912338376045227,0,True
45,0.1171424463391304,0.8828575611114502,0.0,0.0537717379629612,1.753684163093567,1.7584846019744873,0.0537717379629612,0.32349270582199097,0,True
46,0.5878495573997498,0.41215044260025024,0.0,0.055718716233968735,2.1927201747894287,2.203885316848755,0.055718716233968735,0.09477970749139786,0,True
47,0.8936232924461365,0.10637670755386353,0.0,0.0720892995595932,1.8060418367385864,1.8188800811767578,0.0720892995595932,0.22704443335533142,0,True
48,0.7576843500137329,0.2423156499862671,0.0,0.08283786475658417,1.3041826486587524,1.3033802509307861,0.08283786475658417,0.022841017693281174,0,True
49,0.6895079016685486,0.3104920983314514,0.0,0.05918354541063309,1.3894740343093872,1.3935630321502686,0.05918354541063309,0.15027017891407013,0,True
50,0.554723858833313,0.445276141166687,0.0,0.03713170811533928,1.3919326066970825,1.3870813846588135,0.03713170811533928,0.13738271594047546,0,True
51,0.4194590747356415,0.5805408954620361,0.0,0.03353898972272873,1.2923893928527832,1.2903636693954468,0.03353898972272873,0.11944574862718582,0,True
52,0.3507998287677765,0.6492002010345459,0.0,0.023456409573554993,1.3547013998031616,1.356274962425232,0.023456409573554993,0.2882686257362366,0,True
53,0.3064211905002594,0.693578839302063,0.0,0.05242745950818062,1.5069111585617065,1.5096499919891357,0.05242745950818062,0.32704347372055054,0,True
54,0.2753167748451233,0.7246832251548767,0.0,0.06359199434518814,1.5836198329925537,1.588427186012268,0.06359199434518814,0.35948804020881653,0,True
55,0.29327550530433655,0.7067245244979858,0.0,0.06670387089252472,1.676624059677124,1.6839312314987183,0.06670387089252472,0.3593568503856659,0,True
56,0.36610326170921326,0.6338967084884644,0.0,0.06537092477083206,1.7516138553619385,1.759200930595398,0.06537092477083206,0.3510191738605499,0,True
57,0.5357321500778198,0.4642678499221802,0.0,0.06299331039190292,1.835447907447815,1.843327522277832,0.06299331039190292,0.05513295158743858,0,True
58,0.7289838790893555,0.27101612091064453,0.0,0.07331961393356323,1.8701157569885254,1.877743124961853,0.07331961393356323,0.007502782624214888,0,True
59,0.8207067251205444,0.17929327487945557,0.0,0.0714648887515068,1.7483093738555908,1.7545580863952637,0.0714648887515068,0.13153496384620667,0,True
60,0.9507972002029419,0.049202799797058105,0.0,0.0779695212841034,1.742712140083313,1.7505773305892944,0.0779695212841034,0.0021741583477705717,0,True
61,1.220978856086731,0.22097885608673096,0.0,0.08533312380313873,1.867530345916748,1.884077787399292,0.08533312380313873,0.062410756945610046,0,True
62,0.6016485691070557,0.39835143089294434,0.0,0.09462808817625046,0.9472559690475464,0.9519116282463074,0.09462808817625046,0.10597511380910873,0,True
63,0.39950212836265564,0.600497841835022,0.0,0.05526219680905342,1.1932594776153564,1.1880505084991455,0.05526219680905342,0.09583370387554169,0,True
64,0.45963189005851746,0.5403680801391602,0.0,0.05282720923423767,1.2088197469711304,1.2104376554489136,0.05282720923423767,0.18687373399734497,0,True
65,0.4263102412223816,0.5736897587776184,0.0,0.04430830851197243,1.0307238101959229,1.0363203287124634,0.04430830851197243,0.04219522327184677,0,True
66,0.4203745424747467,0.5796254873275757,0.0,0.05605762451887131,1.1679253578186035,1.1757524013519287,0.05605762451887131,0.02420998178422451,0,True
67,0.43915823101997375,0.5608417987823486,0.0,0.06038681045174599,1.2216094732284546,1.229193091392517,0.06038681045174599,0.08396035432815552,0,True
68,0.4799876809120178,0.5200123190879822,0.0,0.06533891707658768,1.2820357084274292,1.2905216217041016,0.06533891707658768,0.10937648266553879,0,True
69,0.5464823246002197,0.4535176753997803,0.0,0.06934656947851181,1.339139699935913,1.3487516641616821,0.06934656947851181,0.0688815787434578,0,True
70,0.6269083619117737,0.3730916380882263,0.0,0.06092635914683342,1.360545039176941,1.367486834526062,0.06092635914683342,0.007059609051793814,0,True
71,0.7079763412475586,0.2920236587524414,0.0,0.05921586975455284,1.3468018770217896,1.3506317138671875,0.05921586975455284,0.0864005759358406,0,True
72,0.7882063984870911,0.21179360151290894,0.0,0.06059511378407478,1.4973682165145874,1.5001133680343628,0.06059511378407478,0.003807132365182042,0,True
73,0.8521007895469666,0.14789921045303345,0.0,0.06031429022550583,1.2874135971069336,1.2891957759857178,0.06031429022550583,0.2667037844657898,0,True
74,1.0021370649337769,0.0021370649337768555,0.0,0.05124151334166527,1.4058444499969482,1.411325454711914,0.05124151334166527,0.027424922212958336,0,True
75,1.1304315328598022,0.13043153285980225,0.0,0.06372489780187607,1.3314611911773682,1.3392075300216675,0.06372489780187607,0.12540170550346375,0,True
76,1.1078271865844727,0.10782718658447266,0.0,0.0683121383190155,0.9552199840545654,0.9592178463935852,0.0683121383190155,0.250874400138855,0,True
77,1.0367928743362427,0.036792874336242676,0.0,0.056665074080228806,0.9303094744682312,0.9317824244499207,0.056665074080228806,0.05052505061030388,0,True
78,0.8444238901138306,0.15557610988616943,0.0,0.0362330824136734,1.0172141790390015,1.0148249864578247,0.0362330824136734,0.2068147510290146,0,True
79,0.7243053913116455,0.2756946086883545,0.0,0.028579948469996452,1.3110694885253906,1.3136411905288696,0.028579948469996452,0.048492152243852615,0,True
80,0.6881901025772095,0.3118098974227905,0.0,0.042889103293418884,1.585434079170227,1.5894540548324585,0.042889103293418884,0.045673906803131104,0,True
81,0.7029293179512024,0.2970706820487976,0.0,0.0520201250910759,1.6656854152679443,1.6717513799667358,0.0520201250910759,0.04326524958014488,0,True
82,0.786719799041748,0.21328020095825195,0.0,0.05898153781890869,1.762112021446228,1.7707569599151611,0.05898153781890869,0.050156258046627045,0,True
83,0.9379572868347168,0.0620427131652832,0.0,0.06304807215929031,1.752057671546936,1.7618101835250854,0.06304807215929031,0.03693859651684761,0,True
84,1.0308926105499268,0.030892610549926758,0.0,0.07056111842393875,1.7151631116867065,1.7228915691375732,0.07056111842393875,0.055932339280843735,0,True
85,1.083949089050293,0.08394908905029297,0.0,0.07582253962755203,1.6267869472503662,1.6309254169464111,0.07582253962755203,0.025867708027362823,0,True
86,1.24183189868927,0.24183189868927002,0.0,0.07895086705684662,1.674424171447754,1.6821967363357544,0.07895086705684662,0.17859798669815063,0,True
87,1.2916910648345947,0.2916910648345947,0.0,0.08635974675416946,1.4768593311309814,1.4926332235336304,0.08635974675416946,0.006921745836734772,0,True
88,1.0390491485595703,0.03904914855957031,0.0,0.07934554666280746,1.353215217590332,1.3497090339660645,0.07934554666280746,0.1405496448278427,0,True
89,0.9207421541213989,0.07925784587860107,0.0,0.044217292219400406,1.3123277425765991,1.3150687217712402,0.044217292219400406,0.029084760695695877,0,True
90,0.870928943157196,0.12907105684280396,0.0,0.04547305032610893,1.4046250581741333,1.408333420753479,0.04547305032610893,0.09476771950721741,0,True
91,0.8630553483963013,0.13694465160369873,0.0,0.056706883013248444,1.516414999961853,1.5223286151885986,0.056706883013248444,0.09917062520980835,0,True
92,0.9037394523620605,0.09626054763793945,0.0,0.07593029737472534,1.62483549118042,1.6341428756713867,0.07593029737472534,0.13306446373462677,0,True
93,1.014016032218933,0.014016032218933105,0.0,0.07524367421865463,1.7021894454956055,1.712158203125,0.07524367421865463,0.2996993660926819,0,True
94,1.0641900300979614,0.06419003009796143,0.0,0.0815095454454422,1.711016058921814,1.7196990251541138,0.0815095454454422,0.12799999117851257,0,True
95,1.1448500156402588,0.1448500156402588,0.0,0.07688318938016891,1.7068325281143188,1.7135099172592163,0.07688318938016891,0.08142608404159546,0,True
96,1.1585838794708252,0.1585838794708252,0.0,0.08253972232341766,1.6328226327896118,1.6344883441925049,0.08253972232341766,0.1306694597005844,0,True
97,0.9053458571434021,0.0946541428565979,0.0,0.08676040172576904,1.6213592290878296,1.6267563104629517,0.08676040172576904,0.18509867787361145,0,True
98,1.0433381795883179,0.04333817958831787,0.0,0.07632669061422348,1.1030774116516113,1.1208199262619019,0.07632669061422348,0.26680952310562134,0,True
99,0.8684872388839722,0.13151276111602783,0.0,0.05856414511799812,1.1286550760269165,1.1242793798446655,0.05856414511799812,0.10375307500362396,0,True
100,0.7730474472045898,0.22695255279541016,0.0,0.04496606066823006,1.1013103723526,1.1063809394836426,0.04496606066823006,0.04711059108376503,0,True
101,0.7213079333305359,0.2786920666694641,0.0,0.046129267662763596,1.2893248796463013,1.2933622598648071,0.046129267662763596,0.04394799470901489,0,True
102,0.7274376749992371,0.27256232500076294,0.0,0.05856010690331459,1.3531196117401123,1.3594685792922974,0.05856010690331459,0.0027119163423776627,0,True
103,0.7681413888931274,0.23185861110687256,0.0,0.0702618733048439,1.474374532699585,1.483385443687439,0.0702618733048439,0.005342678166925907,0,True
104,0.8461959958076477,0.1538040041923523,0.0,0.07270214706659317,1.5530619621276855,1.5631622076034546,0.07270214706659317,0.04907562583684921,0,True
105,0.9271228313446045,0.07287716865539551,0.0,0.0726945623755455,1.553939700126648,1.562427043914795,0.0726945623755455,0.21860972046852112,0,True
106,1.0100966691970825,0.01009666919708252,0.0,0.07324594259262085,1.5387669801712036,1.5455232858657837,0.07324594259262085,0.03291364386677742,0,True
107,1.0959572792053223,0.09595727920532227,0.0,0.07875215262174606,1.4846470355987549,1.4901560544967651,0.07875215262174606,0.0420776791870594,0,True
108,1.2658863067626953,0.2658863067626953,0.0,0.08424779027700424,1.524524211883545,1.5356804132461548,0.08424779027700424,0.06274931132793427,0,True
109,1.081032395362854,0.081032395362854,0.0,0.0834713950753212,1.1039485931396484,1.112869381904602,0.0834713950753212,0.03620078042149544,0,True
110,0.8437166810035706,0.15628331899642944,0.0,0.056426092982292175,1.3553898334503174,1.3558109998703003,0.056426092982292175,0.08214002847671509,0,True
111,0.8399651050567627,0.1600348949432373,0.0,0.04390847310423851,1.2850421667099,1.2883700132369995,0.04390847310423851,0.025709690526127815,0,True
112,0.807543158531189,0.19245684146881104,0.0,0.046294745057821274,1.3625768423080444,1.367080807685852,0.046294745057821274,0.0016394671984016895,0,True
113,0.8396980166435242,0.16030198335647583,0.0,0.06587253510951996,1.5156733989715576,1.5228211879730225,0.06587253510951996,0.0028787197079509497,0,True
114,0.9010992050170898,0.09890079498291016,0.0,0.06554369628429413,1.5944347381591797,1.6025630235671997,0.06554369628429413,0.00015433086082339287,0,True
115,0.9778631925582886,0.022136807441711426,0.0,0.07254958152770996,1.6367182731628418,1.6448554992675781,0.07254958152770996,0.02726537548005581,0,True
116,1.0646814107894897,0.06468141078948975,0.0,0.07836433500051498,1.7355694770812988,1.7432347536087036,0.07836433500051498,0.05583709850907326,0,True
117,1.0747501850128174,0.07475018501281738,0.0,0.0711255595088005,1.626008152961731,1.627976417541504,0.0711255595088005,0.10137626528739929,0,True
118,1.0947448015213013,0.09474480152130127,0.0,0.07372545450925827,1.5812177658081055,1.582564115524292,0.07372545450925827,0.023719510063529015,0,True
119,1.2694294452667236,0.26942944526672363,0.0,0.08346954733133316,1.5817418098449707,1.5928277969360352,0.08346954733133316,0.03949529677629471,0,True
120,1.215609073638916,0.21560907363891602,0.0,0.07441549748182297,0.8773736953735352,0.8868297338485718,0.07441549748182297,0.12181917577981949,0,True
121,0.9556725025177002,0.044327497482299805,0.0,0.05747630074620247,1.3514361381530762,1.3521125316619873,0.05747630074620247,0.045649509876966476,0,True
122,0.9703322052955627,0.029667794704437256,0.0,0.039072997868061066,1.262882947921753,1.265364170074463,0.039072997868061066,0.0564144104719162,0,True
123,0.914954423904419,0.08504557609558105,0.0,0.047807734459638596,1.2913379669189453,1.2946830987930298,0.047807734459638596,0.022588877007365227,0,True
124,0.9328779578208923,0.06712204217910767,0.0,0.06457611918449402,1.479312777519226,1.4844483137130737,0.06457611918449402,0.01687881536781788,0,True
125,0.9699932336807251,0.030006766319274902,0.0,0.06669838726520538,1.5582610368728638,1.565049171447754,0.06669838726520538,0.06316860020160675,0,True
126,1.0255992412567139,0.025599241256713867,0.0,0.068543441593647,1.6292638778686523,1.6355094909667969,0.068543441593647,0.07571146637201309,0,True
127,1.0993455648422241,0.09934556484222412,0.0,0.07377319782972336,1.6206852197647095,1.6268659830093384,0.07377319782972336,0.005800082813948393,0,True
128,1.1392791271209717,0.13927912712097168,0.0,0.06986618041992188,1.5695786476135254,1.572654128074646,0.06986618041992188,0.0007028182153590024,0,True
129,1.265710473060608,0.2657104730606079,0.0,0.0747905746102333,1.5368273258209229,1.5418152809143066,0.0747905746102333,0.01651993952691555,0,True
130,1.1437931060791016,0.14379310607910156,0.0,0.0858306884765625,1.4646822214126587,1.4720004796981812,0.0858306884765625,0.199815034866333,0,True
131,0.9192058444023132,0.08079415559768677,0.0,0.07381429523229599,1.183701515197754,1.183247447013855,0.07381429523229599,0.04090127721428871,0,True
132,0.7857734560966492,0.21422654390335083,0.0,0.04175829514861107,1.1207753419876099,1.12244713306427,0.04175829514861107,0.06910860538482666,0,True
133,0.7731515169143677,0.22684848308563232,0.0,0.04481545090675354,1.3413010835647583,1.3443306684494019,0.04481545090675354,0.04639424383640289,0,True
134,0.7851871252059937,0.21481287479400635,0.0,0.05627074092626572,1.4246456623077393,1.4307818412780762,0.05627074092626572,0.06562794744968414,0,True
135,0.8521474003791809,0.1478525996208191,0.0,0.07130686938762665,1.553746223449707,1.5627774000167847,0.07130686938762665,0.11301859468221664,0,True
136,0.9689092636108398,0.031090736389160156,0.0,0.07497743517160416,1.5922201871871948,1.6011881828308105,0.07497743517160416,0.06733140349388123,0,True
137,1.0465564727783203,0.04655647277832031,0.0,0.07241862267255783,1.548964500427246,1.5554383993148804,0.07241862267255783,0.11310632526874542,0,True
138,1.094650149345398,0.09465014934539795,0.0,0.07760027796030045,1.4903414249420166,1.494070291519165,0.07760027796030045,0.01956910826265812,0,True
139,1.210744023323059,0.21074402332305908,0.0,0.07382027059793472,1.5538629293441772,1.5618840456008911,0.07382027059793472,0.07077280431985855,0,True
140,1.0487984418869019,0.048798441886901855,0.0,0.08088109642267227,0.9809636473655701,0.9888141751289368,0.08088109642267227,0.029470130801200867,0,True
141,0.8365461230278015,0.1634538769721985,0.0,0.059308648109436035,1.2064738273620605,1.2039130926132202,0.059308648109436035,0.06683613359928131,0,True
142,0.8438195586204529,0.15618044137954712,0.0,0.040112875401973724,1.2562158107757568,1.2589311599731445,0.040112875401973724,0.05055868998169899,0,True
143,0.8180763721466064,0.18192362785339355,0.0,0.045467499643564224,1.3500511646270752,1.3541523218154907,0.045467499643564224,0.003156638704240322,0,True
144,0.8996036648750305,0.10039633512496948,0.0,0.06026158854365349,1.5043610334396362,1.5117409229278564,0.06026158854365349,0.2543386220932007,0,True
145,0.9896561503410339,0.010343849658966064,0.0,0.07359582185745239,1.522322416305542,1.5315308570861816,0.07359582185745239,0.12811143696308136,0,True
146,1.0411937236785889,0.04119372367858887,0.0,0.0767158642411232,1.6421246528625488,1.6498228311538696,0.0767158642411232,0.05648750811815262,0,True
147,1.0845978260040283,0.08459782600402832,0.0,0.07160930335521698,1.5542081594467163,1.5589070320129395,0.07160930335521698,0.06966152042150497,0,True
148,1.078289270401001,0.07828927040100098,0.0,0.06853935867547989,1.5683976411819458,1.5685439109802246,0.06853935867547989,0.07161730527877808,0,True
149,1.1196702718734741,0.11967027187347412,0.0,0.07163099944591522,1.5390753746032715,1.5403257608413696,0.07163099944591522,0.04754127189517021,0,True
150,1.3056241273880005,0.3056241273880005,0.0,0.07628676295280457,1.4834167957305908,1.4949411153793335,0.07628676295280457,0.051886193454265594,0,True
151,1.1380927562713623,0.1380927562713623,0.0,0.06633587181568146,1.1410913467407227,1.1412501335144043,0.06633587181568146,0.15654808282852173,0,True
152,0.933108925819397,0.06689107418060303,0.0,0.04199077561497688,1.2263842821121216,1.2283127307891846,0.04199077561497688,0.005371985491365194,0,True
153,0.9193994998931885,0.08060050010681152,0.0,0.04313427209854126,1.3490065336227417,1.3517537117004395,0.04313427209854126,0.02492840588092804,0,True
154,0.903719425201416,0.09628057479858398,0.0,0.04813250154256821,1.40708589553833,1.4116325378417969,0.04813250154256821,0.08033089339733124,0,True
155,0.9384799003601074,0.06152009963989258,0.0,0.06763037294149399,1.5567964315414429,1.563968300819397,0.06763037294149399,0.0502019077539444,0,True
156,1.0114500522613525,0.011450052261352539,0.0,0.06755102425813675,1.6387540102005005,1.6462212800979614,0.06755102425813675,0.04768473654985428,0,True
157,1.1003048419952393,0.10030484199523926,0.0,0.07431855797767639,1.6144874095916748,1.6213725805282593,0.07431855797767639,0.05200907215476036,0,True
158,1.1439071893692017,0.14390718936920166,0.0,0.07460001856088638,1.5595872402191162,1.5632531642913818,0.07460001856088638,0.03978922963142395,0,True
159,1.2200901508331299,0.22009015083312988,0.0,0.07398433983325958,1.5457819700241089,1.5510023832321167,0.07398433983325958,0.0061112577095627785,0,True
160,1.0358883142471313,0.03588831424713135,0.0,0.0792585015296936,1.458901047706604,1.4696444272994995,0.0792585015296936,0.2396591156721115,0,True
161,0.7946684956550598,0.20533150434494019,0.0,0.07247825711965561,1.2335222959518433,1.2303013801574707,0.07247825711965561,0.04231783002614975,0,True
162,0.8239471316337585,0.17605286836624146,0.0,0.04782278835773468,1.2047054767608643,1.2081764936447144,0.04782278835773468,0.14863155782222748,0,True
163,0.7953648567199707,0.2046351432800293,0.0,0.04287342354655266,1.224820613861084,1.2282469272613525,0.04287342354655266,0.0007026067469269037,0,True
164,0.8241289854049683,0.17587101459503174,0.0,0.05836887285113335,1.4082682132720947,1.4144784212112427,0.05836887285113335,0.022201238200068474,0,True
165,0.8858605027198792,0.11413949728012085,0.0,0.06780548393726349,1.4889200925827026,1.4969120025634766,0.06780548393726349,0.04265546798706055,0,True
166,0.9560964703559875,0.04390352964401245,0.0,0.07219623774290085,1.502105951309204,1.5097026824951172,0.07219623774290085,0.11644134670495987,0,True
167,1.0023643970489502,0.0023643970489501953,0.0,0.0749218538403511,1.4958724975585938,1.5006824731826782,0.0749218538403511,0.03711294010281563,0,True
168,1.061207890510559,0.06120789051055908,0.0,0.07480461150407791,1.508509874343872,1.5131651163101196,0.07480461150407791,0.031083188951015472,0,True
169,1.1906458139419556,0.19064581394195557,0.0,0.07408174872398376,1.4964088201522827,1.5027070045471191,0.07408174872398376,0.12029064446687698,0,True
170,1.290591835975647,0.290591835975647,0.0,0.07297377288341522,1.318844199180603,1.330841064453125,0.07297377288341522,0.26392537355422974,0,True
171,1.0459860563278198,0.045986056327819824,0.0,0.06950695812702179,1.289201259613037,1.288438081741333,0.06950695812702179,0.016917169094085693,0,True
172,0.9521309733390808,0.04786902666091919,0.0,0.04150024801492691,1.256407618522644,1.2592737674713135,0.04150024801492691,0.04399649798870087,0,True
173,0.8968509435653687,0.10314905643463135,0.0,0.04322335496544838,1.362391710281372,1.365622639656067,0.04322335496544838,0.004213209263980389,0,True
174,0.8959416747093201,0.10405832529067993,0.0,0.05410438030958176,1.4806082248687744,1.4859071969985962,0.05410438030958176,0.03002641163766384,0,True
175,0.9646680951118469,0.035331904888153076,0.0,0.06728507578372955,1.5962340831756592,1.6042982339859009,0.06728507578372955,0.055702488869428635,0,True
176,1.0465047359466553,0.04650473594665527,0.0,0.07542488723993301,1.6312333345413208,1.6403098106384277,0.07542488723993301,0.20905569195747375,0,True
177,1.098417043685913,0.09841704368591309,0.0,0.0724601000547409,1.6430128812789917,1.6490271091461182,0.0724601000547409,0.14678771793842316,0,True
178,1.1537755727767944,0.15377557277679443,0.0,0.0664859190583229,1.7724400758743286,1.7770391702651978,0.0664859190583229,0.044846855103969574,0,True
179,1.114932656288147,0.11493265628814697,0.0,0.06923943758010864,1.6935490369796753,1.693723201751709,0.06923943758010864,0.02860926277935505,0,True
180,1.2194960117340088,0.2194960117340088,0.0,0.07635044306516647,1.6282861232757568,1.632501482963562,0.07635044306516647,0.09215516597032547,0,True
181,0.9330717325210571,0.06692826747894287,0.0,0.07624886184930801,1.5030018091201782,1.510742425918579,0.07624886184930801,0.18164759874343872,0,True
182,0.6956213712692261,0.3043786287307739,0.0,0.06252828985452652,1.2395710945129395,1.240264654159546,0.06252828985452652,0.00812755711376667,0,True
183,0.7284488081932068,0.2715511918067932,0.0,0.04356587305665016,1.1956613063812256,1.1995477676391602,0.04356587305665016,0.11375995725393295,0,True
184,0.7342057824134827,0.26579421758651733,0.0,0.046297650784254074,1.2766791582107544,1.2811685800552368,0.046297650784254074,0.04008009284734726,0,True
185,0.7953507900238037,0.2046492099761963,0.0,0.06164649873971939,1.4512799978256226,1.4581336975097656,0.06164649873971939,0.049185968935489655,0,True
186,0.8876711130142212,0.11232888698577881,0.0,0.07079147547483444,1.5176695585250854,1.5258076190948486,0.07079147547483444,0.15439455211162567,0,True
187,0.9696407914161682,0.030359208583831787,0.0,0.07172083854675293,1.4666699171066284,1.4735792875289917,0.07172083854675293,0.11609630286693573,0,True
188,1.0451909303665161,0.04519093036651611,0.0,0.0671694204211235,1.5155739784240723,1.5211399793624878,0.0671694204211235,0.03865130990743637,0,True
189,1.0823240280151367,0.08232402801513672,0.0,0.07758498191833496,1.4532188177108765,1.4559016227722168,0.07758498191833496,0.007628425490111113,0,True
190,1.1923574209213257,0.19235742092132568,0.0,0.07498577237129211,1.5215202569961548,1.5283207893371582,0.07498577237129211,0.050392504781484604,0,True
191,1.0712419748306274,0.07124197483062744,0.0,0.07772496342658997,1.0616482496261597,1.0698261260986328,0.07772496342658997,0.014734957367181778,0,True
192,0.8886745572090149,0.11132544279098511,0.0,0.05027199909090996,1.2226927280426025,1.222476840019226,0.05027199909090996,0.038773853331804276,0,True
193,0.8416327238082886,0.15836727619171143,0.0,0.04055717960000038,1.2379016876220703,1.2394944429397583,0.04055717960000038,0.029936356469988823,0,True
194,0.8309035897254944,0.16909641027450562,0.0,0.04909025877714157,1.337599754333496,1.3410855531692505,0.04909025877714157,0.02104038931429386,0,True
195,0.8536455035209656,0.14635449647903442,0.0,0.06020384654402733,1.4894412755966187,1.495378851890564,0.06020384654402733,0.03708413615822792,0,True
196,0.9343388676643372,0.06566113233566284,0.0,0.06936755776405334,1.5875778198242188,1.5953247547149658,0.06936755776405334,0.19879621267318726,0,True
197,1.0274399518966675,0.02743995189666748,0.0,0.07699904590845108,1.5510321855545044,1.559272050857544,0.07699904590845108,0.012227734550833702,0,True
198,1.084247350692749,0.08424735069274902,0.0,0.0726223886013031,1.556650161743164,1.5608989000320435,0.0726223886013031,0.02412034012377262,0,True
199,1.1474922895431519,0.14749228954315186,0.0,0.07118097692728043,1.4470460414886475,1.4503635168075562,0.07118097692728043,0.0011582868173718452,0,True
200,1.304031491279602,0.30403149127960205,0.0,0.07394921034574509,1.431867003440857,1.4405683279037476,0.07394921034574509,0.3120672404766083,0,True
201,1.1054646968841553,0.10546469688415527,0.0,0.07804995775222778,1.3903906345367432,1.395585298538208,0.07804995775222778,0.09560047090053558,0,True
202,0.9148286581039429,0.08517134189605713,0.0,0.0473511777818203,1.3601921796798706,1.3614003658294678,0.0473511777818203,0.08901510387659073,0,True
203,0.8794723153114319,0.12052768468856812,0.0,0.038762275129556656,1.3793951272964478,1.3812779188156128,0.038762275129556656,0.03948594629764557,0,True
204,0.8783054351806641,0.12169456481933594,0.0,0.051434364169836044,1.5014961957931519,1.505576252937317,0.051434364169836044,0.12808425724506378,0,True
205,0.9207073450088501,0.0792926549911499,0.0,0.06503335386514664,1.610041618347168,1.6173096895217896,0.06503335386514664,0.14213307201862335,0,True
206,0.9896590709686279,0.01034092903137207,0.0,0.07497233152389526,1.7022465467453003,1.7103909254074097,0.07497233152389526,0.029232749715447426,0,True
207,1.0813370943069458,0.0813370943069458,0.0,0.0785631313920021,1.61763334274292,1.6256407499313354,0.0785631313920021,0.062185924500226974,0,True
208,1.090445637702942,0.0904456377029419,0.0,0.07450086623430252,1.6186224222183228,1.6220159530639648,0.07450086623430252,0.04539238288998604,0,True
209,1.1555684804916382,0.15556848049163818,0.0,0.07100488245487213,1.5756076574325562,1.5785585641860962,0.07100488245487213,0.021842939779162407,0,True
210,1.2731001377105713,0.2731001377105713,0.0,0.07360625267028809,1.524394154548645,1.535607933998108,0.07360625267028809,0.003480155486613512,0,True
211,1.0043113231658936,0.004311323165893555,0.0,0.07625942677259445,1.1848994493484497,1.1876877546310425,0.07625942677259445,0.02359568141400814,0,True
212,0.9204286932945251,0.07957130670547485,0.0,0.03952262923121452,1.1334044933319092,1.1354612112045288,0.03952262923121452,0.022104503586888313,0,True
213,0.9030392169952393,0.09696078300476074,0.0,0.04146670922636986,1.294006586074829,1.2975115776062012,0.04146670922636986,0.007085163611918688,0,True
214,1.0043848752975464,0.004384875297546387,0.0,0.056482017040252686,1.4468237161636353,1.4532171487808228,0.056482017040252686,0.443233847618103,0,True
215,1.0075534582138062,0.007553458213806152,0.0,0.06611769646406174,1.594351887702942,1.602291226387024,0.06611769646406174,0.0013468789402395487,0,True
216,1.0487451553344727,0.048745155334472656,0.0,0.07836160808801651,1.537462592124939,1.5448801517486572,0.07836160808801651,0.1635647714138031,0,True
217,1.133612036705017,0.1336120367050171,0.0,0.0758073553442955,1.64887273311615,1.6559462547302246,0.0758073553442955,0.03253365308046341,0,True
218,1.150428295135498,0.15042829513549805,0.0,0.07448960840702057,1.559802532196045,1.5619345903396606,0.07448960840702057,0.00775529770180583,0,True
219,1.2827527523040771,0.28275275230407715,0.0,0.07617860287427902,1.5427380800247192,1.5482423305511475,0.07617860287427902,0.12612681090831757,0,True
220,1.0253595113754272,0.025359511375427246,0.0,0.0812673345208168,1.3237351179122925,1.3291300535202026,0.0812673345208168,0.08236270397901535,0,True
221,0.8065991997718811,0.1934008002281189,0.0,0.06550029665231705,1.2303601503372192,1.2297828197479248,0.06550029665231705,0.03942107409238815,0,True
222,0.8066303730010986,0.19336962699890137,0.0,0.04021758958697319,1.2378660440444946,1.2403957843780518,0.04021758958697319,0.01907060109078884,0,True
223,0.7773224711418152,0.22267752885818481,0.0,0.04338431358337402,1.355943202972412,1.3595530986785889,0.04338431358337402,0.028831858187913895,0,True
224,0.836307168006897,0.16369283199310303,0.0,0.06181994080543518,1.5119051933288574,1.5195218324661255,0.06181994080543518,0.07271094620227814,0,True
225,0.9216442108154297,0.07835578918457031,0.0,0.07410399615764618,1.5765756368637085,1.5857117176055908,0.07410399615764618,0.1532638669013977,0,True
226,0.9961639642715454,0.00383603572845459,0.0,0.07787546515464783,1.5226985216140747,1.5306143760681152,0.07787546515464783,0.07017315179109573,0,True
227,1.0519133806228638,0.05191338062286377,0.0,0.07431821525096893,1.5027282238006592,1.50663423538208,0.07431821525096893,0.10897482931613922,0,True
228,1.084997534751892,0.08499753475189209,0.0,0.07504834979772568,1.5128428936004639,1.5150572061538696,0.07504834979772568,0.02910960093140602,0,True
229,1.2308547496795654,0.23085474967956543,0.0,0.07451598346233368,1.5008116960525513,1.509052038192749,0.07451598346233368,0.046702079474925995,0,True
230,1.130688190460205,0.13068819046020508,0.0,0.0718313455581665,0.9745349287986755,0.9842677116394043,0.0718313455581665,0.001226763823069632,0,True
231,0.9458552598953247,0.05414474010467529,0.0,0.05526299402117729,1.2408013343811035,1.2406930923461914,0.05526299402117729,0.0421726256608963,0,True
232,0.8980743288993835,0.10192567110061646,0.0,0.039978478103876114,1.2323795557022095,1.2346863746643066,0.039978478103876114,0.00903142336755991,0,True
233,0.874091625213623,0.12590837478637695,0.0,0.04476814717054367,1.3145049810409546,1.3178679943084717,0.04476814717054367,0.0011339073535054922,0,True
234,0.8920693397521973,0.10793066024780273,0.0,0.05582551285624504,1.4598755836486816,1.4659767150878906,0.05582551285624504,0.010231595486402512,0,True
235,0.940464198589325,0.05953580141067505,0.0,0.06449835002422333,1.5571142435073853,1.5643136501312256,0.06449835002422333,0.0909811332821846,0,True
236,1.002557635307312,0.0025576353073120117,0.0,0.07068698108196259,1.5450204610824585,1.5522937774658203,0.07068698108196259,0.10435216873884201,0,True
237,1.0566743612289429,0.05667436122894287,0.0,0.06887411326169968,1.542879343032837,1.5481860637664795,0.06887411326169968,0.05393717810511589,0,True
238,1.0793412923812866,0.07934129238128662,0.0,0.06694506853818893,1.4989229440689087,1.501250982284546,0.06694506853818893,0.05504889041185379,0,True
239,1.179181694984436,0.17918169498443604,0.0,0.07221502810716629,1.4708820581436157,1.4752410650253296,0.07221502810716629,0.1601608246564865,0,True
240,1.3493467569351196,0.34934675693511963,0.0,0.07506178319454193,1.2777645587921143,1.29049551486969,0.07506178319454193,0.24925076961517334,0,True
241,1.216335654258728,0.21633565425872803,0.0,0.06358718872070312,1.18970787525177,1.193164348602295,0.06358718872070312,0.062443807721138,0,True
242,0.9567599296569824,0.04324007034301758,0.0,0.04085690155625343,1.3568384647369385,1.3581804037094116,0.04085690155625343,0.04724731296300888,0,True
243,0.955180287361145,0.04481971263885498,0.0,0.04233242943882942,1.3672995567321777,1.371186375617981,0.04233242943882942,0.0829441174864769,0,True
244,0.9295653104782104,0.07043468952178955,0.0,0.047693122178316116,1.4781455993652344,1.483231544494629,0.047693122178316116,0.13760675489902496,0,True
245,0.9649624824523926,0.03503751754760742,0.0,0.06682896614074707,1.6166402101516724,1.6238242387771606,0.06682896614074707,0.12197879701852798,0,True
246,1.047490119934082,0.04749011993408203,0.0,0.0699380561709404,1.695828914642334,1.7037261724472046,0.0699380561709404,0.06558439880609512,0,True
247,1.1472007036209106,0.14720070362091064,0.0,0.07690221071243286,1.749833583831787,1.7579554319381714,0.07690221071243286,0.10317771881818771,0,True
248,1.1599370241165161,0.1599370241165161,0.0,0.06834970414638519,1.6242135763168335,1.626853585243225,0.06834970414638519,0.01046239398419857,0,True
249,1.1974223852157593,0.19742238521575928,0.0,0.0712113007903099,1.6185790300369263,1.621098279953003,0.0712113007903099,0.05061398819088936,0,True
250,1.1620755195617676,0.16207551956176758,0.0,0.07852743566036224,1.6140090227127075,1.6259324550628662,0.07852743566036224,0.05813821405172348,0,True
251,0.9043446779251099,0.09565532207489014,0.0,0.07410778105258942,1.23269784450531,1.229349136352539,0.07410778105258942,0.015359330922365189,0,True
252,0.9171285629272461,0.0828714370727539,0.0,0.04957285523414612,1.2276626825332642,1.2308733463287354,0.04957285523414612,0.08384764194488525,0,True
253,0.8762339949607849,0.12376600503921509,0.0,0.03967893868684769,1.2577159404754639,1.261115550994873,0.03967893868684769,0.06560929119586945,0,True
254,0.8946292400360107,0.10537075996398926,0.0,0.05501490458846092,1.4418143033981323,1.4472484588623047,0.05501490458846092,0.05071622505784035,0,True
255,0.9678009748458862,0.03219902515411377,0.0,0.06711059808731079,1.546241283416748,1.5533779859542847,0.06711059808731079,0.21161168813705444,0,True
256,1.0145291090011597,0.014529109001159668,0.0,0.07524648308753967,1.5769692659378052,1.5844109058380127,0.07524648308753967,0.1493956744670868,0,True
257,1.0730623006820679,0.07306230068206787,0.0,0.07411705702543259,1.5078915357589722,1.5137864351272583,0.07411705702543259,0.016407303512096405,0,True
258,1.1305679082870483,0.13056790828704834,0.0,0.07813560217618942,1.4908108711242676,1.4951905012130737,0.07813560217618942,0.0242648646235466,0,True
259,1.271053671836853,0.271053671836853,0.0,0.0772513747215271,1.5327993631362915,1.5385910272598267,0.0772513747215271,0.035442303866147995,0,True
260,1.2107895612716675,0.21078956127166748,0.0,0.07482776045799255,1.2721004486083984,1.281834602355957,0.07482776045799255,0.060491662472486496,0,True
261,0.9114179611206055,0.08858203887939453,0.0,0.0738740935921669,1.348785638809204,1.3495967388153076,0.0738740935921669,0.009809213690459728,0,True
262,0.9444059133529663,0.05559408664703369,0.0,0.04863796383142471,1.26121985912323,1.264262080192566,0.04863796383142471,0.13375523686408997,0,True
263,0.9054630398750305,0.09453696012496948,0.0,0.04403739050030708,1.2727283239364624,1.2765980958938599,0.04403739050030708,0.03645411878824234,0,True
264,0.9328401684761047,0.06715983152389526,0.0,0.05876830220222473,1.45225191116333,1.4578639268875122,0.05876830220222473,0.08506306260824203,0,True
265,1.0343096256256104,0.03430962562561035,0.0,0.06830593198537827,1.5457028150558472,1.5538233518600464,0.06830593198537827,0.06861377507448196,0,True
266,1.079837441444397,0.07983744144439697,0.0,0.0779196098446846,1.5664079189300537,1.5745799541473389,0.0779196098446846,0.14523400366306305,0,True
267,1.0959676504135132,0.09596765041351318,0.0,0.07452573627233505,1.5603859424591064,1.564726710319519,0.07452573627233505,0.06216954439878464,0,True
268,1.136994481086731,0.13699448108673096,0.0,0.06725184619426727,1.556050419807434,1.559362769126892,0.06725184619426727,0.005884021986275911,0,True
269,1.2114640474319458,0.2114640474319458,0.0,0.07953225076198578,1.541445016860962,1.5452085733413696,0.07953225076198578,0.05974173545837402,0,True
270,1.3622877597808838,0.3622877597808838,0.0,0.08263219892978668,1.491533637046814,1.5040066242218018,0.08263219892978668,0.16921555995941162,0,True
271,1.152904987335205,0.15290498733520508,0.0,0.07407922297716141,0.9866572022438049,0.9867182970046997,0.07407922297716141,0.13325124979019165,0,True
272,0.9158253073692322,0.08417469263076782,0.0,0.04667382314801216,1.2732778787612915,1.2733957767486572,0.04667382314801216,0.08885859698057175,0,True
273,0.9483692049980164,0.05163079500198364,0.0,0.04654785990715027,1.349792718887329,1.3533430099487305,0.04654785990715027,0.12869031727313995,0,True
274,0.9295833706855774,0.07041662931442261,0.0,0.0499480701982975,1.3494104146957397,1.3543964624404907,0.0499480701982975,0.02073543146252632,0,True
275,0.9683576822280884,0.03164231777191162,0.0,0.06726390868425369,1.507317066192627,1.514522671699524,0.06726390868425369,0.014473228715360165,0,True
276,1.030197262763977,0.03019726276397705,0.0,0.07181563973426819,1.5803210735321045,1.5881057977676392,0.07181563973426819,0.14579330384731293,0,True
277,1.104743242263794,0.10474324226379395,0.0,0.07468979060649872,1.6181949377059937,1.6249266862869263,0.07468979060649872,0.02139138989150524,0,True
278,1.1243927478790283,0.12439274787902832,0.0,0.07000362873077393,1.5775326490402222,1.5806673765182495,0.07000362873077393,0.010811914689838886,0,True
279,1.1828516721725464,0.1828516721725464,0.0,0.07316752523183823,1.5124821662902832,1.5157274007797241,0.07316752523183823,0.05573458597064018,0,True
280,1.2769206762313843,0.2769206762313843,0.0,0.07969348877668381,1.4498779773712158,1.4620881080627441,0.07969348877668381,0.12309284508228302,0,True
281,1.065745234489441,0.06574523448944092,0.0,0.07561445236206055,0.9515039324760437,0.9526852369308472,0.07561445236206055,0.0273995790630579,0,True
282,0.87640380859375,0.12359619140625,0.0,0.04447920620441437,1.180091142654419,1.182151198387146,0.04447920620441437,0.07646846026182175,0,True
283,0.8912401795387268,0.1087598204612732,0.0,0.0451369471848011,1.3189705610275269,1.3225754499435425,0.0451369471848011,0.0482717826962471,0,True
284,0.8801468014717102,0.1198531985282898,0.0,0.04983299970626831,1.3724477291107178,1.377906084060669,0.04983299970626831,0.028942428529262543,0,True
285,0.9230719804763794,0.0769280195236206,0.0,0.06389879435300827,1.5154142379760742,1.5225245952606201,0.06389879435300827,0.03673875331878662,0,True
286,0.9941025972366333,0.005897402763366699,0.0,0.06949843466281891,1.5900126695632935,1.5980712175369263,0.06949843466281891,0.12967078387737274,0,True
287,1.0507924556732178,0.05079245567321777,0.0,0.07031472772359848,1.5956943035125732,1.6021277904510498,0.07031472772359848,0.01663532666862011,0,True
288,1.1112195253372192,0.11121952533721924,0.0,0.06813613325357437,1.6962283849716187,1.7015273571014404,0.06813613325357437,0.06142130121588707,0,True
289,1.115675687789917,0.11567568778991699,0.0,0.07100684940814972,1.601383090019226,1.6024762392044067,0.07100684940814972,0.011264446191489697,0,True
290,1.1943321228027344,0.19433212280273438,0.0,0.07300058752298355,1.574809193611145,1.579508662223816,0.07300058752298355,0.08886975795030594,0,True
291,1.1774846315383911,0.1774846315383911,0.0,0.07642939686775208,1.3677293062210083,1.3802567720413208,0.07642939686775208,0.04942717403173447,0,True
292,0.9321765899658203,0.06782341003417969,0.0,0.061302218586206436,1.2209184169769287,1.2189444303512573,0.061302218586206436,0.08136433362960815,0,True
293,0.934199333190918,0.06580066680908203,0.0,0.046283505856990814,1.2196145057678223,1.2222036123275757,0.046283505856990814,0.04082474857568741,0,True
294,0.8898652195930481,0.1101347804069519,0.0,0.04289741814136505,1.2630648612976074,1.2658814191818237,0.04289741814136505,0.07049620151519775,0,True
295,0.9033679962158203,0.09663200378417969,0.0,0.05808552727103233,1.445084810256958,1.4497296810150146,0.05808552727103233,0.04265689104795456,0,True
296,0.9483891129493713,0.05161088705062866,0.0,0.06661025434732437,1.533246397972107,1.5398427248001099,0.06661025434732437,0.0881834477186203,0,True
297,1.0171035528182983,0.01710355281829834,0.0,0.06885659694671631,1.5797028541564941,1.5860223770141602,0.06885659694671631,0.24910348653793335,0,True
298,1.0701839923858643,0.07018399238586426,0.0,0.07142814993858337,1.5712798833847046,1.5760270357131958,0.07142814993858337,0.022640718147158623,0,True
299,1.1229451894760132,0.12294518947601318,0.0,0.07555150240659714,1.539119839668274,1.5429853200912476,0.07555150240659714,0.06900196522474289,0,True
300,1.214418649673462,0.21441864967346191,0.0,0.0749170184135437,1.5412631034851074,1.5452123880386353,0.0749170184135437,0.05360925570130348,0,True
301,1.3937937021255493,0.3937937021255493,0.0,0.07552769780158997,1.433556079864502,1.4449257850646973,0.07552769780158997,0.21172401309013367,0,True
302,1.2290459871292114,0.22904598712921143,0.0,0.0685305967926979,1.0417670011520386,1.0426859855651855,0.0685305967926979,0.07460504025220871,0,True
303,0.9769747257232666,0.0230252742767334,0.0,0.04084138199687004,1.2679520845413208,1.2691353559494019,0.04084138199687004,0.031628429889678955,0,True
304,0.9629755616188049,0.03702443838119507,0.0,0.04459245130419731,1.375046968460083,1.378305196762085,0.04459245130419731,0.013313151895999908,0,True
305,1.0373971462249756,0.037397146224975586,0.0,0.048931341618299484,1.414887547492981,1.4206724166870117,0.048931341618299484,0.592976987361908,0,True
306,1.0085506439208984,0.008550643920898438,0.0,0.06617403775453568,1.6488897800445557,1.6547167301177979,0.06617403775453568,0.15578393638134003,0,True
307,1.0209877490997314,0.020987749099731445,0.0,0.07428111881017685,1.555530309677124,1.56242835521698,0.07428111881017685,0.2444552481174469,0,True
308,1.0791162252426147,0.07911622524261475,0.0,0.07062813639640808,1.5755444765090942,1.580325722694397,0.07062813639640808,0.053549136966466904,0,True
309,1.1204407215118408,0.12044072151184082,0.0,0.06956680864095688,1.5445703268051147,1.5472962856292725,0.06956680864095688,0.023173611611127853,0,True
310,1.0552746057510376,0.0552746057510376,0.0,0.07241658121347427,1.5089800357818604,1.5175236463546753,0.07241658121347427,0.09013794362545013,0,True
311,1.0215338468551636,0.021533846855163574,0.0,0.06977289170026779,0.7005262970924377,0.7076611518859863,0.06977289170026779,0.14768916368484497,0,True
312,0.814545750617981,0.18545424938201904,0.0,0.051706526428461075,1.1841987371444702,1.1825886964797974,0.051706526428461075,0.04788977652788162,0,True
313,0.8000921010971069,0.19990789890289307,0.0,0.04269041493535042,1.2030330896377563,1.2065519094467163,0.04269041493535042,0.05444817617535591,0,True
314,0.7852321863174438,0.21476781368255615,0.0,0.04531107097864151,1.3402314186096191,1.3453654050827026,0.04531107097864151,0.05831293761730194,0,True
315,0.8271594643592834,0.17284053564071655,0.0,0.06207422912120819,1.489394187927246,1.4962199926376343,0.06207422912120819,0.08471685647964478,0,True
316,0.9102425575256348,0.08975744247436523,0.0,0.07210948318243027,1.582911491394043,1.591486930847168,0.07210948318243027,0.17412413656711578,0,True
317,0.9906999468803406,0.009300053119659424,0.0,0.07692109793424606,1.5720316171646118,1.5794944763183594,0.07692109793424606,0.058025866746902466,0,True
318,1.0677305459976196,0.06773054599761963,0.0,0.07143352180719376,1.6686558723449707,1.6752870082855225,0.07143352180719376,0.03598836064338684,0,True
319,1.0748234987258911,0.07482349872589111,0.0,0.07607996463775635,1.5617046356201172,1.56296968460083,0.07607996463775635,0.06714784353971481,0,True
320,1.130995512008667,0.130995512008667,0.0,0.07589079439640045,1.519411325454712,1.5239410400390625,0.07589079439640045,0.032248012721538544,0,True
321,1.1739187240600586,0.1739187240600586,0.0,0.0730147436261177,1.245996117591858,1.2583214044570923,0.0730147436261177,0.055641137063503265,0,True
322,0.9120166301727295,0.08798336982727051,0.0,0.06296055763959885,1.422809362411499,1.4228590726852417,0.06296055763959885,0.13352341949939728,0,True
323,0.9108606576919556,0.08913934230804443,0.0,0.04271033778786659,1.336501955986023,1.3386272192001343,0.04271033778786659,0.0031452851835638285,0,True
324,0.8862944841384888,0.11370551586151123,0.0,0.0450204499065876,1.3234152793884277,1.3274424076080322,0.0450204499065876,0.11146226525306702,0,True
325,1.0037270784378052,0.0037270784378051758,0.0,0.06077572703361511,1.4902700185775757,1.49611234664917,0.06077572703361511,0.5252723693847656,0,True
326,1.003211498260498,0.003211498260498047,0.0,0.07099959999322891,1.6226563453674316,1.6295768022537231,0.07099959999322891,0.24474450945854187,0,True
327,1.0361275672912598,0.036127567291259766,0.0,0.07326777279376984,1.595908522605896,1.6016663312911987,0.07326777279376984,0.13625043630599976,0,True
328,1.0633677244186401,0.06336772441864014,0.0,0.07036969810724258,1.6102083921432495,1.614618182182312,0.07036969810724258,0.12522269785404205,0,True
329,1.1444602012634277,0.14446020126342773,0.0,0.07061773538589478,1.5838359594345093,1.5871607065200806,0.07061773538589478,0.0743192583322525,0,True
330,1.235894799232483,0.2358947992324829,0.0,0.07767874747514725,1.6106232404708862,1.6149920225143433,0.07767874747514725,0.09551320970058441,0,True
331,1.353294849395752,0.35329484939575195,0.0,0.08011715859174728,1.4816091060638428,1.4941554069519043,0.08011715859174728,0.16238263249397278,0,True
332,1.0790032148361206,0.0790032148361206,0.0,0.0696263313293457,1.198215126991272,1.1954373121261597,0.0696263313293457,0.03327202796936035,0,True
333,0.9589924216270447,0.04100757837295532,0.0,0.03862982988357544,1.1825238466262817,1.1842007637023926,0.03862982988357544,0.0036546264309436083,0,True
334,0.8985309600830078,0.10146903991699219,0.0,0.04401744529604912,1.3346680402755737,1.3363466262817383,0.04401744529604912,0.06365308165550232,0,True
335,0.9055523872375488,0.09444761276245117,0.0,0.05203605815768242,1.3787258863449097,1.3842660188674927,0.05203605815768242,0.028987251222133636,0,True
336,0.9977062344551086,0.0022937655448913574,0.0,0.06553703546524048,1.514391303062439,1.5222569704055786,0.06553703546524048,0.26916390657424927,0,True
337,1.0199073553085327,0.019907355308532715,0.0,0.0732702687382698,1.5731332302093506,1.5801328420639038,0.0732702687382698,0.11712423712015152,0,True
338,1.1042202711105347,0.10422027111053467,0.0,0.07597450911998749,1.6877912282943726,1.694368839263916,0.07597450911998749,0.10231642425060272,0,True
339,1.1194517612457275,0.11945176124572754,0.0,0.07343616336584091,1.5758559703826904,1.5778697729110718,0.07343616336584091,0.05591246113181114,0,True
340,1.1669577360153198,0.16695773601531982,0.0,0.07555815577507019,1.5550910234451294,1.5578819513320923,0.07555815577507019,0.08513201028108597,0,True
341,1.257911205291748,0.25791120529174805,0.0,0.08058900386095047,1.4622852802276611,1.4748176336288452,0.08058900386095047,0.02913646399974823,0,True
342,1.0596362352371216,0.05963623523712158,0.0,0.07206679880619049,1.0210551023483276,1.0218819379806519,0.07206679880619049,0.10697702318429947,0,True
343,0.9649867415428162,0.03501325845718384,0.0,0.04324910044670105,1.1884088516235352,1.1909544467926025,0.04324910044670105,0.10025098919868469,0,True
344,0.9430780410766602,0.056921958923339844,0.0,0.040834713727235794,1.266054391860962,1.2693514823913574,0.040834713727235794,0.064822256565094,0,True
345,1.028011441230774,0.028011441230773926,0.0,0.053885575383901596,1.4078141450881958,1.413583755493164,0.053885575383901596,0.35426878929138184,0,True
346,1.0734449625015259,0.07344496250152588,0.0,0.06329909712076187,1.5907753705978394,1.5970845222473145,0.06329909712076187,0.03859718516469002,0,True
347,1.094477653503418,0.09447765350341797,0.0,0.0714658871293068,1.5103715658187866,1.5168312788009644,0.0714658871293068,0.013630532659590244,0,True
348,1.1113548278808594,0.11135482788085938,0.0,0.07174792885780334,1.4898278713226318,1.494499921798706,0.07174792885780334,0.04297362267971039,0,True
349,1.146001935005188,0.146001935005188,0.0,0.06670669466257095,1.481257677078247,1.4837099313735962,0.06670669466257095,0.04231240600347519,0,True
350,1.167702078819275,0.1677020788192749,0.0,0.0746665820479393,1.4989728927612305,1.5047332048416138,0.0746665820479393,0.015588054433465004,0,True
351,1.2122282981872559,0.21222829818725586,0.0,0.07247608155012131,0.9671658277511597,0.9803241491317749,0.07247608155012131,0.03932786360383034,0,True
352,0.9414744973182678,0.05852550268173218,0.0,0.06611404567956924,1.2550532817840576,1.2517991065979004,0.06611404567956924,0.009252619929611683,0,True
353,0.9670597910881042,0.03294020891189575,0.0,0.04529338330030441,1.2550618648529053,1.2581095695495605,0.04529338330030441,0.06355175375938416,0,True
354,0.9140011072158813,0.08599889278411865,0.0,0.04254049435257912,1.2517794370651245,1.2549936771392822,0.04254049435257912,0.056562330573797226,0,True
355,0.9287275075912476,0.07127249240875244,0.0,0.06038571894168854,1.4362118244171143,1.4411309957504272,0.06038571894168854,0.023199064657092094,0,True
356,1.0114433765411377,0.011443376541137695,0.0,0.06885799020528793,1.5220115184783936,1.529443621635437,0.06885799020528793,0.2798522710800171,0,True
357,1.0262470245361328,0.026247024536132812,0.0,0.07687932252883911,1.586969256401062,1.5941301584243774,0.07687932252883911,0.08538265526294708,0,True
358,1.064967393875122,0.06496739387512207,0.0,0.07064686715602875,1.5186982154846191,1.5237481594085693,0.07064686715602875,0.03847675397992134,0,True
359,1.0999953746795654,0.09999537467956543,0.0,0.07209951430559158,1.5239113569259644,1.5270261764526367,0.07209951430559158,0.02550634741783142,0,True
360,1.1973463296890259,0.19734632968902588,0.0,0.07357705384492874,1.5453122854232788,1.550054907798767,0.07357705384492874,0.09951888769865036,0,True
361,1.4100593328475952,0.4100593328475952,0.0,0.07651622593402863,1.4524661302566528,1.4655437469482422,0.07651622593402863,0.10932803153991699,0,True
362,1.1517581939697266,0.15175819396972656,0.0,0.07242777943611145,1.1882939338684082,1.186723232269287,0.07242777943611145,0.07754601538181305,0,True
363,0.957490861415863,0.04250913858413696,0.0,0.0425172783434391,1.249832034111023,1.251976490020752,0.0425172783434391,0.011693019419908524,0,True
364,0.9466446042060852,0.053355395793914795,0.0,0.04544757679104805,1.3587634563446045,1.3629741668701172,0.04544757679104805,0.05065429210662842,0,True
365,1.0102977752685547,0.010297775268554688,0.0,0.0496554970741272,1.4055253267288208,1.412180781364441,0.0496554970741272,0.4006703197956085,0,True
366,1.0207946300506592,0.02079463005065918,0.0,0.06576771289110184,1.6188169717788696,1.6259963512420654,0.06576771289110184,0.21452735364437103,0,True
367,1.0341981649398804,0.03419816493988037,0.0,0.06882345676422119,1.5886366367340088,1.5955077409744263,0.06882345676422119,0.19699886441230774,0,True
368,1.116248607635498,0.11624860763549805,0.0,0.0745808556675911,1.7177478075027466,1.7243937253952026,0.0745808556675911,0.08801909536123276,0,True
369,1.127077341079712,0.12707734107971191,0.0,0.06716141849756241,1.6207356452941895,1.6230088472366333,0.06716141849756241,0.07340199500322342,0,True
370,1.1731082201004028,0.17310822010040283,0.0,0.07254356145858765,1.58780038356781,1.5904403924942017,0.07254356145858765,0.048795655369758606,0,True
371,1.1573976278305054,0.15739762783050537,0.0,0.08008401095867157,1.5388917922973633,1.551138997077942,0.08008401095867157,0.12378877401351929,0,True
372,0.8779494166374207,0.12205058336257935,0.0,0.07223521918058395,1.2639572620391846,1.262183666229248,0.07223521918058395,0.05470103397965431,0,True
373,0.9303670525550842,0.06963294744491577,0.0,0.04860672354698181,1.2893787622451782,1.2917671203613281,0.04860672354698181,0.13600799441337585,0,True
374,0.8931161761283875,0.10688382387161255,0.0,0.038383763283491135,1.2316831350326538,1.2342169284820557,0.038383763283491135,0.04303101822733879,0,True
375,0.9121463894844055,0.08785361051559448,0.0,0.05623391643166542,1.431441068649292,1.4364029169082642,0.05623391643166542,0.0009618611074984074,0,True
376,0.9619795083999634,0.03802049160003662,0.0,0.06588408350944519,1.5167914628982544,1.522896409034729,0.06588408350944519,0.08301884680986404,0,True
377,1.0193743705749512,0.019374370574951172,0.0,0.07207461446523666,1.555380940437317,1.5615547895431519,0.07207461446523666,0.21724791824817657,0,True
378,1.074888825416565,0.07488882541656494,0.0,0.06853783875703812,1.4756686687469482,1.480804204940796,0.06853783875703812,0.027376292273402214,0,True
379,1.1342869997024536,0.1342869997024536,0.0,0.07157997786998749,1.471842646598816,1.4750748872756958,0.07157997786998749,0.03168430179357529,0,True
380,1.2483638525009155,0.24836385250091553,0.0,0.07757431268692017,1.515724539756775,1.5212608575820923,0.07757431268692017,0.1262703686952591,0,True
381,1.330142855644226,0.3301428556442261,0.0,0.071114681661129,1.2753589153289795,1.2863446474075317,0.071114681661129,0.17190653085708618,0,True
382,1.0655444860458374,0.0655444860458374,0.0,0.06677291542291641,1.3066155910491943,1.307528018951416,0.06677291542291641,0.09809836745262146,0,True
383,0.9930622577667236,0.006937742233276367,0.0,0.0406443290412426,1.1959704160690308,1.1986236572265625,0.0406443290412426,0.002706922823563218,0,True
384,0.9652606248855591,0.03473937511444092,0.0,0.04347884654998779,1.3512210845947266,1.3546468019485474,0.04347884654998779,0.057475361973047256,0,True
385,0.9750303030014038,0.02496969699859619,0.0,0.053382836282253265,1.4841006994247437,1.4891736507415771,0.053382836282253265,0.07262871414422989,0,True
386,1.0728349685668945,0.07283496856689453,0.0,0.068695068359375,1.5970364809036255,1.6047760248184204,0.068695068359375,0.1864282786846161,0,True
387,1.1050150394439697,0.10501503944396973,0.0,0.07829585671424866,1.6548128128051758,1.6628010272979736,0.07829585671424866,0.10708160698413849,0,True
388,1.1503350734710693,0.15033507347106934,0.0,0.07257711887359619,1.5680509805679321,1.5718284845352173,0.07257711887359619,0.08940499275922775,0,True
389,1.1660003662109375,0.1660003662109375,0.0,0.07200481742620468,1.5320285558700562,1.5332764387130737,0.07200481742620468,0.033692825585603714,0,True
390,1.1419718265533447,0.14197182655334473,0.0,0.07311902940273285,1.599491000175476,1.6054408550262451,0.07311902940273285,0.0648672878742218,0,True
391,1.077770471572876,0.07777047157287598,0.0,0.0727694109082222,0.8727506995201111,0.8848481178283691,0.0727694109082222,0.05174068361520767,0,True
392,0.8554368019104004,0.1445631980895996,0.0,0.05887959152460098,1.1606348752975464,1.1581555604934692,0.05887959152460098,0.027681220322847366,0,True
393,0.8462241888046265,0.15377581119537354,0.0,0.04303654655814171,1.1912914514541626,1.1944773197174072,0.04303654655814171,0.13246135413646698,0,True
394,0.8187187314033508,0.18128126859664917,0.0,0.04476798698306084,1.290717601776123,1.2944124937057495,0.04476798698306084,0.04619738087058067,0,True
395,0.8527856469154358,0.1472143530845642,0.0,0.058614332228899,1.4504948854446411,1.456504225730896,0.058614332228899,0.029978077858686447,0,True
396,0.9163491129875183,0.08365088701248169,0.0,0.06896066665649414,1.5340728759765625,1.5421785116195679,0.06896066665649414,0.0671965703368187,0,True
397,1.012970209121704,0.012970209121704102,0.0,0.07264472544193268,1.4813860654830933,1.4891202449798584,0.07264472544193268,0.03883068636059761,0,True
398,1.0783307552337646,0.07833075523376465,0.0,0.07003993541002274,1.5425059795379639,1.547282338142395,0.07003993541002274,0.013011605478823185,0,True
399,1.1339175701141357,0.13391757011413574,0.0,0.0725395604968071,1.4703291654586792,1.4735897779464722,0.0725395604968071,0.024897949770092964,0,True
400,1.3002105951309204,0.3002105951309204,0.0,0.07096903026103973,1.4601587057113647,1.4683732986450195,0.07096903026103973,0.11545486003160477,0,True
401,1.139829397201538,0.13982939720153809,0.0,0.08178318291902542,1.19918954372406,1.2044291496276855,0.08178318291902542,0.05616026744246483,0,True
402,0.9407469630241394,0.059253036975860596,0.0,0.048265885561704636,1.3261724710464478,1.3256151676177979,0.048265885561704636,0.08873472362756729,0,True
403,0.8971374034881592,0.10286259651184082,0.0,0.040605008602142334,1.3320274353027344,1.333988904953003,0.040605008602142334,0.001226782682351768,0,True
404,0.893555760383606,0.10644423961639404,0.0,0.048579681664705276,1.421002745628357,1.4254854917526245,0.048579681664705276,0.11240121722221375,0,True
405,0.9374336004257202,0.06256639957427979,0.0,0.06423582881689072,1.587337851524353,1.5945310592651367,0.06423582881689072,0.09708697348833084,0,True
406,1.0120829343795776,0.012082934379577637,0.0,0.07705709338188171,1.6617357730865479,1.670253038406372,0.07705709338188171,0.041198644787073135,0,True
407,1.118005394935608,0.11800539493560791,0.0,0.08295391499996185,1.6914188861846924,1.699613094329834,0.08295391499996185,0.06780894100666046,0,True
408,1.1182295083999634,0.11822950839996338,0.0,0.07246458530426025,1.6041457653045654,1.6066354513168335,0.07246458530426025,0.003605305915698409,0,True
409,1.154083251953125,0.154083251953125,0.0,0.07001364976167679,1.498202919960022,1.5010312795639038,0.07001364976167679,0.058362893760204315,0,True
410,1.1378616094589233,0.13786160945892334,0.0,0.07404358685016632,1.4455232620239258,1.4564478397369385,0.07404358685016632,0.09665576368570328,0,True
411,0.9391239881515503,0.06087601184844971,0.0,0.06885665655136108,1.1519296169281006,1.1521390676498413,0.06885665655136108,0.050021346658468246,0,True
412,0.8791111707687378,0.12088882923126221,0.0,0.04387151449918747,1.1802290678024292,1.182505488395691,0.04387151449918747,0.01315303798764944,0,True
413,0.8641825914382935,0.13581740856170654,0.0,0.0421418659389019,1.3286653757095337,1.3317458629608154,0.0421418659389019,0.06485603004693985,0,True
414,0.8858727812767029,0.11412721872329712,0.0,0.05718084052205086,1.4551811218261719,1.461089015007019,0.05718084052205086,0.08956906944513321,0,True
415,0.9498697519302368,0.050130248069763184,0.0,0.06895023584365845,1.5786865949630737,1.5864238739013672,0.06895023584365845,0.09796606004238129,0,True
416,1.0209683179855347,0.020968317985534668,0.0,0.07726659625768661,1.61077880859375,1.6186414957046509,0.07726659625768661,0.12511944770812988,0,True
417,1.125451922416687,0.125451922416687,0.0,0.07776180654764175,1.7584202289581299,1.7649351358413696,0.07776180654764175,0.03927713260054588,0,True
418,1.1212694644927979,0.12126946449279785,0.0,0.07270360738039017,1.6049537658691406,1.6061471700668335,0.07270360738039017,0.0854467898607254,0,True
419,1.1646785736083984,0.16467857360839844,0.0,0.07361049205064774,1.5587708950042725,1.561002492904663,0.07361049205064774,0.06269259005784988,0,True
420,1.18099844455719,0.18099844455718994,0.0,0.07431383430957794,1.4208300113677979,1.43305242061615,0.07431383430957794,0.09550037980079651,0,True
421,0.7827048897743225,0.2172951102256775,0.0,0.06853947788476944,1.5523624420166016,1.5488643646240234,0.06853947788476944,0.1032998263835907,0,True
422,0.9107240438461304,0.08927595615386963,0.0,0.05638882517814636,1.5071489810943604,1.5090593099594116,0.05638882517814636,0.014392855577170849,0,True
423,0.9712163805961609,0.02878361940383911,0.0,0.04577677324414253,1.2606396675109863,1.2636793851852417,0.04577677324414253,0.571643054485321,0,True
424,1.0440977811813354,0.04409778118133545,0.0,0.056779589504003525,1.5507272481918335,1.5522562265396118,0.056779589504003525,0.10731218010187149,0,True
425,1.0370901823043823,0.037090182304382324,0.0,0.0711294636130333,1.4536365270614624,1.4577969312667847,0.0711294636130333,0.17689180374145508,0,True
426,1.027999997138977,0.02799999713897705,0.0,0.07363685965538025,1.5387725830078125,1.5421031713485718,0.07363685965538025,0.24833804368972778,0,True
427,1.0186939239501953,0.018693923950195312,0.0,0.06333732604980469,1.6208146810531616,1.6229721307754517,0.06333732604980469,0.3462107181549072,0,True
428,1.0017766952514648,0.0017766952514648438,0.0,0.06798545271158218,1.6113898754119873,1.6118613481521606,0.06798545271158218,0.050378669053316116,0,True
429,1.1226941347122192,0.12269413471221924,0.0,0.07073879987001419,1.55866539478302,1.562730312347412,0.07073879987001419,0.03554479032754898,0,True
430,1.381739616394043,0.38173961639404297,0.0,0.07917706668376923,1.5991792678833008,1.6115522384643555,0.07917706668376923,0.01148358453065157,0,True
431,1.3202399015426636,0.3202399015426636,0.0,0.07315417379140854,0.8647352457046509,0.8709655404090881,0.07315417379140854,0.0985465720295906,0,True
432,1.0185720920562744,0.018572092056274414,0.0,0.05063311383128166,1.4751778841018677,1.4747406244277954,0.05063311383128166,0.07015112042427063,0,True
433,0.9782716631889343,0.021728336811065674,0.0,0.03850797936320305,1.312380075454712,1.3155508041381836,0.03850797936320305,0.008794221095740795,0,True
434,0.9354661107063293,0.06453388929367065,0.0,0.04364011436700821,1.3604689836502075,1.364022135734558,0.04364011436700821,0.11885983496904373,0,True
435,1.0291434526443481,0.029143452644348145,0.0,0.06076915189623833,1.51442289352417,1.520211935043335,0.06076915189623833,0.43703287839889526,0,True
436,0.9931459426879883,0.006854057312011719,0.0,0.06748197972774506,1.6160119771957397,1.6224273443222046,0.06748197972774506,0.004988140892237425,0,True
437,1.0340323448181152,0.034032344818115234,0.0,0.06746756285429001,1.5422544479370117,1.5465106964111328,0.06746756285429001,0.13341213762760162,0,True
438,1.0973724126815796,0.09737241268157959,0.0,0.06591647863388062,1.5480676889419556,1.5519134998321533,0.06591647863388062,0.03466421738266945,0,True
439,1.1839827299118042,0.1839827299118042,0.0,0.07338911294937134,1.537450909614563,1.5413405895233154,0.07338911294937134,0.06960097700357437,0,True
440,1.1286194324493408,0.12861943244934082,0.0,0.08182121813297272,1.4876911640167236,1.4991501569747925,0.08182121813297272,0.027260299772024155,0,True
441,0.826196551322937,0.173803448677063,0.0,0.07310757040977478,1.3199126720428467,1.3148143291473389,0.07310757040977478,0.054058752954006195,0,True
442,0.9024403691291809,0.09755963087081909,0.0,0.048389021307229996,1.3017010688781738,1.304567575454712,0.048389021307229996,0.09595810621976852,0,True
443,0.876550018787384,0.12344998121261597,0.0,0.0421123243868351,1.2360273599624634,1.23927640914917,0.0421123243868351,0.0346703939139843,0,True
444,0.9039936661720276,0.09600633382797241,0.0,0.057827044278383255,1.420656681060791,1.4261364936828613,0.057827044278383255,0.006166795268654823,0,True
445,0.9621890187263489,0.03781098127365112,0.0,0.0683637261390686,1.5195937156677246,1.5272438526153564,0.0683637261390686,0.07448161393404007,0,True
446,1.0181560516357422,0.018156051635742188,0.0,0.07775662839412689,1.5338685512542725,1.540913462638855,0.07775662839412689,0.11508975923061371,0,True
447,1.0395281314849854,0.03952813148498535,0.0,0.07306382060050964,1.5557646751403809,1.560481071472168,0.07306382060050964,0.003386532422155142,0,True
448,1.1031473875045776,0.10314738750457764,0.0,0.06478457152843475,1.6048413515090942,1.609265923500061,0.06478457152843475,0.03864230960607529,0,True
449,1.1705840826034546,0.1705840826034546,0.0,0.07486683130264282,1.5528315305709839,1.556933879852295,0.07486683130264282,0.05075976997613907,0,True
450,1.3953945636749268,0.39539456367492676,0.0,0.07396594434976578,1.4830787181854248,1.4941024780273438,0.07396594434976578,0.2383737415075302,0,True
451,1.1158738136291504,0.11587381362915039,0.0,0.07297317683696747,1.1152656078338623,1.1182754039764404,0.07297317683696747,0.130218967795372,0,True
452,0.8975419998168945,0.10245800018310547,0.0,0.045537177473306656,1.2599691152572632,1.2611162662506104,0.045537177473306656,0.04912764951586723,0,True
453,0.9389445781707764,0.06105542182922363,0.0,0.04778570309281349,1.3622229099273682,1.3655269145965576,0.04778570309281349,0.10344778001308441,0,True
454,0.9158212542533875,0.08417874574661255,0.0,0.0488756038248539,1.356381893157959,1.3612987995147705,0.0488756038248539,0.0240213330835104,0,True
455,0.9511608481407166,0.04883915185928345,0.0,0.06642086803913116,1.5233359336853027,1.5305964946746826,0.06642086803913116,0.04459238797426224,0,True
456,1.0036594867706299,0.003659486770629883,0.0,0.06904815882444382,1.5758224725723267,1.5836044549942017,0.06904815882444382,0.14075374603271484,0,True
457,1.0878735780715942,0.08787357807159424,0.0,0.07054533064365387,1.6285791397094727,1.6352965831756592,0.07054533064365387,0.03994489461183548,0,True
458,1.1119308471679688,0.11193084716796875,0.0,0.06840880960226059,1.5800400972366333,1.5835071802139282,0.06840880960226059,0.025643406435847282,0,True
459,1.1657134294509888,0.16571342945098877,0.0,0.07496073096990585,1.4903608560562134,1.494238257408142,0.07496073096990585,0.05619656294584274,0,True
460,1.3472847938537598,0.34728479385375977,0.0,0.07967333495616913,1.4560552835464478,1.4681856632232666,0.07967333495616913,0.21099713444709778,0,True
461,1.185468316078186,0.18546831607818604,0.0,0.07730729877948761,0.9723805785179138,0.9764636158943176,0.07730729877948761,0.11819392442703247,0,True
462,0.9466348886489868,0.053365111351013184,0.0,0.053096916526556015,1.316872239112854,1.3174749612808228,0.053096916526556015,0.06075044348835945,0,True
463,0.9778191447257996,0.02218085527420044,0.0,0.04559355229139328,1.3028980493545532,1.3060718774795532,0.04559355229139328,0.04845793917775154,0,True
464,0.9388906359672546,0.06110936403274536,0.0,0.04644082114100456,1.3243259191513062,1.3286916017532349,0.04644082114100456,0.00031561937066726387,0,True
465,0.9683251976966858,0.03167480230331421,0.0,0.06438256800174713,1.4956997632980347,1.5022475719451904,0.06438256800174713,0.04114671051502228,0,True
466,1.0098236799240112,0.00982367992401123,0.0,0.06822612881660461,1.5542796850204468,1.5618430376052856,0.06822612881660461,0.15324892103672028,0,True
467,1.0893306732177734,0.08933067321777344,0.0,0.0709119588136673,1.570265769958496,1.5770783424377441,0.0709119588136673,0.011682000942528248,0,True
468,1.1283464431762695,0.12834644317626953,0.0,0.06914058327674866,1.5431088209152222,1.547165036201477,0.06914058327674866,0.0404697023332119,0,True
469,1.176923155784607,0.17692315578460693,0.0,0.07205706089735031,1.4881129264831543,1.4918646812438965,0.07205706089735031,0.07366716861724854,0,True
470,1.3471256494522095,0.3471256494522095,0.0,0.07490555197000504,1.4866552352905273,1.4969053268432617,0.07490555197000504,0.039472997188568115,0,True
471,1.1306793689727783,0.13067936897277832,0.0,0.079348623752594,1.15935218334198,1.161729335784912,0.079348623752594,0.0937533974647522,0,True
472,0.8953834772109985,0.10461652278900146,0.0,0.05317557230591774,1.2710134983062744,1.2718825340270996,0.05317557230591774,0.017587145790457726,0,True
473,0.9268127679824829,0.07318723201751709,0.0,0.04830964654684067,1.3021960258483887,1.306471824645996,0.04830964654684067,0.003768075490370393,0,True
474,0.9088152647018433,0.09118473529815674,0.0,0.04645340144634247,1.382258653640747,1.3873653411865234,0.04645340144634247,0.10698556900024414,0,True
475,0.9793663620948792,0.02063363790512085,0.0,0.06435175240039825,1.5449953079223633,1.5520344972610474,0.06435175240039825,0.23555181920528412,0,True
476,0.9931007027626038,0.00689929723739624,0.0,0.07017569988965988,1.6461423635482788,1.6534771919250488,0.07017569988965988,0.14318782091140747,0,True
477,1.0966166257858276,0.09661662578582764,0.0,0.07732480764389038,1.6983929872512817,1.7056634426116943,0.07732480764389038,0.023941202089190483,0,True
478,1.1056909561157227,0.10569095611572266,0.0,0.06987401843070984,1.578058123588562,1.581101417541504,0.06987401843070984,0.03402375429868698,0,True
479,1.1116061210632324,0.11160612106323242,0.0,0.07438541948795319,1.5341721773147583,1.535686731338501,0.07438541948795319,0.043412163853645325,0,True
480,1.2741118669509888,0.27411186695098877,0.0,0.07305868715047836,1.5009011030197144,1.5095211267471313,0.07305868715047836,0.01547101978212595,0,True
481,1.045971155166626,0.04597115516662598,0.0,0.072322778403759,1.0835126638412476,1.089943528175354,0.072322778403759,0.03994794562458992,0,True
482,0.8295692205429077,0.17043077945709229,0.0,0.052011266350746155,1.2617404460906982,1.2616032361984253,0.052011266350746155,0.03888539969921112,0,True
483,0.827161967754364,0.172838032245636,0.0,0.04243289679288864,1.2749747037887573,1.27811598777771,0.04243289679288864,0.019130069762468338,0,True
484,0.8076578974723816,0.1923421025276184,0.0,0.04801122099161148,1.3825514316558838,1.3874626159667969,0.04801122099161148,0.03318558633327484,0,True
485,0.8514214158058167,0.14857858419418335,0.0,0.061641596257686615,1.5279468297958374,1.5351736545562744,0.061641596257686615,0.02721550688147545,0,True
486,0.9260730147361755,0.07392698526382446,0.0,0.06736628711223602,1.6077712774276733,1.6159751415252686,0.06736628711223602,0.11666899174451828,0,True
487,1.0157548189163208,0.0157548189163208,0.0,0.07110504806041718,1.5448191165924072,1.5525332689285278,0.07110504806041718,0.01572326570749283,0,True
488,1.0908221006393433,0.09082210063934326,0.0,0.07380479574203491,1.5512434244155884,1.5562951564788818,0.07380479574203491,0.01683368720114231,0,True
489,1.0808688402175903,0.08086884021759033,0.0,0.06852756440639496,1.5958279371261597,1.5966801643371582,0.06852756440639496,0.044407088309526443,0,True
490,1.1135766506195068,0.11357665061950684,0.0,0.06965484470129013,1.5455127954483032,1.5471962690353394,0.06965484470129013,0.06836508214473724,0,True
491,1.3346009254455566,0.33460092544555664,0.0,0.07613790035247803,1.4957795143127441,1.5078285932540894,0.07613790035247803,0.10583037883043289,0,True
492,1.146783471107483,0.1467834711074829,0.0,0.06680122017860413,1.0917651653289795,1.0915435552597046,0.06680122017860413,0.10161969065666199,0,True
493,0.9531964659690857,0.04680353403091431,0.0,0.04293438047170639,1.1786515712738037,1.179705023765564,0.04293438047170639,0.015332120470702648,0,True
494,0.9321165084838867,0.06788349151611328,0.0,0.04205635190010071,1.3453012704849243,1.3487249612808228,0.04205635190010071,0.047174278646707535,0,True
495,0.9258760809898376,0.07412391901016235,0.0,0.04816364869475365,1.3889256715774536,1.3946897983551025,0.04816364869475365,0.08199568837881088,0,True
496,1.0112332105636597,0.011233210563659668,0.0,0.06503698229789734,1.5516666173934937,1.55893874168396,0.06503698229789734,0.2801150679588318,0,True
497,1.0214978456497192,0.02149784564971924,0.0,0.06838743388652802,1.6597739458084106,1.6665198802947998,0.06838743388652802,0.18965038657188416,0,True
498,1.1109312772750854,0.11093127727508545,0.0,0.07531418651342392,1.5875935554504395,1.5934549570083618,0.07531418651342392,0.013557516038417816,0,True
499,1.1223747730255127,0.1223747730255127,0.0,0.06825625151395798,1.5541328191757202,1.556889295578003,0.06825625151395798,0.027132675051689148,0,True
500,1.2257671356201172,0.2257671356201172,0.0,0.07024353742599487,1.483484148979187,1.4890552759170532,0.07024353742599487,0.025089768692851067,0,True
501,0.9938887357711792,0.006111264228820801,1.0,0.07881636172533035,1.4451414346694946,1.4531457424163818,0.07881636172533035,0.05526403337717056,0,True
502,0.7647608518600464,0.2352391481399536,1.0,0.06516963243484497,1.2171003818511963,1.2153688669204712,0.06516963243484497,0.004905178677290678,0,True
503,0.7921574711799622,0.20784252882003784,1.0,0.04275897517800331,1.2895276546478271,1.2926898002624512,0.04275897517800331,0.04785366728901863,0,True
504,0.7760851383209229,0.22391486167907715,1.0,0.04334815591573715,1.2496877908706665,1.2532318830490112,0.04334815591573715,0.013659345917403698,0,True
505,0.8244416117668152,0.17555838823318481,1.0,0.059356898069381714,1.456916332244873,1.463847041130066,0.059356898069381714,0.007812744937837124,0,True
506,0.9229799509048462,0.07702004909515381,1.0,0.07168620824813843,1.535323143005371,1.54413902759552,0.07168620824813843,0.12781281769275665,0,True
507,1.0182174444198608,0.01821744441986084,1.0,0.07505550980567932,1.4988210201263428,1.5064094066619873,0.07505550980567932,0.17287170886993408,0,True
508,1.069204330444336,0.06920433044433594,1.0,0.0695202648639679,1.5030667781829834,1.5095763206481934,0.0695202648639679,0.0289776474237442,0,True
509,1.1267781257629395,0.12677812576293945,1.0,0.07880629599094391,1.4276305437088013,1.4308654069900513,0.07880629599094391,0.027104154229164124,0,True
510,1.2687040567398071,0.26870405673980713,1.0,0.0762200802564621,1.4991989135742188,1.507490634918213,0.0762200802564621,0.12558433413505554,0,True
511,1.0419936180114746,0.04199361801147461,1.0,0.07543820887804031,1.2682338953018188,1.273585557937622,0.07543820887804031,0.08657611906528473,0,True
512,0.8452678918838501,0.1547321081161499,1.0,0.05244750529527664,1.2898917198181152,1.2912962436676025,0.05244750529527664,0.007932343520224094,0,True
513,0.8541966080665588,0.14580339193344116,1.0,0.04315463826060295,1.2757484912872314,1.277518391609192,0.04315463826060295,0.048501718789339066,0,True
514,0.8297820091247559,0.17021799087524414,1.0,0.04676087573170662,1.3423725366592407,1.3458192348480225,0.04676087573170662,0.0531967431306839,0,True
515,0.8635656833648682,0.13643431663513184,1.0,0.062126606702804565,1.505494236946106,1.511704921722412,0.062126606702804565,0.01144428364932537,0,True
516,0.9316598176956177,0.06834018230438232,1.0,0.07100757211446762,1.5783308744430542,1.5860610008239746,0.07100757211446762,0.0695997104048729,0,True
517,1.0376769304275513,0.03767693042755127,1.0,0.07704298198223114,1.6174633502960205,1.6249278783798218,0.07704298198223114,0.10973137617111206,0,True
518,1.090470314025879,0.0904703140258789,1.0,0.0764215886592865,1.5168198347091675,1.5215911865234375,0.0764215886592865,0.034783199429512024,0,True
519,1.1684699058532715,0.16846990585327148,1.0,0.07176243513822556,1.4670909643173218,1.4725956916809082,0.07176243513822556,0.06485307961702347,0,True
520,1.2346832752227783,0.23468327522277832,1.0,0.07512383162975311,1.4367746114730835,1.447344422340393,0.07512383162975311,0.1030612513422966,0,True
521,1.0527366399765015,0.052736639976501465,1.0,0.07407993823289871,1.0787655115127563,1.081895112991333,0.07407993823289871,0.019127309322357178,0,True
522,0.8917964100837708,0.10820358991622925,1.0,0.041331056505441666,1.2027875185012817,1.204687476158142,0.041331056505441666,0.028482118621468544,0,True
523,0.900373637676239,0.09962636232376099,1.0,0.0458165667951107,1.392842411994934,1.3954771757125854,0.0458165667951107,0.003926653880625963,0,True
524,0.8917096853256226,0.10829031467437744,1.0,0.05145977810025215,1.414246678352356,1.4192644357681274,0.05145977810025215,0.07759378105401993,0,True
525,0.9362771511077881,0.06372284889221191,1.0,0.0644817128777504,1.5601567029953003,1.567177176475525,0.0644817128777504,0.0672641173005104,0,True
526,0.9954699277877808,0.004530072212219238,1.0,0.07359243184328079,1.633614182472229,1.641745686531067,0.07359243184328079,0.05508532375097275,0,True
527,1.0890600681304932,0.08906006813049316,1.0,0.07923687249422073,1.6358911991119385,1.6436152458190918,0.07923687249422073,0.04850722476840019,0,True
528,1.1105706691741943,0.11057066917419434,1.0,0.06852774322032928,1.5441607236862183,1.5469788312911987,0.06852774322032928,0.011516214348375797,0,True
529,1.177213191986084,0.17721319198608398,1.0,0.07265271991491318,1.5171315670013428,1.5214775800704956,0.07265271991491318,0.12413327395915985,0,True
530,1.2922072410583496,0.2922072410583496,1.0,0.0742265060544014,1.4378081560134888,1.4504985809326172,0.0742265060544014,0.06900467723608017,0,True
531,1.057813286781311,0.057813286781311035,1.0,0.07133983820676804,1.2346688508987427,1.235938310623169,0.07133983820676804,0.09806020557880402,0,True
532,0.974870502948761,0.025129497051239014,1.0,0.041695140302181244,1.2483410835266113,1.2511873245239258,0.041695140302181244,0.022339805960655212,0,True
533,0.9588251113891602,0.041174888610839844,1.0,0.0437270887196064,1.3861407041549683,1.389206886291504,0.0437270887196064,0.03753269463777542,0,True
534,0.9662713408470154,0.03372865915298462,1.0,0.05517242103815079,1.4725700616836548,1.478136658668518,0.05517242103815079,0.06766638904809952,0,True
535,1.051536202430725,0.0515362024307251,1.0,0.06723497062921524,1.5878161191940308,1.5953036546707153,0.06723497062921524,0.2903696596622467,0,True
536,1.04735267162323,0.04735267162322998,1.0,0.07318790256977081,1.6923032999038696,1.699425220489502,0.07318790256977081,0.1707056164741516,0,True
537,1.1359823942184448,0.13598239421844482,1.0,0.07425589114427567,1.686974287033081,1.6931235790252686,0.07425589114427567,0.1183815523982048,0,True
538,1.1342445611953735,0.13424456119537354,1.0,0.06579368561506271,1.6056631803512573,1.607442855834961,0.06579368561506271,0.039445310831069946,0,True
539,1.1663023233413696,0.16630232334136963,1.0,0.0701267421245575,1.5820739269256592,1.5846030712127686,0.0701267421245575,0.10682545602321625,0,True
540,1.4096217155456543,0.4096217155456543,1.0,0.07541374117136002,1.494559407234192,1.506768822669983,0.07541374117136002,0.13583393394947052,0,True
541,1.2157142162322998,0.2157142162322998,1.0,0.07758883386850357,1.1450116634368896,1.1428638696670532,0.07758883386850357,0.09785547107458115,0,True
542,1.0124239921569824,0.012423992156982422,1.0,0.04148343950510025,1.2780406475067139,1.2795381546020508,0.04148343950510025,0.07390563189983368,0,True
543,0.9585521221160889,0.04144787788391113,1.0,0.03984688222408295,1.3775830268859863,1.3804134130477905,0.03984688222408295,0.01816541515290737,0,True
544,1.0509588718414307,0.050958871841430664,1.0,0.04784369468688965,1.4139642715454102,1.4198447465896606,0.04784369468688965,0.5757163166999817,0,True
545,1.0034047365188599,0.0034047365188598633,1.0,0.06632474064826965,1.597249150276184,1.6039307117462158,0.06632474064826965,0.07002701610326767,0,True
546,1.0318150520324707,0.0318150520324707,1.0,0.07432036846876144,1.567988395690918,1.5744407176971436,0.07432036846876144,0.21054530143737793,0,True
547,1.0864390134811401,0.08643901348114014,1.0,0.07329536974430084,1.6199949979782104,1.6253607273101807,0.07329536974430084,0.13069848716259003,0,True
548,1.1175460815429688,0.11754608154296875,1.0,0.07010429352521896,1.5429874658584595,1.5451709032058716,0.07010429352521896,0.012780843302607536,0,True
549,1.276645541191101,0.2766455411911011,1.0,0.07211635261774063,1.509847640991211,1.5165222883224487,0.07211635261774063,0.11313004791736603,0,True
550,1.097817063331604,0.097817063331604,1.0,0.08137529343366623,1.290327548980713,1.2965186834335327,0.08137529343366623,0.07042980939149857,0,True
551,0.9804331064224243,0.019566893577575684,1.0,0.06376583874225616,1.1530265808105469,1.153757929801941,0.06376583874225616,0.12231061607599258,0,True
552,0.8554296493530273,0.14457035064697266,1.0,0.038593839854002,1.2016695737838745,1.2024627923965454,0.038593839854002,0.12290049344301224,0,True
553,0.9441835284233093,0.055816471576690674,1.0,0.046815644949674606,1.3701926469802856,1.3740131855010986,0.046815644949674606,0.5583293437957764,0,True
554,0.9113934636116028,0.08860653638839722,1.0,0.05869074538350105,1.571150541305542,1.5764976739883423,0.05869074538350105,0.2514878511428833,0,True
555,0.9381746053695679,0.06182539463043213,1.0,0.06673166900873184,1.536491870880127,1.5431866645812988,0.06673166900873184,0.04764482378959656,0,True
556,1.0105215311050415,0.010521531105041504,1.0,0.07676531374454498,1.5810930728912354,1.5883041620254517,0.07676531374454498,0.07933729887008667,0,True
557,1.0747129917144775,0.07471299171447754,1.0,0.06952036172151566,1.517269253730774,1.5212597846984863,0.06952036172151566,0.05788641795516014,0,True
558,1.1784008741378784,0.17840087413787842,1.0,0.07262101024389267,1.4424107074737549,1.4481505155563354,0.07262101024389267,0.014164433814585209,0,True
559,1.3340338468551636,0.3340338468551636,1.0,0.08053486049175262,1.395833969116211,1.407804250717163,0.08053486049175262,0.10328367352485657,0,True
560,1.146114468574524,0.14611446857452393,1.0,0.07480563968420029,1.1784510612487793,1.1801923513412476,0.07480563968420029,0.15106721222400665,0,True
561,0.9546261429786682,0.04537385702133179,1.0,0.04770275205373764,1.2522668838500977,1.2536240816116333,0.04770275205373764,0.044718995690345764,0,True
562,0.955958902835846,0.04404109716415405,1.0,0.04054567217826843,1.3584227561950684,1.3621050119400024,0.04054567217826843,0.05925009772181511,0,True
563,0.9441676735877991,0.05583232641220093,1.0,0.04807257652282715,1.428466558456421,1.4331501722335815,0.04807257652282715,0.12017308175563812,0,True
564,1.0356626510620117,0.03566265106201172,1.0,0.064031220972538,1.5685197114944458,1.5761104822158813,0.064031220972538,0.24995069205760956,0,True
565,1.0520397424697876,0.0520397424697876,1.0,0.07433855533599854,1.650403380393982,1.6583763360977173,0.07433855533599854,0.053234249353408813,0,True
566,1.1128528118133545,0.11285281181335449,1.0,0.07863978296518326,1.579363226890564,1.585135817527771,0.07863978296518326,0.12748606503009796,0,True
567,1.1255455017089844,0.12554550170898438,1.0,0.0684933215379715,1.5226824283599854,1.5248095989227295,0.0684933215379715,0.07356570661067963,0,True
568,1.1991866827011108,0.19918668270111084,1.0,0.07497531175613403,1.4953055381774902,1.4986530542373657,0.07497531175613403,0.09276195615530014,0,True
569,1.2099460363388062,0.20994603633880615,1.0,0.07578127831220627,1.4499003887176514,1.4626264572143555,0.07578127831220627,0.03952784836292267,0,True
570,0.9194639325141907,0.08053606748580933,1.0,0.06703096628189087,1.3274481296539307,1.3261573314666748,0.06703096628189087,0.0005896309157833457,0,True
571,0.9805917143821716,0.01940828561782837,1.0,0.05073652043938637,1.3419265747070312,1.3441426753997803,0.05073652043938637,0.11743345856666565,0,True
572,0.9269264340400696,0.07307356595993042,1.0,0.04075409471988678,1.2110222578048706,1.213289499282837,0.04075409471988678,0.011525210924446583,0,True
573,0.9450997114181519,0.054900288581848145,1.0,0.054532986134290695,1.4360846281051636,1.440410852432251,0.054532986134290695,0.022054018452763557,0,True
574,0.9814682602882385,0.018531739711761475,1.0,0.06524639576673508,1.5143537521362305,1.5209019184112549,0.06524639576673508,0.010822243988513947,0,True
575,1.0196633338928223,0.019663333892822266,1.0,0.06906568259000778,1.579102873802185,1.585376262664795,0.06906568259000778,0.0695144534111023,0,True
576,1.1053447723388672,0.10534477233886719,1.0,0.0744982585310936,1.669557809829712,1.6758891344070435,0.0744982585310936,0.011994975619018078,0,True
577,1.1268576383590698,0.12685763835906982,1.0,0.06744068115949631,1.5560691356658936,1.559079885482788,0.06744068115949631,0.017106834799051285,0,True
578,1.227535605430603,0.22753560543060303,1.0,0.07125695049762726,1.505084753036499,1.510424017906189,0.07125695049762726,0.10162121802568436,0,True
579,1.3602747917175293,0.3602747917175293,1.0,0.07610487192869186,1.2941186428070068,1.3073806762695312,0.07610487192869186,0.048950061202049255,0,True
580,1.1009478569030762,0.10094785690307617,1.0,0.07092000544071198,1.2310270071029663,1.2281941175460815,0.07092000544071198,0.00931236706674099,0,True
581,0.9724940061569214,0.027505993843078613,1.0,0.038952507078647614,1.248373031616211,1.250861406326294,0.038952507078647614,0.10040336847305298,0,True
582,0.9455277919769287,0.05447220802307129,1.0,0.04252470284700394,1.3341741561889648,1.3370229005813599,0.04252470284700394,0.0845734253525734,0,True
583,0.9397839307785034,0.06021606922149658,1.0,0.04987102746963501,1.4111655950546265,1.416254997253418,0.04987102746963501,0.04216119274497032,0,True
584,1.0278761386871338,0.02787613868713379,1.0,0.0661247968673706,1.5474770069122314,1.5551294088363647,0.0661247968673706,0.17833325266838074,0,True
585,1.0576603412628174,0.05766034126281738,1.0,0.07106693089008331,1.6639336347579956,1.671488881111145,0.07106693089008331,0.033710550516843796,0,True
586,1.1240944862365723,0.12409448623657227,1.0,0.07082252949476242,1.5153945684432983,1.5207479000091553,0.07082252949476242,0.06197020784020424,0,True
587,1.1505308151245117,0.15053081512451172,1.0,0.07233048230409622,1.5094020366668701,1.5125318765640259,0.07233048230409622,0.0586228109896183,0,True
588,1.24836003780365,0.2483600378036499,1.0,0.07272543013095856,1.5310341119766235,1.5355294942855835,0.07272543013095856,0.07952480018138885,0,True
589,1.2790000438690186,0.27900004386901855,1.0,0.080495685338974,1.374092698097229,1.3861008882522583,0.080495685338974,0.11845702677965164,0,True
590,1.134444236755371,0.1344442367553711,1.0,0.06930160522460938,0.8965087532997131,0.8942662477493286,0.06930160522460938,0.06371612846851349,0,True
591,0.9402288198471069,0.059771180152893066,1.0,0.03962956741452217,1.256062626838684,1.2577648162841797,0.03962956741452217,0.07613197714090347,0,True
592,0.9270021915435791,0.0729978084564209,1.0,0.042080558836460114,1.284713625907898,1.2867276668548584,0.042080558836460114,0.1015869602560997,0,True
593,0.9065504670143127,0.09344953298568726,1.0,0.05035291239619255,1.3672665357589722,1.3728052377700806,0.05035291239619255,0.04595053941011429,0,True
594,0.9304191470146179,0.06958085298538208,1.0,0.06353238224983215,1.469130277633667,1.4760693311691284,0.06353238224983215,0.054167330265045166,0,True
595,0.9925175905227661,0.007482409477233887,1.0,0.06639102101325989,1.573035717010498,1.5802892446517944,0.06639102101325989,0.23487862944602966,0,True
596,1.0893832445144653,0.08938324451446533,1.0,0.0733206644654274,1.5124473571777344,1.520157814025879,0.0733206644654274,0.011116387322545052,0,True
597,1.127440333366394,0.12744033336639404,1.0,0.06902599334716797,1.5476635694503784,1.5518465042114258,0.06902599334716797,0.07729768753051758,0,True
598,1.1530035734176636,0.15300357341766357,1.0,0.06835576891899109,1.4661678075790405,1.468272089958191,0.06835576891899109,0.03709861636161804,0,True
599,1.2415889501571655,0.24158895015716553,1.0,0.07684235274791718,1.4927290678024292,1.500859022140503,0.07684235274791718,0.08084049820899963,0,True
600,1.2967298030853271,0.29672980308532715,1.0,0.0791180357336998,0.8271365761756897,0.8374572992324829,0.0791180357336998,0.1409253478050232,0,True
601,1.0513826608657837,0.05138266086578369,1.0,0.06541717797517776,1.4705060720443726,1.46970796585083,0.06541717797517776,0.08535102009773254,0,True
602,0.9450255632400513,0.05497443675994873,1.0,0.04402882978320122,1.1707377433776855,1.1734343767166138,0.04402882978320122,0.15054361522197723,0,True
603,0.946613073348999,0.05338692665100098,1.0,0.047618020325899124,1.4232053756713867,1.427918553352356,0.047618020325899124,0.1153169721364975,0,True
604,0.943200945854187,0.05679905414581299,1.0,0.0621555857360363,1.442185640335083,1.4477397203445435,0.0621555857360363,0.13987384736537933,0,True
605,0.9722785353660583,0.02772146463394165,1.0,0.07172557711601257,1.5699784755706787,1.577059268951416,0.07172557711601257,0.043303437530994415,0,True
606,1.011561632156372,0.01156163215637207,1.0,0.07201305031776428,1.5921058654785156,1.5991822481155396,0.07201305031776428,0.11195472627878189,0,True
607,1.0726044178009033,0.07260441780090332,1.0,0.07145236432552338,1.573655128479004,1.579336166381836,0.07145236432552338,0.1597665697336197,0,True
608,1.0985041856765747,0.09850418567657471,1.0,0.06742967665195465,1.4964865446090698,1.4994354248046875,0.06742967665195465,0.005556086078286171,0,True
609,1.1655911207199097,0.16559112071990967,1.0,0.06674452126026154,1.491377830505371,1.4965440034866333,0.06674452126026154,0.1913294792175293,0,True
610,1.2852288484573364,0.2852288484573364,1.0,0.07701941579580307,1.3357956409454346,1.3491554260253906,0.07701941579580307,0.04741344600915909,0,True
611,0.9763660430908203,0.023633956909179688,1.0,0.0682855099439621,1.1798840761184692,1.1821515560150146,0.0682855099439621,0.09159842133522034,0,True
612,0.8504940867424011,0.14950591325759888,1.0,0.04077979549765587,1.1445480585098267,1.1455597877502441,0.04077979549765587,0.017232298851013184,0,True
613,0.8387827277183533,0.16121727228164673,1.0,0.04259728267788887,1.374481201171875,1.3774117231369019,0.04259728267788887,0.041550010442733765,0,True
614,0.8244764804840088,0.1755235195159912,1.0,0.048760633915662766,1.3891156911849976,1.3942207098007202,0.048760633915662766,0.009500552900135517,0,True
615,0.8611866235733032,0.13881337642669678,1.0,0.060738302767276764,1.5408495664596558,1.5484082698822021,0.060738302767276764,0.09839169681072235,0,True
616,0.9323508739471436,0.06764912605285645,1.0,0.06441643834114075,1.5926663875579834,1.6002724170684814,0.06441643834114075,0.18166688084602356,0,True
617,1.004461646080017,0.00446164608001709,1.0,0.0687418133020401,1.6176313161849976,1.6249170303344727,0.0687418133020401,0.15267203748226166,0,True
618,1.095416784286499,0.09541678428649902,1.0,0.06972107291221619,1.5634084939956665,1.5682891607284546,0.06972107291221619,0.2218582183122635,0,True
619,1.1553318500518799,0.15533185005187988,1.0,0.07274332642555237,1.4912328720092773,1.4957367181777954,0.07274332642555237,0.047412678599357605,0,True
620,1.3013156652450562,0.30131566524505615,1.0,0.07781153172254562,1.5901957750320435,1.6015820503234863,0.07781153172254562,0.08012611418962479,0,True
621,1.0729687213897705,0.07296872138977051,1.0,0.07615222036838531,1.1305114030838013,1.1372746229171753,0.07615222036838531,0.07159629464149475,0,True
622,0.857943594455719,0.142056405544281,1.0,0.04816765338182449,1.2086139917373657,1.2094191312789917,0.04816765338182449,0.08719974756240845,0,True
623,0.8811890482902527,0.11881095170974731,1.0,0.044613227248191833,1.3512377738952637,1.3538397550582886,0.044613227248191833,0.13504920899868011,0,True
624,0.8667659163475037,0.13323408365249634,1.0,0.047765448689460754,1.3717472553253174,1.3766512870788574,0.047765448689460754,0.01803923211991787,0,True
625,0.9340676665306091,0.06593233346939087,1.0,0.06311048567295074,1.5286273956298828,1.5360345840454102,0.06311048567295074,0.17379693686962128,0,True
626,1.0167114734649658,0.01671147346496582,1.0,0.07392969727516174,1.564466953277588,1.5733460187911987,0.07392969727516174,0.005931738298386335,0,True
627,1.0880820751190186,0.08808207511901855,1.0,0.07598605751991272,1.6297322511672974,1.6374918222427368,0.07598605751991272,0.09109702706336975,0,True
628,1.102303385734558,0.1023033857345581,1.0,0.06855098903179169,1.5131195783615112,1.5159735679626465,0.06855098903179169,0.011238916777074337,0,True
629,1.1299644708633423,0.12996447086334229,1.0,0.07107516378164291,1.4848921298980713,1.4868495464324951,0.07107516378164291,0.0798666700720787,0,True
630,1.2934110164642334,0.2934110164642334,1.0,0.07435175776481628,1.4532586336135864,1.463640809059143,0.07435175776481628,0.13189460337162018,0,True
631,1.211506962776184,0.21150696277618408,1.0,0.07314279675483704,0.9290674924850464,0.9360314011573792,0.07314279675483704,0.07580225169658661,0,True
632,0.9836260080337524,0.01637399196624756,1.0,0.05697090923786163,1.3476706743240356,1.3486497402191162,0.05697090923786163,0.032567452639341354,0,True
633,0.9660364389419556,0.033963561058044434,1.0,0.04062823951244354,1.2406307458877563,1.243362545967102,0.04062823951244354,0.03218025714159012,0,True
634,0.9293104410171509,0.07068955898284912,1.0,0.04751144349575043,1.3671866655349731,1.37105131149292,0.04751144349575043,0.035262733697891235,0,True
635,0.9488084316253662,0.05119156837463379,1.0,0.06311109662055969,1.5043115615844727,1.5104275941848755,0.06311109662055969,0.0099675003439188,0,True
636,0.9882878065109253,0.011712193489074707,1.0,0.07127168029546738,1.5869808197021484,1.5950369834899902,0.07127168029546738,0.024775614961981773,0,True
637,1.0514256954193115,0.05142569541931152,1.0,0.07237947732210159,1.6121528148651123,1.619810938835144,0.07237947732210159,0.09151370823383331,0,True
638,1.1212732791900635,0.12127327919006348,1.0,0.07237885892391205,1.6197444200515747,1.6258271932601929,0.07237885892391205,0.10009419173002243,0,True
639,1.138494610786438,0.138494610786438,1.0,0.06662395596504211,1.5407936573028564,1.5437289476394653,0.06662395596504211,0.04063887149095535,0,True
640,1.229954719543457,0.22995471954345703,1.0,0.0701393112540245,1.5169947147369385,1.52253258228302,0.0701393112540245,0.17082245647907257,0,True
641,1.2456278800964355,0.24562788009643555,1.0,0.07877398282289505,1.2764782905578613,1.2905417680740356,0.07877398282289505,0.057050857692956924,0,True
642,0.9723995923995972,0.027600407600402832,1.0,0.07240309566259384,1.2798572778701782,1.283890724182129,0.07240309566259384,0.00032825872767716646,0,True
643,0.9822935461997986,0.017706453800201416,1.0,0.04401177167892456,1.2884025573730469,1.2904338836669922,0.04401177167892456,0.12242887914180756,0,True
644,0.9450632929801941,0.05493670701980591,1.0,0.042087532579898834,1.272687554359436,1.2762800455093384,0.042087532579898834,0.04554755240678787,0,True
645,0.9685777425765991,0.03142225742340088,1.0,0.05621534585952759,1.467807650566101,1.4735716581344604,0.05621534585952759,0.07496731728315353,0,True
646,1.0377558469772339,0.03775584697723389,1.0,0.06567033380270004,1.5587025880813599,1.567015290260315,0.06567033380270004,0.1638655662536621,0,True
647,1.1137796640396118,0.11377966403961182,1.0,0.07000351697206497,1.5880842208862305,1.5959365367889404,0.07000351697206497,0.15043194591999054,0,True
648,1.128320336341858,0.1283203363418579,1.0,0.07223913818597794,1.5953891277313232,1.6009844541549683,0.07223913818597794,0.13840006291866302,0,True
649,1.1819519996643066,0.18195199966430664,1.0,0.06848900765180588,1.7319180965423584,1.736672282218933,0.06848900765180588,0.04813449829816818,0,True
650,1.159943699836731,0.15994369983673096,1.0,0.07022643089294434,1.622692346572876,1.6230894327163696,0.07022643089294434,0.049698419868946075,0,True
651,1.250260829925537,0.2502608299255371,1.0,0.07420508563518524,1.568068027496338,1.573684811592102,0.07420508563518524,0.2222449779510498,0,True
652,1.2849986553192139,0.28499865531921387,1.0,0.07982005178928375,1.314509630203247,1.3294910192489624,0.07982005178928375,0.14262092113494873,0,True
653,0.9629266262054443,0.037073373794555664,1.0,0.05911439284682274,1.3958995342254639,1.3913887739181519,0.05911439284682274,0.13976962864398956,0,True
654,1.0042369365692139,0.004236936569213867,1.0,0.04365893453359604,1.3555291891098022,1.3582417964935303,0.04365893453359604,0.03989047557115555,0,True
655,0.9438926577568054,0.05610734224319458,1.0,0.04531483352184296,1.293695330619812,1.2967336177825928,0.04531483352184296,0.06552807241678238,0,True
656,1.0714515447616577,0.07145154476165771,1.0,0.05780699849128723,1.4517542123794556,1.4572241306304932,0.05780699849128723,0.49835970997810364,0,True
657,1.0624231100082397,0.062423110008239746,1.0,0.07025228440761566,1.5732578039169312,1.580351710319519,0.07025228440761566,0.3046002686023712,0,True
658,1.078206181526184,0.07820618152618408,1.0,0.0695686787366867,1.6068989038467407,1.6110481023788452,0.0695686787366867,0.26467710733413696,0,True
659,1.0859607458114624,0.0859607458114624,1.0,0.06783919036388397,1.6456538438796997,1.6497411727905273,0.06783919036388397,0.2324276864528656,0,True
660,1.0632405281066895,0.06324052810668945,1.0,0.06570790708065033,1.656825304031372,1.658921718597412,0.06570790708065033,0.0966450423002243,0,True
661,1.1237850189208984,0.12378501892089844,1.0,0.0744493156671524,1.5357660055160522,1.538773536682129,0.0744493156671524,0.03618130460381508,0,True
662,1.336920142173767,0.3369201421737671,1.0,0.08318839222192764,1.598683476448059,1.6089959144592285,0.08318839222192764,0.13738387823104858,0,True
663,1.3664259910583496,0.3664259910583496,1.0,0.08055263012647629,1.186133623123169,1.1983599662780762,0.08055263012647629,0.10930009186267853,0,True
664,1.0441980361938477,0.044198036193847656,1.0,0.059081923216581345,1.3977890014648438,1.3949787616729736,0.059081923216581345,0.04496282339096069,0,True
665,0.9762411117553711,0.023758888244628906,1.0,0.0370478518307209,1.2386431694030762,1.2416913509368896,0.0370478518307209,0.015954403206706047,0,True
666,0.9208501577377319,0.07914984226226807,1.0,0.041881583631038666,1.3446681499481201,1.3479883670806885,0.041881583631038666,0.0022720673587173223,0,True
667,1.001567006111145,0.0015670061111450195,1.0,0.05458669364452362,1.4265936613082886,1.4320764541625977,0.05458669364452362,0.3813244104385376,0,True
668,1.0021674633026123,0.0021674633026123047,1.0,0.06385953724384308,1.616883397102356,1.6231331825256348,0.06385953724384308,0.19602608680725098,0,True
669,1.015980839729309,0.015980839729309082,1.0,0.06723277270793915,1.581769347190857,1.5876514911651611,0.06723277270793915,0.16234751045703888,0,True
670,1.0893232822418213,0.08932328224182129,1.0,0.07257745414972305,1.6075013875961304,1.6129953861236572,0.07257745414972305,0.012717283330857754,0,True
671,1.1369915008544922,0.1369915008544922,1.0,0.07293877750635147,1.5143777132034302,1.517909049987793,0.07293877750635147,0.00855203066021204,0,True
672,1.1469486951828003,0.1469486951828003,1.0,0.07528480142354965,1.533995509147644,1.5417648553848267,0.07528480142354965,0.08175722509622574,0,True
673,1.3014899492263794,0.3014899492263794,1.0,0.0824093297123909,0.9543318152427673,0.9721205234527588,0.0824093297123909,0.07710663229227066,0,True
674,1.0590460300445557,0.059046030044555664,1.0,0.06289968639612198,1.1285810470581055,1.1251955032348633,0.06289968639612198,0.042062822729349136,0,True
675,1.0017787218093872,0.001778721809387207,1.0,0.03811783716082573,1.2569401264190674,1.2591352462768555,0.03811783716082573,0.01471781451255083,0,True
676,0.9530344009399414,0.046965599060058594,1.0,0.040745384991168976,1.3384989500045776,1.3422484397888184,0.040745384991168976,0.0020864002872258425,0,True
677,1.034840703010559,0.03484070301055908,1.0,0.05494461953639984,1.4274855852127075,1.4322274923324585,0.05494461953639984,0.3849249482154846,0,True
678,1.0434743165969849,0.04347431659698486,1.0,0.06447585672140121,1.6226907968521118,1.6291425228118896,0.06447585672140121,0.2597152292728424,0,True
679,1.0572030544281006,0.057203054428100586,1.0,0.06774085015058517,1.5875941514968872,1.5936930179595947,0.06774085015058517,0.08894239366054535,0,True
680,1.077895998954773,0.07789599895477295,1.0,0.07040602713823318,1.642482876777649,1.6480714082717896,0.07040602713823318,0.113047756254673,0,True
681,1.132631778717041,0.13263177871704102,1.0,0.07205650955438614,1.5735775232315063,1.5770888328552246,0.07205650955438614,0.02917381003499031,0,True
682,1.1969916820526123,0.1969916820526123,1.0,0.0721210390329361,1.531887173652649,1.5362741947174072,0.0721210390329361,0.10266134142875671,0,True
683,1.3523988723754883,0.3523988723754883,1.0,0.08156482875347137,1.5692517757415771,1.5817950963974,0.08156482875347137,0.07256216555833817,0,True
684,1.3239549398422241,0.3239549398422241,1.0,0.0824701189994812,0.712498664855957,0.7158370614051819,0.0824701189994812,0.05244229733943939,0,True
685,1.0060566663742065,0.006056666374206543,1.0,0.05375043675303459,1.5543473958969116,1.5542447566986084,0.05375043675303459,0.0007965578115545213,0,True
686,0.9773218631744385,0.022678136825561523,1.0,0.04331918805837631,1.3026317358016968,1.3054111003875732,0.04331918805837631,0.05557413026690483,0,True
687,0.928338348865509,0.07166165113449097,1.0,0.04507610946893692,1.3692364692687988,1.3737496137619019,0.04507610946893692,0.0056554279290139675,0,True
688,0.9382554292678833,0.0617445707321167,1.0,0.06283975392580032,1.465417504310608,1.4716377258300781,0.06283975392580032,0.031200572848320007,0,True
689,0.9823082089424133,0.01769179105758667,1.0,0.06760302931070328,1.589409351348877,1.597769021987915,0.06760302931070328,0.010911181569099426,0,True
690,1.0408446788787842,0.04084467887878418,1.0,0.06869703531265259,1.65324866771698,1.66090726852417,0.06869703531265259,0.14379312098026276,0,True
691,1.1395820379257202,0.13958203792572021,1.0,0.07042337208986282,1.7266650199890137,1.73316490650177,0.07042337208986282,0.09416559338569641,0,True
692,1.148409366607666,0.14840936660766602,1.0,0.07182717323303223,1.6144758462905884,1.6168930530548096,0.07182717323303223,0.04331057518720627,0,True
693,1.1782193183898926,0.17821931838989258,1.0,0.07623262703418732,1.5435572862625122,1.546169638633728,0.07623262703418732,0.05544908717274666,0,True
694,1.2689613103866577,0.2689613103866577,1.0,0.08364110440015793,1.569530725479126,1.5819588899612427,0.08364110440015793,0.12495070695877075,0,True
695,1.2476723194122314,0.24767231941223145,1.0,0.07554280757904053,0.6391254663467407,0.6424453854560852,0.07554280757904053,0.005529223009943962,0,True
696,0.9597097039222717,0.04029029607772827,1.0,0.049696072936058044,1.3916419744491577,1.3913614749908447,0.049696072936058044,0.0681225135922432,0,True
697,0.9170342683792114,0.08296573162078857,1.0,0.03866538032889366,1.2594516277313232,1.2611337900161743,0.03866538032889366,0.05813433229923248,0,True
698,0.8801901936531067,0.11980980634689331,1.0,0.044087089598178864,1.3580777645111084,1.362674593925476,0.044087089598178864,0.011532618664205074,0,True
699,0.890059769153595,0.10994023084640503,1.0,0.06113002076745033,1.4420050382614136,1.4480668306350708,0.06113002076745033,0.02044849283993244,0,True
700,0.9371936321258545,0.06280636787414551,1.0,0.0671546533703804,1.5795403718948364,1.5871261358261108,0.0671546533703804,0.04359346628189087,0,True
701,1.015451431274414,0.015451431274414062,1.0,0.06913628429174423,1.620242953300476,1.6277738809585571,0.06913628429174423,0.09221074730157852,0,True
702,1.098456859588623,0.09845685958862305,1.0,0.07339099794626236,1.5764658451080322,1.5824410915374756,0.07339099794626236,0.011288831941783428,0,True
703,1.1270835399627686,0.12708353996276855,1.0,0.06822938472032547,1.541327953338623,1.5447087287902832,0.06822938472032547,0.012135598808526993,0,True
704,1.2491772174835205,0.2491772174835205,1.0,0.07294487953186035,1.5341784954071045,1.5403293371200562,0.07294487953186035,0.12151596695184708,0,True
705,1.2641183137893677,0.2641183137893677,1.0,0.08620401471853256,1.3237990140914917,1.3392771482467651,0.08620401471853256,0.043127577751874924,0,True
706,0.9422077536582947,0.05779224634170532,1.0,0.06596795469522476,1.4143245220184326,1.4106192588806152,0.06596795469522476,0.03234602510929108,0,True
707,1.0024993419647217,0.0024993419647216797,1.0,0.04377588629722595,1.3774927854537964,1.3793474435806274,0.04377588629722595,0.2144332230091095,0,True
708,0.9475440382957458,0.05245596170425415,1.0,0.04098585993051529,1.1668956279754639,1.1682661771774292,0.04098585993051529,0.012387231923639774,0,True
709,0.9496819972991943,0.050318002700805664,1.0,0.05302625522017479,1.396430253982544,1.400966763496399,0.05302625522017479,0.08480235189199448,0,True
710,1.046679973602295,0.04667997360229492,1.0,0.06458241492509842,1.5101313591003418,1.517407774925232,0.06458241492509842,0.20995016396045685,0,True
711,1.0581159591674805,0.05811595916748047,1.0,0.0700039267539978,1.598900318145752,1.6053613424301147,0.0700039267539978,0.080205537378788,0,True
712,1.1095720529556274,0.10957205295562744,1.0,0.07094331085681915,1.5324971675872803,1.53794264793396,0.07094331085681915,0.1256544291973114,0,True
713,1.115980863571167,0.11598086357116699,1.0,0.07017394155263901,1.6199181079864502,1.6229077577590942,0.07017394155263901,0.07197925448417664,0,True
714,1.1741644144058228,0.17416441440582275,1.0,0.06954459100961685,1.499394178390503,1.5030922889709473,0.06954459100961685,0.07876240462064743,0,True
715,1.2648624181747437,0.26486241817474365,1.0,0.08794724196195602,1.5769952535629272,1.5892118215560913,0.08794724196195602,0.09002313762903214,0,True
716,1.4148647785186768,0.41486477851867676,1.0,0.07823918759822845,0.7672574520111084,0.7827080488204956,0.07823918759822845,0.014462033286690712,0,True
717,1.1291892528533936,0.12918925285339355,1.0,0.062489621341228485,1.3637051582336426,1.3607078790664673,0.062489621341228485,0.11041107028722763,0,True
718,0.9876319766044617,0.01236802339553833,1.0,0.03890511021018028,1.2736269235610962,1.2759966850280762,0.03890511021018028,0.03363511338829994,0,True
719,0.9751797318458557,0.024820268154144287,1.0,0.04490741342306137,1.3893604278564453,1.3937270641326904,0.04490741342306137,0.060827888548374176,0,True
720,0.9612382650375366,0.03876173496246338,1.0,0.05604809150099754,1.3984920978546143,1.4033993482589722,0.05604809150099754,0.011996565386652946,0,True
721,0.9986962676048279,0.0013037323951721191,1.0,0.06801329553127289,1.5545636415481567,1.5615513324737549,0.06801329553127289,0.013433282263576984,0,True
722,1.0454918146133423,0.045491814613342285,1.0,0.06663842499256134,1.6252665519714355,1.6324968338012695,0.06663842499256134,0.12260587513446808,0,True
723,1.1310672760009766,0.13106727600097656,1.0,0.07225803285837173,1.641594648361206,1.6481597423553467,0.07225803285837173,0.022647511214017868,0,True
724,1.1560907363891602,0.15609073638916016,1.0,0.06970221549272537,1.5820958614349365,1.58513605594635,0.06970221549272537,0.006443007383495569,0,True
725,1.2573292255401611,0.25732922554016113,1.0,0.07224178314208984,1.559646725654602,1.5640110969543457,0.07224178314208984,0.025740748271346092,0,True
726,1.1919825077056885,0.19198250770568848,1.0,0.08823688328266144,1.4540038108825684,1.4608473777770996,0.08823688328266144,0.19039031863212585,0,True
727,1.0453495979309082,0.0453495979309082,1.0,0.07543440163135529,1.109465479850769,1.1111207008361816,0.07543440163135529,0.11096663773059845,0,True
728,0.8705850839614868,0.12941491603851318,1.0,0.042066480964422226,1.1622135639190674,1.1626622676849365,0.042066480964422226,0.08237794786691666,0,True
729,0.8681648373603821,0.13183516263961792,1.0,0.044222716242074966,1.3475323915481567,1.3516929149627686,0.044222716242074966,0.05565517023205757,0,True
730,0.8726416826248169,0.1273583173751831,1.0,0.05291881039738655,1.4347602128982544,1.440976619720459,0.05291881039738655,0.12856145203113556,0,True
731,0.9552810788154602,0.044718921184539795,1.0,0.0696273073554039,1.5849051475524902,1.593859076499939,0.0696273073554039,0.1278398483991623,0,True
732,1.0221452713012695,0.02214527130126953,1.0,0.07705443352460861,1.651045799255371,1.660356879234314,0.07705443352460861,0.08746740221977234,0,True
733,1.0904322862625122,0.09043228626251221,1.0,0.07546458393335342,1.6036770343780518,1.6092253923416138,0.07546458393335342,0.07726611942052841,0,True
734,1.110614538192749,0.11061453819274902,1.0,0.072207011282444,1.5102800130844116,1.5128967761993408,0.072207011282444,0.0871201828122139,0,True
735,1.1682957410812378,0.1682957410812378,1.0,0.07378620654344559,1.5141584873199463,1.5183075666427612,0.07378620654344559,0.0991983413696289,0,True
736,1.1706111431121826,0.17061114311218262,1.0,0.07758118957281113,1.4088181257247925,1.4211349487304688,0.07758118957281113,0.037432946264743805,0,True
737,0.9670766592025757,0.032923340797424316,1.0,0.07171455025672913,1.167162537574768,1.17012357711792,0.07171455025672913,0.1423356980085373,0,True
738,0.940617561340332,0.05938243865966797,1.0,0.04478490725159645,1.2702597379684448,1.2731813192367554,0.04478490725159645,0.0593869611620903,0,True
739,0.9091249704360962,0.09087502956390381,1.0,0.042339835315942764,1.2433526515960693,1.2461756467819214,0.042339835315942764,0.005375540815293789,0,True
740,0.9245193600654602,0.0754806399345398,1.0,0.05635998025536537,1.4451110363006592,1.4506618976593018,0.05635998025536537,0.01702209748327732,0,True
741,1.0153099298477173,0.015309929847717285,1.0,0.0638011023402214,1.5389913320541382,1.5469095706939697,0.0638011023402214,0.22713282704353333,0,True
742,1.0510152578353882,0.051015257835388184,1.0,0.07295576483011246,1.6229199171066284,1.6306078433990479,0.07295576483011246,0.15347960591316223,0,True
743,1.0787636041641235,0.07876360416412354,1.0,0.07344897836446762,1.5850476026535034,1.5906867980957031,0.07344897836446762,0.09790563583374023,0,True
744,1.1301634311676025,0.13016343116760254,1.0,0.06472815573215485,1.6151376962661743,1.6193864345550537,0.06472815573215485,0.008945157751441002,0,True
745,1.1724088191986084,0.1724088191986084,1.0,0.07904864102602005,1.531800627708435,1.5345999002456665,0.07904864102602005,0.047599174082279205,0,True
746,1.3637787103652954,0.3637787103652954,1.0,0.07626917213201523,1.5692529678344727,1.5795596837997437,0.07626917213201523,0.054670922458171844,0,True
747,1.2573800086975098,0.25738000869750977,1.0,0.07733212411403656,1.128432273864746,1.1361000537872314,0.07733212411403656,0.05633065849542618,0,True
748,0.9741324782371521,0.0258675217628479,1.0,0.05842691659927368,1.422277808189392,1.4231051206588745,0.05842691659927368,0.021623728796839714,0,True
749,1.0007352828979492,0.0007352828979492188,1.0,0.03874766826629639,1.2800315618515015,1.2823772430419922,0.03874766826629639,0.03125019371509552,0,True
750,0.9539614319801331,0.04603856801986694,1.0,0.04597099870443344,1.2885102033615112,1.2921446561813354,0.04597099870443344,0.07059826701879501,0,True
751,1.0435079336166382,0.043507933616638184,1.0,0.06233637034893036,1.4767471551895142,1.4824185371398926,0.06233637034893036,0.3448774516582489,0,True
752,1.0547503232955933,0.05475032329559326,1.0,0.06942339241504669,1.6310641765594482,1.6375529766082764,0.06942339241504669,0.21308335661888123,0,True
753,1.0753092765808105,0.07530927658081055,1.0,0.07023170590400696,1.5898737907409668,1.5955325365066528,0.07023170590400696,0.13176174461841583,0,True
754,1.077232837677002,0.07723283767700195,1.0,0.0666516125202179,1.604085922241211,1.6078020334243774,0.0666516125202179,0.055634964257478714,0,True
755,1.1189489364624023,0.11894893646240234,1.0,0.07234248518943787,1.532225489616394,1.5348740816116333,0.07234248518943787,0.00016202089318539947,0,True
756,1.2869300842285156,0.2869300842285156,1.0,0.07991812378168106,1.5435222387313843,1.5509902238845825,0.07991812378168106,0.01806873083114624,0,True
757,1.2107430696487427,0.21074306964874268,1.0,0.08117499202489853,1.383118748664856,1.3898077011108398,0.08117499202489853,0.1085987538099289,0,True
758,0.9503021240234375,0.0496978759765625,1.0,0.06365856528282166,1.1794904470443726,1.1794174909591675,0.06365856528282166,0.0028628557920455933,0,True
759,0.8187946677207947,0.18120533227920532,1.0,0.0357816256582737,1.17879319190979,1.180015206336975,0.0357816256582737,0.04286175221204758,0,True
760,0.8003581762313843,0.19964182376861572,1.0,0.043325506150722504,1.3143088817596436,1.3178941011428833,0.043325506150722504,0.014354076236486435,0,True
761,0.8185573220252991,0.18144267797470093,1.0,0.05622602999210358,1.4260902404785156,1.43254816532135,0.05622602999210358,0.08805475383996964,0,True
762,0.8758015632629395,0.12419843673706055,1.0,0.0685371607542038,1.5640051364898682,1.5728168487548828,0.0685371607542038,0.037163473665714264,0,True
763,0.9816596508026123,0.018340349197387695,1.0,0.07722029834985733,1.5988889932632446,1.6082476377487183,0.07722029834985733,0.04386421665549278,0,True
764,1.0504531860351562,0.05045318603515625,1.0,0.0731680765748024,1.5764617919921875,1.5822786092758179,0.0731680765748024,0.07202254235744476,0,True
765,1.0875575542449951,0.08755755424499512,1.0,0.07272268086671829,1.4890880584716797,1.4922977685928345,0.07272268086671829,0.06265708059072495,0,True
766,1.1907150745391846,0.19071507453918457,1.0,0.07506094127893448,1.50278902053833,1.5095103979110718,0.07506094127893448,0.0948018878698349,0,True
767,1.1084661483764648,0.10846614837646484,1.0,0.07853377610445023,1.1957249641418457,1.2072128057479858,0.07853377610445023,0.009340357966721058,0,True
768,0.9125218987464905,0.08747810125350952,1.0,0.06512514501810074,1.260679006576538,1.2602930068969727,0.06512514501810074,0.17848539352416992,0,True
769,0.871044397354126,0.12895560264587402,1.0,0.03878533095121384,1.2216697931289673,1.2242807149887085,0.03878533095121384,0.1399349868297577,0,True
770,0.835005521774292,0.164994478225708,1.0,0.04266174137592316,1.330322265625,1.3329875469207764,0.04266174137592316,0.1277702897787094,0,True
771,0.8538056015968323,0.14619439840316772,1.0,0.05621877685189247,1.4971251487731934,1.5026191473007202,0.05621877685189247,0.11159001290798187,0,True
772,0.9086874723434448,0.09131252765655518,1.0,0.06792008876800537,1.588997721672058,1.5968332290649414,0.06792008876800537,0.1284000426530838,0,True
773,0.9753783941268921,0.02462160587310791,1.0,0.07360098510980606,1.6425750255584717,1.6504034996032715,0.07360098510980606,0.018775368109345436,0,True
774,1.063450574874878,0.06345057487487793,1.0,0.07772187143564224,1.660441279411316,1.667338252067566,0.07772187143564224,0.033192746341228485,0,True
775,1.0965100526809692,0.09651005268096924,1.0,0.07138881832361221,1.518288493156433,1.5215306282043457,0.07138881832361221,0.0789017453789711,0,True
776,1.1605861186981201,0.16058611869812012,1.0,0.07307569682598114,1.521761417388916,1.526540994644165,0.07307569682598114,0.07957763969898224,0,True
777,1.3977009057998657,0.3977009057998657,1.0,0.07559563219547272,1.4057097434997559,1.4187391996383667,0.07559563219547272,0.10403325408697128,0,True
778,1.2020552158355713,0.2020552158355713,1.0,0.0722939521074295,1.2116321325302124,1.2125446796417236,0.0722939521074295,0.08829338103532791,0,True
779,0.9660633206367493,0.03393667936325073,1.0,0.04612426832318306,1.339972972869873,1.3412576913833618,0.04612426832318306,0.009849315509200096,0,True
780,0.9626455307006836,0.037354469299316406,1.0,0.041902847588062286,1.391640067100525,1.395258903503418,0.041902847588062286,0.01085276622325182,0,True
781,0.9461452960968018,0.05385470390319824,1.0,0.04801654815673828,1.3949707746505737,1.400280475616455,0.04801654815673828,0.12805818021297455,0,True
782,1.0370603799819946,0.03706037998199463,1.0,0.0664125606417656,1.5636279582977295,1.571008563041687,0.0664125606417656,0.2530408799648285,0,True
783,1.0516892671585083,0.0516892671585083,1.0,0.07401710003614426,1.6564760208129883,1.6638877391815186,0.07401710003614426,0.09404432773590088,0,True
784,1.1116963624954224,0.11169636249542236,1.0,0.07657890766859055,1.595988392829895,1.6008473634719849,0.07657890766859055,0.13259072601795197,0,True
785,1.1133832931518555,0.11338329315185547,1.0,0.07162009924650192,1.5289652347564697,1.5310192108154297,0.07162009924650192,0.026565006002783775,0,True
786,1.1731743812561035,0.17317438125610352,1.0,0.07395610958337784,1.4992403984069824,1.5043085813522339,0.07395610958337784,0.05981435254216194,0,True
787,0.9750184416770935,0.024981558322906494,1.0,0.0782042071223259,1.3107376098632812,1.3219083547592163,0.0782042071223259,0.09629450738430023,0,True
788,0.7892037034034729,0.2107962965965271,1.0,0.06598158180713654,1.1656538248062134,1.163777470588684,0.06598158180713654,0.09187066555023193,0,True
789,0.7765450477600098,0.22345495223999023,1.0,0.042168524116277695,1.241053581237793,1.2445662021636963,0.042168524116277695,0.01566687971353531,0,True
790,0.752054750919342,0.24794524908065796,1.0,0.042825549840927124,1.269864559173584,1.2729405164718628,0.042825549840927124,0.004510597791522741,0,True
791,0.7906758189201355,0.2093241810798645,1.0,0.05631321296095848,1.4598500728607178,1.466556191444397,0.05631321296095848,0.00818844884634018,0,True
792,0.8681161999702454,0.13188380002975464,1.0,0.0680626779794693,1.5340222120285034,1.5428811311721802,0.0680626779794693,0.03386469930410385,0,True
793,0.9568430185317993,0.043156981468200684,1.0,0.07221978157758713,1.554844856262207,1.5627739429473877,0.07221978157758713,0.017269007861614227,0,True
794,1.033668041229248,0.03366804122924805,1.0,0.07364945113658905,1.702622890472412,1.709114909172058,0.07364945113658905,0.09359367936849594,0,True
795,1.062305212020874,0.06230521202087402,1.0,0.07025814056396484,1.5163023471832275,1.5185723304748535,0.07025814056396484,0.10710803419351578,0,True
796,1.104671835899353,0.10467183589935303,1.0,0.07155249267816544,1.5020774602890015,1.5051491260528564,0.07155249267816544,0.046353530138731,0,True
797,1.333142638206482,0.33314263820648193,1.0,0.07333844900131226,1.4245802164077759,1.4364298582077026,0.07333844900131226,0.13363516330718994,0,True
798,1.112470030784607,0.11247003078460693,1.0,0.07179469615221024,1.1190356016159058,1.123939871788025,0.07179469615221024,0.10585717856884003,0,True
799,0.9163784980773926,0.08362150192260742,1.0,0.04427630454301834,1.2471106052398682,1.2493053674697876,0.04427630454301834,0.08587826043367386,0,True
800,0.9220464825630188,0.0779535174369812,1.0,0.04180626943707466,1.392650842666626,1.3958264589309692,0.04180626943707466,0.014486336149275303,0,True
801,0.9030337929725647,0.0969662070274353,1.0,0.05369080975651741,1.3830302953720093,1.3878589868545532,0.05369080975651741,0.0548304058611393,0,True
802,0.9344519972801208,0.06554800271987915,1.0,0.068389892578125,1.5480072498321533,1.555604338645935,0.068389892578125,0.03336302563548088,0,True
803,0.9862867593765259,0.013713240623474121,1.0,0.0724339559674263,1.6044057607650757,1.6122491359710693,0.0724339559674263,0.1668625921010971,0,True
804,1.079683780670166,0.07968378067016602,1.0,0.07439280301332474,1.6210083961486816,1.627708077430725,0.07439280301332474,0.009140274487435818,0,True
805,1.103446364402771,0.103446364402771,1.0,0.06886155903339386,1.5614633560180664,1.5648754835128784,0.06886155903339386,0.011480772867798805,0,True
806,1.170310616493225,0.1703106164932251,1.0,0.07159311324357986,1.5198792219161987,1.5244793891906738,0.07159311324357986,0.07337044924497604,0,True
807,1.1809618473052979,0.18096184730529785,1.0,0.07782530039548874,1.4836103916168213,1.495416283607483,0.07782530039548874,0.020440934225916862,0,True
808,0.9644876718521118,0.035512328147888184,1.0,0.07245359569787979,1.13645601272583,1.1378930807113647,0.07245359569787979,0.024091821163892746,0,True
809,0.9417709112167358,0.05822908878326416,1.0,0.04479076713323593,1.2423678636550903,1.2457115650177002,0.04479076713323593,0.058905865997076035,0,True
810,0.9100747108459473,0.08992528915405273,1.0,0.04054537042975426,1.3146628141403198,1.3174821138381958,0.04054537042975426,0.02917574532330036,0,True
811,0.9305866956710815,0.06941330432891846,1.0,0.05654235556721687,1.4577864408493042,1.463568925857544,0.05654235556721687,0.027544008567929268,0,True
812,0.98431795835495,0.01568204164505005,1.0,0.06561122089624405,1.5593955516815186,1.5675098896026611,0.06561122089624405,0.001454379060305655,0,True
813,1.052820086479187,0.05282008647918701,1.0,0.07231330126523972,1.6146494150161743,1.622572660446167,0.07231330126523972,0.02072037383913994,0,True
814,1.1163054704666138,0.11630547046661377,1.0,0.07095416635274887,1.4849647283554077,1.4911216497421265,0.07095416635274887,0.07176534831523895,0,True
815,1.1465516090393066,0.14655160903930664,1.0,0.06985876709222794,1.4772695302963257,1.4804601669311523,0.06985876709222794,0.06701634079217911,0,True
816,1.2434496879577637,0.24344968795776367,1.0,0.07386980950832367,1.544098973274231,1.549902319908142,0.07386980950832367,0.17105403542518616,0,True
817,1.2409306764602661,0.2409306764602661,1.0,0.07404207438230515,1.2566193342208862,1.2685825824737549,0.07404207438230515,0.05240350216627121,0,True
818,0.9720819592475891,0.02791804075241089,1.0,0.06517113745212555,1.2965786457061768,1.298003077507019,0.06517113745212555,0.004815529566258192,0,True
819,0.9800106287002563,0.019989371299743652,1.0,0.04559386521577835,1.2726887464523315,1.2753944396972656,0.04559386521577835,0.10430159419775009,0,True
820,0.9433497786521912,0.05665022134780884,1.0,0.041268281638622284,1.2498586177825928,1.2531510591506958,0.041268281638622284,0.008900503627955914,0,True
821,0.9649913311004639,0.03500866889953613,1.0,0.056224316358566284,1.4478274583816528,1.453220009803772,0.056224316358566284,0.028101898729801178,0,True
822,1.0451551675796509,0.04515516757965088,1.0,0.06632855534553528,1.5391064882278442,1.5464400053024292,0.06632855534553528,0.04494792968034744,0,True
823,1.0734882354736328,0.07348823547363281,1.0,0.07394155114889145,1.5725855827331543,1.5800284147262573,0.07394155114889145,0.17044870555400848,0,True
824,1.140325903892517,0.1403259038925171,1.0,0.07402276992797852,1.6748844385147095,1.6809170246124268,0.07402276992797852,0.053503260016441345,0,True
825,1.1389914751052856,0.13899147510528564,1.0,0.06544099003076553,1.546803593635559,1.5486361980438232,0.06544099003076553,0.029055623337626457,0,True
826,1.1968201398849487,0.19682013988494873,1.0,0.07040119916200638,1.4748672246932983,1.4786676168441772,0.07040119916200638,0.14091452956199646,0,True
827,1.400936245918274,0.4009362459182739,1.0,0.07613124698400497,1.306485891342163,1.3189895153045654,0.07613124698400497,0.18545526266098022,0,True
828,1.1722952127456665,0.1722952127456665,1.0,0.06801781803369522,1.0686283111572266,1.0699001550674438,0.06801781803369522,0.0430833175778389,0,True
829,0.9957956671714783,0.0042043328285217285,1.0,0.039317622780799866,1.214443325996399,1.2169466018676758,0.039317622780799866,0.09148084372282028,0,True
830,0.9868247509002686,0.013175249099731445,1.0,0.042606424540281296,1.387442708015442,1.390594244003296,0.042606424540281296,0.006764083169400692,0,True
831,1.0030882358551025,0.003088235855102539,1.0,0.05025273934006691,1.419777274131775,1.4247084856033325,0.05025273934006691,0.1972782164812088,0,True
832,1.0433874130249023,0.043387413024902344,1.0,0.06561064720153809,1.584187388420105,1.5911697149276733,0.06561064720153809,0.11188550293445587,0,True
833,1.0534725189208984,0.05347251892089844,1.0,0.0693783238530159,1.5729479789733887,1.5802894830703735,0.0693783238530159,0.11883654445409775,0,True
834,1.130496859550476,0.13049685955047607,1.0,0.07284417003393173,1.595076084136963,1.6008660793304443,0.07284417003393173,0.01271623745560646,0,True
835,1.148169755935669,0.14816975593566895,1.0,0.06958477944135666,1.5717878341674805,1.5748367309570312,0.06958477944135666,0.005962887778878212,0,True
836,1.1594905853271484,0.15949058532714844,1.0,0.07284945994615555,1.4944173097610474,1.4996213912963867,0.07284945994615555,0.04316743090748787,0,True
837,1.2614589929580688,0.26145899295806885,1.0,0.07314973324537277,1.2108311653137207,1.224014401435852,0.07314973324537277,0.08473289012908936,0,True
838,1.0110546350479126,0.011054635047912598,1.0,0.07005535811185837,1.1537468433380127,1.1509681940078735,0.07005535811185837,0.028027383610606194,0,True
839,0.9416489601135254,0.05835103988647461,1.0,0.0390518382191658,1.2108001708984375,1.214062213897705,0.0390518382191658,0.005167165771126747,0,True
840,0.8993418216705322,0.10065817832946777,1.0,0.04287945479154587,1.2981905937194824,1.3010653257369995,0.04287945479154587,0.007572998758405447,0,True
841,0.9058970212936401,0.09410297870635986,1.0,0.05608349293470383,1.432228922843933,1.4377036094665527,0.05608349293470383,0.0004951012670062482,0,True
842,0.9467732906341553,0.05322670936584473,1.0,0.06724811345338821,1.5350655317306519,1.5429372787475586,0.06724811345338821,0.0870903730392456,0,True
843,1.0292959213256836,0.029295921325683594,1.0,0.07443203032016754,1.5859172344207764,1.5941765308380127,0.07443203032016754,0.07236288487911224,0,True
844,1.1063181161880493,0.10631811618804932,1.0,0.0739942267537117,1.592261791229248,1.598967432975769,0.0739942267537117,0.08015410602092743,0,True
845,1.1322989463806152,0.13229894638061523,1.0,0.07188813388347626,1.5248926877975464,1.5281200408935547,0.07188813388347626,0.01186899933964014,0,True
846,1.2408061027526855,0.24080610275268555,1.0,0.0727289691567421,1.4981392621994019,1.5033751726150513,0.0727289691567421,0.06400558352470398,0,True
847,1.095862627029419,0.09586262702941895,1.0,0.07888767123222351,1.3995012044906616,1.4080288410186768,0.07888767123222351,0.05833942070603371,0,True
848,0.8646748661994934,0.1353251338005066,1.0,0.06950894743204117,1.3027185201644897,1.30176842212677,0.06950894743204117,0.06284839659929276,0,True
849,0.8626273274421692,0.1373726725578308,1.0,0.04104829579591751,1.2761119604110718,1.278556227684021,0.04104829579591751,0.0203857459127903,0,True
850,0.8393245339393616,0.16067546606063843,1.0,0.04375862702727318,1.3039559125900269,1.3076339960098267,0.04375862702727318,0.03925412893295288,0,True
851,0.8720844984054565,0.12791550159454346,1.0,0.059008121490478516,1.4872881174087524,1.4937504529953003,0.059008121490478516,0.014338214881718159,0,True
852,0.9452784657478333,0.05472153425216675,1.0,0.07066835463047028,1.5851322412490845,1.5940799713134766,0.07066835463047028,0.03866628557443619,0,True
853,1.0295888185501099,0.029588818550109863,1.0,0.07413831353187561,1.613516092300415,1.6215381622314453,0.07413831353187561,0.12462322413921356,0,True
854,1.0689728260040283,0.06897282600402832,1.0,0.07096773386001587,1.5853488445281982,1.5912039279937744,0.07096773386001587,0.04211520776152611,0,True
855,1.109564185142517,0.10956418514251709,1.0,0.07722019404172897,1.4988003969192505,1.5017108917236328,0.07722019404172897,0.02916964702308178,0,True
856,1.2383654117584229,0.23836541175842285,1.0,0.07531233131885529,1.5232974290847778,1.5306793451309204,0.07531233131885529,0.06800156086683273,0,True
857,1.2097691297531128,0.2097691297531128,1.0,0.07823155075311661,1.2759555578231812,1.2870769500732422,0.07823155075311661,0.06808865070343018,0,True
858,0.9580196738243103,0.0419803261756897,1.0,0.06900153309106827,1.3200359344482422,1.3216785192489624,0.06900153309106827,0.057114653289318085,0,True
859,0.9487860798835754,0.05121392011642456,1.0,0.041025009006261826,1.2672040462493896,1.2693407535552979,0.041025009006261826,0.04255343973636627,0,True
860,0.9174264073371887,0.08257359266281128,1.0,0.044891636818647385,1.3104777336120605,1.3142547607421875,0.044891636818647385,0.023959845304489136,0,True
861,0.9418817758560181,0.058118224143981934,1.0,0.05929300934076309,1.4785925149917603,1.4846433401107788,0.05929300934076309,0.002389592817053199,0,True
862,1.0027581453323364,0.0027581453323364258,1.0,0.06970927864313126,1.5834569931030273,1.5919597148895264,0.06970927864313126,0.04981109872460365,0,True
863,1.0710810422897339,0.07108104228973389,1.0,0.07359720021486282,1.6329212188720703,1.640468955039978,0.07359720021486282,0.10887155681848526,0,True
864,1.1291849613189697,0.12918496131896973,1.0,0.07229827344417572,1.5389785766601562,1.5453345775604248,0.07229827344417572,0.04776574298739433,0,True
865,1.1571273803710938,0.15712738037109375,1.0,0.07335811853408813,1.5023773908615112,1.5053188800811768,0.07335811853408813,0.02498280629515648,0,True
866,1.2305883169174194,0.23058831691741943,1.0,0.07644772529602051,1.5468021631240845,1.5519664287567139,0.07644772529602051,0.1283721625804901,0,True
867,1.2504868507385254,0.2504868507385254,1.0,0.07801750302314758,1.35894775390625,1.371462345123291,0.07801750302314758,0.04555489867925644,0,True
868,1.0171440839767456,0.017144083976745605,1.0,0.0649615228176117,1.2376843690872192,1.2382214069366455,0.0649615228176117,0.08457642793655396,0,True
869,0.9710536003112793,0.028946399688720703,1.0,0.04064597561955452,1.2398715019226074,1.242289423942566,0.04064597561955452,0.019027991220355034,0,True
870,0.9350031614303589,0.06499683856964111,1.0,0.04180794209241867,1.3112924098968506,1.3139129877090454,0.04180794209241867,0.05754415690898895,0,True
871,0.9504486322402954,0.04955136775970459,1.0,0.05588620528578758,1.4780653715133667,1.4833284616470337,0.05588620528578758,0.04992048442363739,0,True
872,1.017655611038208,0.017655611038208008,1.0,0.06815624237060547,1.574345350265503,1.5819993019104004,0.06815624237060547,0.03561216965317726,0,True
873,1.0889323949813843,0.08893239498138428,1.0,0.07619636505842209,1.67316734790802,1.6807745695114136,0.07619636505842209,0.0025409136433154345,0,True
874,1.1347765922546387,0.13477659225463867,1.0,0.07285506278276443,1.5652014017105103,1.5693604946136475,0.07285506278276443,0.032167259603738785,0,True
875,1.1575945615768433,0.15759456157684326,1.0,0.07186193764209747,1.4890152215957642,1.4911918640136719,0.07186193764209747,0.028771601617336273,0,True
876,1.2575287818908691,0.25752878189086914,1.0,0.07520269602537155,1.519372582435608,1.5262799263000488,0.07520269602537155,0.01785445585846901,0,True
877,1.2361528873443604,0.23615288734436035,1.0,0.07866180688142776,0.9978141188621521,1.006639003753662,0.07866180688142776,0.08356153964996338,0,True
878,0.9866105318069458,0.0133894681930542,1.0,0.06659140437841415,1.3924449682235718,1.392424464225769,0.06659140437841415,0.1187216192483902,0,True
879,0.934197187423706,0.06580281257629395,1.0,0.04224124178290367,1.2156929969787598,1.2178782224655151,0.04224124178290367,0.03084760345518589,0,True
880,0.9060561060905457,0.09394389390945435,1.0,0.04425518214702606,1.349507451057434,1.353042721748352,0.04425518214702606,0.056589752435684204,0,True
881,0.9275106191635132,0.07248938083648682,1.0,0.05965142324566841,1.4907333850860596,1.4964027404785156,0.05965142324566841,0.04867895320057869,0,True
882,0.9756842255592346,0.02431577444076538,1.0,0.07116470485925674,1.6066358089447021,1.6148909330368042,0.07116470485925674,0.09175863862037659,0,True
883,1.0659003257751465,0.06590032577514648,1.0,0.07684212177991867,1.6304861307144165,1.6386288404464722,0.07684212177991867,0.02615663781762123,0,True
884,1.1289910078048706,0.1289910078048706,1.0,0.07491318136453629,1.5799801349639893,1.5853195190429688,0.07491318136453629,0.0031557411421090364,0,True
885,1.1465258598327637,0.14652585983276367,1.0,0.07099253684282303,1.5319712162017822,1.5346709489822388,0.07099253684282303,0.018634838983416557,0,True
886,1.275994896888733,0.2759948968887329,1.0,0.07293711602687836,1.5218501091003418,1.5285944938659668,0.07293711602687836,0.044342707842588425,0,True
887,1.1845475435256958,0.1845475435256958,1.0,0.08366308361291885,1.1024367809295654,1.1102573871612549,0.08366308361291885,0.021195031702518463,0,True
888,0.9699456691741943,0.030054330825805664,1.0,0.06498047709465027,1.2811301946640015,1.2799482345581055,0.06498047709465027,0.07019688189029694,0,True
889,0.9065847992897034,0.09341520071029663,1.0,0.03851449117064476,1.2188336849212646,1.2204256057739258,0.03851449117064476,0.013933824375271797,0,True
890,0.8876996040344238,0.11230039596557617,1.0,0.047672487795352936,1.3245164155960083,1.3283958435058594,0.047672487795352936,0.06383728981018066,0,True
891,0.9126189351081848,0.08738106489181519,1.0,0.0609259232878685,1.4827860593795776,1.4894527196884155,0.0609259232878685,0.06904047727584839,0,True
892,0.9691916704177856,0.030808329582214355,1.0,0.07304269820451736,1.594377040863037,1.6031019687652588,0.07304269820451736,0.06542804837226868,0,True
893,1.0543030500411987,0.05430305004119873,1.0,0.07846859842538834,1.6465270519256592,1.654921054840088,0.07846859842538834,0.133025124669075,0,True
894,1.1037102937698364,0.10371029376983643,1.0,0.07367018610239029,1.5754063129425049,1.5796736478805542,0.07367018610239029,0.031210536137223244,0,True
895,1.1304751634597778,0.13047516345977783,1.0,0.07184410840272903,1.5142728090286255,1.5172406435012817,0.07184410840272903,0.02742030844092369,0,True
896,1.2508502006530762,0.25085020065307617,1.0,0.07453007996082306,1.4782655239105225,1.487161636352539,0.07453007996082306,0.1639830321073532,0,True
897,1.0252670049667358,0.02526700496673584,1.0,0.08107011020183563,1.0056726932525635,1.0102488994598389,0.08107011020183563,0.07063305377960205,0,True
898,0.8969306945800781,0.10306930541992188,1.0,0.04520285502076149,1.2144784927368164,1.2145370244979858,0.04520285502076149,0.004463790915906429,0,True
899,0.8631589412689209,0.1368410587310791,1.0,0.04124259948730469,1.3560270071029663,1.3572440147399902,0.04124259948730469,0.011628399603068829,0,True
900,0.862361490726471,0.13763850927352905,1.0,0.05247725173830986,1.3845664262771606,1.3880634307861328,0.05247725173830986,0.030496081337332726,0,True
901,0.9822730422019958,0.01772695779800415,1.0,0.06307127326726913,1.4917417764663696,1.4988161325454712,0.06307127326726913,0.20267614722251892,0,True
902,1.0381006002426147,0.038100600242614746,1.0,0.07730259001255035,1.5596641302108765,1.567966341972351,0.07730259001255035,0.12408649176359177,0,True
903,1.0980501174926758,0.09805011749267578,1.0,0.07700201869010925,1.5004775524139404,1.506382942199707,0.07700201869010925,0.08424756675958633,0,True
904,1.0966675281524658,0.09666752815246582,1.0,0.06901881098747253,1.4986082315444946,1.5025697946548462,0.06901881098747253,0.00995154120028019,0,True
905,1.1304980516433716,0.13049805164337158,1.0,0.07321532815694809,1.4796274900436401,1.4821453094482422,0.07321532815694809,0.03404025733470917,0,True
906,1.2698410749435425,0.2698410749435425,1.0,0.07509086281061172,1.507041573524475,1.5166631937026978,0.07509086281061172,0.17149591445922852,0,True
907,1.2312264442443848,0.23122644424438477,1.0,0.07488037645816803,1.011199712753296,1.01950204372406,0.07488037645816803,0.27773866057395935,0,True
908,0.9186360239982605,0.0813639760017395,1.0,0.056206412613391876,1.5347234010696411,1.5376383066177368,0.056206412613391876,0.05295819044113159,0,True
909,0.9555290341377258,0.04447096586227417,1.0,0.042724404484033585,1.3917641639709473,1.3939584493637085,0.042724404484033585,0.019307726994156837,0,True
910,0.9400895833969116,0.05991041660308838,1.0,0.04841560870409012,1.3699238300323486,1.375424861907959,0.04841560870409012,0.1549852341413498,0,True
911,1.1190619468688965,0.11906194686889648,1.0,0.0652518942952156,1.4973435401916504,1.5032975673675537,0.0652518942952156,0.28445303440093994,0,True
912,1.101779818534851,0.10177981853485107,1.0,0.07216797769069672,1.5386778116226196,1.545828938484192,0.07216797769069672,0.26978614926338196,0,True
913,1.0990782976150513,0.09907829761505127,1.0,0.07321368902921677,1.6369730234146118,1.6407086849212646,0.07321368902921677,0.3037520945072174,0,True
914,1.0328539609909058,0.03285396099090576,1.0,0.06818042695522308,1.7490127086639404,1.7517354488372803,0.06818042695522308,0.01581897959113121,0,True
915,1.0419963598251343,0.04199635982513428,1.0,0.06542616337537766,1.6199315786361694,1.6209940910339355,0.06542616337537766,0.08060160279273987,0,True
916,1.1283115148544312,0.12831151485443115,1.0,0.06991209834814072,1.5478930473327637,1.5532143115997314,0.06991209834814072,0.09903144091367722,0,True
917,1.3694795370101929,0.36947953701019287,1.0,0.07971558719873428,1.5511056184768677,1.5657365322113037,0.07971558719873428,0.14504331350326538,0,True
918,1.213226318359375,0.213226318359375,1.0,0.06969822198152542,0.9882047176361084,0.9881056547164917,0.06969822198152542,0.32242774963378906,0,True
919,0.9704377055168152,0.029562294483184814,1.0,0.0404660739004612,1.309384822845459,1.307247281074524,0.0404660739004612,0.005977441091090441,0,True
920,0.9634391665458679,0.03656083345413208,1.0,0.03907002881169319,1.3199795484542847,1.3224503993988037,0.03907002881169319,0.059988897293806076,0,True
921,0.9345125555992126,0.06548744440078735,1.0,0.04750152677297592,1.3761957883834839,1.3805371522903442,0.04750152677297592,0.013917415402829647,0,True
922,1.0178818702697754,0.01788187026977539,1.0,0.058140434324741364,1.4932578802108765,1.4994505643844604,0.058140434324741364,0.2319158911705017,0,True
923,0.9989139437675476,0.0010860562324523926,1.0,0.06215337663888931,1.6349247694015503,1.6404516696929932,0.06215337663888931,0.11740180850028992,0,True
924,1.085805058479309,0.08580505847930908,1.0,0.06781987845897675,1.5801851749420166,1.586172342300415,0.06781987845897675,0.008287382312119007,0,True
925,1.1028116941452026,0.10281169414520264,1.0,0.06465457379817963,1.5773415565490723,1.5812482833862305,0.06465457379817963,0.03710172697901726,0,True
926,1.1273208856582642,0.12732088565826416,1.0,0.06832025200128555,1.4961796998977661,1.4982830286026,0.06832025200128555,0.07784774899482727,0,True
927,1.2364543676376343,0.23645436763763428,1.0,0.07765364646911621,1.5130720138549805,1.5234986543655396,0.07765364646911621,0.08578553050756454,0,True
928,1.2881731986999512,0.28817319869995117,1.0,0.07990338653326035,0.6689850091934204,0.6831532120704651,0.07990338653326035,0.013268860056996346,0,True
929,1.0315347909927368,0.031534790992736816,1.0,0.06071348860859871,1.203100562095642,1.1996957063674927,0.06071348860859871,0.066046804189682,0,True
930,0.9885196685791016,0.011480331420898438,1.0,0.03859756886959076,1.251699447631836,1.2546138763427734,0.03859756886959076,0.10991794615983963,0,True
931,0.930683434009552,0.069316565990448,1.0,0.0435740202665329,1.3066014051437378,1.3104467391967773,0.0435740202665329,0.09478677809238434,0,True
932,0.9296602010726929,0.07033979892730713,1.0,0.05566205084323883,1.42105233669281,1.4259662628173828,0.05566205084323883,0.09981788694858551,0,True
933,0.9572010040283203,0.04279899597167969,1.0,0.06512240320444107,1.5323703289031982,1.5398000478744507,0.06512240320444107,0.08521708846092224,0,True
934,0.9969498515129089,0.0030501484870910645,1.0,0.06613144278526306,1.616629719734192,1.6240628957748413,0.06613144278526306,0.256020188331604,0,True
935,1.1052584648132324,0.10525846481323242,1.0,0.0695975199341774,1.6540838479995728,1.661191701889038,0.0695975199341774,0.05508454516530037,0,True
936,1.1397390365600586,0.1397390365600586,1.0,0.06702326983213425,1.5509566068649292,1.554864525794983,0.06702326983213425,0.05155361071228981,0,True
937,1.1762593984603882,0.17625939846038818,1.0,0.06888318061828613,1.539047360420227,1.5423169136047363,0.06888318061828613,0.07373832166194916,0,True
938,1.2812315225601196,0.28123152256011963,1.0,0.08231435716152191,1.5550845861434937,1.566300868988037,0.08231435716152191,0.06537120044231415,0,True
939,1.3225668668746948,0.3225668668746948,1.0,0.08306550979614258,0.649586021900177,0.6635052561759949,0.08306550979614258,0.0013843413908034563,0,True
940,1.055795669555664,0.05579566955566406,1.0,0.06438307464122772,1.2722971439361572,1.2708226442337036,0.06438307464122772,0.062110986560583115,0,True
941,1.0207523107528687,0.020752310752868652,1.0,0.04185546934604645,1.237234115600586,1.24019193649292,0.04185546934604645,0.09094631671905518,0,True
942,0.9630796313285828,0.036920368671417236,1.0,0.04336594045162201,1.3316385746002197,1.3355251550674438,0.04336594045162201,0.1018960252404213,0,True
943,0.9661142826080322,0.03388571739196777,1.0,0.05837968736886978,1.4386452436447144,1.4434001445770264,0.05837968736886978,0.11712611466646194,0,True
944,0.9953020811080933,0.004697918891906738,1.0,0.06413855403661728,1.5471981763839722,1.554383635520935,0.06413855403661728,0.09689294546842575,0,True
945,1.0676754713058472,0.06767547130584717,1.0,0.06541807949542999,1.628117561340332,1.6351706981658936,0.06541807949542999,0.26252517104148865,0,True
946,1.1919306516647339,0.1919306516647339,1.0,0.07344241440296173,1.594218373298645,1.6020522117614746,0.07344241440296173,0.0618119090795517,0,True
947,1.2031779289245605,0.20317792892456055,1.0,0.06790189445018768,1.5624241828918457,1.565810203552246,0.06790189445018768,0.05115519091486931,0,True
948,1.2343169450759888,0.23431694507598877,1.0,0.071883924305439,1.5391980409622192,1.5415689945220947,0.071883924305439,0.04775024577975273,0,True
949,1.2258532047271729,0.22585320472717285,1.0,0.08587438613176346,1.5617436170578003,1.5716818571090698,0.08587438613176346,0.07771752029657364,0,True
950,1.1895623207092285,0.18956232070922852,1.0,0.07955694943666458,0.6486645936965942,0.6522694826126099,0.07955694943666458,0.021040160208940506,0,True
951,0.911291778087616,0.08870822191238403,1.0,0.0511760488152504,1.3033232688903809,1.3027544021606445,0.0511760488152504,0.14653632044792175,0,True
952,0.8799453973770142,0.12005460262298584,1.0,0.039058420807123184,1.2167407274246216,1.2189899682998657,0.039058420807123184,0.06422565132379532,0,True
953,0.8451762199401855,0.15482378005981445,1.0,0.04332677647471428,1.3504966497421265,1.3553130626678467,0.04332677647471428,0.026283971965312958,0,True
954,0.8613386154174805,0.13866138458251953,1.0,0.062001656740903854,1.461173176765442,1.4677271842956543,0.062001656740903854,0.04174105077981949,0,True
955,0.9060214161872864,0.09397858381271362,1.0,0.06818024069070816,1.586260437965393,1.5945234298706055,0.06818024069070816,0.16592828929424286,0,True
956,1.030040979385376,0.030040979385375977,1.0,0.07124990224838257,1.647357702255249,1.6556280851364136,0.07124990224838257,0.019509974867105484,0,True
957,1.0851831436157227,0.08518314361572266,1.0,0.06864356249570847,1.6069685220718384,1.6120208501815796,0.06864356249570847,0.03865641728043556,0,True
958,1.1072332859039307,0.10723328590393066,1.0,0.06871022284030914,1.507755160331726,1.5103039741516113,0.06871022284030914,0.029692837968468666,0,True
959,1.22732412815094,0.22732412815093994,1.0,0.07236737757921219,1.5148725509643555,1.5213792324066162,0.07236737757921219,0.07651317119598389,0,True
960,0.0,1.0,1.0,0.08258945494890213,1.2596031427383423,1.2707637548446655,0.08258945494890213,0.0,1,True
961,-0.11393197625875473,1.1139320135116577,0.0,0.06182963773608208,0.6026505827903748,0.6081227660179138,0.06182963773608208,0.02897108905017376,0,True
962,-0.08915678411722183,1.0891567468643188,0.0,0.07431194186210632,0.6821178197860718,0.6728755235671997,0.07431194186210632,0.025825511664152145,0,True
963,0.007878722622990608,0.9921212792396545,0.0,0.06175036355853081,0.5878561735153198,0.5911573767662048,0.06175036355853081,1.0297527313232422,0,True
964,0.024853825569152832,0.9751461744308472,0.0,0.052393872290849686,0.61788409948349,0.6221272349357605,0.052393872290849686,0.29799899458885193,0,True
965,0.0929604023694992,0.9070395827293396,0.0,0.062074027955532074,0.7420228123664856,0.7548444271087646,0.062074027955532074,0.5313231945037842,0,True
966,0.04697267711162567,0.9530273079872131,0.0,0.08090879023075104,0.5712399482727051,0.5778090953826904,0.08090879023075104,0.0377654954791069,0,True
967,-0.022907165810465813,1.0229071378707886,0.0,0.07350604236125946,0.6371389031410217,0.6340172290802002,0.07350604236125946,0.8991885185241699,0,True
968,0.1798107773065567,0.8201892375946045,0.0,0.05540722981095314,0.9704614281654358,0.9733530282974243,0.05540722981095314,0.797127366065979,0,True
969,0.22726945579051971,0.7727305293083191,0.0,0.05387377366423607,0.49922293424606323,0.5029799938201904,0.05387377366423607,0.8510150909423828,0,True
970,0.1830696016550064,0.8169304132461548,0.0,0.04997018724679947,0.7653993368148804,0.7622989416122437,0.04997018724679947,0.5277743935585022,0,True
971,0.11996661126613617,0.8800333738327026,0.0,0.05277809873223305,0.8620560765266418,0.8553289771080017,0.05277809873223305,0.7965089082717896,0,True
972,0.08279862999916077,0.9172013998031616,0.0,0.04588889330625534,0.6492233276367188,0.641791582107544,0.04588889330625534,1.2052274942398071,0,True
973,-0.014494994655251503,1.0144950151443481,0.0,0.04826232045888901,0.49820005893707275,0.49369996786117554,0.04826232045888901,1.1840908527374268,0,True
974,-0.0943916067481041,1.0943915843963623,0.0,0.04433309659361839,0.7903956770896912,0.7863394021987915,0.04433309659361839,1.6901147365570068,0,True
975,-0.1533365547657013,1.153336524963379,0.0,0.05200760439038277,0.7437089085578918,0.7423590421676636,0.05200760439038277,1.9890403747558594,0,True
976,-0.26009294390678406,1.2600929737091064,0.0,0.05494699999690056,0.7892275452613831,0.7855262160301208,0.05494699999690056,0.243130624294281,0,True
977,0.05123129487037659,0.9487687349319458,0.0,0.051657095551490784,1.1638339757919312,1.163804054260254,0.051657095551490784,0.7817664742469788,0,True
978,0.25960302352905273,0.7403969764709473,0.0,0.061298031359910965,0.9752575159072876,0.9765614867210388,0.061298031359910965,0.4556539058685303,0,True
979,0.3676121234893799,0.6323878765106201,0.0,0.07025212049484253,0.9065442681312561,0.9142016172409058,0.07025212049484253,0.7003195285797119,0,True
980,0.5284240245819092,0.4715759754180908,0.0,0.07857076823711395,0.843747615814209,0.8530929088592529,0.07857076823711395,0.6326462030410767,0,True
981,0.35880938172340393,0.6411906480789185,0.0,0.0553855299949646,0.6690217852592468,0.6725019812583923,0.0553855299949646,1.0066606998443604,0,True
982,0.37187594175338745,0.6281240582466125,0.0,0.0627167820930481,1.6507636308670044,1.6553453207015991,0.0627167820930481,0.23813344538211823,0,True
983,0.6415016651153564,0.35849833488464355,0.0,0.06291370093822479,1.473691701889038,1.4823554754257202,0.06291370093822479,0.25737264752388,0,True
984,0.7156975269317627,0.2843024730682373,0.0,0.09190329164266586,1.4440326690673828,1.4648723602294922,0.09190329164266586,0.5690513253211975,0,True
985,0.5031099319458008,0.4968900680541992,0.0,0.05980278551578522,1.1793475151062012,1.1858787536621094,0.05980278551578522,0.8231161236763,0,True
986,0.3794805109500885,0.6205195188522339,0.0,0.060039520263671875,1.4856187105178833,1.4942206144332886,0.060039520263671875,0.09069278836250305,0,True
987,0.3393459618091583,0.6606540679931641,0.0,0.038632430136203766,1.235194206237793,1.2378466129302979,0.038632430136203766,0.2315729558467865,0,True
988,0.27701064944267273,0.7229893207550049,0.0,0.04391757771372795,1.2253656387329102,1.2288814783096313,0.04391757771372795,0.21215692162513733,0,True
989,0.22263935208320618,0.7773606777191162,0.0,0.07120534032583237,1.2516629695892334,1.257657766342163,0.07120534032583237,0.2256128340959549,0,True
990,0.36092814803123474,0.6390718221664429,0.0,0.05149046331644058,1.3256913423538208,1.3322389125823975,0.05149046331644058,1.0237605571746826,0,True
991,0.3366204798221588,0.6633795499801636,0.0,0.061721380800008774,1.4834985733032227,1.4902348518371582,0.061721380800008774,0.49046623706817627,0,True
992,0.3486039936542511,0.6513960361480713,0.0,0.06740274280309677,1.458956003189087,1.4626410007476807,0.06740274280309677,0.1840716302394867,0,True
993,0.4088500440120697,0.5911499261856079,0.0,0.07439228892326355,1.3944953680038452,1.3966797590255737,0.07439228892326355,0.15401044487953186,0,True
994,0.3469587564468384,0.6530412435531616,0.0,0.08286488056182861,1.4748653173446655,1.482887625694275,0.08286488056182861,0.12496978044509888,0,True
995,0.39572873711586,0.6042712926864624,0.0,0.09606043249368668,1.4498811960220337,1.4584437608718872,0.09606043249368668,0.3470601439476013,0,True
996,0.5425434708595276,0.4574565291404724,0.0,0.05020350590348244,1.3472189903259277,1.3554240465164185,0.05020350590348244,0.0009868056513369083,0,True
997,0.7922970652580261,0.20770293474197388,0.0,0.08607366681098938,1.242983102798462,1.2610629796981812,0.08607366681098938,0.18151822686195374,0,True
998,0.7658565640449524,0.2341434359550476,0.0,0.07888788729906082,0.7468358874320984,0.7522960305213928,0.07888788729906082,0.40840280055999756,0,True
999,0.6059908270835876,0.39400917291641235,0.0,0.060424234718084335,1.0927865505218506,1.0890899896621704,0.060424234718084335,0.3080068528652191,0,True
1000,0.47989320755004883,0.5201067924499512,0.0,0.03408917412161827,1.2263027429580688,1.2288075685501099,0.03408917412161827,0.32753121852874756,0,True
