step,mean_vel_x,mean_abs_vx_error,p2_fault_active_mean,residual_action_mean_norm,final_action_mean_norm,base_action_mean_norm,residual_action_max_norm,mean_abs_yaw_error,done_count,no_nan_inf
1,0.024038834497332573,0.9759610891342163,0.0,1.0498050451278687,0.8696780204772949,0.9142557978630066,1.3388910293579102,1.9354606866836548,0,True
2,0.03838774934411049,0.9655495285987854,0.0,1.7967569828033447,1.5446523427963257,1.592767357826233,3.328603982925415,2.842860698699951,0,True
3,0.01957661472260952,0.9846503138542175,0.0,2.1716527938842773,0.9456346035003662,1.0137355327606201,3.335702419281006,4.007724761962891,0,True
4,-0.06919699162244797,1.0709593296051025,0.0,2.480985641479492,0.8202126026153564,0.8838810920715332,3.532806396484375,4.395719528198242,0,True
5,-0.045076169073581696,1.0450761318206787,0.0,2.526592254638672,0.9388975501060486,1.0030639171600342,3.3851256370544434,3.3298637866973877,0,True
6,-0.04884512722492218,1.0488451719284058,0.0,2.147512912750244,1.1295572519302368,1.1865233182907104,3.3440990447998047,2.5334434509277344,0,True
7,-0.006394278258085251,1.0063942670822144,0.0,1.9355957508087158,1.2936503887176514,1.3385310173034668,3.154705047607422,1.7465558052062988,0,True
8,0.05466143414378166,0.9453386068344116,0.0,1.7242333889007568,1.5240713357925415,1.5555636882781982,3.884099006652832,0.9814617037773132,0,True
9,0.10633637756109238,0.895846962928772,0.0,1.5364367961883545,1.660038948059082,1.6824193000793457,3.824164390563965,0.5958253145217896,0,True
10,0.12240129709243774,0.8803122639656067,0.0,1.4066370725631714,1.7070518732070923,1.718741536140442,3.5977792739868164,0.43467050790786743,0,True
11,0.11960731446743011,0.8855249881744385,0.0,1.2796077728271484,1.6887028217315674,1.6949386596679688,3.5567803382873535,0.31769126653671265,0,True
12,0.1520436704158783,0.8506561517715454,0.0,1.297687292098999,1.6931638717651367,1.702950358390808,3.5980966091156006,0.31036293506622314,0,True
13,0.1635957956314087,0.8392199277877808,0.0,1.2313259840011597,1.6310811042785645,1.6445906162261963,3.4295241832733154,0.29720112681388855,0,True
14,0.18412095308303833,0.8181067705154419,0.0,1.2221245765686035,1.576827049255371,1.592867374420166,3.3687753677368164,0.23674730956554413,0,True
15,0.20111167430877686,0.7988883256912231,0.0,1.2073918581008911,1.5418814420700073,1.5616828203201294,3.2595739364624023,0.23162272572517395,0,True
16,0.20047307014465332,0.7995269298553467,0.0,1.176335334777832,1.49970543384552,1.5230343341827393,3.098452091217041,0.2298017144203186,0,True
17,0.22078341245651245,0.7792166471481323,0.0,1.1917147636413574,1.505763292312622,1.5321913957595825,2.9724173545837402,0.2145233154296875,0,True
18,0.25728338956832886,0.7427166104316711,0.0,1.2769227027893066,1.548372507095337,1.5800188779830933,2.983750104904175,0.22628909349441528,0,True
19,0.2788279056549072,0.7222817540168762,0.0,1.2690316438674927,1.540834903717041,1.57393479347229,2.842785596847534,0.24853377044200897,0,True
20,0.28806763887405396,0.7126598358154297,0.0,1.3085384368896484,1.5295124053955078,1.5658745765686035,2.898163318634033,0.2531450390815735,0,True
21,0.30948495864868164,0.6935044527053833,0.0,1.3208953142166138,1.5270642042160034,1.5647740364074707,2.645285129547119,0.24187229573726654,0,True
22,0.3337436616420746,0.6706730723381042,0.0,1.3645349740982056,1.5207724571228027,1.5620603561401367,3.5357699394226074,0.23267653584480286,0,True
23,0.3601941168308258,0.6434025764465332,0.0,1.36531662940979,1.5102391242980957,1.5522370338439941,3.166930913925171,0.23065808415412903,0,True
24,0.37722593545913696,0.6287901401519775,0.0,1.3417938947677612,1.4693139791488647,1.51011323928833,3.099925994873047,0.24556788802146912,0,True
25,0.3952343165874481,0.6072987914085388,0.0,1.3667341470718384,1.4490382671356201,1.491790771484375,2.9025235176086426,0.21350808441638947,0,True
26,0.40877780318260193,0.5953289270401001,0.0,1.3503351211547852,1.4407172203063965,1.482893466949463,3.263345241546631,0.22188055515289307,0,True
27,0.4070708751678467,0.5945436954498291,0.0,1.3315131664276123,1.4330034255981445,1.4742136001586914,3.206559658050537,0.20085912942886353,0,True
28,0.4250052571296692,0.5780489444732666,0.0,1.3924486637115479,1.465134859085083,1.5107831954956055,3.415482521057129,0.20733997225761414,0,True
29,0.45056572556495667,0.554776132106781,0.0,1.4257771968841553,1.4875681400299072,1.5358796119689941,2.732250928878784,0.23156243562698364,0,True
30,0.4441487491130829,0.5616436004638672,0.0,1.3689204454421997,1.4469369649887085,1.4927384853363037,3.165940284729004,0.23929469287395477,0,True
31,0.4482020139694214,0.5535967350006104,0.0078125,1.3700693845748901,1.5005618333816528,1.547208547592163,2.5074996948242188,0.19717276096343994,0,True
32,0.449098140001297,0.5563764572143555,0.0078125,1.4010860919952393,1.4937503337860107,1.5417338609695435,3.800440549850464,0.2381674200296402,0,True
33,0.4790559411048889,0.5334148406982422,0.0234375,1.4097660779953003,1.5367493629455566,1.5855697393417358,2.9710257053375244,0.23897254467010498,0,True
34,0.48023340106010437,0.5256293416023254,0.0234375,1.362593412399292,1.469476580619812,1.5159201622009277,3.219700574874878,0.22623664140701294,0,True
35,0.49390819668769836,0.5110037922859192,0.03125,1.3478338718414307,1.4713640213012695,1.5169627666473389,2.430260181427002,0.21608877182006836,0,True
36,0.4902386963367462,0.5130982398986816,0.0390625,1.3536052703857422,1.4467358589172363,1.4932832717895508,2.8563578128814697,0.20338627696037292,0,True
37,0.489894300699234,0.5131062269210815,0.046875,1.4092543125152588,1.4920718669891357,1.5417287349700928,3.5643584728240967,0.2024044692516327,0,True
38,0.5111339092254639,0.49663427472114563,0.0625,1.4294569492340088,1.4842660427093506,1.5356277227401733,2.966106653213501,0.2089449018239975,0,True
39,0.5364962220191956,0.47519180178642273,0.0703125,1.4255963563919067,1.5037155151367188,1.5550585985183716,3.3270316123962402,0.21406662464141846,0,True
40,0.5312893390655518,0.47713279724121094,0.0859375,1.363492488861084,1.4601037502288818,1.5077569484710693,2.569669246673584,0.22863739728927612,0,True
41,0.5151697397232056,0.4895627498626709,0.09375,1.3953821659088135,1.4925882816314697,1.540897011756897,2.7746927738189697,0.2489796280860901,0,True
42,0.5516064167022705,0.4577193856239319,0.09375,1.3998736143112183,1.5284795761108398,1.5776658058166504,2.855131149291992,0.23442980647087097,0,True
43,0.5661454200744629,0.43881723284721375,0.109375,1.3901607990264893,1.4822492599487305,1.5322895050048828,2.6321167945861816,0.2309914529323578,0,True
44,0.568758487701416,0.43324029445648193,0.1171875,1.3711061477661133,1.4835636615753174,1.5309693813323975,2.583264112472534,0.20414090156555176,0,True
45,0.5462853908538818,0.45972126722335815,0.125,1.3798553943634033,1.4762051105499268,1.5242727994918823,2.54327130317688,0.20939286053180695,0,True
46,0.5592927932739258,0.44495752453804016,0.125,1.4063642024993896,1.5092229843139648,1.5578300952911377,3.704352378845215,0.20015233755111694,0,True
47,0.5489296913146973,0.4557783305644989,0.125,1.3580396175384521,1.4568021297454834,1.502929449081421,2.639683723449707,0.2235773354768753,0,True
48,0.5776400566101074,0.4301546812057495,0.1328125,1.4254693984985352,1.5158100128173828,1.5646538734436035,2.7153475284576416,0.19163057208061218,0,True
49,0.5911884307861328,0.4210100471973419,0.140625,1.4707990884780884,1.5302069187164307,1.5820622444152832,4.4833598136901855,0.18497169017791748,0,True
50,0.5836315751075745,0.4274654984474182,0.140625,1.4434378147125244,1.5330926179885864,1.5841797590255737,3.745955228805542,0.20057378709316254,0,True
51,0.5928423404693604,0.4244619607925415,0.140625,1.3838062286376953,1.515467882156372,1.562902569770813,2.696355104446411,0.19742262363433838,0,True
52,0.5852857232093811,0.4355013370513916,0.140625,1.3879305124282837,1.5022886991500854,1.5488464832305908,3.292079210281372,0.18536236882209778,0,True
53,0.6021482944488525,0.41745275259017944,0.1640625,1.4366562366485596,1.5437861680984497,1.5927515029907227,3.7253592014312744,0.19412830471992493,0,True
54,0.6103264093399048,0.40658074617385864,0.1796875,1.4182918071746826,1.4989492893218994,1.5467793941497803,4.06887674331665,0.21149827539920807,0,True
55,0.6237596869468689,0.40078842639923096,0.1953125,1.4579088687896729,1.548187255859375,1.5983636379241943,4.032644271850586,0.24645951390266418,0,True
56,0.6360318064689636,0.3869779407978058,0.203125,1.4393231868743896,1.4922475814819336,1.5413861274719238,4.06700325012207,0.2191290557384491,0,True
57,0.6481004953384399,0.3766169548034668,0.2109375,1.4602359533309937,1.5207939147949219,1.5711201429367065,4.231196403503418,0.20939548313617706,0,True
58,0.641679048538208,0.38448894023895264,0.21875,1.4532710313796997,1.4915239810943604,1.538454294204712,5.024491786956787,0.2024681121110916,0,True
59,0.6378318071365356,0.3893806040287018,0.21875,1.4799823760986328,1.537949800491333,1.5875282287597656,4.3148112297058105,0.2053290605545044,0,True
60,0.6566284894943237,0.3720729947090149,0.21875,1.4975324869155884,1.5751893520355225,1.6292531490325928,3.1870298385620117,0.21784859895706177,0,True
61,0.6639154553413391,0.36030957102775574,0.2265625,1.4662941694259644,1.5328021049499512,1.5832698345184326,3.2644753456115723,0.18640579283237457,1,True
62,0.6642614603042603,0.3631446063518524,0.2265625,1.423673391342163,1.5366867780685425,1.5865814685821533,2.67825984954834,0.20833227038383484,0,True
63,0.6696694493293762,0.36193838715553284,0.234375,1.4109835624694824,1.492285132408142,1.540541410446167,2.528735637664795,0.2179856300354004,0,True
64,0.6872241497039795,0.3471454381942749,0.234375,1.4338756799697876,1.4981857538223267,1.5465384721755981,2.9483420848846436,0.23402541875839233,0,True
65,0.6645742654800415,0.35976994037628174,0.2578125,1.4713338613510132,1.5286052227020264,1.579880714416504,3.147067070007324,0.2537764608860016,0,True
66,0.6689843535423279,0.35431551933288574,0.2578125,1.4988813400268555,1.5333157777786255,1.5848325490951538,3.397350311279297,0.25658392906188965,0,True
67,0.6358447670936584,0.3801576495170593,0.265625,1.4600608348846436,1.4977978467941284,1.5469499826431274,3.457838773727417,0.26070547103881836,0,True
68,0.6358477473258972,0.37688320875167847,0.2734375,1.4607553482055664,1.528479814529419,1.5783300399780273,3.037158727645874,0.2276187390089035,0,True
69,0.6566681861877441,0.35526859760284424,0.2734375,1.4922086000442505,1.578355312347412,1.6308523416519165,3.689692258834839,0.22747570276260376,0,True
70,0.6388391256332397,0.37479689717292786,0.2734375,1.474310040473938,1.5713253021240234,1.6219102144241333,3.047031879425049,0.2257336974143982,0,True
71,0.6440900564193726,0.37370890378952026,0.2734375,1.4362701177597046,1.611384630203247,1.660865068435669,2.6104238033294678,0.23789972066879272,0,True
72,0.6478267908096313,0.3799581527709961,0.28125,1.4740204811096191,1.5998494625091553,1.6512258052825928,2.6884336471557617,0.24490423500537872,0,True
73,0.6549317836761475,0.3697267472743988,0.2890625,1.4551042318344116,1.6053247451782227,1.6553380489349365,2.8742401599884033,0.21785449981689453,1,True
74,0.658515214920044,0.35121262073516846,0.28125,1.4148099422454834,1.5291098356246948,1.5779403448104858,3.0940439701080322,0.20353788137435913,2,True
75,0.6508709192276001,0.3621237874031067,0.28125,1.4339468479156494,1.5275380611419678,1.5794954299926758,2.7577896118164062,0.23254790902137756,0,True
76,0.6398524045944214,0.3678445816040039,0.296875,1.4294934272766113,1.5266025066375732,1.5772607326507568,2.4978418350219727,0.28559449315071106,0,True
77,0.6518971920013428,0.3553357422351837,0.3046875,1.45909583568573,1.5439510345458984,1.596377968788147,2.718296766281128,0.3251243829727173,0,True
78,0.6467107534408569,0.36126646399497986,0.3046875,1.4810491800308228,1.51873779296875,1.5724010467529297,3.2863099575042725,0.31859588623046875,0,True
79,0.6447443962097168,0.36467844247817993,0.3203125,1.4483904838562012,1.5115602016448975,1.5627628564834595,3.2781763076782227,0.25381559133529663,0,True
80,0.6591176986694336,0.3545909523963928,0.3203125,1.470504641532898,1.5296754837036133,1.582305669784546,3.798161029815674,0.22558589279651642,0,True
81,0.6602441072463989,0.3485020399093628,0.328125,1.43193781375885,1.5410985946655273,1.592191457748413,3.236741781234741,0.19414612650871277,0,True
82,0.6772316694259644,0.33344757556915283,0.3359375,1.4567456245422363,1.5825227499008179,1.6349992752075195,3.2340080738067627,0.1803707629442215,0,True
83,0.6642155647277832,0.33955007791519165,0.359375,1.370739459991455,1.5166740417480469,1.5638043880462646,2.400083065032959,0.19203859567642212,0,True
84,0.6523801684379578,0.35119903087615967,0.359375,1.3779809474945068,1.5490882396697998,1.597438097000122,2.4459645748138428,0.1719972789287567,0,True
85,0.694005012512207,0.3094981908798218,0.3671875,1.440197229385376,1.5963823795318604,1.649064064025879,2.609966516494751,0.15814781188964844,0,True
86,0.6887657642364502,0.3129849433898926,0.3671875,1.4083876609802246,1.5274300575256348,1.5781217813491821,2.4304087162017822,0.14730525016784668,0,True
87,0.6919786930084229,0.31198227405548096,0.390625,1.3628101348876953,1.5233054161071777,1.5715343952178955,2.5308444499969482,0.148865208029747,0,True
88,0.6756947040557861,0.33226338028907776,0.390625,1.3578433990478516,1.4796090126037598,1.5265673398971558,2.478482961654663,0.1558276116847992,0,True
89,0.6818301677703857,0.3284029960632324,0.3984375,1.421816349029541,1.5288136005401611,1.579215168952942,2.9979031085968018,0.16178539395332336,0,True
90,0.7084176540374756,0.2987895607948303,0.421875,1.44709050655365,1.5522757768630981,1.6049675941467285,2.678912401199341,0.17949485778808594,0,True
91,0.7059823870658875,0.30341750383377075,0.421875,1.404379963874817,1.5210648775100708,1.5708680152893066,2.4400265216827393,0.1708061546087265,0,True
92,0.6959901452064514,0.315682590007782,0.4375,1.398714303970337,1.5482523441314697,1.5984413623809814,2.598184108734131,0.15102554857730865,0,True
93,0.6966351270675659,0.3104898929595947,0.453125,1.4132599830627441,1.5518603324890137,1.6027745008468628,2.4668807983398438,0.16594302654266357,0,True
94,0.7200750708580017,0.28726649284362793,0.4609375,1.4780278205871582,1.6018952131271362,1.6567302942276,2.645236015319824,0.1361364722251892,0,True
95,0.7233868837356567,0.2861582338809967,0.4609375,1.455682396888733,1.5614910125732422,1.6152738332748413,2.6414527893066406,0.1470673829317093,0,True
96,0.7258710265159607,0.27907878160476685,0.4765625,1.4154348373413086,1.5367608070373535,1.5878639221191406,2.7233471870422363,0.1403026282787323,0,True
97,0.6992197632789612,0.30398041009902954,0.484375,1.3752491474151611,1.502011775970459,1.5504136085510254,2.6041982173919678,0.1476130187511444,1,True
98,0.6995662450790405,0.30624109506607056,0.484375,1.402755618095398,1.5228832960128784,1.5739883184432983,2.640134334564209,0.14581604301929474,0,True
99,0.7062003016471863,0.2956041395664215,0.4921875,1.4174396991729736,1.5094621181488037,1.561318278312683,2.7490007877349854,0.16380979120731354,0,True
100,0.7199923992156982,0.2924843728542328,0.515625,1.4556437730789185,1.538238763809204,1.5921227931976318,2.8630402088165283,0.17535756528377533,0,True
101,0.7190769910812378,0.29238492250442505,0.515625,1.4280736446380615,1.534594178199768,1.5868260860443115,2.6878108978271484,0.18548333644866943,0,True
102,0.7082279920578003,0.29744139313697815,0.5390625,1.3995214700698853,1.5127136707305908,1.5626170635223389,2.7975733280181885,0.16735705733299255,0,True
103,0.715736448764801,0.29065877199172974,0.546875,1.4191479682922363,1.568421483039856,1.6199443340301514,2.605032205581665,0.15542913973331451,0,True
104,0.7094593048095703,0.2942853569984436,0.5546875,1.4091029167175293,1.518068552017212,1.5685982704162598,2.4877233505249023,0.14626596868038177,0,True
105,0.7003788352012634,0.3010171353816986,0.5625,1.4154105186462402,1.5110301971435547,1.561214566230774,2.6297874450683594,0.13654321432113647,0,True
106,0.7102952599525452,0.29219159483909607,0.5625,1.390190839767456,1.502341866493225,1.5512895584106445,2.6073999404907227,0.142879456281662,0,True
107,0.6926871538162231,0.3101744055747986,0.578125,1.4111456871032715,1.5043290853500366,1.5543930530548096,2.3810858726501465,0.1476031243801117,0,True
108,0.6822792291641235,0.32353484630584717,0.5859375,1.4299383163452148,1.5598998069763184,1.6108033657073975,2.7714970111846924,0.14963261783123016,0,True
109,0.6877375245094299,0.31534647941589355,0.5859375,1.486983060836792,1.5939291715621948,1.6482824087142944,2.5040056705474854,0.14557570219039917,0,True
110,0.6926968097686768,0.30932021141052246,0.59375,1.4706261157989502,1.6068744659423828,1.6615718603134155,2.6031789779663086,0.13714849948883057,0,True
111,0.696272611618042,0.3080964982509613,0.6015625,1.42520010471344,1.6090631484985352,1.6616294384002686,2.8447234630584717,0.16123288869857788,1,True
112,0.7002114653587341,0.3036728501319885,0.59375,1.3711462020874023,1.5384337902069092,1.5879616737365723,2.5095374584198,0.15895910561084747,0,True
113,0.6984876394271851,0.30505064129829407,0.6171875,1.3810720443725586,1.5069462060928345,1.5560903549194336,2.4556398391723633,0.1642465889453888,0,True
114,0.7062643766403198,0.30247512459754944,0.6171875,1.433620572090149,1.5118650197982788,1.56382155418396,2.6345396041870117,0.16209007799625397,0,True
115,0.7166519165039062,0.289676696062088,0.6328125,1.435020923614502,1.5050749778747559,1.5559440851211548,2.5849592685699463,0.18344683945178986,0,True
116,0.7105401158332825,0.2947179973125458,0.6328125,1.4452385902404785,1.5206185579299927,1.572122573852539,2.780463457107544,0.17081798613071442,0,True
117,0.6858418583869934,0.32215237617492676,0.6328125,1.409783124923706,1.5270161628723145,1.5766174793243408,2.5971972942352295,0.16076621413230896,1,True
118,0.7270573973655701,0.2829330563545227,0.6328125,1.4627423286437988,1.6255364418029785,1.6796995401382446,2.426072835922241,0.14923405647277832,1,True
119,0.7454357147216797,0.26078253984451294,0.6328125,1.4959282875061035,1.6078764200210571,1.664535641670227,2.580822706222534,0.1567656695842743,0,True
120,0.7378023862838745,0.2668924927711487,0.6328125,1.4260671138763428,1.5438882112503052,1.596358060836792,2.4714150428771973,0.16938939690589905,0,True
121,0.7154192328453064,0.2901412546634674,0.640625,1.370022177696228,1.512202262878418,1.5611932277679443,2.4151511192321777,0.19945424795150757,0,True
122,0.7251059412956238,0.2798510491847992,0.6640625,1.4100254774093628,1.5249130725860596,1.575413465499878,2.7927911281585693,0.20815959572792053,0,True
123,0.7211366295814514,0.27998214960098267,0.671875,1.4391953945159912,1.4788427352905273,1.5306847095489502,2.5093190670013428,0.19761177897453308,0,True
124,0.723315417766571,0.27934563159942627,0.671875,1.4195938110351562,1.4911502599716187,1.5430707931518555,2.6319122314453125,0.16905345022678375,0,True
125,0.7220517992973328,0.2828049659729004,0.6796875,1.4195727109909058,1.4939074516296387,1.545727014541626,2.5217387676239014,0.15473929047584534,0,True
126,0.7297912836074829,0.2749166190624237,0.703125,1.449784755706787,1.5440154075622559,1.5969939231872559,2.635087013244629,0.1800873726606369,0,True
127,0.7241474390029907,0.279927134513855,0.734375,1.461545705795288,1.5967621803283691,1.651464819908142,2.5872957706451416,0.16496701538562775,0,True
128,0.7398493885993958,0.2635888457298279,0.734375,1.4453978538513184,1.5933822393417358,1.6469237804412842,2.4675943851470947,0.13532479107379913,0,True
129,0.7375681400299072,0.27260851860046387,0.7421875,1.4035162925720215,1.5612317323684692,1.6131815910339355,2.455923080444336,0.13372889161109924,0,True
130,0.7333952784538269,0.2707301378250122,0.75,1.382889747619629,1.5468060970306396,1.5971869230270386,2.701833963394165,0.13283702731132507,0,True
131,0.721316397190094,0.28477078676223755,0.765625,1.3868067264556885,1.5269055366516113,1.5762521028518677,2.670719861984253,0.12555064260959625,0,True
132,0.7414838075637817,0.26607179641723633,0.7890625,1.4299662113189697,1.5359055995941162,1.5870639085769653,2.6090152263641357,0.14152635633945465,0,True
133,0.7578070759773254,0.24735639989376068,0.796875,1.4550279378890991,1.5473957061767578,1.6014324426651,2.5487220287323,0.10744434595108032,0,True
134,0.7637640237808228,0.240991473197937,0.8046875,1.4284381866455078,1.5108187198638916,1.56296968460083,2.401965618133545,0.12265294790267944,0,True
135,0.748617947101593,0.25694483518600464,0.8046875,1.368947982788086,1.4840166568756104,1.5325406789779663,2.4548134803771973,0.14135107398033142,0,True
136,0.7355797290802002,0.27147960662841797,0.8203125,1.4033386707305908,1.5234432220458984,1.573917269706726,2.5793631076812744,0.1355990469455719,0,True
137,0.7543811798095703,0.25464069843292236,0.8359375,1.4967777729034424,1.5808343887329102,1.637088418006897,2.5961780548095703,0.1320149004459381,0,True
138,0.7599325180053711,0.248372420668602,0.84375,1.450432538986206,1.5309340953826904,1.5846010446548462,2.427034854888916,0.14098037779331207,0,True
139,0.7526031136512756,0.256189227104187,0.84375,1.4076430797576904,1.5253641605377197,1.5769433975219727,2.7177798748016357,0.12562404572963715,0,True
140,0.7608583569526672,0.2459212839603424,0.84375,1.377643346786499,1.55119788646698,1.6011320352554321,2.5857737064361572,0.1361285150051117,0,True
141,0.7314260005950928,0.2724463939666748,0.859375,1.3619322776794434,1.4959115982055664,1.5442290306091309,2.3659636974334717,0.13935551047325134,0,True
142,0.7643328905105591,0.24600297212600708,0.875,1.439368486404419,1.6033483743667603,1.6562989950180054,2.5650572776794434,0.14538510143756866,0,True
143,0.7586571574211121,0.2515098452568054,0.890625,1.4530093669891357,1.5283077955245972,1.5822211503982544,2.5635569095611572,0.15338367223739624,0,True
144,0.7565029859542847,0.24820969998836517,0.8984375,1.400615930557251,1.5454847812652588,1.5962817668914795,2.575706958770752,0.13503262400627136,0,True
145,0.7436427474021912,0.2645782232284546,0.90625,1.3705896139144897,1.497686743736267,1.5461888313293457,2.508521318435669,0.14914578199386597,0,True
146,0.7417019605636597,0.26419198513031006,0.921875,1.4149863719940186,1.5224530696868896,1.5727487802505493,2.569899320602417,0.115023173391819,0,True
147,0.7360531091690063,0.2759496569633484,0.921875,1.4328057765960693,1.527023434638977,1.5799593925476074,2.6384053230285645,0.11683127284049988,0,True
148,0.7403351664543152,0.27215293049812317,0.921875,1.4553810358047485,1.5688246488571167,1.6231764554977417,2.602701187133789,0.1483500599861145,0,True
149,0.7450144290924072,0.26995015144348145,0.9375,1.407120704650879,1.5490663051605225,1.6008458137512207,2.437971353530884,0.14246541261672974,0,True
150,0.7431882619857788,0.2692336440086365,0.9375,1.3923795223236084,1.5625935792922974,1.613506555557251,2.500929355621338,0.1402284801006317,0,True
151,0.7351594567298889,0.2727651596069336,0.9609375,1.3876078128814697,1.521475076675415,1.5716060400009155,2.3612852096557617,0.14348672330379486,0,True
152,0.7512351870536804,0.2603464722633362,0.9609375,1.4159846305847168,1.5452297925949097,1.5974347591400146,2.46484375,0.14809800684452057,0,True
153,0.7438887357711792,0.262111634016037,0.9609375,1.42354154586792,1.510306477546692,1.562669038772583,2.3847005367279053,0.15007245540618896,0,True
154,0.7243674993515015,0.28209230303764343,0.9609375,1.391782522201538,1.4941294193267822,1.5439131259918213,2.3196260929107666,0.15797656774520874,0,True
155,0.7165473699569702,0.28974464535713196,0.9609375,1.4316251277923584,1.5347061157226562,1.586453914642334,2.8569071292877197,0.13587698340415955,0,True
156,0.7209897041320801,0.2852170765399933,0.9609375,1.4593970775604248,1.591214895248413,1.6451613903045654,2.5671684741973877,0.14702743291854858,0,True
157,0.7227229475975037,0.2805282473564148,0.9609375,1.4552534818649292,1.5883421897888184,1.6425528526306152,2.8338794708251953,0.1331791877746582,0,True
158,0.7316641807556152,0.274621844291687,0.9609375,1.445993423461914,1.6010184288024902,1.654787302017212,2.5352180004119873,0.12144039571285248,0,True
159,0.716650664806366,0.29204994440078735,0.9609375,1.385331153869629,1.5454097986221313,1.5958683490753174,2.65222430229187,0.15089631080627441,0,True
160,0.7073112726211548,0.29501578211784363,0.9609375,1.365317940711975,1.5223784446716309,1.5706186294555664,2.284478187561035,0.12203866243362427,0,True
161,0.7204465866088867,0.28636693954467773,0.9609375,1.4099905490875244,1.5146232843399048,1.5653537511825562,2.690195083618164,0.14099493622779846,0,True
162,0.7283996939659119,0.275057852268219,0.9609375,1.4253044128417969,1.507840633392334,1.5585496425628662,2.5184359550476074,0.12750007212162018,1,True
163,0.7401762008666992,0.2731021046638489,0.953125,1.435835599899292,1.5233547687530518,1.5766041278839111,2.5923824310302734,0.14412015676498413,0,True
164,0.7327206134796143,0.26985979080200195,0.953125,1.4339702129364014,1.5408204793930054,1.5931779146194458,2.4010086059570312,0.1708281934261322,0,True
165,0.7567077875137329,0.24956649541854858,0.953125,1.450284481048584,1.575754165649414,1.6288793087005615,2.635160446166992,0.16484415531158447,0,True
166,0.7274184226989746,0.277668297290802,0.953125,1.4458558559417725,1.547325611114502,1.6005501747131348,2.6304938793182373,0.17217198014259338,0,True
167,0.7530606389045715,0.25219929218292236,0.953125,1.5104033946990967,1.6354875564575195,1.6925530433654785,2.6177632808685303,0.17641110718250275,0,True
168,0.7605655193328857,0.24997439980506897,0.953125,1.4769034385681152,1.5665159225463867,1.6217117309570312,2.611527919769287,0.15762081742286682,0,True
169,0.7549424171447754,0.2533165216445923,0.953125,1.3816297054290771,1.5302715301513672,1.579608678817749,2.560606002807617,0.13714143633842468,0,True
170,0.7367355823516846,0.26996928453445435,0.953125,1.3391419649124146,1.4869577884674072,1.5353282690048218,2.541389226913452,0.12722575664520264,0,True
171,0.7536821365356445,0.25174498558044434,0.953125,1.405074119567871,1.5192396640777588,1.5701727867126465,2.5025603771209717,0.12939730286598206,0,True
172,0.7692792415618896,0.23571430146694183,0.953125,1.4327565431594849,1.5006401538848877,1.5535387992858887,2.6066291332244873,0.14126792550086975,0,True
173,0.7692027688026428,0.23826180398464203,0.953125,1.4367806911468506,1.4988468885421753,1.5518468618392944,2.329957962036133,0.1277187317609787,0,True
174,0.7565744519233704,0.25005581974983215,0.953125,1.429606318473816,1.5085222721099854,1.560713768005371,2.63175892829895,0.12654343247413635,0,True
175,0.7613968849182129,0.2428823560476303,0.953125,1.4073419570922852,1.530310869216919,1.5817418098449707,2.596766710281372,0.12044019252061844,0,True
176,0.7297025918960571,0.27431005239486694,0.953125,1.4023563861846924,1.5112254619598389,1.5618681907653809,2.508955955505371,0.12541310489177704,0,True
177,0.7460821866989136,0.257406622171402,0.953125,1.4723342657089233,1.6455233097076416,1.7006616592407227,2.537492513656616,0.11956161260604858,0,True
178,0.7719645500183105,0.23738539218902588,0.953125,1.5053410530090332,1.6187195777893066,1.6766674518585205,2.6155881881713867,0.12933960556983948,0,True
179,0.73630291223526,0.26692795753479004,0.953125,1.3919955492019653,1.5487323999404907,1.59952974319458,2.4387283325195312,0.15222042798995972,0,True
180,0.7446011900901794,0.2624865472316742,0.953125,1.3797318935394287,1.5724670886993408,1.622934341430664,2.6126394271850586,0.12347370386123657,0,True
181,0.7246034145355225,0.2825338840484619,0.953125,1.3811883926391602,1.491131067276001,1.5407177209854126,2.5264837741851807,0.1408325731754303,0,True
182,0.7298310995101929,0.27834147214889526,0.953125,1.4265573024749756,1.5242712497711182,1.5764002799987793,2.48083233833313,0.13669134676456451,0,True
183,0.7267731428146362,0.28131556510925293,0.96875,1.4542243480682373,1.5015599727630615,1.5553178787231445,2.6076815128326416,0.15304847061634064,0,True
184,0.7298847436904907,0.27594229578971863,0.96875,1.4266562461853027,1.532979965209961,1.5845942497253418,2.7583277225494385,0.12930598855018616,0,True
185,0.7171287536621094,0.29176580905914307,0.96875,1.3944754600524902,1.5249247550964355,1.5758520364761353,2.5080878734588623,0.1295834481716156,0,True
186,0.7187318801879883,0.2879836857318878,0.96875,1.4290573596954346,1.5534902811050415,1.6061761379241943,2.655045986175537,0.11364619433879852,0,True
187,0.732225775718689,0.2764151096343994,0.96875,1.451829433441162,1.588366985321045,1.6429957151412964,2.5311152935028076,0.12564203143119812,0,True
188,0.7394474744796753,0.26788944005966187,0.96875,1.4835044145584106,1.6122589111328125,1.6685465574264526,2.6457767486572266,0.13806872069835663,0,True
189,0.7532464265823364,0.25174587965011597,0.96875,1.4545927047729492,1.5974173545837402,1.652010202407837,2.6429531574249268,0.13240447640419006,0,True
190,0.7358720302581787,0.2664349675178528,0.96875,1.3526904582977295,1.5086416006088257,1.5568825006484985,2.3654608726501465,0.1302661895751953,0,True
191,0.7472445368766785,0.2547612190246582,0.96875,1.3764269351959229,1.5294666290283203,1.5795488357543945,2.5603599548339844,0.11541225761175156,0,True
192,0.7634106874465942,0.2444695383310318,0.96875,1.4231774806976318,1.4923497438430786,1.5448930263519287,2.451921224594116,0.12961310148239136,0,True
193,0.7714687585830688,0.23267677426338196,0.96875,1.4497615098953247,1.4937245845794678,1.546879768371582,2.688636541366577,0.11339204013347626,0,True
194,0.7563884258270264,0.24676451086997986,0.9765625,1.4118480682373047,1.4742544889450073,1.5253040790557861,2.4358527660369873,0.13202211260795593,0,True
195,0.7332406044006348,0.2700624167919159,0.9765625,1.4096609354019165,1.5346535444259644,1.5852305889129639,2.4329233169555664,0.1278596669435501,0,True
196,0.7395467162132263,0.2696532607078552,0.9765625,1.4835355281829834,1.5994186401367188,1.6552863121032715,2.567363739013672,0.13817769289016724,0,True
197,0.7530091404914856,0.2518264651298523,0.9765625,1.4872853755950928,1.6238515377044678,1.6800752878189087,2.4744083881378174,0.1261666715145111,0,True
198,0.7550481557846069,0.2517738342285156,0.9765625,1.439512848854065,1.5876381397247314,1.6418379545211792,2.6330695152282715,0.1326836198568344,0,True
199,0.7611569762229919,0.24281567335128784,0.9765625,1.4061154127120972,1.5835118293762207,1.635328769683838,2.745055913925171,0.12400482594966888,0,True
200,0.7478187084197998,0.2533642649650574,0.9765625,1.3698179721832275,1.5276987552642822,1.57724928855896,2.4510176181793213,0.12676408886909485,0,True
201,0.754180908203125,0.24786140024662018,0.9765625,1.3972015380859375,1.5430501699447632,1.5934863090515137,2.5693178176879883,0.13633525371551514,0,True
202,0.7433232069015503,0.261771023273468,0.9765625,1.4103702306747437,1.4872552156448364,1.5380736589431763,2.709563970565796,0.13329556584358215,0,True
203,0.747611939907074,0.25700023770332336,0.9765625,1.4109885692596436,1.5090628862380981,1.5605825185775757,2.663670063018799,0.1371089369058609,0,True
204,0.7465998530387878,0.2547324299812317,0.9765625,1.4309086799621582,1.533868670463562,1.5867729187011719,2.4723517894744873,0.13460010290145874,0,True
205,0.7546110153198242,0.24679601192474365,0.9765625,1.437628149986267,1.558753490447998,1.6121200323104858,2.463254690170288,0.12346668541431427,0,True
206,0.7470337748527527,0.2540366053581238,0.9765625,1.417668342590332,1.5216413736343384,1.5727529525756836,2.504434108734131,0.13000091910362244,0,True
207,0.7568399906158447,0.2451743483543396,0.9765625,1.4264018535614014,1.5536824464797974,1.6055989265441895,2.6590397357940674,0.14435403048992157,0,True
208,0.7518168091773987,0.25639262795448303,0.9765625,1.416229248046875,1.5630226135253906,1.6150765419006348,2.5368168354034424,0.1276882439851761,0,True
209,0.7686339616775513,0.23682337999343872,0.9765625,1.433314561843872,1.6124260425567627,1.666245937347412,2.541969060897827,0.12261103093624115,0,True
210,0.7683728933334351,0.23703502118587494,0.9765625,1.4304934740066528,1.561111569404602,1.6143667697906494,2.4821248054504395,0.1419956088066101,0,True
211,0.7619271278381348,0.24347136914730072,0.9765625,1.3723812103271484,1.5299829244613647,1.5791040658950806,2.361340045928955,0.14253731071949005,0,True
212,0.7420926094055176,0.2651762068271637,0.9765625,1.3839845657348633,1.4908380508422852,1.5394742488861084,2.5658628940582275,0.12330906093120575,0,True
213,0.7471768856048584,0.25847673416137695,0.9765625,1.4072185754776,1.5440229177474976,1.595290184020996,2.6645615100860596,0.13494080305099487,0,True
214,0.7506100535392761,0.2561308741569519,0.9765625,1.4317188262939453,1.5326138734817505,1.585652470588684,2.5558395385742188,0.13784262537956238,0,True
215,0.7495118379592896,0.252087265253067,0.9765625,1.4187660217285156,1.5466728210449219,1.5998506546020508,2.5039327144622803,0.1362854540348053,0,True
216,0.7607935667037964,0.2416459321975708,0.9765625,1.4389264583587646,1.553939938545227,1.607846975326538,2.4234631061553955,0.14056609570980072,0,True
217,0.7416208982467651,0.26132136583328247,0.9765625,1.4096424579620361,1.529017448425293,1.5801085233688354,2.625746250152588,0.15252342820167542,0,True
218,0.7670894861221313,0.2352256178855896,0.9765625,1.435539722442627,1.5726900100708008,1.6249390840530396,2.466543436050415,0.12147060036659241,0,True
219,0.7515223026275635,0.2536524832248688,0.9765625,1.4267293214797974,1.5228413343429565,1.5742461681365967,2.5979416370391846,0.14160175621509552,0,True
220,0.7582974433898926,0.249252587556839,0.984375,1.4329633712768555,1.5658304691314697,1.6184272766113281,2.500720262527466,0.14061301946640015,0,True
221,0.7584480047225952,0.24689845740795135,0.984375,1.4358694553375244,1.5557420253753662,1.6085985898971558,2.6509101390838623,0.1293264925479889,0,True
222,0.7530490159988403,0.2498791664838791,0.984375,1.4226458072662354,1.5640549659729004,1.6151182651519775,2.3337974548339844,0.13318227231502533,0,True
223,0.7640149593353271,0.2400352954864502,0.984375,1.4311730861663818,1.5828205347061157,1.635622501373291,2.4985692501068115,0.13631267845630646,0,True
224,0.7519342303276062,0.2516424059867859,0.984375,1.4190614223480225,1.5599896907806396,1.6117665767669678,2.346076011657715,0.13828900456428528,0,True
225,0.7545698881149292,0.2476608157157898,0.984375,1.4183688163757324,1.5735535621643066,1.625667691230774,2.4499194622039795,0.12868784368038177,0,True
226,0.7491185069084167,0.2515239417552948,0.984375,1.4248234033584595,1.5769155025482178,1.6295413970947266,2.420316219329834,0.13159146904945374,0,True
227,0.7421815395355225,0.2600739002227783,0.984375,1.407691240310669,1.5551923513412476,1.6062453985214233,2.5338809490203857,0.12629078328609467,0,True
228,0.7423068881034851,0.26074936985969543,0.984375,1.4217431545257568,1.5475547313690186,1.5990921258926392,2.546309232711792,0.1442447453737259,0,True
229,0.7433857917785645,0.2603153586387634,0.984375,1.3783340454101562,1.4954838752746582,1.543976068496704,2.798612594604492,0.13175231218338013,0,True
230,0.7411465048789978,0.26150673627853394,0.984375,1.3865548372268677,1.5131994485855103,1.5635172128677368,2.5898945331573486,0.13239321112632751,0,True
231,0.7477214336395264,0.25732773542404175,0.984375,1.4429349899291992,1.5476276874542236,1.6008291244506836,2.582345724105835,0.13481557369232178,0,True
232,0.7534748315811157,0.24801892042160034,0.984375,1.4261744022369385,1.5405282974243164,1.5929296016693115,2.4578452110290527,0.1501457840204239,0,True
233,0.7440241575241089,0.25682753324508667,0.984375,1.4195125102996826,1.5655490159988403,1.618086814880371,2.5634396076202393,0.15090155601501465,0,True
234,0.7668102979660034,0.23648282885551453,0.984375,1.4705848693847656,1.6239163875579834,1.6787703037261963,2.517704486846924,0.12664906680583954,0,True
235,0.7488846182823181,0.2566543221473694,0.984375,1.4117825031280518,1.5434715747833252,1.5954415798187256,2.594402313232422,0.14742989838123322,0,True
236,0.7511205077171326,0.25590646266937256,0.984375,1.4187064170837402,1.574605941772461,1.6267800331115723,2.4979987144470215,0.13359159231185913,0,True
237,0.7589347958564758,0.2507281005382538,1.0,1.4237111806869507,1.5611240863800049,1.6137267351150513,2.5409226417541504,0.1342238187789917,0,True
238,0.754867672920227,0.2523566484451294,1.0,1.4271745681762695,1.534551739692688,1.587177038192749,2.5100998878479004,0.1293458342552185,0,True
239,0.7247105836868286,0.27862048149108887,1.0,1.3803985118865967,1.50382399559021,1.5526913404464722,2.586036205291748,0.14722053706645966,0,True
240,0.7442770004272461,0.26342546939849854,1.0,1.4244909286499023,1.5528202056884766,1.6049165725708008,2.5420708656311035,0.12023783475160599,0,True
241,0.7520617246627808,0.25424879789352417,1.0,1.4431893825531006,1.5493613481521606,1.6024771928787231,2.6490631103515625,0.14818349480628967,0,True
242,0.7242594957351685,0.2785598635673523,1.0,1.3895130157470703,1.522491455078125,1.572709560394287,2.639413833618164,0.1511901319026947,0,True
243,0.7480525970458984,0.25778377056121826,1.0,1.434114933013916,1.5906484127044678,1.643240213394165,2.5059776306152344,0.13355471193790436,0,True
244,0.7518421411514282,0.2525171637535095,1.0,1.4297397136688232,1.5576132535934448,1.6100037097930908,2.3966987133026123,0.13377797603607178,0,True
245,0.7516258955001831,0.25510770082473755,1.0,1.4190917015075684,1.577237844467163,1.629645586013794,2.623047351837158,0.12485850602388382,0,True
246,0.7677358984947205,0.24003814160823822,1.0,1.4350569248199463,1.5945566892623901,1.6476876735687256,2.61728835105896,0.12956826388835907,0,True
247,0.7589691281318665,0.24891121685504913,1.0,1.418877363204956,1.5390489101409912,1.5901857614517212,2.2281394004821777,0.13007912039756775,0,True
248,0.75974440574646,0.24770212173461914,1.0,1.4147318601608276,1.5550198554992676,1.605974793434143,2.555764675140381,0.1352481096982956,0,True
249,0.771033525466919,0.23769912123680115,1.0,1.4227516651153564,1.5215678215026855,1.5723063945770264,2.305861234664917,0.1333388090133667,0,True
250,0.7567533254623413,0.25074636936187744,1.0,1.4402716159820557,1.5130997896194458,1.5646989345550537,2.590939521789551,0.13380345702171326,0,True
251,0.7496218681335449,0.25757959485054016,1.0,1.4330565929412842,1.534894347190857,1.5869545936584473,2.4512646198272705,0.12318426370620728,0,True
252,0.7536369562149048,0.25256091356277466,1.0,1.4587775468826294,1.568718671798706,1.6231391429901123,2.467315673828125,0.12971875071525574,0,True
253,0.7468489408493042,0.2646865248680115,1.0,1.4257028102874756,1.56355881690979,1.616115689277649,2.6350138187408447,0.13266430795192719,0,True
254,0.7551164627075195,0.2542707622051239,1.0,1.432316780090332,1.598902940750122,1.6521716117858887,2.3908333778381348,0.14849141240119934,0,True
255,0.7508219480514526,0.25386252999305725,1.0,1.4308644533157349,1.5727612972259521,1.6266663074493408,2.6519274711608887,0.15079417824745178,0,True
256,0.7556493282318115,0.2507728338241577,1.0,1.4352214336395264,1.5740735530853271,1.6268688440322876,2.5729117393493652,0.13312280178070068,0,True
257,0.7454907298088074,0.25959038734436035,1.0,1.4009244441986084,1.520498275756836,1.5710220336914062,2.4706873893737793,0.1409764587879181,0,True
258,0.7481467723846436,0.259045273065567,1.0,1.426426887512207,1.5307927131652832,1.5829484462738037,2.688275098800659,0.15379652380943298,0,True
259,0.7353681921958923,0.2689911127090454,1.0,1.394551396369934,1.5074896812438965,1.5574817657470703,2.646672010421753,0.15518738329410553,0,True
260,0.738537609577179,0.267740398645401,1.0,1.4535168409347534,1.5685007572174072,1.6219165325164795,2.578061103820801,0.1363825798034668,0,True
261,0.7504501342773438,0.25659775733947754,1.0,1.4800797700881958,1.5862817764282227,1.6421728134155273,2.555628538131714,0.14417427778244019,0,True
262,0.7564271688461304,0.248792827129364,1.0,1.4351816177368164,1.571354627609253,1.6243295669555664,2.540278434753418,0.144878089427948,0,True
263,0.741153359413147,0.26297011971473694,1.0,1.37099289894104,1.5649795532226562,1.6153651475906372,2.481599807739258,0.12750506401062012,0,True
264,0.7423923015594482,0.2699395418167114,1.0,1.4116427898406982,1.5738424062728882,1.625295639038086,2.52921986579895,0.1331387162208557,0,True
265,0.7514157295227051,0.26617807149887085,1.0,1.4486554861068726,1.569878339767456,1.623481273651123,2.6424789428710938,0.11579634249210358,0,True
266,0.7495401501655579,0.25940364599227905,1.0,1.4313145875930786,1.5538442134857178,1.6067166328430176,2.465301752090454,0.11832909286022186,0,True
267,0.7446068525314331,0.26396846771240234,1.0,1.4073200225830078,1.5204198360443115,1.5713379383087158,2.5286505222320557,0.12827016413211823,0,True
268,0.7489769458770752,0.2577022910118103,1.0,1.408088207244873,1.5251656770706177,1.5768530368804932,2.421919345855713,0.12818250060081482,0,True
269,0.7493327856063843,0.2584388256072998,1.0,1.4081417322158813,1.5034228563308716,1.554598331451416,2.4937098026275635,0.13302184641361237,0,True
270,0.7597667574882507,0.2528800070285797,1.0,1.4407676458358765,1.5351407527923584,1.5882699489593506,2.431229829788208,0.1295793205499649,0,True
271,0.7902371883392334,0.2244374006986618,1.0,1.4822653532028198,1.5718324184417725,1.6280750036239624,2.7358646392822266,0.13489165902137756,0,True
272,0.7596837282180786,0.2489868551492691,1.0,1.413750171661377,1.5128891468048096,1.5652295351028442,2.1891233921051025,0.1446661353111267,0,True
273,0.7671160697937012,0.2376265525817871,1.0,1.450494408607483,1.6062250137329102,1.659743070602417,2.551121473312378,0.15038910508155823,0,True
274,0.7823662757873535,0.22217902541160583,1.0,1.4414689540863037,1.5687310695648193,1.621848702430725,2.2882118225097656,0.1391115039587021,0,True
275,0.7753329277038574,0.23018741607666016,1.0,1.4095048904418945,1.5214875936508179,1.5726337432861328,2.6531248092651367,0.12741529941558838,0,True
276,0.7699534296989441,0.23170262575149536,1.0,1.4277327060699463,1.5562145709991455,1.6086342334747314,2.37267804145813,0.14064206182956696,0,True
277,0.7798556089401245,0.22400397062301636,1.0,1.4601943492889404,1.5717438459396362,1.625995397567749,2.7301008701324463,0.13881388306617737,0,True
278,0.7615359425544739,0.24247270822525024,1.0,1.3912453651428223,1.513800859451294,1.5635581016540527,2.4574906826019287,0.14948365092277527,0,True
279,0.7563347816467285,0.24756298959255219,1.0,1.3894271850585938,1.5225369930267334,1.5722401142120361,2.305199384689331,0.14013414084911346,0,True
280,0.7653440237045288,0.24991145730018616,1.0,1.4365702867507935,1.5652339458465576,1.61836576461792,2.7033071517944336,0.11985230445861816,0,True
281,0.7575013041496277,0.2478122115135193,1.0,1.4355424642562866,1.5468003749847412,1.5999987125396729,2.6840076446533203,0.15072041749954224,0,True
282,0.770492672920227,0.2339891493320465,1.0,1.4461719989776611,1.5838727951049805,1.6380462646484375,2.5938215255737305,0.1355437934398651,0,True
283,0.7652906179428101,0.2366771399974823,1.0,1.415140151977539,1.576702356338501,1.6289496421813965,2.528601884841919,0.13694021105766296,0,True
284,0.7660242319107056,0.23779356479644775,1.0,1.4464054107666016,1.5896590948104858,1.6431028842926025,2.5057296752929688,0.13815709948539734,0,True
285,0.7618876695632935,0.2397032380104065,1.0,1.4104913473129272,1.5649223327636719,1.6162563562393188,2.5274405479431152,0.12723636627197266,0,True
286,0.7766896486282349,0.22648513317108154,1.0,1.4122183322906494,1.5267298221588135,1.5779945850372314,2.632809638977051,0.14126048982143402,0,True
287,0.7744047045707703,0.2321077287197113,1.0,1.414170742034912,1.5228362083435059,1.5744678974151611,2.373962879180908,0.1461259126663208,0,True
288,0.7661566138267517,0.24171943962574005,1.0,1.411072015762329,1.5430405139923096,1.5946354866027832,2.5632660388946533,0.12791411578655243,0,True
289,0.7606636881828308,0.24527797102928162,1.0,1.4392704963684082,1.5444326400756836,1.5970268249511719,2.6662089824676514,0.14627423882484436,0,True
290,0.7731659412384033,0.23129168152809143,1.0,1.4593627452850342,1.5795449018478394,1.6343685388565063,2.386965274810791,0.14843499660491943,0,True
291,0.7850340604782104,0.22185766696929932,1.0,1.4184983968734741,1.551900029182434,1.6047115325927734,2.486959218978882,0.1315775364637375,0,True
292,0.779104471206665,0.22711046040058136,1.0,1.3987118005752563,1.5374627113342285,1.5880329608917236,2.548513650894165,0.13379430770874023,0,True
293,0.7623145580291748,0.24649867415428162,1.0,1.401057243347168,1.5188560485839844,1.5691436529159546,2.6099205017089844,0.14783135056495667,0,True
294,0.7554914355278015,0.2473459094762802,1.0,1.4459474086761475,1.566075086593628,1.6195182800292969,2.5482869148254395,0.14053404331207275,0,True
295,0.764609158039093,0.24043387174606323,1.0,1.4427318572998047,1.5497684478759766,1.6037005186080933,2.5392279624938965,0.15722157061100006,0,True
296,0.7610827684402466,0.24527695775032043,1.0,1.4285773038864136,1.539935827255249,1.5931031703948975,2.6387574672698975,0.12786054611206055,0,True
297,0.7559223771095276,0.24635092914104462,1.0,1.3856719732284546,1.5231939554214478,1.5732033252716064,2.702418565750122,0.1326187252998352,0,True
298,0.7404022216796875,0.2627544403076172,1.0,1.3999123573303223,1.5377269983291626,1.5889980792999268,2.536384105682373,0.1386583149433136,0,True
299,0.7547347545623779,0.2483450025320053,1.0,1.4504528045654297,1.5654516220092773,1.6190255880355835,2.5931437015533447,0.13887695968151093,0,True
300,0.743844747543335,0.2591015100479126,1.0,1.435633659362793,1.526986002922058,1.5800657272338867,2.527082920074463,0.13533248007297516,0,True
301,0.750890851020813,0.2538570463657379,1.0,1.435981035232544,1.5743062496185303,1.6276021003723145,2.6122350692749023,0.14390544593334198,0,True
302,0.7382435202598572,0.2668437957763672,1.0,1.421492576599121,1.557279348373413,1.6094448566436768,2.393245220184326,0.12814833223819733,0,True
303,0.7592189311981201,0.24652014672756195,1.0,1.4459221363067627,1.588862419128418,1.6423804759979248,2.6320855617523193,0.1390921175479889,0,True
304,0.7444522380828857,0.2612074613571167,1.0,1.40994393825531,1.5351567268371582,1.5870428085327148,2.6563880443573,0.12477266043424606,0,True
305,0.7586359977722168,0.24453231692314148,1.0,1.4292688369750977,1.578975796699524,1.6320115327835083,2.420137643814087,0.1256435364484787,0,True
306,0.7385028600692749,0.26239871978759766,1.0,1.3968005180358887,1.5032457113265991,1.5541040897369385,2.524930000305176,0.12691904604434967,0,True
307,0.7532575130462646,0.25338050723075867,1.0,1.4138133525848389,1.5547449588775635,1.606384515762329,2.5922932624816895,0.11602897942066193,0,True
308,0.7619991898536682,0.24840562045574188,1.0,1.429108738899231,1.5286800861358643,1.5814223289489746,2.729036569595337,0.12487149238586426,0,True
309,0.7671581506729126,0.24141785502433777,1.0,1.433298110961914,1.5410106182098389,1.5933740139007568,2.590740442276001,0.11814939975738525,0,True
310,0.7694834470748901,0.2372063249349594,1.0,1.435191035270691,1.540083646774292,1.5932550430297852,2.5372495651245117,0.11860961467027664,0,True
311,0.7564210891723633,0.2508266568183899,1.0,1.4322881698608398,1.556254506111145,1.6089260578155518,2.562678575515747,0.12468932569026947,0,True
312,0.7691445350646973,0.23724956810474396,1.0,1.4520153999328613,1.6015493869781494,1.6554169654846191,2.538414716720581,0.1241547167301178,0,True
313,0.764241099357605,0.244811549782753,1.0,1.4570353031158447,1.5744616985321045,1.6283750534057617,2.708954334259033,0.13883639872074127,0,True
314,0.771692156791687,0.236436128616333,1.0,1.4225233793258667,1.585260272026062,1.6369155645370483,2.677936553955078,0.12522433698177338,0,True
315,0.7696003317832947,0.23751507699489594,1.0,1.4121496677398682,1.5283312797546387,1.5793917179107666,2.6190621852874756,0.12789207696914673,0,True
316,0.7649044990539551,0.23973730206489563,1.0,1.3852322101593018,1.5245370864868164,1.5746119022369385,2.4187214374542236,0.12807583808898926,0,True
317,0.7608806490898132,0.24556925892829895,1.0,1.4025096893310547,1.527010440826416,1.5780012607574463,2.7016026973724365,0.12992851436138153,0,True
318,0.7588146924972534,0.24510124325752258,1.0,1.4021265506744385,1.538459300994873,1.5896341800689697,2.3082621097564697,0.13682438433170319,0,True
319,0.7705631852149963,0.23826023936271667,1.0,1.4330368041992188,1.557011365890503,1.6103088855743408,2.5983800888061523,0.12355996668338776,0,True
320,0.7552014589309692,0.2503727078437805,1.0,1.4168550968170166,1.546532154083252,1.5989173650741577,2.5345094203948975,0.1380811631679535,0,True
321,0.7735303640365601,0.2326894998550415,1.0,1.4511895179748535,1.5949037075042725,1.648209571838379,2.470360040664673,0.12479375302791595,0,True
322,0.7649641633033752,0.24177196621894836,1.0,1.4096102714538574,1.525406837463379,1.5762945413589478,2.348477363586426,0.14633378386497498,0,True
323,0.766851544380188,0.2395913004875183,1.0,1.4252805709838867,1.5644986629486084,1.6160653829574585,2.4923555850982666,0.14348965883255005,0,True
324,0.7853009700775146,0.2255650907754898,1.0,1.4883652925491333,1.5900605916976929,1.6453399658203125,2.7548489570617676,0.13923414051532745,0,True
325,0.7784216403961182,0.22890758514404297,1.0,1.4414786100387573,1.5298923254013062,1.582642912864685,2.658365488052368,0.13058049976825714,0,True
326,0.7762149572372437,0.22769854962825775,1.0,1.4092798233032227,1.5513195991516113,1.602726936340332,2.6282880306243896,0.13082833588123322,0,True
327,0.7774556279182434,0.22647957503795624,1.0,1.3940924406051636,1.5043106079101562,1.5545628070831299,2.2135653495788574,0.13406507670879364,0,True
328,0.7661784291267395,0.23677244782447815,1.0,1.3805632591247559,1.4935104846954346,1.542560338973999,2.622426986694336,0.14138083159923553,0,True
329,0.7671681046485901,0.2406008392572403,1.0,1.4294389486312866,1.5364488363265991,1.5882896184921265,2.5854790210723877,0.13874781131744385,0,True
330,0.7826076745986938,0.22756680846214294,1.0,1.4662116765975952,1.574711561203003,1.6290278434753418,2.6227991580963135,0.13259047269821167,0,True
331,0.7806306481361389,0.22960373759269714,1.0,1.4685249328613281,1.568259358406067,1.6224569082260132,2.6194381713867188,0.12672370672225952,0,True
332,0.7772202491760254,0.22343584895133972,1.0,1.4205539226531982,1.5820339918136597,1.634157419204712,2.638047695159912,0.12696543335914612,0,True
333,0.7858545780181885,0.22084277868270874,1.0,1.418959379196167,1.5534439086914062,1.6050018072128296,2.400604248046875,0.12338961660861969,0,True
334,0.7885046005249023,0.22842246294021606,1.0,1.4367170333862305,1.5508697032928467,1.603744626045227,2.8963608741760254,0.14001742005348206,0,True
335,0.7840181589126587,0.22852984070777893,1.0,1.4488831758499146,1.5335173606872559,1.5871323347091675,2.58357834815979,0.1554463803768158,0,True
336,0.7854927778244019,0.22251856327056885,1.0,1.4187448024749756,1.538285493850708,1.590278148651123,2.365861177444458,0.14348351955413818,0,True
337,0.7919803857803345,0.21470263600349426,1.0,1.4299458265304565,1.543503999710083,1.595935344696045,2.448422431945801,0.14843523502349854,0,True
338,0.7873624563217163,0.2166944444179535,1.0,1.383744478225708,1.522301197052002,1.572892665863037,2.361635684967041,0.15157493948936462,0,True
339,0.7649320363998413,0.2433844804763794,1.0,1.3875656127929688,1.5073106288909912,1.5567302703857422,2.7699244022369385,0.1347900927066803,0,True
340,0.7761325836181641,0.23587416112422943,1.0,1.4422410726547241,1.562187671661377,1.6143157482147217,2.6494088172912598,0.12625855207443237,0,True
341,0.7735260725021362,0.23235464096069336,1.0,1.4500586986541748,1.54217529296875,1.596132755279541,2.431208372116089,0.11819447576999664,0,True
342,0.76564621925354,0.2425057739019394,1.0,1.4324034452438354,1.5750024318695068,1.6282602548599243,2.4660778045654297,0.13086630403995514,0,True
343,0.775368332862854,0.2307654768228531,1.0,1.450354814529419,1.6184453964233398,1.6721901893615723,2.638904094696045,0.1204475462436676,0,True
344,0.7586014866828918,0.2579737901687622,1.0,1.4130825996398926,1.5514600276947021,1.6035394668579102,2.3461194038391113,0.15544456243515015,0,True
345,0.7673852443695068,0.24432848393917084,1.0,1.454604983329773,1.6154595613479614,1.6700098514556885,2.5935471057891846,0.14314967393875122,0,True
346,0.7752668857574463,0.2333737015724182,1.0,1.4137613773345947,1.5444011688232422,1.596796989440918,2.404600143432617,0.137672558426857,0,True
347,0.7745904922485352,0.2338692545890808,1.0,1.4180420637130737,1.53656804561615,1.5882577896118164,2.700808525085449,0.1333635449409485,0,True
348,0.7651261687278748,0.23727358877658844,1.0,1.3956795930862427,1.5058221817016602,1.5557568073272705,2.5686254501342773,0.1367032527923584,0,True
349,0.7589420080184937,0.2455635964870453,1.0,1.4030427932739258,1.5135769844055176,1.5638043880462646,2.486382246017456,0.1388716697692871,0,True
350,0.7703752517700195,0.23981529474258423,1.0,1.424283742904663,1.5426044464111328,1.5943572521209717,2.6051690578460693,0.14875008165836334,0,True
351,0.7725579738616943,0.24427765607833862,1.0,1.4487593173980713,1.5319879055023193,1.5845125913619995,2.5749776363372803,0.11949118971824646,0,True
352,0.766477644443512,0.24038934707641602,1.0,1.4115633964538574,1.5445530414581299,1.5964195728302002,2.5010900497436523,0.1360699087381363,0,True
353,0.746502697467804,0.2635436952114105,1.0,1.4131529331207275,1.5711133480072021,1.6235177516937256,2.603055238723755,0.14669328927993774,0,True
354,0.7675673365592957,0.24226613342761993,1.0,1.4539916515350342,1.6230933666229248,1.6774611473083496,2.5628161430358887,0.13599622249603271,0,True
355,0.7636501789093018,0.24545946717262268,1.0,1.4259107112884521,1.5602357387542725,1.6129109859466553,2.5513579845428467,0.13961268961429596,0,True
356,0.7690504789352417,0.2420700490474701,1.0,1.394609808921814,1.5582361221313477,1.6091299057006836,2.491804599761963,0.12794651091098785,0,True
357,0.7677737474441528,0.24158059060573578,1.0,1.3726308345794678,1.5145986080169678,1.5642699003219604,2.472379684448242,0.12757639586925507,0,True
358,0.7486217021942139,0.25740042328834534,1.0,1.3817790746688843,1.501790165901184,1.551729440689087,2.5296525955200195,0.154484361410141,0,True
359,0.7352895140647888,0.2687881588935852,1.0,1.3881213665008545,1.4813551902770996,1.5306378602981567,2.308328628540039,0.1420222669839859,0,True
360,0.7491210699081421,0.2578040659427643,1.0,1.4416217803955078,1.5166387557983398,1.5690431594848633,2.689243793487549,0.12147365510463715,0,True
361,0.7343176603317261,0.27640408277511597,1.0,1.4489597082138062,1.5017266273498535,1.554685354232788,2.450826406478882,0.1377074122428894,0,True
362,0.7347692251205444,0.2690371572971344,1.0,1.4617743492126465,1.5676923990249634,1.6222796440124512,2.6294007301330566,0.11915095895528793,0,True
363,0.746970534324646,0.25518637895584106,1.0,1.4682883024215698,1.6244336366653442,1.6804356575012207,2.6260669231414795,0.12934623658657074,0,True
364,0.7338837385177612,0.26900726556777954,1.0,1.446556568145752,1.6041316986083984,1.6583290100097656,2.4594106674194336,0.1370268166065216,0,True
365,0.7315880656242371,0.27108633518218994,1.0,1.4382739067077637,1.6129708290100098,1.6668379306793213,2.570551872253418,0.1388184279203415,0,True
366,0.7439071536064148,0.2588823437690735,1.0,1.4233657121658325,1.5820311307907104,1.6345899105072021,2.7231521606445312,0.12699729204177856,0,True
367,0.7304983139038086,0.2721555233001709,1.0,1.3803458213806152,1.519108533859253,1.5687626600265503,2.5281758308410645,0.12767115235328674,0,True
368,0.7158995866775513,0.2876474857330322,1.0,1.3574368953704834,1.4934160709381104,1.5419659614562988,2.513744831085205,0.11390145868062973,0,True
369,0.7259430885314941,0.27495795488357544,1.0,1.3941582441329956,1.5054538249969482,1.5548276901245117,2.4996068477630615,0.11427979916334152,0,True
370,0.7201225757598877,0.28127413988113403,1.0,1.402897834777832,1.4907257556915283,1.5412251949310303,2.57515549659729,0.1280147135257721,0,True
371,0.7274682521820068,0.2796816825866699,1.0,1.4549672603607178,1.5616921186447144,1.6151055097579956,2.5935027599334717,0.14045614004135132,0,True
372,0.7403284311294556,0.26898494362831116,1.0,1.467522144317627,1.5878294706344604,1.6422274112701416,2.481282949447632,0.13307364284992218,0,True
373,0.7362459897994995,0.27366262674331665,1.0,1.4488067626953125,1.5709465742111206,1.624884843826294,2.5491795539855957,0.1357557773590088,0,True
374,0.7311584949493408,0.27136892080307007,1.0,1.4189389944076538,1.580418348312378,1.6332762241363525,2.4771294593811035,0.1289408951997757,0,True
375,0.7514762878417969,0.2564244866371155,1.0,1.4576956033706665,1.605471134185791,1.6604551076889038,2.522108554840088,0.11974960565567017,0,True
376,0.7584195137023926,0.2494288980960846,1.0,1.4341766834259033,1.5637527704238892,1.6170809268951416,2.626054525375366,0.12453754991292953,0,True
377,0.7478810548782349,0.2539842426776886,1.0,1.3812925815582275,1.507388710975647,1.5569592714309692,2.5902364253997803,0.11653589457273483,0,True
378,0.7489205002784729,0.25348174571990967,1.0,1.3902082443237305,1.515845537185669,1.5651359558105469,2.6850059032440186,0.1250786930322647,0,True
379,0.7372369766235352,0.26581302285194397,1.0,1.3986445665359497,1.4700279235839844,1.5198068618774414,2.5459513664245605,0.11205906420946121,0,True
380,0.7254626154899597,0.27800267934799194,1.0,1.4103738069534302,1.5126526355743408,1.5642160177230835,2.5814311504364014,0.1273735761642456,0,True
381,0.7510459423065186,0.25993528962135315,1.0,1.4904921054840088,1.59050452709198,1.6461145877838135,2.681483268737793,0.12660649418830872,0,True
382,0.7532563209533691,0.2534463703632355,1.0,1.4794238805770874,1.579516053199768,1.6346004009246826,2.724961757659912,0.13410258293151855,0,True
383,0.734020471572876,0.26728999614715576,1.0,1.3930068016052246,1.5780391693115234,1.6291823387145996,2.5170645713806152,0.1412031203508377,0,True
384,0.7464883327484131,0.257218599319458,1.0,1.423816204071045,1.6233375072479248,1.6758779287338257,2.505641222000122,0.12698225677013397,0,True
385,0.7613668441772461,0.24447894096374512,1.0,1.4460549354553223,1.6065006256103516,1.6601126194000244,2.445018768310547,0.13670086860656738,0,True
386,0.7625728249549866,0.24178209900856018,1.0,1.4213230609893799,1.527786374092102,1.580280065536499,2.5654311180114746,0.1337304413318634,0,True
387,0.7604642510414124,0.24527651071548462,1.0,1.4212706089019775,1.509598970413208,1.5616960525512695,2.502678155899048,0.12973567843437195,0,True
388,0.763657808303833,0.2399151623249054,1.0,1.4118211269378662,1.5093801021575928,1.5602953433990479,2.4702656269073486,0.12871667742729187,0,True
389,0.7481321692466736,0.25335362553596497,1.0,1.3737913370132446,1.4741641283035278,1.5219271183013916,2.291776657104492,0.14877521991729736,0,True
390,0.7447268962860107,0.2584001421928406,1.0,1.4132819175720215,1.5036839246749878,1.5541131496429443,2.639921188354492,0.14334823191165924,0,True
391,0.7515403628349304,0.253845751285553,1.0,1.4838600158691406,1.57356858253479,1.6293835639953613,2.75944185256958,0.12334415316581726,0,True
392,0.7625263929367065,0.24705922603607178,1.0,1.5067787170410156,1.640493631362915,1.698320746421814,2.742926597595215,0.13619250059127808,0,True
393,0.7638157606124878,0.246295765042305,1.0,1.4615901708602905,1.6270439624786377,1.6824569702148438,2.4963462352752686,0.12723422050476074,0,True
394,0.7517341375350952,0.25497978925704956,1.0,1.4157602787017822,1.6063451766967773,1.6593104600906372,2.581732988357544,0.1367967128753662,0,True
395,0.7682204246520996,0.24013552069664001,1.0,1.405456304550171,1.61385178565979,1.665902853012085,2.5578272342681885,0.13364294171333313,0,True
396,0.7747143507003784,0.23051397502422333,1.0,1.3928539752960205,1.5137379169464111,1.5638858079910278,2.586245059967041,0.14429530501365662,0,True
397,0.7591329216957092,0.24692298471927643,1.0,1.3396450281143188,1.4543466567993164,1.5017644166946411,2.362501859664917,0.15637162327766418,0,True
398,0.7586878538131714,0.245799720287323,1.0,1.3881480693817139,1.4938275814056396,1.54320228099823,2.4061214923858643,0.13029900193214417,0,True
399,0.7552601099014282,0.24754129350185394,1.0,1.440434455871582,1.5197372436523438,1.5722522735595703,2.4412801265716553,0.129427969455719,0,True
400,0.7540616989135742,0.2519933581352234,1.0,1.4375276565551758,1.5296752452850342,1.5816891193389893,2.7205348014831543,0.14931178092956543,0,True
401,0.7640196681022644,0.24242165684700012,1.0,1.4667372703552246,1.583980679512024,1.6384551525115967,2.6988682746887207,0.152574360370636,0,True
402,0.7596547603607178,0.24690333008766174,1.0,1.452734351158142,1.5987777709960938,1.6526414155960083,2.5408616065979004,0.1427321434020996,0,True
403,0.770119845867157,0.2366216480731964,1.0,1.4537982940673828,1.619587779045105,1.6744048595428467,2.4927051067352295,0.13467997312545776,0,True
404,0.7605633735656738,0.24871879816055298,1.0,1.4179751873016357,1.5985792875289917,1.651329517364502,2.519486904144287,0.13491290807724,0,True
405,0.7715655565261841,0.23314860463142395,1.0,1.4455794095993042,1.617268681526184,1.6706485748291016,2.5472495555877686,0.12958833575248718,0,True
406,0.7750568389892578,0.23270510137081146,1.0,1.4117927551269531,1.5504696369171143,1.6020901203155518,2.5309412479400635,0.1279861032962799,0,True
407,0.7525366544723511,0.2558477520942688,1.0,1.3632229566574097,1.4749140739440918,1.5227994918823242,2.4564785957336426,0.12330722063779831,0,True
408,0.7547468543052673,0.2528408169746399,1.0,1.368982195854187,1.489432692527771,1.5379002094268799,2.41252064704895,0.12208975851535797,0,True
409,0.7570942640304565,0.24712350964546204,1.0,1.4303876161575317,1.5071911811828613,1.5589609146118164,2.58538818359375,0.14238376915454865,0,True
410,0.7659529447555542,0.24253685772418976,1.0,1.4583462476730347,1.5401692390441895,1.5941790342330933,2.3828163146972656,0.12962546944618225,0,True
411,0.7704461812973022,0.24499112367630005,1.0,1.4597440958023071,1.5569709539413452,1.6109561920166016,2.5345165729522705,0.12719157338142395,0,True
412,0.7732443809509277,0.23805120587348938,1.0,1.452636480331421,1.596713662147522,1.651197910308838,2.604313611984253,0.1207549199461937,0,True
413,0.7810297012329102,0.23414382338523865,1.0,1.432617425918579,1.580324649810791,1.6337162256240845,2.5829453468322754,0.14259043335914612,0,True
414,0.7800195813179016,0.2378551959991455,1.0,1.4257402420043945,1.591508388519287,1.644556999206543,2.5601577758789062,0.13010233640670776,0,True
415,0.7936487197875977,0.21747367084026337,1.0,1.4268279075622559,1.5840070247650146,1.6368181705474854,2.460648536682129,0.13805553317070007,0,True
416,0.7753996849060059,0.23957300186157227,1.0,1.3753482103347778,1.4734055995941162,1.521956205368042,2.5830254554748535,0.12972860038280487,0,True
417,0.7749933004379272,0.23526622354984283,1.0,1.421457290649414,1.5404579639434814,1.591538667678833,2.636855125427246,0.11534054577350616,0,True
418,0.7797797918319702,0.23387731611728668,1.0,1.4547317028045654,1.5356295108795166,1.5889925956726074,2.456467390060425,0.1332262009382248,0,True
419,0.7854073643684387,0.22636300325393677,1.0,1.4392995834350586,1.5250616073608398,1.5771961212158203,2.529723644256592,0.1423366665840149,0,True
420,0.7632807493209839,0.2511904835700989,1.0,1.3912345170974731,1.5078717470169067,1.5577216148376465,2.4266915321350098,0.1420629471540451,0,True
421,0.7630887627601624,0.24866816401481628,1.0,1.4521352052688599,1.5779833793640137,1.6305549144744873,2.5905210971832275,0.1248108372092247,0,True
422,0.7803873419761658,0.22995391488075256,1.0,1.4718151092529297,1.6040984392166138,1.6595927476882935,2.4763598442077637,0.1314803659915924,0,True
423,0.7694389820098877,0.24279822409152985,1.0,1.4502793550491333,1.5801305770874023,1.6346466541290283,2.545233726501465,0.15163244307041168,0,True
424,0.7697332501411438,0.24016907811164856,1.0,1.429288387298584,1.5949270725250244,1.647761583328247,2.528304100036621,0.1253049373626709,0,True
425,0.7664142847061157,0.24130135774612427,1.0,1.449310302734375,1.5733520984649658,1.6263216733932495,2.6015238761901855,0.13485687971115112,0,True
426,0.7861300110816956,0.22266171872615814,1.0,1.4263942241668701,1.558510661125183,1.6100709438323975,2.540789842605591,0.12737080454826355,0,True
427,0.7618346214294434,0.2445850372314453,1.0,1.3857749700546265,1.4861375093460083,1.5353543758392334,2.429443120956421,0.12580396234989166,0,True
428,0.7775651216506958,0.2390974760055542,1.0,1.4298396110534668,1.575401782989502,1.6280916929244995,2.571072578430176,0.11631996929645538,0,True
429,0.763312578201294,0.24932919442653656,1.0,1.437021017074585,1.5063045024871826,1.5586020946502686,2.6816070079803467,0.12678411602973938,0,True
430,0.7617868781089783,0.24616938829421997,1.0,1.4298757314682007,1.5744788646697998,1.627212643623352,2.4607176780700684,0.13314348459243774,0,True
431,0.7726106643676758,0.2446347177028656,1.0,1.4578052759170532,1.5828559398651123,1.6375926733016968,2.6455180644989014,0.1351693570613861,0,True
432,0.7731159925460815,0.24323275685310364,1.0,1.4630563259124756,1.5888491868972778,1.6432077884674072,2.5032854080200195,0.13378861546516418,0,True
433,0.7832145094871521,0.2290460616350174,1.0,1.4440356492996216,1.5921313762664795,1.646503210067749,2.4693658351898193,0.13912630081176758,0,True
434,0.7682820558547974,0.2427005022764206,1.0,1.4088623523712158,1.5296308994293213,1.5815328359603882,2.417510986328125,0.12786415219306946,0,True
435,0.7912057638168335,0.22318291664123535,1.0,1.4491479396820068,1.5907303094863892,1.6449028253555298,2.625101089477539,0.14436517655849457,0,True
436,0.7766307592391968,0.23142185807228088,1.0,1.3968501091003418,1.482909917831421,1.5330166816711426,2.6119446754455566,0.12749585509300232,0,True
437,0.774124264717102,0.23039701581001282,1.0,1.4073636531829834,1.5303839445114136,1.58145010471344,2.440001964569092,0.12583045661449432,0,True
438,0.7789342403411865,0.2268754094839096,1.0,1.4553413391113281,1.5281035900115967,1.5817395448684692,2.6252996921539307,0.11857566982507706,0,True
439,0.7767496109008789,0.2274719774723053,1.0,1.44138765335083,1.498652696609497,1.550741195678711,2.4433467388153076,0.13882037997245789,0,True
440,0.7598907947540283,0.2448338270187378,1.0,1.391563892364502,1.5022128820419312,1.5521798133850098,2.6948251724243164,0.13515514135360718,0,True
441,0.7793574333190918,0.2332441359758377,1.0,1.4538064002990723,1.6314553022384644,1.6859055757522583,2.7883830070495605,0.1302352398633957,0,True
442,0.7944967150688171,0.2183537632226944,1.0,1.4716277122497559,1.6026718616485596,1.6586649417877197,2.5294103622436523,0.12279634177684784,0,True
443,0.7868396639823914,0.22106751799583435,1.0,1.4169883728027344,1.5932812690734863,1.6467883586883545,2.756788730621338,0.12735803425312042,0,True
444,0.780695915222168,0.22353917360305786,1.0,1.3780250549316406,1.5493412017822266,1.5994744300842285,2.4442150592803955,0.12223215401172638,0,True
445,0.7861378192901611,0.2183011770248413,1.0,1.3949213027954102,1.5602800846099854,1.6116138696670532,2.5666539669036865,0.1122269332408905,0,True
446,0.7714310884475708,0.23035193979740143,1.0,1.3822705745697021,1.4589611291885376,1.5081101655960083,2.3914458751678467,0.14068329334259033,0,True
447,0.7622108459472656,0.2399674654006958,1.0,1.3773250579833984,1.4906727075576782,1.539654016494751,2.548168659210205,0.12735751271247864,0,True
448,0.7757468223571777,0.23285290598869324,1.0,1.4414875507354736,1.5023305416107178,1.5548508167266846,2.61094069480896,0.1188623309135437,0,True
449,0.7666929364204407,0.2377595454454422,1.0,1.4441723823547363,1.5182963609695435,1.5714664459228516,2.619492769241333,0.13162383437156677,0,True
450,0.7520129680633545,0.2513379454612732,1.0,1.4336752891540527,1.5652292966842651,1.6175594329833984,2.5796215534210205,0.14271855354309082,0,True
451,0.7617933750152588,0.2431890368461609,1.0,1.4563813209533691,1.638059139251709,1.6920585632324219,2.4676992893218994,0.13725674152374268,0,True
452,0.751968264579773,0.25341376662254333,1.0,1.4568467140197754,1.587613582611084,1.6422175168991089,2.6743338108062744,0.1471845805644989,0,True
453,0.7595500946044922,0.24378880858421326,1.0,1.4752912521362305,1.6570361852645874,1.7133156061172485,2.5711781978607178,0.14580832421779633,0,True
454,0.7737772464752197,0.2305174171924591,1.0,1.4531047344207764,1.6035553216934204,1.6580103635787964,2.5476739406585693,0.11959096789360046,0,True
455,0.7664822340011597,0.23905839025974274,1.0,1.3643237352371216,1.5268058776855469,1.5762327909469604,2.6608171463012695,0.11926935613155365,0,True
456,0.7524679899215698,0.2507222890853882,1.0,1.369399905204773,1.492559552192688,1.5414986610412598,2.4770090579986572,0.1406690925359726,0,True
457,0.7623707056045532,0.24291370809078217,1.0,1.408146858215332,1.500647783279419,1.551287055015564,2.60251522064209,0.12956702709197998,0,True
458,0.7670246958732605,0.23953281342983246,1.0,1.4177050590515137,1.495419979095459,1.546821117401123,2.472055196762085,0.12601886689662933,0,True
459,0.7622817158699036,0.24778825044631958,1.0,1.419396996498108,1.5080534219741821,1.55971097946167,2.5035665035247803,0.13294154405593872,0,True
460,0.7652938365936279,0.24055665731430054,1.0,1.4439096450805664,1.5794789791107178,1.6326897144317627,2.7049028873443604,0.13678574562072754,0,True
461,0.7730013132095337,0.23703059554100037,1.0,1.4582198858261108,1.6271088123321533,1.681406021118164,2.549913167953491,0.12671075761318207,0,True
462,0.785503089427948,0.2269037663936615,1.0,1.4745879173278809,1.6344833374023438,1.690432071685791,2.812394142150879,0.125021293759346,0,True
463,0.7905996441841125,0.22747790813446045,1.0,1.4461164474487305,1.6048429012298584,1.6593611240386963,2.6958813667297363,0.12953713536262512,0,True
464,0.7869018316268921,0.22296768426895142,1.0,1.4118572473526,1.6002063751220703,1.652182936668396,2.536811113357544,0.11827535927295685,0,True
465,0.7818268537521362,0.22557476162910461,1.0,1.3836517333984375,1.5255203247070312,1.5756340026855469,2.4548959732055664,0.12451503425836563,0,True
466,0.7602283954620361,0.2509247660636902,1.0,1.3674194812774658,1.4794052839279175,1.5277011394500732,2.578723430633545,0.13057391345500946,0,True
467,0.7606036067008972,0.24923297762870789,1.0,1.414245843887329,1.5030440092086792,1.554243564605713,2.402728796005249,0.1266845166683197,0,True
468,0.7691639065742493,0.2403891682624817,1.0,1.4387397766113281,1.4954510927200317,1.5479648113250732,2.437927484512329,0.1476801037788391,0,True
469,0.7491992712020874,0.2583557069301605,1.0,1.417846441268921,1.5260610580444336,1.5776903629302979,2.4539101123809814,0.14988040924072266,0,True
470,0.7631209492683411,0.24564388394355774,1.0,1.4540023803710938,1.625805377960205,1.6801114082336426,2.6551616191864014,0.10871465504169464,0,True
471,0.7534164190292358,0.25303804874420166,1.0,1.4560022354125977,1.6190241575241089,1.6732873916625977,2.691859483718872,0.13180257380008698,0,True
472,0.7434262037277222,0.2646072804927826,1.0,1.4166173934936523,1.6179779767990112,1.6707818508148193,2.517732620239258,0.12728498876094818,0,True
473,0.7460314035415649,0.26304781436920166,1.0,1.4267314672470093,1.5775786638259888,1.6303369998931885,2.6838395595550537,0.12296570092439651,0,True
474,0.7337660193443298,0.27202701568603516,1.0,1.4100528955459595,1.5520007610321045,1.6037898063659668,2.582056760787964,0.11210639774799347,0,True
475,0.7485954761505127,0.2540522813796997,1.0,1.3964297771453857,1.543760895729065,1.595196008682251,2.6038382053375244,0.11678025126457214,0,True
476,0.7434430718421936,0.2611730098724365,1.0,1.4016621112823486,1.5103636980056763,1.5609861612319946,2.6931042671203613,0.13261300325393677,0,True
477,0.7500537037849426,0.25396662950515747,1.0,1.392280101776123,1.4889662265777588,1.5386687517166138,2.469595193862915,0.13363303244113922,0,True
478,0.7406283617019653,0.26625627279281616,1.0,1.395237922668457,1.4761335849761963,1.525886058807373,2.494158983230591,0.13411501049995422,0,True
479,0.7643237113952637,0.24795067310333252,1.0,1.4792771339416504,1.5646913051605225,1.620103120803833,2.5566229820251465,0.1317727267742157,0,True
480,0.7616447806358337,0.2440180778503418,1.0,1.4745773077011108,1.5641506910324097,1.619571566581726,2.656350612640381,0.15893422067165375,0,True
481,0.7591018080711365,0.24636507034301758,1.0,1.4361937046051025,1.5894407033920288,1.6425896883010864,2.3744165897369385,0.14568041265010834,0,True
482,0.7724774479866028,0.23583000898361206,1.0,1.4610415697097778,1.630399227142334,1.6859652996063232,2.6632673740386963,0.1257924735546112,0,True
483,0.7961322069168091,0.2109220176935196,1.0,1.478794813156128,1.6290712356567383,1.6847600936889648,2.55141544342041,0.13547638058662415,0,True
484,0.7994565963745117,0.20721061527729034,1.0,1.4002599716186523,1.5558972358703613,1.6070328950881958,2.367211103439331,0.1291869878768921,0,True
485,0.7818386554718018,0.22209493815898895,1.0,1.386690616607666,1.5176701545715332,1.5675952434539795,2.5418574810028076,0.1286160796880722,0,True
486,0.7877992391586304,0.2188616693019867,1.0,1.4061301946640015,1.5132579803466797,1.5634301900863647,2.694007396697998,0.13281448185443878,0,True
487,0.773492693901062,0.22994916141033173,1.0,1.3929405212402344,1.4530595541000366,1.5025246143341064,2.496323823928833,0.12037715315818787,0,True
488,0.780877947807312,0.23104724287986755,1.0,1.400887131690979,1.50679612159729,1.55672025680542,2.504481315612793,0.11650137603282928,0,True
489,0.7689820528030396,0.23730157315731049,1.0,1.4413459300994873,1.5274782180786133,1.5805494785308838,2.5408570766448975,0.12840552628040314,0,True
490,0.7856651544570923,0.2229074239730835,1.0,1.4701340198516846,1.6054354906082153,1.6598371267318726,2.5603737831115723,0.12050153315067291,0,True
491,0.7757734060287476,0.23560866713523865,1.0,1.444434642791748,1.573451280593872,1.6265597343444824,2.750490665435791,0.12688671052455902,0,True
492,0.7780696749687195,0.2280184030532837,1.0,1.4434010982513428,1.6258111000061035,1.6795848608016968,2.535761594772339,0.14713172614574432,0,True
493,0.7878170013427734,0.22018525004386902,1.0,1.4554038047790527,1.613086223602295,1.668054461479187,2.7172598838806152,0.12947429716587067,0,True
494,0.7778809070587158,0.22939033806324005,1.0,1.4007049798965454,1.5498853921890259,1.601036548614502,2.479663133621216,0.13279306888580322,0,True
495,0.7734318375587463,0.23452797532081604,1.0,1.3813228607177734,1.5204737186431885,1.5703346729278564,2.4484102725982666,0.1322614699602127,0,True
496,0.78523188829422,0.22188618779182434,1.0,1.3831461668014526,1.5160973072052002,1.5651435852050781,2.5418903827667236,0.13390332460403442,0,True
497,0.7446082830429077,0.26240718364715576,1.0,1.3676398992538452,1.4386920928955078,1.486358880996704,2.694582939147949,0.1450786590576172,0,True
498,0.7706186771392822,0.23651933670043945,1.0,1.4460564851760864,1.5515990257263184,1.6039870977401733,2.56130051612854,0.15091156959533691,0,True
499,0.7762565016746521,0.2268141359090805,1.0,1.5023022890090942,1.5602447986602783,1.6170666217803955,2.5328242778778076,0.1522049456834793,0,True
500,0.7694404125213623,0.2416176050901413,1.0,1.4573383331298828,1.5918574333190918,1.6466269493103027,2.6352686882019043,0.15714490413665771,0,True
501,0.7546539306640625,0.2526661157608032,1.0,1.4225118160247803,1.6075007915496826,1.6602020263671875,2.654949903488159,0.14549754559993744,0,True
502,0.7682029008865356,0.23910120129585266,1.0,1.4526933431625366,1.6613812446594238,1.7157601118087769,2.553321123123169,0.11873113363981247,0,True
503,0.766628086566925,0.2440064549446106,1.0,1.4289379119873047,1.583420753479004,1.6362931728363037,2.8111624717712402,0.13195723295211792,0,True
504,0.7770775556564331,0.22923749685287476,1.0,1.4188144207000732,1.5779703855514526,1.6302692890167236,2.5232954025268555,0.12672579288482666,0,True
505,0.7679017782211304,0.24258559942245483,1.0,1.4022749662399292,1.4957643747329712,1.5468188524246216,2.812969446182251,0.11685410887002945,0,True
506,0.7812173366546631,0.2313876897096634,1.0,1.3939313888549805,1.5102189779281616,1.5604839324951172,2.5349342823028564,0.11628461629152298,0,True
507,0.7785071134567261,0.2313140630722046,1.0,1.38858163356781,1.4648598432540894,1.5149163007736206,2.461116313934326,0.12283441424369812,0,True
508,0.7668370604515076,0.24177449941635132,1.0,1.3993427753448486,1.4853973388671875,1.5346019268035889,2.5934228897094727,0.10656996071338654,0,True
509,0.7844372391700745,0.22295191884040833,1.0,1.4738984107971191,1.5547946691513062,1.6095882654190063,2.507276773452759,0.1298518031835556,0,True
510,0.7763915061950684,0.2320328652858734,1.0,1.4550631046295166,1.5492756366729736,1.6037626266479492,2.6919844150543213,0.12251973897218704,0,True
511,0.772835910320282,0.23503710329532623,1.0,1.4652009010314941,1.618916392326355,1.674581527709961,2.4857466220855713,0.12888994812965393,0,True
512,0.7860445976257324,0.22090229392051697,1.0,1.468324065208435,1.6464464664459229,1.7024003267288208,2.5964136123657227,0.13071370124816895,0,True
513,0.7832871675491333,0.22227242588996887,1.0,1.421079158782959,1.5948933362960815,1.6480804681777954,2.4892075061798096,0.1363651007413864,0,True
514,0.7835537195205688,0.22008439898490906,1.0,1.3795969486236572,1.53706693649292,1.587099552154541,2.5218558311462402,0.13063105940818787,0,True
515,0.7636876702308655,0.2406831830739975,1.0,1.3651694059371948,1.4754571914672852,1.5241693258285522,2.527552366256714,0.12669700384140015,0,True
516,0.7761008739471436,0.23244071006774902,1.0,1.4312975406646729,1.5091140270233154,1.5604476928710938,2.564239501953125,0.11058095097541809,0,True
517,0.7736170291900635,0.23450352251529694,1.0,1.4645237922668457,1.5067355632781982,1.5600864887237549,2.501178741455078,0.13669562339782715,0,True
518,0.7620348930358887,0.24434038996696472,1.0,1.4518463611602783,1.5424034595489502,1.5950846672058105,2.547980308532715,0.13975679874420166,0,True
519,0.7982553839683533,0.21372836828231812,1.0,1.4998505115509033,1.6412594318389893,1.697522759437561,2.5677881240844727,0.13457398116588593,0,True
520,0.7867180109024048,0.22299912571907043,1.0,1.4452755451202393,1.5944905281066895,1.6488838195800781,2.5991179943084717,0.14759665727615356,0,True
521,0.7765352129936218,0.2375977784395218,1.0,1.4245377779006958,1.62318754196167,1.6763218641281128,2.427098035812378,0.12777286767959595,0,True
522,0.7920415997505188,0.21714314818382263,1.0,1.471538782119751,1.63102388381958,1.6860967874526978,2.5368824005126953,0.12633097171783447,0,True
523,0.7904342412948608,0.21568278968334198,1.0,1.429808497428894,1.5773866176605225,1.6297156810760498,2.76285982131958,0.12100711464881897,0,True
524,0.7805294990539551,0.22327198088169098,1.0,1.3587772846221924,1.5320556163787842,1.5807042121887207,2.517948865890503,0.12753726541996002,0,True
525,0.7773230075836182,0.22992759943008423,1.0,1.3477797508239746,1.4695101976394653,1.5173306465148926,2.3299310207366943,0.12084463238716125,0,True
526,0.753567099571228,0.2515298128128052,1.0,1.3605694770812988,1.4407434463500977,1.4880186319351196,2.2705636024475098,0.11287620663642883,0,True
527,0.7527719736099243,0.2517029643058777,1.0,1.4309122562408447,1.4979190826416016,1.549009084701538,2.748842477798462,0.1127292662858963,0,True
528,0.7803459763526917,0.22380360960960388,1.0,1.5119632482528687,1.5692408084869385,1.6256790161132812,2.7222557067871094,0.12071798741817474,0,True
529,0.7624480724334717,0.24233661592006683,1.0,1.4586207866668701,1.5800737142562866,1.6348793506622314,2.4553799629211426,0.13665807247161865,0,True
530,0.7792513370513916,0.22623415291309357,1.0,1.4626693725585938,1.6551246643066406,1.710866928100586,2.4631357192993164,0.1431041955947876,0,True
531,0.7795896530151367,0.23152270913124084,1.0,1.469732642173767,1.63664972782135,1.6921656131744385,2.692044258117676,0.11861888319253922,0,True
532,0.7833585143089294,0.2306647151708603,1.0,1.4427942037582397,1.600555181503296,1.6529145240783691,2.5344250202178955,0.1254604011774063,0,True
533,0.7896446585655212,0.22094330191612244,1.0,1.4412031173706055,1.557746410369873,1.6113728284835815,2.713778495788574,0.12466417253017426,0,True
534,0.7837955951690674,0.2241629958152771,1.0,1.408764362335205,1.5113632678985596,1.5623159408569336,2.636578321456909,0.11228686571121216,0,True
535,0.7747888565063477,0.22762665152549744,1.0,1.380131721496582,1.4670312404632568,1.5159735679626465,2.723360538482666,0.12150244414806366,0,True
536,0.7567691206932068,0.24628713726997375,1.0,1.378338098526001,1.4581996202468872,1.5059797763824463,2.369898557662964,0.12083037197589874,0,True
537,0.7830456495285034,0.22743363678455353,1.0,1.455223798751831,1.544520378112793,1.597304344177246,2.5951955318450928,0.1216268539428711,0,True
538,0.8027350902557373,0.21350491046905518,1.0,1.5110926628112793,1.568171501159668,1.6252745389938354,2.7278876304626465,0.13137894868850708,0,True
539,0.7934067249298096,0.2194225788116455,1.0,1.456289529800415,1.5769116878509521,1.6317708492279053,2.509178876876831,0.13620439171791077,0,True
540,0.7997032999992371,0.21324047446250916,1.0,1.4105079174041748,1.6057708263397217,1.6589038372039795,2.534470558166504,0.13107380270957947,0,True
541,0.78349769115448,0.22826692461967468,1.0,1.3979499340057373,1.587179183959961,1.6386303901672363,2.5013234615325928,0.13080261647701263,0,True
542,0.8015595078468323,0.21432122588157654,1.0,1.4451407194137573,1.6140952110290527,1.6675825119018555,2.7027037143707275,0.12908557057380676,0,True
543,0.8048813343048096,0.2117767333984375,1.0,1.4309475421905518,1.5377635955810547,1.5895590782165527,2.5226354598999023,0.12464317679405212,0,True
544,0.8003683090209961,0.20968100428581238,1.0,1.3866662979125977,1.4970914125442505,1.5468895435333252,2.5923702716827393,0.12761154770851135,0,True
545,0.7908022403717041,0.2227327823638916,1.0,1.3856834173202515,1.4771397113800049,1.526306390762329,2.4245312213897705,0.13619710505008698,0,True
546,0.7710213661193848,0.2382011115550995,1.0,1.4076101779937744,1.496234655380249,1.5465245246887207,2.5861968994140625,0.13869675993919373,0,True
547,0.7909761667251587,0.2251841425895691,1.0,1.48265540599823,1.5741052627563477,1.6292835474014282,2.503833055496216,0.11721669137477875,0,True
548,0.7827843427658081,0.22682949900627136,1.0,1.4629086256027222,1.5515222549438477,1.6062684059143066,2.4470436573028564,0.13846175372600555,0,True
549,0.7798901796340942,0.22700238227844238,1.0,1.4360368251800537,1.5753424167633057,1.6291885375976562,2.5510663986206055,0.1248169094324112,0,True
550,0.7691730260848999,0.23729051649570465,1.0,1.4364415407180786,1.5822263956069946,1.6360044479370117,2.608875036239624,0.1536049246788025,0,True
551,0.7914373874664307,0.2127695083618164,1.0,1.4678726196289062,1.642508864402771,1.6978070735931396,2.682096242904663,0.14618811011314392,0,True
552,0.800362229347229,0.21301454305648804,1.0,1.4520961046218872,1.5972986221313477,1.6522290706634521,2.861875057220459,0.14689570665359497,0,True
553,0.8094558715820312,0.19960062205791473,1.0,1.4404823780059814,1.5735385417938232,1.6268694400787354,2.529287576675415,0.13468271493911743,0,True
554,0.792917013168335,0.21671853959560394,1.0,1.3847849369049072,1.5032908916473389,1.5526981353759766,2.6824254989624023,0.13353115320205688,0,True
555,0.7739555239677429,0.23117537796497345,1.0,1.3688684701919556,1.4899187088012695,1.5373423099517822,2.28369402885437,0.13156695663928986,0,True
556,0.7871712446212769,0.22107888758182526,1.0,1.4228323698043823,1.5284863710403442,1.5797935724258423,2.5666418075561523,0.12766273319721222,0,True
557,0.7865103483200073,0.22343769669532776,1.0,1.4565361738204956,1.510382890701294,1.5638924837112427,2.4699177742004395,0.1483919322490692,0,True
558,0.7857489585876465,0.22396375238895416,1.0,1.4421337842941284,1.5311362743377686,1.5840859413146973,2.4176340103149414,0.14394837617874146,0,True
559,0.7958741188049316,0.21560874581336975,1.0,1.4474523067474365,1.5812902450561523,1.6358767747879028,2.4917991161346436,0.13401077687740326,0,True
560,0.7745904922485352,0.2336370199918747,1.0,1.4181365966796875,1.5847289562225342,1.637394666671753,2.4378840923309326,0.1541997641324997,0,True
561,0.7829169034957886,0.22447770833969116,1.0,1.4428038597106934,1.6337761878967285,1.6872920989990234,2.7125372886657715,0.12811890244483948,0,True
562,0.7705192565917969,0.23748382925987244,1.0,1.4521037340164185,1.5692144632339478,1.6229383945465088,2.5261647701263428,0.12807154655456543,0,True
563,0.7885660529136658,0.21647238731384277,1.0,1.4576268196105957,1.6131136417388916,1.667424201965332,2.662726640701294,0.12250086665153503,0,True
564,0.7817829847335815,0.22207775712013245,1.0,1.4026410579681396,1.505458116531372,1.5561468601226807,2.6106603145599365,0.12373993545770645,0,True
565,0.7519294619560242,0.2484581470489502,1.0,1.3321495056152344,1.465634822845459,1.5117827653884888,2.4038584232330322,0.13042010366916656,0,True
566,0.7593624591827393,0.24731437861919403,1.0,1.4123713970184326,1.508020043373108,1.558382272720337,2.6359095573425293,0.1292434185743332,0,True
567,0.779558002948761,0.2344517558813095,1.0,1.4573466777801514,1.5509605407714844,1.6046454906463623,2.749854326248169,0.12603484094142914,0,True
568,0.7720463275909424,0.2356002926826477,1.0,1.4419028759002686,1.5423165559768677,1.595552921295166,2.4221081733703613,0.1421463042497635,0,True
569,0.7592623233795166,0.24958279728889465,1.0,1.4105666875839233,1.559945821762085,1.6110707521438599,2.542858600616455,0.14718100428581238,0,True
570,0.7574669718742371,0.25150200724601746,1.0,1.4405786991119385,1.5969438552856445,1.6502676010131836,2.542125701904297,0.11478972434997559,0,True
571,0.7865376472473145,0.22683891654014587,1.0,1.4935368299484253,1.649539589881897,1.7064039707183838,2.5515189170837402,0.12857936322689056,0,True
572,0.7761876583099365,0.23303724825382233,1.0,1.4395967721939087,1.5812454223632812,1.635056734085083,2.4476046562194824,0.12544065713882446,0,True
573,0.7754043936729431,0.23062795400619507,1.0,1.418558120727539,1.5932910442352295,1.6455078125,2.512526512145996,0.13656100630760193,0,True
574,0.7602167129516602,0.2463388293981552,1.0,1.38938307762146,1.5297517776489258,1.5798003673553467,2.43715500831604,0.1544284224510193,0,True
575,0.7594709396362305,0.248775452375412,1.0,1.4052625894546509,1.5366435050964355,1.5868055820465088,2.4809138774871826,0.12355588376522064,0,True
576,0.7687535285949707,0.24077047407627106,1.0,1.4094431400299072,1.5072108507156372,1.5575004816055298,2.4586470127105713,0.12290606647729874,0,True
577,0.7504104971885681,0.25327998399734497,1.0,1.3919439315795898,1.486671805381775,1.5370351076126099,2.213965654373169,0.13032574951648712,0,True
578,0.7501695156097412,0.2569541931152344,1.0,1.4347121715545654,1.5558449029922485,1.6086550951004028,2.475557565689087,0.13407090306282043,0,True
579,0.7717258930206299,0.23981928825378418,1.0,1.496659755706787,1.6046459674835205,1.6605762243270874,2.642874002456665,0.13390588760375977,0,True
580,0.7615993022918701,0.24639074504375458,1.0,1.4575027227401733,1.5855515003204346,1.6401234865188599,2.5038411617279053,0.1414078027009964,0,True
581,0.7753854990005493,0.23081879317760468,1.0,1.4520418643951416,1.6292486190795898,1.684464931488037,2.701035261154175,0.12462779879570007,0,True
582,0.7889195680618286,0.22563081979751587,1.0,1.4276260137557983,1.582126498222351,1.6348791122436523,2.5467920303344727,0.1260051131248474,0,True
583,0.7729111313819885,0.23647640645503998,1.0,1.3664305210113525,1.5154789686203003,1.5642385482788086,2.495008707046509,0.12356007099151611,0,True
584,0.7573896646499634,0.2553563714027405,1.0,1.3851161003112793,1.4917004108428955,1.540224552154541,2.5008389949798584,0.12141329050064087,0,True
585,0.7655995488166809,0.24854198098182678,1.0,1.4309194087982178,1.5076801776885986,1.5590169429779053,2.551950216293335,0.13640515506267548,0,True
586,0.7674392461776733,0.2397281378507614,1.0,1.4566972255706787,1.5321271419525146,1.5853681564331055,2.495209217071533,0.13532578945159912,0,True
587,0.7579766511917114,0.24945342540740967,1.0,1.4411118030548096,1.5425934791564941,1.596242904663086,2.56764554977417,0.1225406602025032,0,True
588,0.7596070766448975,0.2532549500465393,1.0,1.4584243297576904,1.5796101093292236,1.6336841583251953,2.4848759174346924,0.11925863474607468,0,True
589,0.7551544904708862,0.25453048944473267,1.0,1.4558521509170532,1.6261389255523682,1.6810989379882812,2.5386247634887695,0.12817443907260895,0,True
590,0.7569037675857544,0.24748823046684265,1.0,1.4464352130889893,1.6145247220993042,1.6686341762542725,2.6570332050323486,0.12348025292158127,0,True
591,0.7669978141784668,0.23599018156528473,1.0,1.4389070272445679,1.5877023935317993,1.6407443284988403,2.637378215789795,0.12060500681400299,0,True
592,0.7655346393585205,0.23918406665325165,1.0,1.4001426696777344,1.4973289966583252,1.548187494277954,2.527292251586914,0.09981200098991394,0,True
593,0.7566186785697937,0.24728405475616455,1.0,1.3692599534988403,1.4687130451202393,1.5180238485336304,2.3253228664398193,0.11740744113922119,0,True
594,0.7592512369155884,0.24589699506759644,1.0,1.3814582824707031,1.4600887298583984,1.5089507102966309,2.357468605041504,0.1258941888809204,0,True
595,0.7774478793144226,0.22691386938095093,1.0,1.457209587097168,1.552878975868225,1.6063393354415894,2.6376373767852783,0.1299891620874405,0,True
596,0.7848525047302246,0.22047030925750732,1.0,1.4807064533233643,1.5660990476608276,1.621008038520813,2.6347575187683105,0.1378394067287445,0,True
597,0.7745675444602966,0.23416437208652496,1.0,1.4412298202514648,1.5789576768875122,1.6321767568588257,2.6799280643463135,0.13229921460151672,0,True
598,0.7789537310600281,0.2312517762184143,1.0,1.4496937990188599,1.616959571838379,1.6707942485809326,2.5455076694488525,0.14492490887641907,0,True
599,0.781404972076416,0.22884953022003174,1.0,1.4404937028884888,1.6147541999816895,1.6684690713882446,2.484654664993286,0.13912907242774963,0,True
600,0.7799036502838135,0.2291218638420105,1.0,1.402271032333374,1.5628342628479004,1.6140708923339844,2.5225884914398193,0.136854350566864,0,True
601,0.7557516098022461,0.24633502960205078,1.0,1.3749064207077026,1.5103732347488403,1.5596891641616821,2.586085081100464,0.1496945172548294,0,True
602,0.7703627943992615,0.23785893619060516,1.0,1.40478515625,1.530695915222168,1.5817384719848633,2.646852970123291,0.13417381048202515,0,True
603,0.752326250076294,0.25200599431991577,1.0,1.3930106163024902,1.4612550735473633,1.5112667083740234,2.421846866607666,0.12596920132637024,0,True
604,0.7427996397018433,0.26136988401412964,1.0,1.3956336975097656,1.4781522750854492,1.5280482769012451,2.6362080574035645,0.13187456130981445,0,True
605,0.7584810853004456,0.2505206763744354,1.0,1.4873636960983276,1.5782685279846191,1.6335172653198242,2.590974807739258,0.14488208293914795,0,True
606,0.7715253829956055,0.24162408709526062,1.0,1.501765489578247,1.5962872505187988,1.653031826019287,2.4600555896759033,0.1257196068763733,0,True
607,0.7598995566368103,0.24907617270946503,1.0,1.4504761695861816,1.5771701335906982,1.631116271018982,2.639969825744629,0.1369517743587494,0,True
608,0.765017032623291,0.2433743178844452,1.0,1.4300832748413086,1.6024320125579834,1.6550743579864502,2.6158509254455566,0.13629639148712158,0,True
609,0.7687972784042358,0.24312058091163635,1.0,1.4383615255355835,1.5784690380096436,1.6319544315338135,2.7342965602874756,0.14265947043895721,0,True
610,0.752588152885437,0.24977520108222961,1.0,1.4218863248825073,1.5605225563049316,1.6129965782165527,2.6055996417999268,0.1256624013185501,0,True
611,0.7659986019134521,0.23818382620811462,1.0,1.411454200744629,1.5552664995193481,1.6064660549163818,2.5295188426971436,0.12570969760417938,0,True
612,0.7589786052703857,0.24607309699058533,1.0,1.39400315284729,1.4796222448349,1.5291111469268799,2.493976593017578,0.11796315014362335,0,True
613,0.7607223987579346,0.24524593353271484,1.0,1.3885533809661865,1.507639765739441,1.5573115348815918,2.4454290866851807,0.144139364361763,0,True
614,0.7660584449768066,0.24286091327667236,1.0,1.4323773384094238,1.533855676651001,1.586581826210022,2.5816094875335693,0.13789521157741547,0,True
615,0.7795329093933105,0.22749967873096466,1.0,1.4734292030334473,1.570047378540039,1.624788522720337,2.4249954223632812,0.11231492459774017,0,True
616,0.766214907169342,0.24080738425254822,1.0,1.4304707050323486,1.542693853378296,1.5954968929290771,2.2992961406707764,0.15017169713974,0,True
617,0.748974621295929,0.2580907940864563,1.0,1.4136205911636353,1.5865321159362793,1.6385571956634521,2.530580520629883,0.1309816539287567,0,True
618,0.7849379181861877,0.22782695293426514,1.0,1.5143542289733887,1.6802752017974854,1.7376458644866943,2.5426268577575684,0.1256578266620636,0,True
619,0.7816159725189209,0.23022596538066864,1.0,1.443670630455017,1.5766754150390625,1.6313326358795166,2.498272180557251,0.13194727897644043,0,True
620,0.7567912340164185,0.2494545727968216,1.0,1.3839526176452637,1.5301563739776611,1.580247402191162,2.5171589851379395,0.13685384392738342,0,True
621,0.7763738036155701,0.23143987357616425,1.0,1.414766788482666,1.545027494430542,1.5965938568115234,2.626774787902832,0.1327277570962906,0,True
622,0.7771657109260559,0.22784242033958435,1.0,1.392549753189087,1.5055707693099976,1.555379867553711,2.61181902885437,0.1393243968486786,0,True
623,0.7608295679092407,0.24472984671592712,1.0,1.3769145011901855,1.4550886154174805,1.5028846263885498,2.4918525218963623,0.1317269206047058,0,True
624,0.7846122980117798,0.23209598660469055,1.0,1.4487626552581787,1.5404162406921387,1.5942883491516113,2.570615768432617,0.12867243587970734,0,True
625,0.791654646396637,0.22574979066848755,1.0,1.4544100761413574,1.5414122343063354,1.5953712463378906,2.5216150283813477,0.14619265496730804,0,True
626,0.775236189365387,0.23271556198596954,1.0,1.4424076080322266,1.5808422565460205,1.6342617273330688,2.5527381896972656,0.13229495286941528,0,True
627,0.7963401675224304,0.2178575098514557,1.0,1.4700109958648682,1.6422226428985596,1.6968507766723633,2.55865216255188,0.14777612686157227,0,True
628,0.7998735308647156,0.21415016055107117,1.0,1.4470949172973633,1.6153557300567627,1.6691300868988037,2.5004265308380127,0.15270861983299255,0,True
629,0.7872806787490845,0.22943514585494995,1.0,1.424880862236023,1.5904468297958374,1.6427478790283203,2.71815824508667,0.13744030892848969,0,True
630,0.8060576915740967,0.21141782402992249,1.0,1.4321870803833008,1.591956615447998,1.6442792415618896,2.6784327030181885,0.12180087715387344,0,True
631,0.7833093404769897,0.22551855444908142,1.0,1.3703255653381348,1.4765527248382568,1.5252718925476074,2.1799023151397705,0.12368004769086838,0,True
632,0.7713215947151184,0.23851783573627472,1.0,1.3846217393875122,1.5013976097106934,1.551163911819458,2.537559747695923,0.1300991326570511,0,True
633,0.7690842151641846,0.23896750807762146,1.0,1.4159830808639526,1.5044116973876953,1.5558854341506958,2.3500659465789795,0.12428049743175507,0,True
634,0.7882307767868042,0.22650790214538574,1.0,1.4357585906982422,1.5357779264450073,1.5878205299377441,2.4173452854156494,0.11773735284805298,0,True
635,0.7824022769927979,0.2352951169013977,1.0,1.4331294298171997,1.513434886932373,1.5659608840942383,2.6140353679656982,0.13812202215194702,0,True
636,0.7814685106277466,0.23474818468093872,1.0,1.4340242147445679,1.5568045377731323,1.609212875366211,2.597585916519165,0.12277042120695114,0,True
637,0.7977247834205627,0.22237278521060944,1.0,1.4515230655670166,1.5796010494232178,1.633291482925415,2.5150301456451416,0.1306694746017456,0,True
638,0.7867915630340576,0.22534488141536713,1.0,1.4907505512237549,1.615228533744812,1.670938491821289,2.7400460243225098,0.16705580055713654,0,True
639,0.8209774494171143,0.20003753900527954,1.0,1.4754141569137573,1.6489264965057373,1.7046449184417725,2.727369785308838,0.13612762093544006,0,True
640,0.827616810798645,0.1916373372077942,1.0,1.4213569164276123,1.555220365524292,1.6071809530258179,2.6129934787750244,0.12033286690711975,0,True
641,0.8123487234115601,0.19893504679203033,1.0,1.360465407371521,1.499617338180542,1.5469812154769897,2.426321268081665,0.1174301952123642,0,True
642,0.7940831184387207,0.21024255454540253,1.0,1.3701964616775513,1.4785170555114746,1.526576042175293,2.468801259994507,0.1297885626554489,0,True
643,0.8114769458770752,0.19468779861927032,1.0,1.4430912733078003,1.5343682765960693,1.586456298828125,2.45007061958313,0.11793369054794312,0,True
644,0.8076385855674744,0.20417103171348572,1.0,1.4546599388122559,1.4903972148895264,1.543901801109314,2.5122265815734863,0.12956808507442474,0,True
645,0.8096475005149841,0.19824552536010742,1.0,1.4390380382537842,1.547748327255249,1.6011695861816406,2.470282793045044,0.12499585747718811,0,True
646,0.7885376811027527,0.22528702020645142,1.0,1.412744402885437,1.5098979473114014,1.561255693435669,2.4430737495422363,0.13883371651172638,0,True
647,0.8047633767127991,0.20330631732940674,1.0,1.4367196559906006,1.625845193862915,1.6792329549789429,2.604905843734741,0.13183218240737915,0,True
648,0.8124179840087891,0.2068963348865509,1.0,1.4821662902832031,1.5894672870635986,1.6453964710235596,2.681715488433838,0.14199161529541016,0,True
649,0.8031612634658813,0.21437567472457886,1.0,1.429738163948059,1.562753438949585,1.615752935409546,2.610377788543701,0.12544694542884827,0,True
650,0.7986324429512024,0.21330946683883667,1.0,1.4265974760055542,1.5762567520141602,1.6288020610809326,2.631321668624878,0.13317838311195374,0,True
651,0.8004757761955261,0.21422900259494781,1.0,1.4258416891098022,1.5874006748199463,1.6396775245666504,2.469268798828125,0.13151316344738007,0,True
652,0.7958968877792358,0.21359050273895264,1.0,1.3908936977386475,1.5571322441101074,1.6069849729537964,2.4866013526916504,0.12505048513412476,0,True
653,0.7959269285202026,0.2178032398223877,1.0,1.4166898727416992,1.5213953256607056,1.5725746154785156,2.5499298572540283,0.11812248826026917,0,True
654,0.8004231452941895,0.21123796701431274,1.0,1.397189736366272,1.496754765510559,1.5468995571136475,2.573078155517578,0.14132380485534668,0,True
655,0.7919502258300781,0.2233346849679947,1.0,1.3917372226715088,1.465799331665039,1.515169620513916,2.498115301132202,0.13180512189865112,0,True
656,0.7870061993598938,0.22701102495193481,1.0,1.3979909420013428,1.5065642595291138,1.55629563331604,2.398655891418457,0.13314026594161987,0,True
657,0.7889326810836792,0.22159729897975922,1.0,1.4448251724243164,1.5454107522964478,1.598452091217041,2.4050228595733643,0.12379421293735504,0,True
658,0.7804961204528809,0.23007449507713318,1.0,1.4452520608901978,1.561221957206726,1.6145488023757935,2.5334086418151855,0.14321985840797424,0,True
659,0.7933791875839233,0.21745261549949646,1.0,1.4857349395751953,1.6375985145568848,1.6944453716278076,2.50654935836792,0.13342466950416565,0,True
660,0.8140945434570312,0.20152956247329712,1.0,1.475617527961731,1.6448075771331787,1.701262354850769,2.5390822887420654,0.1315191686153412,0,True
661,0.8046999573707581,0.20566047728061676,1.0,1.3841956853866577,1.5596178770065308,1.6100084781646729,2.536499500274658,0.1428007334470749,0,True
662,0.7877746224403381,0.2251901477575302,1.0,1.363472580909729,1.5098283290863037,1.55837082862854,2.370807409286499,0.13536812365055084,0,True
663,0.7911080718040466,0.224185973405838,1.0,1.4190452098846436,1.5128233432769775,1.5640876293182373,2.9220898151397705,0.13287290930747986,0,True
664,0.7881678342819214,0.22598131000995636,1.0,1.461945652961731,1.5323600769042969,1.5856040716171265,2.653388500213623,0.13798481225967407,0,True
665,0.802097499370575,0.21213963627815247,1.0,1.4575042724609375,1.5257959365844727,1.5795702934265137,2.756456136703491,0.1361328661441803,0,True
666,0.7857445478439331,0.22004404664039612,1.0,1.4114904403686523,1.5222666263580322,1.5740337371826172,2.5409936904907227,0.1356794238090515,0,True
667,0.784420371055603,0.22426363825798035,1.0,1.4115712642669678,1.5580973625183105,1.609312653541565,2.516702651977539,0.1321742683649063,0,True
668,0.7708733081817627,0.24265697598457336,1.0,1.4336748123168945,1.564997673034668,1.6169966459274292,2.4228053092956543,0.13762280344963074,0,True
669,0.7932237386703491,0.22054031491279602,1.0,1.500943899154663,1.646072268486023,1.7020183801651,2.580514430999756,0.13245469331741333,0,True
670,0.799625813961029,0.21989932656288147,1.0,1.4553619623184204,1.568772315979004,1.6230217218399048,2.8694212436676025,0.13814043998718262,0,True
671,0.7887507677078247,0.22511598467826843,1.0,1.4062864780426025,1.55968177318573,1.611309289932251,2.3957066535949707,0.13787415623664856,0,True
672,0.7811720371246338,0.23142147064208984,1.0,1.3863234519958496,1.5208004713058472,1.5706751346588135,2.437595844268799,0.12936384975910187,0,True
673,0.7700071334838867,0.2413937747478485,1.0,1.3983945846557617,1.5308938026428223,1.5811538696289062,2.676581859588623,0.13154783844947815,0,True
674,0.7820579409599304,0.2262459695339203,1.0,1.417702555656433,1.5273470878601074,1.579086422920227,2.610023021697998,0.1404566913843155,0,True
675,0.7817282676696777,0.2286297082901001,1.0,1.4398266077041626,1.5400502681732178,1.5929584503173828,2.439157485961914,0.14419181644916534,0,True
676,0.7895838022232056,0.21715301275253296,1.0,1.457247257232666,1.5931751728057861,1.6467173099517822,2.599694013595581,0.12855318188667297,0,True
677,0.7827841639518738,0.2364540696144104,1.0,1.4387599229812622,1.571702241897583,1.6237314939498901,2.8127007484436035,0.1361861526966095,0,True
678,0.7649980783462524,0.2437981367111206,1.0,1.397950530052185,1.5603407621383667,1.610127568244934,2.570195436477661,0.12798434495925903,0,True
679,0.7901839017868042,0.22473441064357758,1.0,1.4559195041656494,1.5953648090362549,1.6494348049163818,2.408127784729004,0.12260529398918152,0,True
680,0.7775369882583618,0.23243555426597595,1.0,1.4284758567810059,1.5335756540298462,1.584989309310913,2.6007742881774902,0.14574135839939117,0,True
681,0.7777531147003174,0.227956622838974,1.0,1.4029778242111206,1.5367844104766846,1.5878673791885376,2.565659999847412,0.12998025119304657,0,True
682,0.7660530805587769,0.23859988152980804,1.0,1.4026758670806885,1.5027329921722412,1.5533115863800049,2.5225508213043213,0.14019516110420227,0,True
683,0.7666168212890625,0.24087004363536835,1.0,1.432375192642212,1.5450513362884521,1.5972836017608643,2.6672561168670654,0.14382068812847137,0,True
684,0.7700170874595642,0.24344836175441742,1.0,1.438291311264038,1.5271623134613037,1.5796911716461182,2.561795234680176,0.12840379774570465,0,True
685,0.7715271711349487,0.23397573828697205,1.0,1.4570608139038086,1.5632623434066772,1.6173384189605713,2.494866371154785,0.13635949790477753,0,True
686,0.7761620283126831,0.23812109231948853,1.0,1.4437389373779297,1.5886574983596802,1.6433088779449463,2.6707160472869873,0.11798349022865295,0,True
687,0.766328752040863,0.24204939603805542,1.0,1.4081863164901733,1.553979754447937,1.6058076620101929,2.4651691913604736,0.14590394496917725,0,True
688,0.7774715423583984,0.22944054007530212,1.0,1.4195120334625244,1.570202112197876,1.6222493648529053,2.503246784210205,0.12648198008537292,0,True
689,0.7894773483276367,0.22029365599155426,1.0,1.4678808450698853,1.5800864696502686,1.6350953578948975,2.638495683670044,0.12289141863584518,0,True
690,0.7684125900268555,0.24113383889198303,1.0,1.3944013118743896,1.4884884357452393,1.5390173196792603,2.3351166248321533,0.1266409158706665,0,True
691,0.7800414562225342,0.22609296441078186,1.0,1.387451410293579,1.548996090888977,1.5998175144195557,2.528165102005005,0.12026018649339676,0,True
692,0.7877786755561829,0.22336284816265106,1.0,1.435248851776123,1.5372600555419922,1.5894778966903687,2.7439489364624023,0.12376336753368378,0,True
693,0.7987110614776611,0.2116997390985489,1.0,1.4368610382080078,1.5493147373199463,1.6018269062042236,2.5204904079437256,0.11814844608306885,0,True
694,0.7996386885643005,0.21283650398254395,1.0,1.4322017431259155,1.5278196334838867,1.5803710222244263,2.5790207386016846,0.1414993554353714,0,True
695,0.795823335647583,0.21601057052612305,1.0,1.4538664817810059,1.5692663192749023,1.6229538917541504,2.6505417823791504,0.13465344905853271,0,True
696,0.7773842215538025,0.2333507537841797,1.0,1.4422247409820557,1.5533002614974976,1.6054574251174927,2.6650567054748535,0.12638358771800995,0,True
697,0.7884571552276611,0.22282707691192627,1.0,1.4543931484222412,1.612721562385559,1.6670743227005005,2.5430235862731934,0.1081184670329094,0,True
698,0.7987366914749146,0.2137131541967392,1.0,1.4218469858169556,1.5467013120651245,1.5993403196334839,2.4407663345336914,0.1254839450120926,0,True
699,0.7894418239593506,0.22108851373195648,1.0,1.419739842414856,1.5775835514068604,1.630357265472412,2.4530420303344727,0.12689489126205444,0,True
700,0.7893896102905273,0.22079965472221375,1.0,1.440397024154663,1.579726219177246,1.632419466972351,2.489314079284668,0.1242808997631073,0,True
701,0.7789466381072998,0.22596105933189392,1.0,1.3988251686096191,1.5400912761688232,1.590541124343872,2.6418185234069824,0.12552228569984436,0,True
702,0.7714744806289673,0.23446248471736908,1.0,1.3928751945495605,1.5164504051208496,1.5658817291259766,2.677171230316162,0.13552458584308624,0,True
703,0.7694392204284668,0.2355099618434906,1.0,1.4193015098571777,1.5267150402069092,1.5783512592315674,2.4974477291107178,0.1411648988723755,0,True
704,0.7767257690429688,0.2283218502998352,1.0,1.4412529468536377,1.5546783208847046,1.6077202558517456,2.559022903442383,0.12083722651004791,0,True
705,0.7766710519790649,0.2316826581954956,1.0,1.4364187717437744,1.557877540588379,1.6110568046569824,2.47239089012146,0.12764407694339752,0,True
706,0.7776733636856079,0.23514482378959656,1.0,1.436305284500122,1.5713220834732056,1.624776005744934,2.6720564365386963,0.13401946425437927,0,True
707,0.7622093558311462,0.24492141604423523,1.0,1.424195647239685,1.5724151134490967,1.623768925666809,2.4620678424835205,0.1350601315498352,0,True
708,0.7798709869384766,0.22944314777851105,1.0,1.4647542238235474,1.614623785018921,1.6689599752426147,2.5582542419433594,0.12403356283903122,0,True
709,0.7809113264083862,0.234221950173378,1.0,1.4443293809890747,1.54941725730896,1.6027264595031738,2.424950122833252,0.13701118528842926,0,True
710,0.7489302754402161,0.2569164037704468,1.0,1.3674325942993164,1.5015544891357422,1.5504846572875977,2.336843967437744,0.14742141962051392,0,True
711,0.7741470336914062,0.23680150508880615,1.0,1.428693175315857,1.5490384101867676,1.6013456583023071,2.628058910369873,0.12208040058612823,0,True
712,0.7761120796203613,0.23432135581970215,1.0,1.427426815032959,1.522939920425415,1.5750732421875,2.4421021938323975,0.13371966779232025,0,True
713,0.7475786209106445,0.26174724102020264,1.0,1.3986945152282715,1.4955027103424072,1.545529842376709,2.565079689025879,0.12776678800582886,0,True
714,0.7821128964424133,0.22330144047737122,1.0,1.4807695150375366,1.5952000617980957,1.6507234573364258,2.7161595821380615,0.12622614204883575,0,True
715,0.7580185532569885,0.25211676955223083,1.0,1.431372880935669,1.5154175758361816,1.568127989768982,2.5257620811462402,0.12703147530555725,0,True
716,0.7441073656082153,0.2617080509662628,1.0,1.398314356803894,1.5638203620910645,1.614619255065918,2.5255353450775146,0.12647028267383575,0,True
717,0.7576849460601807,0.24599522352218628,1.0,1.4419878721237183,1.5795997381210327,1.633131742477417,2.6493074893951416,0.11064967513084412,0,True
718,0.7533875703811646,0.25095489621162415,1.0,1.4222614765167236,1.5782642364501953,1.630592703819275,2.501194715499878,0.12570609152317047,0,True
719,0.7641884088516235,0.24618251621723175,1.0,1.4389450550079346,1.5942442417144775,1.6481432914733887,2.788665771484375,0.1261284053325653,0,True
720,0.741564154624939,0.2688480615615845,1.0,1.3980695009231567,1.525488018989563,1.5753241777420044,2.7347137928009033,0.13265100121498108,0,True
721,0.744443416595459,0.2652953863143921,1.0,1.4133480787277222,1.5518908500671387,1.6031675338745117,2.7442376613616943,0.12051937729120255,0,True
722,0.7686949968338013,0.24397626519203186,1.0,1.4442920684814453,1.5610560178756714,1.6145246028900146,2.769946336746216,0.12535037100315094,0,True
723,0.7530737519264221,0.2539272904396057,1.0,1.4037944078445435,1.5057423114776611,1.55611252784729,2.589320421218872,0.13062052428722382,0,True
724,0.7717169523239136,0.23667889833450317,1.0,1.4020112752914429,1.5374895334243774,1.588524580001831,2.8120269775390625,0.1225166916847229,0,True
725,0.7679470777511597,0.2442733496427536,1.0,1.4153995513916016,1.5308141708374023,1.5823311805725098,2.510096549987793,0.1255110502243042,0,True
726,0.7678006887435913,0.2438623011112213,1.0,1.4272551536560059,1.566488265991211,1.6197090148925781,2.475501298904419,0.11572864651679993,0,True
727,0.7714488506317139,0.24090953171253204,1.0,1.46522855758667,1.573528528213501,1.6283248662948608,2.529003858566284,0.14275236427783966,0,True
728,0.7786675691604614,0.23514549434185028,1.0,1.4618390798568726,1.5883939266204834,1.6429306268692017,2.62139892578125,0.14418546855449677,0,True
729,0.7822816371917725,0.22952255606651306,1.0,1.4135879278182983,1.5449764728546143,1.5964093208312988,2.5653178691864014,0.13916826248168945,0,True
730,0.776542067527771,0.23132790625095367,1.0,1.4034109115600586,1.542178988456726,1.5928514003753662,2.6431145668029785,0.13131502270698547,0,True
731,0.7721400260925293,0.23941123485565186,1.0,1.414010763168335,1.5508819818496704,1.6026697158813477,2.3775739669799805,0.13164278864860535,0,True
732,0.7706326246261597,0.23907415568828583,1.0,1.4020334482192993,1.5196338891983032,1.5709419250488281,2.458700656890869,0.1288304626941681,0,True
733,0.770560085773468,0.23827168345451355,1.0,1.4381906986236572,1.548194408416748,1.6011509895324707,2.4593749046325684,0.1428712010383606,0,True
734,0.7711756229400635,0.23570537567138672,1.0,1.4199187755584717,1.5462048053741455,1.5978889465332031,2.549083948135376,0.12294232845306396,0,True
735,0.767386794090271,0.23761571943759918,1.0,1.4319876432418823,1.5776759386062622,1.629781723022461,2.7293291091918945,0.12364888936281204,0,True
736,0.7674239873886108,0.24597527086734772,1.0,1.4201551675796509,1.5764528512954712,1.6282830238342285,2.5045645236968994,0.12195493280887604,0,True
737,0.7603099346160889,0.25739485025405884,1.0,1.416425347328186,1.5514135360717773,1.603924036026001,2.4448819160461426,0.12701697647571564,0,True
738,0.759955883026123,0.2514282464981079,1.0,1.4380290508270264,1.5855579376220703,1.6383841037750244,2.7531843185424805,0.11210495233535767,0,True
739,0.7687748074531555,0.2415466010570526,1.0,1.4473239183425903,1.5786527395248413,1.6325377225875854,2.719520092010498,0.09617692232131958,0,True
740,0.7369407415390015,0.269344687461853,1.0,1.3936563730239868,1.5358110666275024,1.586824655532837,2.6676173210144043,0.13876837491989136,0,True
741,0.7633587121963501,0.24419903755187988,1.0,1.460559368133545,1.6064592599868774,1.6608333587646484,2.5166032314300537,0.12682755291461945,0,True
742,0.7698639035224915,0.23958070576190948,1.0,1.4204143285751343,1.5257834196090698,1.5781159400939941,2.564103603363037,0.11774357408285141,0,True
743,0.7641918659210205,0.24289852380752563,1.0,1.3750176429748535,1.5127884149551392,1.5618902444839478,2.495734453201294,0.12807278335094452,0,True
744,0.7564200758934021,0.24970488250255585,1.0,1.4035377502441406,1.5010685920715332,1.5513813495635986,2.7048590183258057,0.14390945434570312,0,True
745,0.7753790020942688,0.23360995948314667,1.0,1.4363130331039429,1.5638033151626587,1.6165425777435303,2.6711878776550293,0.14381259679794312,0,True
746,0.7733968496322632,0.23661163449287415,1.0,1.456165075302124,1.5615079402923584,1.615670084953308,2.4132957458496094,0.13431620597839355,0,True
747,0.7787362933158875,0.23353467881679535,1.0,1.4631280899047852,1.5947505235671997,1.6494524478912354,2.667799949645996,0.1431642770767212,0,True
748,0.7730297446250916,0.23903608322143555,1.0,1.4557738304138184,1.6013586521148682,1.6556060314178467,2.4995129108428955,0.12792107462882996,0,True
749,0.7705551385879517,0.23798684775829315,1.0,1.4262410402297974,1.585484504699707,1.6374943256378174,2.6861863136291504,0.14234595000743866,0,True
750,0.7614684700965881,0.2456933706998825,1.0,1.3890247344970703,1.5324996709823608,1.5824644565582275,2.3697023391723633,0.12896418571472168,0,True
751,0.7827919721603394,0.22660067677497864,1.0,1.4362009763717651,1.586570143699646,1.6399686336517334,2.5882434844970703,0.11478722840547562,0,True
752,0.7788788676261902,0.23096126317977905,1.0,1.4291188716888428,1.5225783586502075,1.5753517150878906,2.899792194366455,0.13574548065662384,0,True
753,0.7566734552383423,0.25131672620773315,1.0,1.383496642112732,1.4854586124420166,1.5354387760162354,2.6494245529174805,0.129723459482193,0,True
754,0.7580193877220154,0.2481895536184311,1.0,1.4037535190582275,1.522399663925171,1.5723141431808472,2.563567876815796,0.12106426060199738,0,True
755,0.7678160667419434,0.2375548779964447,1.0,1.447169303894043,1.5478317737579346,1.6002252101898193,2.578892230987549,0.13707952201366425,0,True
756,0.7788138389587402,0.23411455750465393,1.0,1.448277235031128,1.562196969985962,1.615702509880066,2.547884702682495,0.14514674246311188,0,True
757,0.7739197611808777,0.23224124312400818,1.0,1.4562116861343384,1.5739725828170776,1.6281049251556396,2.7590949535369873,0.13562147319316864,0,True
758,0.7829723358154297,0.22825664281845093,1.0,1.466627597808838,1.5947437286376953,1.6491327285766602,2.6154625415802,0.12323249876499176,0,True
759,0.7681350708007812,0.239027202129364,1.0,1.4457595348358154,1.5850863456726074,1.63898503780365,2.638834238052368,0.13211968541145325,0,True
760,0.7762196660041809,0.22881978750228882,1.0,1.4270076751708984,1.5802152156829834,1.633439302444458,2.612532615661621,0.12259475886821747,0,True
761,0.7695509195327759,0.23626625537872314,1.0,1.4131569862365723,1.5449658632278442,1.596314787864685,2.6363003253936768,0.13941124081611633,0,True
762,0.7815354466438293,0.22766251862049103,1.0,1.4210232496261597,1.5392155647277832,1.5905407667160034,2.483701229095459,0.1290707290172577,0,True
763,0.7611172199249268,0.24479940533638,1.0,1.4159884452819824,1.5273592472076416,1.5789647102355957,2.5964229106903076,0.1334422081708908,0,True
764,0.7611061930656433,0.24405907094478607,1.0,1.4292844533920288,1.5477583408355713,1.5994987487792969,2.6653501987457275,0.1251680552959442,0,True
765,0.7649717330932617,0.23857250809669495,1.0,1.411143183708191,1.5270367860794067,1.5782063007354736,2.5379228591918945,0.12318053841590881,0,True
766,0.7634212374687195,0.2453872263431549,1.0,1.4349544048309326,1.5458893775939941,1.5980021953582764,2.715566635131836,0.1273161768913269,0,True
767,0.7671612501144409,0.23692162334918976,1.0,1.4632246494293213,1.5814673900604248,1.6357319355010986,2.7671685218811035,0.1266164779663086,0,True
768,0.7826895713806152,0.2264648824930191,1.0,1.460188388824463,1.5788991451263428,1.6333006620407104,2.7487761974334717,0.12864649295806885,0,True
769,0.7761759757995605,0.23258313536643982,1.0,1.4146103858947754,1.546322226524353,1.598386287689209,2.634277105331421,0.14135344326496124,0,True
770,0.7723680734634399,0.23972129821777344,1.0,1.4063092470169067,1.5481114387512207,1.599959373474121,2.698289394378662,0.11015933752059937,0,True
771,0.78980952501297,0.2277461439371109,1.0,1.467785120010376,1.5969090461730957,1.6526111364364624,2.600680112838745,0.11034329235553741,0,True
772,0.8018313050270081,0.21078532934188843,1.0,1.465080738067627,1.5755586624145508,1.6306706666946411,2.6530675888061523,0.1226889118552208,0,True
773,0.7852762341499329,0.22917655110359192,1.0,1.383838176727295,1.4908580780029297,1.5399153232574463,2.4118521213531494,0.13534197211265564,0,True
774,0.7797672748565674,0.2322663515806198,1.0,1.4051234722137451,1.558837652206421,1.6095542907714844,2.549776792526245,0.1372133195400238,0,True
775,0.8031489849090576,0.2148224115371704,1.0,1.4825754165649414,1.5872877836227417,1.6427333354949951,2.7082576751708984,0.13854597508907318,0,True
776,0.7992904186248779,0.21317514777183533,1.0,1.4447271823883057,1.548262357711792,1.6015411615371704,2.295462131500244,0.13315743207931519,0,True
777,0.7797080278396606,0.23240861296653748,1.0,1.4251413345336914,1.5339808464050293,1.5861036777496338,2.5321617126464844,0.1415191888809204,0,True
778,0.779188334941864,0.23080812394618988,1.0,1.407110333442688,1.5530003309249878,1.6036795377731323,2.565946102142334,0.13141876459121704,0,True
779,0.765371561050415,0.2420262098312378,1.0,1.4058549404144287,1.533738613128662,1.5846641063690186,2.4962069988250732,0.11954153329133987,0,True
780,0.7859254479408264,0.22253526747226715,1.0,1.4489915370941162,1.579270839691162,1.6332037448883057,2.5274786949157715,0.12133204936981201,0,True
781,0.7882496118545532,0.2247774302959442,1.0,1.4227046966552734,1.5212907791137695,1.5731197595596313,2.6219496726989746,0.13223551213741302,0,True
782,0.7818866968154907,0.23237739503383636,1.0,1.4017961025238037,1.5465140342712402,1.5981037616729736,2.689387798309326,0.12885718047618866,0,True
783,0.7680832147598267,0.2434912472963333,1.0,1.3857629299163818,1.5149635076522827,1.5646754503250122,2.6060240268707275,0.13383539021015167,0,True
784,0.7531357407569885,0.25178807973861694,1.0,1.4049843549728394,1.5342822074890137,1.5847444534301758,2.548032522201538,0.1264989972114563,0,True
785,0.764298677444458,0.2471463680267334,1.0,1.4612325429916382,1.5868537425994873,1.6406216621398926,2.7793569564819336,0.13347341120243073,0,True
786,0.7763656377792358,0.24069805443286896,1.0,1.4665734767913818,1.5928008556365967,1.6480728387832642,2.602294683456421,0.14407013356685638,0,True
787,0.7529897093772888,0.2617259621620178,1.0,1.393287181854248,1.5437811613082886,1.5942916870117188,2.4853174686431885,0.13954953849315643,0,True
788,0.7559362649917603,0.259700208902359,1.0,1.412109136581421,1.603555679321289,1.6548030376434326,2.6784794330596924,0.12402105331420898,0,True
789,0.7617888450622559,0.25085321068763733,1.0,1.4214744567871094,1.5524638891220093,1.6036767959594727,2.783646583557129,0.12884804606437683,0,True
790,0.7556893825531006,0.25467193126678467,1.0,1.4226560592651367,1.5422559976577759,1.594130516052246,2.6411662101745605,0.12493687868118286,0,True
791,0.7750943303108215,0.23501034080982208,1.0,1.4558320045471191,1.5639649629592896,1.6185296773910522,2.6081275939941406,0.11387565732002258,0,True
792,0.7782543301582336,0.2304041087627411,1.0,1.4135401248931885,1.5329142808914185,1.5845520496368408,2.6615819931030273,0.128456711769104,0,True
793,0.7631889581680298,0.2459372878074646,1.0,1.3770148754119873,1.488977313041687,1.537622094154358,2.425795316696167,0.1399151086807251,0,True
794,0.7576119303703308,0.24830955266952515,1.0,1.4003455638885498,1.5342741012573242,1.5840001106262207,2.5127320289611816,0.1271979808807373,0,True
795,0.7715418338775635,0.23720017075538635,1.0,1.4724620580673218,1.5732815265655518,1.6276636123657227,2.505431652069092,0.11872819811105728,0,True
796,0.7739619016647339,0.23571279644966125,1.0,1.468982219696045,1.5816357135772705,1.6367818117141724,2.659503936767578,0.12671807408332825,0,True
797,0.7766714692115784,0.23219946026802063,1.0,1.441027283668518,1.571987271308899,1.625396966934204,2.644029378890991,0.12290070950984955,0,True
798,0.7659093737602234,0.2431464046239853,1.0,1.4198837280273438,1.5900068283081055,1.642324686050415,2.4435203075408936,0.1304565966129303,0,True
799,0.7689641714096069,0.2486661672592163,1.0,1.4189945459365845,1.5836689472198486,1.6358340978622437,2.6165194511413574,0.14112870395183563,0,True
800,0.7708030343055725,0.23940367996692657,1.0,1.436650276184082,1.5701806545257568,1.6224944591522217,2.6202175617218018,0.13143262267112732,0,True
801,0.7635319232940674,0.24626685678958893,1.0,1.4096330404281616,1.52829110622406,1.5790501832962036,2.5222084522247314,0.12461558729410172,0,True
802,0.7619442343711853,0.24800407886505127,1.0,1.396650791168213,1.5191893577575684,1.5693236589431763,2.4096827507019043,0.10677939653396606,0,True
803,0.7421246767044067,0.2636207640171051,1.0,1.4010846614837646,1.504006266593933,1.5544888973236084,2.669071912765503,0.12227640300989151,0,True
804,0.7533881664276123,0.255776584148407,1.0,1.431926965713501,1.5577054023742676,1.6099114418029785,2.5944199562072754,0.1256578266620636,0,True
805,0.7668578624725342,0.2465125322341919,1.0,1.436978816986084,1.555722951889038,1.6088314056396484,2.499105215072632,0.12674769759178162,0,True
806,0.7633134722709656,0.25470981001853943,1.0,1.4514410495758057,1.596865177154541,1.6513042449951172,2.578494071960449,0.13097897171974182,0,True
807,0.7649930715560913,0.24771714210510254,1.0,1.4627370834350586,1.5954866409301758,1.6502439975738525,2.442349910736084,0.13266220688819885,0,True
808,0.7385312914848328,0.27139413356781006,1.0,1.4195234775543213,1.5558271408081055,1.607602596282959,2.7874915599823,0.13153481483459473,0,True
809,0.7642550468444824,0.24861901998519897,1.0,1.4436519145965576,1.600337266921997,1.6541762351989746,2.6324894428253174,0.1284465789794922,0,True
810,0.7632744312286377,0.2460786998271942,1.0,1.438596248626709,1.5534499883651733,1.6066975593566895,2.806506633758545,0.12959912419319153,0,True
811,0.7532131671905518,0.25519126653671265,1.0,1.3877077102661133,1.5302910804748535,1.5798883438110352,2.482151985168457,0.12773163616657257,0,True
812,0.7536411285400391,0.2586739957332611,1.0,1.3783210515975952,1.522709846496582,1.572007656097412,2.4328086376190186,0.13234862685203552,0,True
813,0.7639058828353882,0.2427564561367035,1.0,1.4298827648162842,1.5709327459335327,1.6233692169189453,2.7919530868530273,0.12648342549800873,0,True
814,0.7709519863128662,0.24214032292366028,1.0,1.441375494003296,1.5408213138580322,1.5941532850265503,2.7775039672851562,0.13909968733787537,0,True
815,0.7524130940437317,0.25666946172714233,1.0,1.4133899211883545,1.53885018825531,1.5903911590576172,2.54778790473938,0.1362321972846985,0,True
816,0.7753909826278687,0.2371334731578827,1.0,1.4496527910232544,1.6027569770812988,1.6568303108215332,2.540562629699707,0.11686675995588303,0,True
817,0.7677754759788513,0.24111869931221008,1.0,1.4211286306381226,1.5301213264465332,1.5827114582061768,2.4686059951782227,0.10515578836202621,0,True
818,0.7408789396286011,0.2653810977935791,1.0,1.3897002935409546,1.5195268392562866,1.5697264671325684,2.7103004455566406,0.12236548960208893,0,True
819,0.760533332824707,0.2532080411911011,1.0,1.4550707340240479,1.5797245502471924,1.6334025859832764,2.712894916534424,0.12363927066326141,0,True
820,0.7621307373046875,0.24394552409648895,1.0,1.4689511060714722,1.5741628408432007,1.628833532333374,2.6850175857543945,0.12393666803836823,0,True
821,0.7638627290725708,0.24729524552822113,1.0,1.432134985923767,1.5621588230133057,1.6153271198272705,2.5670831203460693,0.14648553729057312,0,True
822,0.7653127312660217,0.24171718955039978,1.0,1.457021951675415,1.566765308380127,1.6208763122558594,2.670819044113159,0.16046521067619324,0,True
823,0.7787631750106812,0.23105542361736298,1.0,1.4274516105651855,1.5739119052886963,1.6264452934265137,2.6771881580352783,0.13396525382995605,0,True
824,0.7864252328872681,0.2388155460357666,1.0,1.4655251502990723,1.5797252655029297,1.6343144178390503,2.4723117351531982,0.14132308959960938,0,True
825,0.7882794141769409,0.22882775962352753,1.0,1.4558079242706299,1.5785713195800781,1.6321258544921875,2.5207326412200928,0.14903394877910614,0,True
826,0.7955112457275391,0.21727880835533142,1.0,1.4517054557800293,1.5656139850616455,1.6181414127349854,2.724047899246216,0.13016857206821442,0,True
827,0.775122880935669,0.23832927644252777,1.0,1.3725297451019287,1.5105149745941162,1.5581718683242798,2.287292003631592,0.12063230574131012,0,True
828,0.7493144273757935,0.26825013756752014,1.0,1.3880946636199951,1.4995551109313965,1.5489909648895264,2.6237034797668457,0.13039249181747437,0,True
829,0.7884334325790405,0.22823849320411682,1.0,1.4973657131195068,1.6301926374435425,1.6862238645553589,2.7350828647613525,0.12949669361114502,0,True
830,0.7915295958518982,0.22901470959186554,1.0,1.4671533107757568,1.5310087203979492,1.5853524208068848,2.613556385040283,0.12430523335933685,0,True
831,0.7839107513427734,0.22428728640079498,1.0,1.3889555931091309,1.5715131759643555,1.6224513053894043,2.4353816509246826,0.128208190202713,0,True
832,0.7865544557571411,0.22996759414672852,1.0,1.397437334060669,1.5378007888793945,1.5885711908340454,2.3874480724334717,0.11792619526386261,0,True
833,0.7673096060752869,0.24603447318077087,1.0,1.38197922706604,1.5392961502075195,1.5882683992385864,2.5806970596313477,0.12624025344848633,0,True
834,0.7808830738067627,0.23042425513267517,1.0,1.4482626914978027,1.5588704347610474,1.6124461889266968,2.5539379119873047,0.12066112458705902,0,True
835,0.7932372093200684,0.2218444049358368,1.0,1.4533259868621826,1.5365328788757324,1.5904028415679932,2.7042834758758545,0.12953972816467285,0,True
836,0.7896304130554199,0.22160851955413818,1.0,1.4212100505828857,1.5565451383590698,1.6091407537460327,2.650937080383301,0.11964710801839828,0,True
837,0.7730555534362793,0.23075053095817566,1.0,1.3788141012191772,1.5132967233657837,1.5630853176116943,2.6649129390716553,0.13045693933963776,0,True
838,0.7661668062210083,0.23877419531345367,1.0,1.3965938091278076,1.5480332374572754,1.5980559587478638,2.667219638824463,0.12947964668273926,0,True
839,0.7666195034980774,0.24253223836421967,1.0,1.4518208503723145,1.5771058797836304,1.6309053897857666,2.563236713409424,0.11655121296644211,0,True
840,0.7819981575012207,0.23593829572200775,1.0,1.4864065647125244,1.5871530771255493,1.642613172531128,2.574702024459839,0.12982051074504852,0,True
841,0.7708675265312195,0.2377426028251648,1.0,1.411792516708374,1.5508705377578735,1.6031160354614258,2.3142263889312744,0.1315222680568695,0,True
842,0.7739489078521729,0.2407068908214569,1.0,1.3867723941802979,1.534498691558838,1.5847218036651611,2.4883651733398438,0.12707117199897766,0,True
843,0.7618895769119263,0.24601978063583374,1.0,1.3824043273925781,1.509926438331604,1.559489369392395,2.3055307865142822,0.13226796686649323,0,True
844,0.7681882381439209,0.24201372265815735,1.0,1.452911615371704,1.5667157173156738,1.6205381155014038,2.750201463699341,0.1238880380988121,0,True
845,0.7946540117263794,0.22823740541934967,1.0,1.513674020767212,1.5861421823501587,1.6430295705795288,2.7930796146392822,0.13899242877960205,0,True
846,0.7906341552734375,0.2259347140789032,1.0,1.444032073020935,1.5748437643051147,1.6285967826843262,2.609330415725708,0.1323135495185852,0,True
847,0.780604362487793,0.22588561475276947,1.0,1.4011768102645874,1.5705276727676392,1.6219990253448486,2.541691303253174,0.12482641637325287,0,True
848,0.7901021838188171,0.22324508428573608,1.0,1.424973964691162,1.5851173400878906,1.636974811553955,2.822369337081909,0.11332292854785919,0,True
849,0.7858341932296753,0.22888177633285522,1.0,1.4226069450378418,1.5671894550323486,1.6190909147262573,2.599896192550659,0.15030920505523682,0,True
850,0.8088217973709106,0.20645490288734436,1.0,1.459475040435791,1.5866060256958008,1.6410174369812012,2.5682103633880615,0.1310277283191681,0,True
851,0.7971382737159729,0.21884432435035706,1.0,1.41693115234375,1.5205178260803223,1.5721471309661865,2.694504499435425,0.13667133450508118,0,True
852,0.7984272241592407,0.2080996334552765,1.0,1.3683921098709106,1.5155878067016602,1.5649563074111938,2.5634305477142334,0.12724857032299042,0,True
853,0.7904035449028015,0.2224663347005844,1.0,1.3935258388519287,1.4944336414337158,1.54343581199646,2.7023820877075195,0.1413821429014206,0,True
854,0.789280891418457,0.2234467715024948,1.0,1.4272273778915405,1.5226898193359375,1.5738751888275146,2.425957679748535,0.13027386367321014,0,True
855,0.8078655004501343,0.2038661241531372,1.0,1.4703837633132935,1.5406415462493896,1.595055103302002,2.5173909664154053,0.12259767204523087,0,True
856,0.8236266374588013,0.19025304913520813,1.0,1.4737181663513184,1.591517686843872,1.646602988243103,2.5608773231506348,0.13206449151039124,0,True
857,0.8027582764625549,0.20647746324539185,1.0,1.4129109382629395,1.5578370094299316,1.6100449562072754,2.7187070846557617,0.1440017819404602,0,True
858,0.7905045747756958,0.22206617891788483,1.0,1.424872875213623,1.6223448514938354,1.674584984779358,2.5422229766845703,0.12270045280456543,0,True
859,0.8276048302650452,0.18980102241039276,1.0,1.4701766967773438,1.6563706398010254,1.7118421792984009,2.7802894115448,0.11615046858787537,0,True
860,0.7946323156356812,0.2205289602279663,1.0,1.4018914699554443,1.5275392532348633,1.5787224769592285,2.466082811355591,0.13290803134441376,0,True
861,0.7903627753257751,0.21878576278686523,1.0,1.40091872215271,1.5441087484359741,1.5949820280075073,2.6128132343292236,0.13567236065864563,0,True
862,0.7942320108413696,0.2172064334154129,1.0,1.3966339826583862,1.4976556301116943,1.547635793685913,2.406989812850952,0.12085159122943878,0,True
863,0.785415530204773,0.22579684853553772,1.0,1.3838977813720703,1.490004062652588,1.539488673210144,2.535027503967285,0.13390973210334778,0,True
864,0.7901591062545776,0.22147487103939056,1.0,1.4134726524353027,1.50088632106781,1.5515003204345703,2.7154459953308105,0.12116362899541855,0,True
865,0.7823785543441772,0.22675356268882751,1.0,1.4186134338378906,1.5100362300872803,1.5612921714782715,2.706876516342163,0.11980543285608292,0,True
866,0.7976736426353455,0.2144615203142166,1.0,1.470094919204712,1.5936558246612549,1.648419976234436,2.7542459964752197,0.12744644284248352,0,True
867,0.7891104221343994,0.21741339564323425,1.0,1.4771119356155396,1.606893539428711,1.6623109579086304,2.63723087310791,0.13650044798851013,0,True
868,0.7904127240180969,0.22056621313095093,1.0,1.4417195320129395,1.6211001873016357,1.6746244430541992,2.59267520904541,0.1264592409133911,0,True
869,0.7947462797164917,0.21267297863960266,1.0,1.431239128112793,1.619382381439209,1.6729233264923096,2.4741251468658447,0.12362508475780487,0,True
870,0.7826573252677917,0.2263430505990982,1.0,1.4286537170410156,1.6012272834777832,1.653714895248413,2.4909303188323975,0.13844972848892212,0,True
871,0.7826094627380371,0.22061240673065186,1.0,1.4293419122695923,1.5623722076416016,1.6151655912399292,2.5019989013671875,0.12739260494709015,0,True
872,0.7828072309494019,0.22234556078910828,1.0,1.4214073419570923,1.5266855955123901,1.5782232284545898,2.5541937351226807,0.13110235333442688,0,True
873,0.7760839462280273,0.2293274700641632,1.0,1.3804059028625488,1.4957091808319092,1.5453896522521973,2.557891607284546,0.12852180004119873,0,True
874,0.7593728303909302,0.24583742022514343,1.0,1.3738760948181152,1.4650328159332275,1.5130683183670044,2.229522228240967,0.14023534953594208,0,True
875,0.7689889669418335,0.2377834916114807,1.0,1.435126781463623,1.5245941877365112,1.5765529870986938,2.7214272022247314,0.124674491584301,0,True
876,0.7810059785842896,0.23249121010303497,1.0,1.4890685081481934,1.5753790140151978,1.6301376819610596,2.5612263679504395,0.11051954329013824,0,True
877,0.7654722332954407,0.24203111231327057,1.0,1.4751642942428589,1.5863637924194336,1.6421632766723633,2.728487730026245,0.1304711252450943,0,True
878,0.7765376567840576,0.2339344471693039,1.0,1.481986165046692,1.628234624862671,1.684101939201355,2.582181930541992,0.132692351937294,0,True
879,0.7678803205490112,0.24415946006774902,1.0,1.4275550842285156,1.6044883728027344,1.6575299501419067,2.443423271179199,0.145919531583786,0,True
880,0.787753701210022,0.224992573261261,1.0,1.4242167472839355,1.6037883758544922,1.6565247774124146,2.402539014816284,0.11752292513847351,0,True
881,0.783140242099762,0.2248583734035492,1.0,1.3884475231170654,1.521538257598877,1.5719492435455322,2.366366147994995,0.12056019902229309,0,True
882,0.7856717705726624,0.22662195563316345,1.0,1.4049839973449707,1.512684941291809,1.5624327659606934,2.565899610519409,0.12370119988918304,0,True
883,0.777294933795929,0.23251380026340485,1.0,1.4108569622039795,1.4929420948028564,1.5434255599975586,2.647024393081665,0.14059139788150787,0,True
884,0.7766815423965454,0.2294122576713562,1.0,1.432450532913208,1.5355916023254395,1.587843418121338,2.5430984497070312,0.14406946301460266,0,True
885,0.8098491430282593,0.2033030092716217,1.0,1.480713129043579,1.580561637878418,1.6360499858856201,2.491304397583008,0.11472645401954651,0,True
886,0.7823904752731323,0.235096737742424,1.0,1.422269582748413,1.5285899639129639,1.580556869506836,2.4479384422302246,0.14835751056671143,0,True
887,0.787517786026001,0.22020068764686584,1.0,1.4387649297714233,1.5927115678787231,1.6464471817016602,2.5827417373657227,0.14346298575401306,0,True
888,0.8073693513870239,0.20344951748847961,1.0,1.4707221984863281,1.6403812170028687,1.6961591243743896,2.650084972381592,0.126560240983963,0,True
889,0.7747517824172974,0.23356586694717407,1.0,1.410669207572937,1.5461033582687378,1.5980786085128784,2.4934475421905518,0.13222545385360718,0,True
890,0.7899847626686096,0.22098448872566223,1.0,1.4307156801223755,1.5851385593414307,1.6377711296081543,2.639214038848877,0.1242959201335907,0,True
891,0.7757625579833984,0.2305099070072174,1.0,1.3796546459197998,1.4742761850357056,1.5227932929992676,2.412513256072998,0.12137193232774734,0,True
892,0.7569042444229126,0.2480635643005371,1.0,1.3719474077224731,1.4617524147033691,1.5099642276763916,2.4614486694335938,0.13971810042858124,0,True
893,0.7640407681465149,0.2384141981601715,1.0,1.4056174755096436,1.5042731761932373,1.555338740348816,2.2984137535095215,0.11393044143915176,0,True
894,0.7632734775543213,0.24357783794403076,1.0,1.46921968460083,1.537583351135254,1.5920201539993286,2.5027103424072266,0.13765224814414978,0,True
895,0.7555575370788574,0.2503783106803894,1.0,1.4285812377929688,1.5801246166229248,1.6324046850204468,2.654930591583252,0.14605644345283508,0,True
896,0.7595787048339844,0.24664846062660217,1.0,1.462782859802246,1.6102107763290405,1.664473056793213,2.609619379043579,0.1452893167734146,0,True
897,0.7532595992088318,0.2509502172470093,1.0,1.4376250505447388,1.6159558296203613,1.6698763370513916,2.467841863632202,0.1273370087146759,0,True
898,0.7651153206825256,0.23999851942062378,1.0,1.4475152492523193,1.614028811454773,1.6681891679763794,2.536187171936035,0.1358405351638794,0,True
899,0.7655148506164551,0.2394465208053589,1.0,1.3991448879241943,1.5613327026367188,1.613365650177002,2.577394723892212,0.12728694081306458,0,True
900,0.7582229375839233,0.24736608564853668,1.0,1.3977789878845215,1.5424138307571411,1.593237042427063,2.581406593322754,0.14380952715873718,0,True
901,0.7618071436882019,0.24355491995811462,1.0,1.4096124172210693,1.543664574623108,1.5944854021072388,2.4984264373779297,0.1202157735824585,0,True
902,0.76802659034729,0.23585647344589233,1.0,1.4094569683074951,1.5195764303207397,1.5704113245010376,2.6091299057006836,0.1319061666727066,0,True
903,0.7563319802284241,0.24745552241802216,1.0,1.3670573234558105,1.4816644191741943,1.5302495956420898,2.5038087368011475,0.1418607234954834,0,True
904,0.7533513307571411,0.250315397977829,1.0,1.4140087366104126,1.5152777433395386,1.5665783882141113,2.3794357776641846,0.12577378749847412,0,True
905,0.7557159662246704,0.24830687046051025,1.0,1.444588541984558,1.5513943433761597,1.6050419807434082,2.517277956008911,0.14578132331371307,0,True
906,0.7642912864685059,0.241754412651062,1.0,1.4745347499847412,1.5996477603912354,1.6553993225097656,2.4860992431640625,0.15665221214294434,0,True
907,0.7693182826042175,0.23813745379447937,1.0,1.4275399446487427,1.5998458862304688,1.6530545949935913,2.5244901180267334,0.13345739245414734,0,True
908,0.7703108787536621,0.23595485091209412,1.0,1.4344046115875244,1.5900664329528809,1.643373966217041,2.624520778656006,0.13038654625415802,0,True
909,0.7616205215454102,0.24467329680919647,1.0,1.4179644584655762,1.5487366914749146,1.599793791770935,2.5325825214385986,0.13868865370750427,0,True
910,0.781286358833313,0.22890335321426392,1.0,1.4496569633483887,1.572181224822998,1.6256505250930786,2.599778890609741,0.14280951023101807,0,True
911,0.76605224609375,0.24598965048789978,1.0,1.4335792064666748,1.5041999816894531,1.5559813976287842,2.6923797130584717,0.12228768318891525,0,True
912,0.7543554902076721,0.2516011595726013,1.0,1.3895056247711182,1.5159050226211548,1.5654737949371338,2.4583559036254883,0.12569087743759155,0,True
913,0.7682232856750488,0.2371385246515274,1.0,1.4348632097244263,1.550776481628418,1.6040668487548828,2.6422669887542725,0.12989524006843567,0,True
914,0.7806264162063599,0.22592079639434814,1.0,1.4577716588974,1.56499183177948,1.6195363998413086,2.5425992012023926,0.11397593468427658,0,True
915,0.780206561088562,0.2269878387451172,1.0,1.445591688156128,1.5856826305389404,1.6399877071380615,2.491248607635498,0.14172828197479248,0,True
916,0.7762781381607056,0.2368161380290985,1.0,1.4198702573776245,1.596528172492981,1.649470329284668,2.5377888679504395,0.12596578896045685,0,True
917,0.780797004699707,0.23139667510986328,1.0,1.4098925590515137,1.587010145187378,1.6383552551269531,2.5745160579681396,0.1390630006790161,0,True
918,0.7805562615394592,0.22740578651428223,1.0,1.4225280284881592,1.5706658363342285,1.622536301612854,2.480752944946289,0.1393892914056778,0,True
919,0.7784767746925354,0.2312321662902832,1.0,1.4261072874069214,1.5323823690414429,1.5844920873641968,2.5131161212921143,0.11136317253112793,0,True
920,0.7696229219436646,0.2361680567264557,1.0,1.390084147453308,1.5120067596435547,1.5617635250091553,2.5253183841705322,0.12687887251377106,0,True
921,0.7732429504394531,0.2385256588459015,1.0,1.4071879386901855,1.5094279050827026,1.5595982074737549,2.7575817108154297,0.1256071925163269,0,True
922,0.7703448534011841,0.23775340616703033,1.0,1.4173352718353271,1.5040065050125122,1.5554125308990479,2.6060047149658203,0.11859191954135895,0,True
923,0.7655811309814453,0.24532192945480347,1.0,1.4463597536087036,1.5326783657073975,1.5861599445343018,2.520414113998413,0.12974196672439575,0,True
924,0.7789763808250427,0.24051964282989502,1.0,1.4566535949707031,1.5593762397766113,1.6138445138931274,2.519516706466675,0.11566545069217682,0,True
925,0.757706880569458,0.26026156544685364,1.0,1.4371521472930908,1.5612635612487793,1.6151870489120483,2.686445951461792,0.13083097338676453,0,True
926,0.7815482020378113,0.23252205550670624,1.0,1.4760676622390747,1.6500036716461182,1.7054635286331177,2.500239372253418,0.12764956057071686,0,True
927,0.7943811416625977,0.22306688129901886,1.0,1.4547686576843262,1.6145879030227661,1.669711709022522,2.430511236190796,0.13327887654304504,0,True
928,0.792047917842865,0.21724726259708405,1.0,1.4349355697631836,1.5886521339416504,1.6419214010238647,2.60588002204895,0.12917840480804443,0,True
929,0.7805474996566772,0.22507202625274658,1.0,1.3862850666046143,1.4911023378372192,1.5407235622406006,2.4864141941070557,0.13500431180000305,0,True
930,0.7822321057319641,0.22978375852108002,1.0,1.3938099145889282,1.4923410415649414,1.542118787765503,2.628591299057007,0.13256661593914032,0,True
931,0.7969527244567871,0.21861091256141663,1.0,1.4314947128295898,1.4956583976745605,1.5470752716064453,2.4702486991882324,0.12090115249156952,0,True
932,0.784808337688446,0.22732409834861755,1.0,1.4175742864608765,1.4930498600006104,1.5443024635314941,2.505729913711548,0.1307700127363205,0,True
933,0.7935934066772461,0.2145504653453827,1.0,1.4516828060150146,1.555738925933838,1.6093862056732178,2.572399854660034,0.13576583564281464,0,True
934,0.78901606798172,0.22330977022647858,1.0,1.4592509269714355,1.5786235332489014,1.6328108310699463,2.5545456409454346,0.13664710521697998,0,True
935,0.7865405082702637,0.22854337096214294,1.0,1.465912103652954,1.6129741668701172,1.6674422025680542,2.6241719722747803,0.1389983594417572,0,True
936,0.793210506439209,0.22376511991024017,1.0,1.4388163089752197,1.6091883182525635,1.6635205745697021,2.482816457748413,0.1418856978416443,0,True
937,0.8084797859191895,0.21113348007202148,1.0,1.4503531455993652,1.6227729320526123,1.6771658658981323,2.561986207962036,0.13835738599300385,0,True
938,0.7969375848770142,0.2121766209602356,1.0,1.427623987197876,1.5757595300674438,1.6285927295684814,2.627518892288208,0.12287295609712601,0,True
939,0.8000541925430298,0.21622809767723083,1.0,1.3911356925964355,1.5072065591812134,1.555894136428833,2.6434037685394287,0.11549507081508636,0,True
940,0.7782321572303772,0.23592804372310638,1.0,1.3748748302459717,1.462345004081726,1.5101497173309326,2.504734992980957,0.116270050406456,0,True
941,0.7835376262664795,0.23628759384155273,1.0,1.4213906526565552,1.5039284229278564,1.5545662641525269,2.5573434829711914,0.12122127413749695,0,True
942,0.7701564431190491,0.24447816610336304,1.0,1.450682520866394,1.5129269361495972,1.5651209354400635,2.545907497406006,0.14284129440784454,0,True
943,0.7645573019981384,0.24612268805503845,1.0,1.4623188972473145,1.586243748664856,1.6401225328445435,2.5447444915771484,0.13223235309123993,0,True
944,0.7693935632705688,0.2448527216911316,1.0,1.453143835067749,1.592958927154541,1.6469407081604004,2.711446523666382,0.13045130670070648,0,True
945,0.7621979713439941,0.25037962198257446,1.0,1.4214739799499512,1.614875316619873,1.6680614948272705,2.47369122505188,0.13162659108638763,0,True
946,0.7635054588317871,0.24830996990203857,1.0,1.4225904941558838,1.6239413022994995,1.6771128177642822,2.6349518299102783,0.11824782937765121,0,True
947,0.7664670944213867,0.24074748158454895,1.0,1.4158148765563965,1.5900400876998901,1.6419398784637451,2.362152338027954,0.12717607617378235,0,True
948,0.76072758436203,0.25487226247787476,1.0,1.373256802558899,1.518688440322876,1.5682692527770996,2.4744627475738525,0.1322213113307953,0,True
949,0.7396307587623596,0.27032148838043213,1.0,1.3708354234695435,1.4832987785339355,1.532156229019165,2.4028642177581787,0.1189449355006218,0,True
950,0.7657090425491333,0.24715863168239594,1.0,1.4287214279174805,1.538989543914795,1.590710997581482,2.616802453994751,0.13310948014259338,0,True
951,0.7485102415084839,0.2654344141483307,1.0,1.425703525543213,1.4763349294662476,1.5278804302215576,2.7147939205169678,0.13992084562778473,0,True
952,0.7354001998901367,0.27432891726493835,1.0,1.41990327835083,1.525545597076416,1.5765281915664673,2.621682643890381,0.13381290435791016,0,True
953,0.769261360168457,0.23905719816684723,1.0,1.4890048503875732,1.6041574478149414,1.6594208478927612,2.66162371635437,0.11563829332590103,0,True
954,0.7479821443557739,0.2640336751937866,1.0,1.4596445560455322,1.5693464279174805,1.6235861778259277,2.4177091121673584,0.13189738988876343,0,True
955,0.7747275233268738,0.23866727948188782,1.0,1.5001931190490723,1.6820762157440186,1.7384281158447266,2.7565677165985107,0.11770562827587128,0,True
956,0.7843506336212158,0.23256534337997437,1.0,1.4946370124816895,1.6314494609832764,1.6880266666412354,2.561814308166504,0.13117824494838715,0,True
957,0.7866085171699524,0.2275160700082779,1.0,1.4395886659622192,1.59140145778656,1.6452038288116455,2.554337978363037,0.12406325340270996,0,True
958,0.7813247442245483,0.2322375774383545,1.0,1.3921945095062256,1.5302668809890747,1.5804961919784546,2.335947036743164,0.13484270870685577,0,True
959,0.7621702551841736,0.24802303314208984,1.0,1.3754470348358154,1.4847785234451294,1.5328664779663086,2.5506038665771484,0.1359349489212036,0,True
960,0.05557321012020111,0.9476079940795898,1.0,1.399047613143921,1.500276803970337,1.550853967666626,2.289134979248047,0.0058631752617657185,119,True
961,0.04448217153549194,0.9570313692092896,0.0703125,1.262218952178955,1.051220417022705,1.1049960851669312,2.7874062061309814,1.9769506454467773,0,True
962,0.034272558987140656,0.9710617065429688,0.0703125,1.7800179719924927,1.4773585796356201,1.5252305269241333,3.152254343032837,2.827026128768921,0,True
963,0.024667171761393547,0.9834206700325012,0.0703125,2.1028554439544678,0.9076374173164368,0.9676108360290527,3.0425291061401367,3.7521352767944336,0,True
964,-0.034929100424051285,1.0416754484176636,0.0703125,2.408937454223633,0.7446500658988953,0.8073694705963135,3.4816997051239014,4.0000715255737305,0,True
965,-0.019374512135982513,1.0234031677246094,0.0703125,2.457336664199829,0.8033179044723511,0.8673503994941711,3.6799845695495605,3.263798713684082,0,True
966,0.018208157271146774,0.985124945640564,0.0703125,2.0984673500061035,1.0247666835784912,1.0852575302124023,2.9465582370758057,2.284407615661621,0,True
967,0.07283461093902588,0.9323385953903198,0.0703125,1.7503796815872192,1.2131762504577637,1.2560827732086182,3.4051661491394043,1.4135111570358276,0,True
968,0.09738053381443024,0.9075411558151245,0.0703125,1.4911408424377441,1.456739902496338,1.4854540824890137,3.9726178646087646,0.9679205417633057,0,True
969,0.14242374897003174,0.8621987700462341,0.0703125,1.4188969135284424,1.5657391548156738,1.588993787765503,3.5604560375213623,0.6658006906509399,0,True
970,0.1649617850780487,0.8358200788497925,0.0703125,1.3335765600204468,1.6217020750045776,1.6423773765563965,3.349006414413452,0.5429986119270325,0,True
971,0.17776277661323547,0.8255549073219299,0.0703125,1.2162299156188965,1.5878126621246338,1.6041638851165771,3.404768705368042,0.38433146476745605,0,True
972,0.1857280433177948,0.8172308206558228,0.0703125,1.1651594638824463,1.5753207206726074,1.5910654067993164,3.4030158519744873,0.34788891673088074,0,True
973,0.18177653849124908,0.8224554061889648,0.0703125,1.0638387203216553,1.4753949642181396,1.4924027919769287,3.2658965587615967,0.31890544295310974,0,True
974,0.20683033764362335,0.7978690266609192,0.0703125,1.0873563289642334,1.4674299955368042,1.489680528640747,3.2099106311798096,0.27090269327163696,0,True
975,0.22239616513252258,0.7825244665145874,0.0703125,1.1256170272827148,1.4721773862838745,1.4996205568313599,3.185436248779297,0.24883142113685608,0,True
976,0.2343045473098755,0.769481360912323,0.0703125,1.1408729553222656,1.4685829877853394,1.5001037120819092,2.899824857711792,0.23322883248329163,0,True
977,0.23585087060928345,0.7675507068634033,0.0703125,1.11015784740448,1.4558099508285522,1.4870563745498657,2.7439584732055664,0.25494420528411865,0,True
978,0.2585112452507019,0.7446486949920654,0.0703125,1.1919440031051636,1.4915070533752441,1.5273562669754028,2.856740713119507,0.2477409541606903,0,True
979,0.29104629158973694,0.7146459221839905,0.0703125,1.2624177932739258,1.502380609512329,1.5445327758789062,2.6492438316345215,0.2649999260902405,0,True
980,0.33546876907348633,0.6712378263473511,0.0703125,1.358877420425415,1.5637190341949463,1.61143159866333,3.1452839374542236,0.31360211968421936,0,True
981,0.3723706603050232,0.6315687894821167,0.0703125,1.3617781400680542,1.5522656440734863,1.5998455286026,2.6475048065185547,0.30486345291137695,0,True
982,0.3905940651893616,0.6142295002937317,0.0703125,1.3563711643218994,1.4825021028518677,1.529503345489502,3.7287564277648926,0.29677700996398926,0,True
983,0.39285022020339966,0.6087285280227661,0.0703125,1.3146612644195557,1.419372320175171,1.463163137435913,2.5379483699798584,0.27733102440834045,0,True
984,0.41353991627693176,0.5895555019378662,0.0703125,1.323744535446167,1.3968684673309326,1.4407755136489868,3.2310314178466797,0.29831719398498535,0,True
985,0.42064136266708374,0.5837959051132202,0.0703125,1.3826065063476562,1.3456608057022095,1.3924579620361328,3.9052157402038574,0.26598286628723145,0,True
986,0.40879085659980774,0.5952452421188354,0.0703125,1.3836617469787598,1.3695656061172485,1.4172167778015137,3.6905219554901123,0.25517866015434265,0,True
987,0.41589778661727905,0.5869883894920349,0.0703125,1.4268646240234375,1.4577574729919434,1.5077226161956787,3.0795860290527344,0.26126325130462646,0,True
988,0.4554954171180725,0.5459239482879639,0.0703125,1.4237053394317627,1.5193573236465454,1.5711864233016968,2.632084846496582,0.26832109689712524,0,True
989,0.4629700779914856,0.5400892496109009,0.0703125,1.4055219888687134,1.4854727983474731,1.5364964008331299,2.837411403656006,0.25633755326271057,0,True
990,0.47984158992767334,0.5210489630699158,0.0703125,1.3741190433502197,1.4834308624267578,1.5327959060668945,2.686586618423462,0.23520806431770325,0,True
991,0.5202174186706543,0.4828861355781555,0.0859375,1.349218487739563,1.451298475265503,1.5002312660217285,2.442277669906616,0.2535938024520874,0,True
992,0.5218188762664795,0.4808674156665802,0.09375,1.361159324645996,1.4419219493865967,1.4900691509246826,3.4789717197418213,0.23904871940612793,0,True
993,0.5460184812545776,0.4575713574886322,0.1015625,1.3677223920822144,1.4568862915039062,1.505336046218872,2.745857000350952,0.222783625125885,0,True
994,0.5385658740997314,0.4626208543777466,0.1015625,1.3509933948516846,1.4011662006378174,1.4469448328018188,2.499077558517456,0.2472543716430664,0,True
995,0.5640318393707275,0.43711331486701965,0.109375,1.401419758796692,1.452962875366211,1.5014616250991821,2.9429099559783936,0.22592796385288239,0,True
996,0.5650715827941895,0.43584850430488586,0.109375,1.4113643169403076,1.4699554443359375,1.5194637775421143,2.679603338241577,0.21856580674648285,0,True
997,0.5833685994148254,0.41665059328079224,0.1171875,1.4421305656433105,1.541468858718872,1.5921086072921753,2.7848734855651855,0.21233782172203064,0,True
998,0.5931838750839233,0.4077965021133423,0.140625,1.4513553380966187,1.5426335334777832,1.5946747064590454,3.0434083938598633,0.2276371419429779,0,True
999,0.5953871011734009,0.4091741442680359,0.1640625,1.4443018436431885,1.538142204284668,1.5886081457138062,2.540522336959839,0.25302934646606445,1,True
1000,0.6152540445327759,0.3897901177406311,0.171875,1.4583253860473633,1.5314301252365112,1.5841569900512695,2.6544525623321533,0.265169620513916,0,True
