step,mean_vel_x,mean_abs_vx_error,p2_fault_active_mean,residual_action_mean_norm,final_action_mean_norm,base_action_mean_norm,residual_action_max_norm,mean_abs_yaw_error,done_count,no_nan_inf
1,0.02119407244026661,0.9788058996200562,0.0,1.0498050451278687,0.9052715301513672,0.9142557978630066,1.3388910293579102,2.036463737487793,0,True
2,0.034367404878139496,0.9697663187980652,0.0,1.813773512840271,1.576385259628296,1.5862035751342773,3.343701124191284,3.040754556655884,0,True
3,0.014611903578042984,0.989534854888916,0.0,2.232884407043457,1.0019793510437012,1.0161441564559937,3.4086077213287354,4.332482814788818,0,True
4,-0.07185954600572586,1.0733096599578857,0.0,2.568704128265381,0.8488268852233887,0.8621101975440979,3.6544315814971924,4.696188926696777,0,True
5,-0.040589820593595505,1.0405898094177246,0.0,2.583747386932373,1.0089126825332642,1.0217747688293457,3.4920871257781982,3.4806432723999023,0,True
6,-0.029988180845975876,1.029988169670105,0.0,2.2090601921081543,1.2051008939743042,1.2164270877838135,3.5292751789093018,2.378314733505249,0,True
7,0.010738212615251541,0.9892618060112,0.0,1.8605486154556274,1.4137600660324097,1.4219348430633545,3.5261754989624023,1.3884433507919312,0,True
8,0.0773845985531807,0.9230764508247375,0.0,1.597654104232788,1.6536247730255127,1.6589332818984985,3.6431849002838135,0.8103412389755249,0,True
9,0.11232833564281464,0.887946605682373,0.0,1.4841526746749878,1.7613251209259033,1.7650295495986938,3.7747914791107178,0.5075621008872986,0,True
10,0.12254491448402405,0.8774550557136536,0.0,1.3565397262573242,1.7361221313476562,1.7377221584320068,3.6033668518066406,0.40894144773483276,0,True
11,0.1289139837026596,0.8710860013961792,0.0,1.2204349040985107,1.664538860321045,1.665281891822815,3.671870470046997,0.3288899064064026,0,True
12,0.14312335848808289,0.8568766117095947,0.0,1.2249629497528076,1.6296052932739258,1.6310014724731445,3.592270851135254,0.3113357424736023,0,True
13,0.1639510840177536,0.8360489010810852,0.0,1.24482262134552,1.636427402496338,1.639606237411499,3.3988850116729736,0.2568381726741791,0,True
14,0.18330925703048706,0.8166908025741577,0.0,1.2296849489212036,1.5972962379455566,1.6010594367980957,3.3494820594787598,0.2715916037559509,0,True
15,0.1929747611284256,0.8070252537727356,0.0,1.1855498552322388,1.5588552951812744,1.5627391338348389,3.2459828853607178,0.2493659108877182,0,True
16,0.20069491863250732,0.7993050813674927,0.0,1.1678357124328613,1.5403907299041748,1.545041561126709,3.0376553535461426,0.2235618233680725,0,True
17,0.22246083617210388,0.7783879041671753,0.0,1.2209608554840088,1.5704323053359985,1.5762488842010498,2.984992027282715,0.2245543897151947,0,True
18,0.25949788093566895,0.743444561958313,0.0,1.3009949922561646,1.6128302812576294,1.619491457939148,2.9459385871887207,0.2304883450269699,0,True
19,0.2774945795536041,0.7245535850524902,0.0,1.2968921661376953,1.6217498779296875,1.6288719177246094,2.8114137649536133,0.2315315306186676,0,True
20,0.30737167596817017,0.6957793235778809,0.0,1.277521014213562,1.5897271633148193,1.5968999862670898,2.614563465118408,0.2636691927909851,0,True
21,0.315482497215271,0.6884654760360718,0.0,1.3022551536560059,1.5599124431610107,1.5673670768737793,3.0675370693206787,0.2521343231201172,0,True
22,0.34314000606536865,0.6593934893608093,0.0,1.358250617980957,1.5596392154693604,1.567674994468689,3.2571611404418945,0.23982353508472443,0,True
23,0.3683117628097534,0.6331682205200195,0.0,1.3660591840744019,1.5321791172027588,1.5407898426055908,2.8283164501190186,0.22927667200565338,0,True
24,0.38383325934410095,0.616771936416626,0.0,1.3401496410369873,1.46719491481781,1.4754220247268677,3.4390575885772705,0.2293560951948166,0,True
25,0.3821648061275482,0.6178767085075378,0.0,1.3032190799713135,1.434300422668457,1.44204843044281,3.2044010162353516,0.20192396640777588,0,True
26,0.4004271924495697,0.5995728373527527,0.0,1.3278346061706543,1.4656939506530762,1.4739477634429932,2.926076889038086,0.19027960300445557,0,True
27,0.4101661443710327,0.5928401947021484,0.0,1.3775546550750732,1.4873578548431396,1.496543526649475,3.41335129737854,0.21182359755039215,0,True
28,0.4414982795715332,0.561589777469635,0.0,1.4335229396820068,1.5672059059143066,1.5770235061645508,2.8731400966644287,0.22132644057273865,0,True
29,0.4516303539276123,0.5569738745689392,0.0,1.4222421646118164,1.5812427997589111,1.5911633968353271,2.8243627548217773,0.2504526674747467,0,True
30,0.46604132652282715,0.5430564880371094,0.0,1.38438880443573,1.5845264196395874,1.5939929485321045,2.562437057495117,0.23618972301483154,0,True
31,0.4622162878513336,0.543283224105835,0.0078125,1.300652027130127,1.5372354984283447,1.5458645820617676,2.514543056488037,0.22236955165863037,0,True
32,0.45935648679733276,0.5430710911750793,0.0078125,1.3199763298034668,1.5439810752868652,1.5526455640792847,3.0652129650115967,0.2036316990852356,0,True
33,0.49791818857192993,0.5060539245605469,0.0234375,1.3634617328643799,1.5181193351745605,1.5273816585540771,2.9292337894439697,0.2264091521501541,0,True
34,0.5060139298439026,0.4968482255935669,0.0234375,1.3504645824432373,1.5126876831054688,1.5219528675079346,2.7309982776641846,0.2483869045972824,0,True
35,0.5022035837173462,0.4994075298309326,0.03125,1.3316510915756226,1.4615840911865234,1.470423936843872,2.479987621307373,0.21124014258384705,0,True
36,0.5053657293319702,0.49927210807800293,0.0390625,1.3519346714019775,1.4893789291381836,1.498591423034668,2.5486063957214355,0.22240501642227173,0,True
37,0.5272105932235718,0.47900334000587463,0.046875,1.400924801826477,1.5492230653762817,1.559123158454895,3.3173234462738037,0.2038373202085495,0,True
38,0.5192320346832275,0.4869125485420227,0.0625,1.3655897378921509,1.518455982208252,1.5281257629394531,3.1734135150909424,0.2238568216562271,0,True
39,0.5344899892807007,0.4680423140525818,0.0703125,1.4160445928573608,1.589677095413208,1.5999805927276611,3.542038917541504,0.2156212031841278,0,True
40,0.5560720562934875,0.4511835277080536,0.0859375,1.4237093925476074,1.606816053390503,1.617377758026123,2.8696706295013428,0.21280071139335632,0,True
41,0.5512419939041138,0.4544394314289093,0.09375,1.3702411651611328,1.5595767498016357,1.5693275928497314,2.6683709621429443,0.21480922400951385,0,True
42,0.5482993125915527,0.45646438002586365,0.09375,1.2958409786224365,1.5009510517120361,1.5099420547485352,2.632274627685547,0.2257334291934967,0,True
43,0.5541120767593384,0.44959089159965515,0.109375,1.315081000328064,1.499734878540039,1.5088433027267456,2.7350051403045654,0.1880282163619995,0,True
44,0.5814595222473145,0.42519041895866394,0.1171875,1.3974882364273071,1.5292891263961792,1.5392045974731445,2.7769646644592285,0.19284166395664215,0,True
45,0.6000816822052002,0.4096178710460663,0.125,1.4083516597747803,1.518352746963501,1.5283585786819458,2.9555296897888184,0.22101494669914246,0,True
46,0.5995781421661377,0.40807613730430603,0.125,1.3639299869537354,1.5175237655639648,1.5270780324935913,2.5728373527526855,0.21304631233215332,0,True
47,0.6257261633872986,0.38627293705940247,0.125,1.4112290143966675,1.5862922668457031,1.5962872505187988,2.8713178634643555,0.2164636105298996,0,True
48,0.6330838203430176,0.38014596700668335,0.1328125,1.4255809783935547,1.5634682178497314,1.5733890533447266,3.0884921550750732,0.1880986988544464,0,True
49,0.6418964266777039,0.37152111530303955,0.140625,1.436755657196045,1.5851223468780518,1.5951449871063232,4.442708969116211,0.1928326040506363,0,True
50,0.6469886302947998,0.37080514430999756,0.140625,1.4098587036132812,1.5495977401733398,1.5593750476837158,3.352693796157837,0.20578531920909882,0,True
51,0.6555799245834351,0.36202600598335266,0.140625,1.422936201095581,1.573073148727417,1.5828197002410889,3.693856716156006,0.19068798422813416,0,True
52,0.6476866602897644,0.3710663616657257,0.140625,1.3914974927902222,1.518607258796692,1.5280187129974365,3.6861398220062256,0.18418103456497192,0,True
53,0.6422302722930908,0.3777376413345337,0.1640625,1.3847765922546387,1.5186744928359985,1.5279099941253662,3.698826313018799,0.19537901878356934,0,True
54,0.6818430423736572,0.3373255729675293,0.1796875,1.4437094926834106,1.5702149868011475,1.5801976919174194,3.817553758621216,0.20811185240745544,0,True
55,0.6846169233322144,0.34348273277282715,0.1953125,1.4785089492797852,1.55269455909729,1.5628851652145386,3.936582326889038,0.21797221899032593,0,True
56,0.69135582447052,0.33448928594589233,0.203125,1.4416706562042236,1.5736076831817627,1.5832270383834839,4.049197196960449,0.2339843362569809,0,True
57,0.7067103385925293,0.3279906213283539,0.2109375,1.452210783958435,1.5901557207107544,1.5999503135681152,3.9991607666015625,0.23288007080554962,0,True
58,0.6972033977508545,0.3377304971218109,0.21875,1.4658596515655518,1.5740888118743896,1.5837018489837646,4.171728610992432,0.21292263269424438,0,True
59,0.7148667573928833,0.31812557578086853,0.21875,1.4800671339035034,1.6431983709335327,1.6535236835479736,4.134857177734375,0.18949896097183228,0,True
60,0.7091005444526672,0.32972192764282227,0.21875,1.463670015335083,1.5673264265060425,1.5774575471878052,2.583874225616455,0.2074565440416336,0,True
61,0.7233985066413879,0.31238698959350586,0.2265625,1.4199788570404053,1.5711933374404907,1.580855131149292,2.9797616004943848,0.20930227637290955,0,True
62,0.7186423540115356,0.3262801766395569,0.234375,1.4148108959197998,1.524778127670288,1.5344107151031494,3.111701726913452,0.19807955622673035,0,True
63,0.7128994464874268,0.3228684663772583,0.2421875,1.3865923881530762,1.522491455078125,1.5316743850708008,2.865837812423706,0.19908033311367035,1,True
64,0.7555280923843384,0.30687636137008667,0.234375,1.4855728149414062,1.6075539588928223,1.6181349754333496,2.90500545501709,0.23638418316841125,0,True
65,0.7420696020126343,0.2884300649166107,0.2578125,1.5111496448516846,1.610276460647583,1.6211429834365845,3.8740713596343994,0.21918457746505737,0,True
66,0.7313958406448364,0.2942013144493103,0.2578125,1.4263582229614258,1.5830423831939697,1.592989444732666,3.1763312816619873,0.251051127910614,0,True
67,0.7319108247756958,0.29410144686698914,0.265625,1.4243117570877075,1.5747724771499634,1.5847418308258057,3.1947097778320312,0.25772902369499207,0,True
68,0.7147815227508545,0.3223007917404175,0.2734375,1.4358314275741577,1.5294175148010254,1.538865566253662,3.0914008617401123,0.24594485759735107,0,True
69,0.7319501638412476,0.29547011852264404,0.2734375,1.47275710105896,1.582995891571045,1.5930551290512085,3.5422043800354004,0.19991056621074677,0,True
70,0.7302722930908203,0.30010026693344116,0.2734375,1.4582639932632446,1.5793778896331787,1.5896302461624146,2.530482053756714,0.22894425690174103,0,True
71,0.7224708795547485,0.3134611248970032,0.2734375,1.4235649108886719,1.5897718667984009,1.5994765758514404,2.999210834503174,0.22698339819908142,0,True
72,0.7022782564163208,0.32297003269195557,0.28125,1.4216690063476562,1.6060669422149658,1.61586594581604,3.767831563949585,0.2145330160856247,0,True
73,0.6762521266937256,0.3428184688091278,0.2890625,1.4117165803909302,1.585181474685669,1.5946756601333618,2.846436023712158,0.20112258195877075,1,True
74,0.7142274379730225,0.31397414207458496,0.28125,1.4532923698425293,1.6530919075012207,1.6635370254516602,2.7516257762908936,0.23318210244178772,1,True
75,0.7012733221054077,0.3253153860569,0.2890625,1.436279535293579,1.5898330211639404,1.5999829769134521,2.6448144912719727,0.20773226022720337,0,True
76,0.6785285472869873,0.3373621702194214,0.3046875,1.3695337772369385,1.5857598781585693,1.595220685005188,2.694180965423584,0.23688551783561707,1,True
77,0.6783302426338196,0.33386045694351196,0.3046875,1.3882133960723877,1.54494047164917,1.554646611213684,2.68865704536438,0.2779530882835388,0,True
78,0.6668246984481812,0.3463532626628876,0.3046875,1.405555009841919,1.5438649654388428,1.553553581237793,3.12678861618042,0.3259166181087494,0,True
79,0.679266095161438,0.34019410610198975,0.3203125,1.475771427154541,1.5854408740997314,1.5958034992218018,3.8770980834960938,0.27195775508880615,0,True
80,0.6772102117538452,0.3378639221191406,0.3203125,1.451115608215332,1.559485912322998,1.5696536302566528,4.222900390625,0.2277037799358368,0,True
81,0.6950440406799316,0.3155224919319153,0.328125,1.400219202041626,1.5957378149032593,1.6056649684906006,3.047887086868286,0.15557090938091278,0,True
82,0.6793226003646851,0.3353345990180969,0.3359375,1.369128942489624,1.5398873090744019,1.5493519306182861,2.8363256454467773,0.1655576229095459,0,True
83,0.6870764493942261,0.3258240222930908,0.359375,1.3857605457305908,1.6093714237213135,1.6191864013671875,2.7064058780670166,0.1546296328306198,0,True
84,0.6862149238586426,0.32718992233276367,0.359375,1.405233383178711,1.5889263153076172,1.5990045070648193,2.4523966312408447,0.15898925065994263,0,True
85,0.7115771770477295,0.30359649658203125,0.3671875,1.42055082321167,1.5957212448120117,1.6062395572662354,2.840082883834839,0.1665845811367035,0,True
86,0.6851822733879089,0.3244992792606354,0.3671875,1.3379032611846924,1.5351037979125977,1.5445191860198975,2.9956917762756348,0.18651726841926575,0,True
87,0.6936247944831848,0.31421583890914917,0.390625,1.396828532218933,1.5953770875930786,1.6052744388580322,2.824671983718872,0.17149953544139862,0,True
88,0.6826450824737549,0.32904523611068726,0.390625,1.4060702323913574,1.5801894664764404,1.5901179313659668,3.539623737335205,0.17364591360092163,0,True
89,0.7019660472869873,0.3105466961860657,0.3984375,1.4412188529968262,1.6323492527008057,1.6428780555725098,3.0391488075256348,0.16983255743980408,0,True
90,0.7092113494873047,0.29773685336112976,0.421875,1.4127378463745117,1.5852352380752563,1.5956299304962158,2.5901002883911133,0.14937958121299744,0,True
91,0.7062244415283203,0.3058920204639435,0.421875,1.3844494819641113,1.5933170318603516,1.603340744972229,2.5029797554016113,0.15928608179092407,0,True
92,0.7159701585769653,0.2977147102355957,0.4375,1.3857035636901855,1.6051692962646484,1.615234136581421,2.6111600399017334,0.1410437673330307,0,True
93,0.7231359481811523,0.2907102704048157,0.453125,1.4101955890655518,1.6100863218307495,1.6204626560211182,2.6538259983062744,0.1488126814365387,0,True
94,0.7122812271118164,0.29834580421447754,0.4609375,1.3866615295410156,1.5737171173095703,1.5836293697357178,2.4704394340515137,0.1432517170906067,0,True
95,0.728955864906311,0.28148239850997925,0.4609375,1.4044034481048584,1.6097080707550049,1.619930386543274,2.520632028579712,0.15716181695461273,0,True
96,0.7142025828361511,0.29521507024765015,0.4765625,1.4088081121444702,1.583465576171875,1.593625783920288,2.7507948875427246,0.13582250475883484,1,True
97,0.725866973400116,0.28980398178100586,0.484375,1.383636236190796,1.5866551399230957,1.5966389179229736,2.5865073204040527,0.14834067225456238,0,True
98,0.7147802710533142,0.3004005253314972,0.484375,1.3897305727005005,1.5396976470947266,1.5497300624847412,2.342881917953491,0.16186930239200592,0,True
99,0.7159228324890137,0.2973986864089966,0.4921875,1.4357271194458008,1.5678398609161377,1.5782833099365234,2.768197774887085,0.18778233230113983,0,True
100,0.7086504697799683,0.2987595200538635,0.515625,1.4497628211975098,1.5623223781585693,1.5727896690368652,2.8362178802490234,0.17818519473075867,0,True
101,0.7029575705528259,0.30917346477508545,0.515625,1.4413261413574219,1.5758562088012695,1.586107850074768,3.009096384048462,0.1464717537164688,0,True
102,0.7419496774673462,0.2713797092437744,0.5390625,1.4933109283447266,1.6802361011505127,1.6913000345230103,3.5494368076324463,0.13068154454231262,1,True
103,0.7449154853820801,0.2658393979072571,0.5390625,1.4110424518585205,1.5896888971328735,1.5999078750610352,2.7066094875335693,0.16568633913993835,0,True
104,0.7542226910591125,0.26300084590911865,0.546875,1.4017976522445679,1.6443698406219482,1.6546099185943604,2.612854242324829,0.14917273819446564,0,True
105,0.7633010149002075,0.2525743842124939,0.5546875,1.478115439414978,1.6152032613754272,1.6258535385131836,2.5328636169433594,0.15330290794372559,0,True
106,0.7468227744102478,0.26180824637413025,0.5546875,1.3787484169006348,1.5354914665222168,1.5449590682983398,2.53432559967041,0.1783633977174759,0,True
107,0.7701102495193481,0.23542606830596924,0.5703125,1.3961189985275269,1.5425618886947632,1.5524120330810547,2.567192316055298,0.1611696481704712,2,True
108,0.7734701633453369,0.24117352068424225,0.5625,1.4255521297454834,1.5387780666351318,1.5491275787353516,2.6443121433258057,0.18584740161895752,0,True
109,0.7538630366325378,0.25927698612213135,0.5625,1.4315764904022217,1.5413568019866943,1.5515308380126953,2.6603293418884277,0.20478186011314392,0,True
110,0.7541450262069702,0.2551567852497101,0.5703125,1.4468863010406494,1.5659927129745483,1.5764367580413818,2.567962169647217,0.22435098886489868,0,True
111,0.7526296973228455,0.25861454010009766,0.578125,1.4393678903579712,1.570810079574585,1.5811944007873535,2.581423044204712,0.21925267577171326,0,True
112,0.7667263150215149,0.24487000703811646,0.578125,1.4519822597503662,1.6249486207962036,1.6356463432312012,2.697863817214966,0.20120477676391602,0,True
113,0.7760725021362305,0.23692826926708221,0.6015625,1.461974024772644,1.629347801208496,1.6402435302734375,2.864229917526245,0.1586795449256897,1,True
114,0.7840403318405151,0.2308371365070343,0.59375,1.4226949214935303,1.6352455615997314,1.6458100080490112,2.8021535873413086,0.15253958106040955,0,True
115,0.7791689038276672,0.23164641857147217,0.6015625,1.3843402862548828,1.6045153141021729,1.6146963834762573,2.857107162475586,0.15064968168735504,0,True
116,0.7986940145492554,0.2098938524723053,0.6015625,1.4172041416168213,1.6056627035140991,1.6160898208618164,2.6079037189483643,0.1614072024822235,0,True
117,0.8039408326148987,0.21088624000549316,0.609375,1.40489661693573,1.540764570236206,1.5509517192840576,2.9958438873291016,0.17487367987632751,0,True
118,0.8167517185211182,0.2017521858215332,0.6171875,1.419835090637207,1.532595157623291,1.5426490306854248,2.746936798095703,0.18578965961933136,0,True
119,0.7941203117370605,0.21513091027736664,0.625,1.4034578800201416,1.5195717811584473,1.5295929908752441,2.814385414123535,0.16425293684005737,0,True
120,0.7887327671051025,0.22277450561523438,0.625,1.4322013854980469,1.572563648223877,1.5828076601028442,2.5731637477874756,0.14768549799919128,0,True
121,0.7984414100646973,0.2149653136730194,0.6328125,1.440800666809082,1.597315788269043,1.607933759689331,2.620218515396118,0.15135371685028076,0,True
122,0.8215974569320679,0.1911863535642624,0.65625,1.4764742851257324,1.6766161918640137,1.6877696514129639,2.798530101776123,0.1325250267982483,0,True
123,0.7967700362205505,0.22077137231826782,0.6640625,1.428056001663208,1.6364061832427979,1.647042989730835,2.5030627250671387,0.14042320847511292,0,True
124,0.8180298805236816,0.19349950551986694,0.6640625,1.4212009906768799,1.6601662635803223,1.6705960035324097,2.530297040939331,0.1355695277452469,0,True
125,0.7931430339813232,0.2169397920370102,0.671875,1.3604134321212769,1.5451314449310303,1.5547512769699097,2.575695037841797,0.11658957600593567,0,True
126,0.8077049255371094,0.2091350257396698,0.6953125,1.3748706579208374,1.5684460401535034,1.5783989429473877,2.7347230911254883,0.1265655755996704,0,True
127,0.8139940500259399,0.2010272592306137,0.734375,1.4164690971374512,1.5311434268951416,1.5413589477539062,2.854506731033325,0.1359473615884781,0,True
128,0.7858648300170898,0.22153858840465546,0.734375,1.3637722730636597,1.537254810333252,1.5469530820846558,2.7705180644989014,0.14465242624282837,0,True
129,0.8029587268829346,0.21060898900032043,0.7421875,1.4553382396697998,1.6283084154129028,1.6390063762664795,2.6916728019714355,0.13101264834403992,0,True
130,0.8086005449295044,0.19968807697296143,0.75,1.4474461078643799,1.6170042753219604,1.627639651298523,2.6067757606506348,0.1362236738204956,0,True
131,0.7885076999664307,0.22424906492233276,0.765625,1.416167140007019,1.6152207851409912,1.6257811784744263,2.6500563621520996,0.14804181456565857,0,True
132,0.8163084983825684,0.19746842980384827,0.7890625,1.4687907695770264,1.6891319751739502,1.700179100036621,2.6076507568359375,0.12435910105705261,0,True
133,0.8057495355606079,0.20776492357254028,0.796875,1.4286789894104004,1.6193368434906006,1.629911184310913,2.5303030014038086,0.1332678198814392,0,True
134,0.8036545515060425,0.2071342170238495,0.8046875,1.3817682266235352,1.6227858066558838,1.6329154968261719,2.4971823692321777,0.11866459250450134,0,True
135,0.7968238592147827,0.21765294671058655,0.8046875,1.3807611465454102,1.55684232711792,1.5667191743850708,2.496833324432373,0.1171010285615921,0,True
136,0.7911182045936584,0.2193041741847992,0.8203125,1.3623963594436646,1.529412031173706,1.5391066074371338,2.647920846939087,0.13383275270462036,0,True
137,0.7917871475219727,0.22284531593322754,0.8359375,1.3903529644012451,1.538637638092041,1.5486222505569458,2.8109869956970215,0.10977594554424286,0,True
138,0.7896944284439087,0.227052703499794,0.84375,1.42537260055542,1.5715872049331665,1.5818846225738525,2.723135471343994,0.1377931535243988,0,True
139,0.8174997568130493,0.1966603845357895,0.84375,1.4481337070465088,1.630096435546875,1.6407279968261719,2.565469264984131,0.15156570076942444,0,True
140,0.8260364532470703,0.19882452487945557,0.84375,1.4279096126556396,1.6106431484222412,1.6211605072021484,2.4875564575195312,0.1394290030002594,0,True
141,0.8320963382720947,0.19195544719696045,0.859375,1.4408677816390991,1.6575450897216797,1.6684370040893555,2.6221017837524414,0.13673478364944458,0,True
142,0.8297958374023438,0.1918734610080719,0.8671875,1.4253859519958496,1.646934151649475,1.657476544380188,2.527193069458008,0.12993204593658447,0,True
143,0.83025062084198,0.19177350401878357,0.8828125,1.414232850074768,1.6305432319641113,1.6410056352615356,2.665820598602295,0.13764473795890808,0,True
144,0.8217558264732361,0.19091179966926575,0.890625,1.3867086172103882,1.5700709819793701,1.5801535844802856,2.6210057735443115,0.12590625882148743,0,True
145,0.807237982749939,0.20505042374134064,0.8984375,1.336720585823059,1.5085389614105225,1.517952561378479,2.396921157836914,0.12384167313575745,0,True
146,0.8217486143112183,0.1937834471464157,0.9140625,1.3861321210861206,1.5369222164154053,1.5469413995742798,2.634117841720581,0.11886658519506454,0,True
147,0.8405700325965881,0.18773773312568665,0.921875,1.430204153060913,1.5428968667984009,1.553419589996338,2.6220247745513916,0.12907272577285767,0,True
148,0.8267644643783569,0.195090651512146,0.921875,1.4144618511199951,1.5460247993469238,1.5563209056854248,2.565258026123047,0.1358766257762909,0,True
149,0.8282020688056946,0.1902828961610794,0.9375,1.45247483253479,1.648877501487732,1.6596765518188477,2.707251787185669,0.13495983183383942,0,True
150,0.8426923751831055,0.17967574298381805,0.9375,1.4782383441925049,1.6742274761199951,1.6853469610214233,2.5542187690734863,0.1308586448431015,0,True
151,0.829020082950592,0.19031885266304016,0.9609375,1.4235808849334717,1.6235419511795044,1.634146809577942,2.6520559787750244,0.13900268077850342,0,True
152,0.8433640599250793,0.1749095618724823,0.9609375,1.4195665121078491,1.6317089796066284,1.6422200202941895,2.646613359451294,0.1298912912607193,0,True
153,0.841261088848114,0.17742617428302765,0.9609375,1.4115959405899048,1.6005280017852783,1.610931396484375,2.4442827701568604,0.1239541694521904,0,True
154,0.8425202965736389,0.17999503016471863,0.9609375,1.408545732498169,1.585526466369629,1.5956954956054688,2.787736177444458,0.1368802785873413,0,True
155,0.8269181847572327,0.18955865502357483,0.9609375,1.363745927810669,1.5339860916137695,1.5437217950820923,2.4752018451690674,0.13776516914367676,0,True
156,0.8045713305473328,0.20999470353126526,0.9609375,1.3956944942474365,1.5643110275268555,1.5742907524108887,2.4822795391082764,0.1475282609462738,0,True
157,0.8432127237319946,0.17693671584129333,0.9609375,1.5044505596160889,1.6644387245178223,1.675693154335022,2.604823589324951,0.12260961532592773,0,True
158,0.8201441764831543,0.19474631547927856,0.9609375,1.4325610399246216,1.595497965812683,1.606041431427002,2.457700252532959,0.12427783757448196,0,True
159,0.8352086544036865,0.18100714683532715,0.9609375,1.4214563369750977,1.6547917127609253,1.665358543395996,2.5032272338867188,0.12638500332832336,0,True
160,0.8267510533332825,0.18581096827983856,0.9609375,1.389140009880066,1.5995652675628662,1.6095961332321167,2.5701942443847656,0.1459876298904419,0,True
161,0.8137768507003784,0.20054012537002563,0.9609375,1.3697665929794312,1.582932710647583,1.5926496982574463,2.570207118988037,0.11545678973197937,0,True
162,0.83925861120224,0.18026623129844666,0.9609375,1.4481427669525146,1.6417391300201416,1.6525664329528809,2.7420949935913086,0.12019822746515274,0,True
163,0.8431963324546814,0.1711168885231018,0.9609375,1.4385392665863037,1.6128507852554321,1.6235260963439941,2.6094911098480225,0.12412818521261215,0,True
164,0.8392243385314941,0.17206668853759766,0.9609375,1.3798868656158447,1.580498456954956,1.5904855728149414,2.559220552444458,0.12361181527376175,0,True
165,0.8407901525497437,0.17655859887599945,0.9609375,1.3454935550689697,1.5442230701446533,1.553745150566101,2.5124220848083496,0.12462732195854187,0,True
166,0.8178929686546326,0.2005976140499115,0.9609375,1.371591329574585,1.545663595199585,1.555440902709961,2.4068968296051025,0.12699216604232788,0,True
167,0.8338596820831299,0.18806645274162292,0.9609375,1.4449987411499023,1.5996304750442505,1.6101508140563965,2.5327186584472656,0.12301626056432724,0,True
168,0.8361716270446777,0.18204787373542786,0.96875,1.4434027671813965,1.617140293121338,1.6278178691864014,2.6095480918884277,0.12212864309549332,0,True
169,0.8406997919082642,0.179253488779068,0.96875,1.4387483596801758,1.6372488737106323,1.6480255126953125,2.6207151412963867,0.11867670714855194,0,True
170,0.8171281814575195,0.19804924726486206,0.96875,1.3832690715789795,1.6111549139022827,1.6212797164916992,2.655299663543701,0.13116881251335144,0,True
171,0.8188275098800659,0.19543054699897766,0.9765625,1.4069749116897583,1.635796070098877,1.646115779876709,2.4793167114257812,0.12271242588758469,0,True
172,0.8259243965148926,0.19404727220535278,0.9765625,1.4195170402526855,1.6157503128051758,1.6263113021850586,2.762796401977539,0.11200763285160065,0,True
173,0.8270416259765625,0.18947431445121765,0.9765625,1.4107600450515747,1.5952439308166504,1.605639934539795,3.0174710750579834,0.12010838836431503,0,True
174,0.8267045617103577,0.18381261825561523,0.9765625,1.3897297382354736,1.5625503063201904,1.572608470916748,2.712911605834961,0.12490600347518921,0,True
175,0.8063808679580688,0.2042459398508072,0.9765625,1.3789000511169434,1.543567180633545,1.5534523725509644,2.5481679439544678,0.14004050195217133,0,True
176,0.818644642829895,0.1994941234588623,0.9765625,1.4246180057525635,1.6100609302520752,1.6205103397369385,2.6041011810302734,0.1415361762046814,0,True
177,0.8147441148757935,0.19685521721839905,0.9765625,1.462730884552002,1.6390256881713867,1.6499814987182617,2.753096103668213,0.12322044372558594,0,True
178,0.8301202058792114,0.1896681785583496,0.9765625,1.4673078060150146,1.682413101196289,1.6934633255004883,2.624289035797119,0.1320318579673767,0,True
179,0.8271352052688599,0.18875405192375183,0.9765625,1.4322808980941772,1.649906873703003,1.6606149673461914,2.4648187160491943,0.12589773535728455,0,True
180,0.8384496569633484,0.17081210017204285,0.9765625,1.4131073951721191,1.659554123878479,1.6700453758239746,2.8400049209594727,0.12961840629577637,0,True
181,0.830781102180481,0.18619951605796814,0.9765625,1.3785386085510254,1.5658169984817505,1.5758910179138184,2.607240676879883,0.11535489559173584,0,True
182,0.8227254152297974,0.19123584032058716,0.9765625,1.3719221353530884,1.5609407424926758,1.5708214044570923,2.686833620071411,0.13912631571292877,0,True
183,0.8287011981010437,0.18904617428779602,0.9765625,1.4023802280426025,1.549108624458313,1.559289813041687,2.555187940597534,0.12835709750652313,0,True
184,0.8237187266349792,0.19321325421333313,0.9765625,1.3725993633270264,1.5174174308776855,1.5272318124771118,2.624560832977295,0.133343905210495,0,True
185,0.8163408041000366,0.19373320043087006,0.9765625,1.3953896760940552,1.5499173402786255,1.5600254535675049,2.6523540019989014,0.1345408856868744,0,True
186,0.8327564001083374,0.18817315995693207,0.9765625,1.4473857879638672,1.617307186126709,1.628112554550171,2.479358434677124,0.12277553975582123,0,True
187,0.8199001550674438,0.198131263256073,0.9765625,1.4287922382354736,1.612137794494629,1.622775912284851,2.592130661010742,0.1346728652715683,0,True
188,0.8213735818862915,0.1996689885854721,0.9765625,1.457169771194458,1.6666617393493652,1.6775391101837158,2.757012367248535,0.12470512092113495,0,True
189,0.8130836486816406,0.20349964499473572,0.9765625,1.444791316986084,1.6358067989349365,1.6463642120361328,2.6012392044067383,0.13758832216262817,0,True
190,0.8153023719787598,0.2017783224582672,0.9765625,1.4144428968429565,1.6653385162353516,1.675723910331726,2.652200937271118,0.10891405493021011,0,True
191,0.8122169971466064,0.2060631662607193,0.9765625,1.403626799583435,1.5911753177642822,1.60140061378479,2.713433265686035,0.11451039463281631,0,True
192,0.8111339807510376,0.2067837417125702,0.9765625,1.4037679433822632,1.5852112770080566,1.5954232215881348,2.4609954357147217,0.11987646669149399,0,True
193,0.8058763742446899,0.2164466828107834,0.9765625,1.3818938732147217,1.5337228775024414,1.5434892177581787,2.5832669734954834,0.11738569289445877,0,True
194,0.7927120923995972,0.21285495162010193,0.984375,1.3987362384796143,1.5705184936523438,1.58046293258667,2.7022464275360107,0.12663647532463074,0,True
195,0.8062648773193359,0.20897094905376434,0.984375,1.4328691959381104,1.6225930452346802,1.633188247680664,2.4139628410339355,0.12533387541770935,0,True
196,0.811477541923523,0.20405718684196472,0.984375,1.4354723691940308,1.6090853214263916,1.619674801826477,2.7499544620513916,0.1272236853837967,0,True
197,0.814059853553772,0.20180070400238037,0.984375,1.410803198814392,1.5926953554153442,1.6032078266143799,2.7436416149139404,0.13213708996772766,0,True
198,0.8169358372688293,0.1986311376094818,0.984375,1.3952909708023071,1.610617756843567,1.6209460496902466,2.5440521240234375,0.1033429503440857,0,True
199,0.8180432319641113,0.1955423802137375,0.984375,1.4073212146759033,1.6135070323944092,1.6237452030181885,2.7464439868927,0.13042905926704407,0,True
200,0.8141584396362305,0.19789022207260132,0.984375,1.415052890777588,1.619605541229248,1.6299879550933838,2.5777876377105713,0.12789541482925415,0,True
201,0.8213729858398438,0.18925155699253082,0.984375,1.4022231101989746,1.6032285690307617,1.6136151552200317,2.5525331497192383,0.12830981612205505,0,True
202,0.8334628939628601,0.1782991588115692,0.984375,1.4106553792953491,1.5868034362792969,1.597111463546753,2.712362051010132,0.11369135975837708,0,True
203,0.8283135294914246,0.1876402497291565,0.984375,1.4010564088821411,1.5660254955291748,1.5762028694152832,2.765061616897583,0.1337135136127472,0,True
204,0.8286703824996948,0.17952710390090942,0.984375,1.4123691320419312,1.5784263610839844,1.5886566638946533,2.5997374057769775,0.1253020018339157,0,True
205,0.8417835235595703,0.17669841647148132,0.984375,1.4279488325119019,1.5998249053955078,1.6103239059448242,2.604923725128174,0.11419698596000671,0,True
206,0.8228427171707153,0.19300290942192078,0.984375,1.4099220037460327,1.5591124296188354,1.5693330764770508,2.384618043899536,0.14582769572734833,0,True
207,0.8453562259674072,0.17273035645484924,0.984375,1.434213638305664,1.6219241619110107,1.6325750350952148,2.8027560710906982,0.13789676129817963,0,True
208,0.8365063667297363,0.17881150543689728,0.984375,1.4208520650863647,1.6006195545196533,1.6111512184143066,2.7712738513946533,0.13801255822181702,0,True
209,0.8373270034790039,0.18810203671455383,0.984375,1.4230988025665283,1.617034673690796,1.6275737285614014,2.6260693073272705,0.13923174142837524,0,True
210,0.8298521637916565,0.18964309990406036,0.984375,1.4235864877700806,1.627427577972412,1.6380122900009155,2.5778090953826904,0.12166765332221985,0,True
211,0.8474180698394775,0.18185624480247498,0.984375,1.4698615074157715,1.6530637741088867,1.6640057563781738,2.652629852294922,0.10738970339298248,0,True
212,0.8411719799041748,0.18088512122631073,0.984375,1.4110188484191895,1.5978785753250122,1.608247995376587,2.6126577854156494,0.12278030067682266,0,True
213,0.837861180305481,0.1827869862318039,0.984375,1.390383243560791,1.6059608459472656,1.6161582469940186,2.5340497493743896,0.1389101892709732,0,True
214,0.8275042176246643,0.18592718243598938,0.984375,1.3856995105743408,1.598630428314209,1.6086808443069458,2.3836326599121094,0.12833479046821594,0,True
215,0.8349149227142334,0.18407031893730164,0.984375,1.4086761474609375,1.5720148086547852,1.5822737216949463,2.6554923057556152,0.11698085069656372,0,True
216,0.8104612827301025,0.2076098769903183,0.9921875,1.3826587200164795,1.5386805534362793,1.5485275983810425,2.6596453189849854,0.11750870943069458,0,True
217,0.8297913074493408,0.19057662785053253,0.9921875,1.4344935417175293,1.6210540533065796,1.6315746307373047,2.595757484436035,0.1317472904920578,0,True
218,0.8408505320549011,0.18286100029945374,0.9921875,1.4419069290161133,1.6190154552459717,1.629676342010498,2.531559944152832,0.1263098120689392,0,True
219,0.8285919427871704,0.19098082184791565,0.9921875,1.3955199718475342,1.608834981918335,1.619058609008789,2.4924628734588623,0.1122519001364708,0,True
220,0.8364945650100708,0.18652139604091644,0.9921875,1.4286062717437744,1.6389976739883423,1.6495845317840576,2.5926430225372314,0.1191428154706955,0,True
221,0.8343213796615601,0.18455323576927185,0.9921875,1.4233367443084717,1.6236670017242432,1.6342270374298096,2.542597532272339,0.12861257791519165,0,True
222,0.8284974098205566,0.18866971135139465,0.9921875,1.3964192867279053,1.5956196784973145,1.6055814027786255,2.4790334701538086,0.12491908669471741,0,True
223,0.844202995300293,0.17722724378108978,0.9921875,1.405182957649231,1.6136822700500488,1.6240001916885376,2.68180251121521,0.1330091804265976,0,True
224,0.8397507667541504,0.17653000354766846,0.9921875,1.407576084136963,1.5693303346633911,1.5795464515686035,2.6134252548217773,0.11740688234567642,0,True
225,0.818901002407074,0.1934729516506195,0.9921875,1.3704602718353271,1.532684564590454,1.5425300598144531,2.611128330230713,0.10454875230789185,0,True
226,0.8150428533554077,0.20049363374710083,1.0,1.3949522972106934,1.5626599788665771,1.5727370977401733,2.6809470653533936,0.10894951224327087,0,True
227,0.8161784410476685,0.20174932479858398,1.0,1.4069679975509644,1.596721887588501,1.6071817874908447,2.4960134029388428,0.12180206179618835,0,True
228,0.7988640666007996,0.21439969539642334,1.0,1.4198917150497437,1.5921337604522705,1.6026277542114258,2.6872007846832275,0.12339556217193604,0,True
229,0.832074761390686,0.1846156120300293,1.0,1.453263521194458,1.669811725616455,1.680872917175293,2.7348673343658447,0.11996403336524963,0,True
230,0.8282078504562378,0.18837741017341614,1.0,1.4400607347488403,1.6214255094528198,1.632378339767456,2.6716296672821045,0.11819639056921005,0,True
231,0.8128825426101685,0.19709771871566772,1.0,1.4014952182769775,1.61837637424469,1.6286814212799072,2.7812612056732178,0.12818807363510132,0,True
232,0.8316677808761597,0.18775838613510132,1.0,1.4338483810424805,1.6278650760650635,1.6385116577148438,2.826866388320923,0.12606963515281677,0,True
233,0.8319059610366821,0.18765607476234436,1.0,1.4266753196716309,1.577315330505371,1.5877779722213745,2.549318313598633,0.14431357383728027,0,True
234,0.8343737125396729,0.18434853851795197,1.0,1.4184025526046753,1.586127519607544,1.5965101718902588,2.5518133640289307,0.1287297159433365,0,True
235,0.8255116939544678,0.1908930093050003,1.0,1.3994032144546509,1.5539087057113647,1.5640674829483032,2.6929657459259033,0.11849150061607361,0,True
236,0.8343151211738586,0.1874510496854782,1.0,1.4126439094543457,1.5931034088134766,1.603394627571106,2.687265396118164,0.12886939942836761,0,True
237,0.82593834400177,0.1865302324295044,1.0,1.4288220405578613,1.588037133216858,1.5985506772994995,2.696032762527466,0.14376720786094666,0,True
238,0.8275117874145508,0.18762904405593872,1.0,1.4536410570144653,1.6218491792678833,1.6325535774230957,2.6613452434539795,0.13138970732688904,0,True
239,0.84735107421875,0.1672099083662033,1.0,1.4625670909881592,1.6639776229858398,1.6750692129135132,2.758612871170044,0.12406545132398605,0,True
240,0.8393028974533081,0.1762467324733734,1.0,1.4117496013641357,1.6056609153747559,1.616198182106018,2.4990274906158447,0.1238408088684082,0,True
241,0.8299268484115601,0.18751078844070435,1.0,1.4012157917022705,1.6049118041992188,1.6150932312011719,2.605771541595459,0.11388534307479858,0,True
242,0.8303446173667908,0.18545079231262207,1.0,1.397625207901001,1.5888276100158691,1.5987775325775146,2.677621364593506,0.13027989864349365,0,True
243,0.8465430736541748,0.17316892743110657,1.0,1.407849669456482,1.5796682834625244,1.5898383855819702,2.6061697006225586,0.10601256787776947,0,True
244,0.8467063903808594,0.16682684421539307,1.0,1.4137071371078491,1.5637046098709106,1.5740609169006348,2.7789313793182373,0.12242232263088226,0,True
245,0.8377257585525513,0.17965741455554962,1.0,1.411218523979187,1.5553808212280273,1.5656267404556274,2.7477240562438965,0.12759427726268768,0,True
246,0.8211500644683838,0.19862237572669983,1.0,1.40272855758667,1.584540605545044,1.5947606563568115,2.6789820194244385,0.12713395059108734,0,True
247,0.8458154201507568,0.17030775547027588,1.0,1.456737756729126,1.671856164932251,1.6828882694244385,2.584867477416992,0.12338900566101074,0,True
248,0.8595011234283447,0.1649399697780609,1.0,1.466782808303833,1.6681585311889648,1.6793665885925293,2.463243007659912,0.13250732421875,0,True
249,0.8452051281929016,0.17489930987358093,1.0,1.4167667627334595,1.6275211572647095,1.638155460357666,2.7421514987945557,0.123032346367836,0,True
250,0.837173342704773,0.18271854519844055,1.0,1.387331485748291,1.6083238124847412,1.6184883117675781,2.7506608963012695,0.13718338310718536,0,True
251,0.8348064422607422,0.18552137911319733,1.0,1.3999968767166138,1.5659420490264893,1.575987696647644,2.618156909942627,0.13558107614517212,0,True
252,0.8337396383285522,0.18148179352283478,1.0,1.396214246749878,1.5418624877929688,1.5518231391906738,2.7421116828918457,0.12606677412986755,0,True
253,0.842563271522522,0.17231303453445435,1.0,1.4086863994598389,1.5589919090270996,1.5692138671875,2.4958183765411377,0.13118445873260498,0,True
254,0.8413968086242676,0.17279773950576782,1.0,1.4186571836471558,1.571777582168579,1.5822559595108032,2.6978960037231445,0.12526720762252808,0,True
255,0.8250879049301147,0.18846246600151062,1.0,1.4164210557937622,1.5888185501098633,1.599247932434082,2.550163507461548,0.13618671894073486,0,True
256,0.8362615704536438,0.17835745215415955,1.0,1.45558762550354,1.6657695770263672,1.6767613887786865,2.9008994102478027,0.10826978087425232,0,True
257,0.8507629632949829,0.16598036885261536,1.0,1.4687587022781372,1.6777338981628418,1.6888694763183594,2.580533742904663,0.12733040750026703,0,True
258,0.8352242708206177,0.18300721049308777,1.0,1.378650426864624,1.6010006666183472,1.6111359596252441,2.7599380016326904,0.12637090682983398,0,True
259,0.8340013027191162,0.18026015162467957,1.0,1.358867883682251,1.5984749794006348,1.6083776950836182,2.505028009414673,0.12374082952737808,0,True
260,0.8350279331207275,0.1881771683692932,1.0,1.4046376943588257,1.5964264869689941,1.6067132949829102,2.445207118988037,0.11749103665351868,0,True
261,0.8371763825416565,0.18598225712776184,1.0,1.4117265939712524,1.5711150169372559,1.581333875656128,2.6407697200775146,0.12910957634449005,0,True
262,0.8319841623306274,0.18603400886058807,1.0,1.40730881690979,1.5478768348693848,1.5580464601516724,2.634566307067871,0.1332506537437439,0,True
263,0.8405712842941284,0.17937923967838287,1.0,1.4042057991027832,1.5636372566223145,1.5738588571548462,2.564058780670166,0.12154616415500641,0,True
264,0.8369048237800598,0.18221506476402283,1.0,1.4105108976364136,1.5478453636169434,1.558130145072937,2.5243985652923584,0.12402603775262833,0,True
265,0.8349027633666992,0.1823517084121704,1.0,1.4409465789794922,1.6207191944122314,1.6314362287521362,2.6119132041931152,0.13675197958946228,0,True
266,0.8421857357025146,0.17853513360023499,1.0,1.479048728942871,1.6601053476333618,1.6712825298309326,2.584211826324463,0.13421688973903656,0,True
267,0.8714708089828491,0.15301716327667236,1.0,1.490217924118042,1.6962285041809082,1.7076942920684814,2.6123225688934326,0.1379854679107666,0,True
268,0.8501845598220825,0.16452917456626892,1.0,1.3839598894119263,1.5992112159729004,1.609454870223999,2.560009479522705,0.13542434573173523,0,True
269,0.8468453884124756,0.1613321602344513,1.0,1.361525058746338,1.6166123151779175,1.6264760494232178,2.4295313358306885,0.11990024149417877,0,True
270,0.8513953685760498,0.1674748659133911,1.0,1.3808987140655518,1.5674529075622559,1.5773605108261108,2.5884156227111816,0.10860703885555267,0,True
271,0.8579733967781067,0.15900155901908875,1.0,1.3950579166412354,1.5671358108520508,1.577181100845337,2.5064749717712402,0.11671894043684006,0,True
272,0.8414303064346313,0.1767062097787857,1.0,1.3585333824157715,1.5288975238800049,1.5385496616363525,2.54697322845459,0.12957417964935303,0,True
273,0.8418523073196411,0.18016928434371948,1.0,1.4018816947937012,1.597769856452942,1.6078829765319824,2.389007568359375,0.12665294110774994,0,True
274,0.8344616889953613,0.1804698258638382,1.0,1.4432756900787354,1.612924337387085,1.623626947402954,2.631990671157837,0.11258303374052048,0,True
275,0.8290597200393677,0.1882859468460083,1.0,1.4138678312301636,1.6176038980484009,1.627959966659546,2.604249954223633,0.12310372292995453,0,True
276,0.8318490386009216,0.187301903963089,1.0,1.4208276271820068,1.6224968433380127,1.633105993270874,2.5477237701416016,0.133350670337677,0,True
277,0.8409923315048218,0.17261925339698792,1.0,1.413076639175415,1.6217910051345825,1.6324872970581055,2.4858922958374023,0.12079253792762756,0,True
278,0.8223569393157959,0.189248725771904,1.0,1.3697693347930908,1.5883204936981201,1.5983558893203735,2.444673776626587,0.11987832188606262,0,True
279,0.8096175193786621,0.20602869987487793,1.0,1.39554762840271,1.6102571487426758,1.620530366897583,2.74166202545166,0.13268551230430603,0,True
280,0.824642539024353,0.1961948424577713,1.0,1.4402832984924316,1.5919060707092285,1.6023792028427124,2.741201400756836,0.12520158290863037,0,True
281,0.8173238039016724,0.1967017948627472,1.0,1.3769265413284302,1.5336030721664429,1.5435205698013306,2.651672124862671,0.11968649178743362,0,True
282,0.8147733211517334,0.1989966630935669,1.0,1.3860350847244263,1.542921543121338,1.5530720949172974,2.709634304046631,0.11950316280126572,0,True
283,0.8183085918426514,0.19349807500839233,1.0,1.4433821439743042,1.6363798379898071,1.6470845937728882,2.631629705429077,0.11227573454380035,0,True
284,0.8148815631866455,0.20535585284233093,1.0,1.4352840185165405,1.628036618232727,1.6386221647262573,2.654456853866577,0.13322170078754425,0,True
285,0.8157869577407837,0.20586813986301422,1.0,1.43528151512146,1.6523122787475586,1.6631710529327393,2.6513514518737793,0.12242060899734497,0,True
286,0.8262639045715332,0.20050549507141113,1.0,1.4638797044754028,1.688839077949524,1.6999759674072266,2.725781202316284,0.1292993128299713,0,True
287,0.8130689263343811,0.19770614802837372,1.0,1.3915616273880005,1.604262113571167,1.6145468950271606,2.828260660171509,0.14877375960350037,0,True
288,0.8028327226638794,0.20801237225532532,1.0,1.3441531658172607,1.5696529150009155,1.5790753364562988,2.582597494125366,0.12746715545654297,0,True
289,0.813136100769043,0.19793304800987244,1.0,1.3704639673233032,1.5663485527038574,1.576123833656311,2.5027410984039307,0.12858299911022186,0,True
290,0.8113613724708557,0.20283985137939453,1.0,1.418562412261963,1.557715892791748,1.5679477453231812,2.6724042892456055,0.12940607964992523,0,True
291,0.8347362279891968,0.17587444186210632,1.0,1.411652684211731,1.593195915222168,1.6035549640655518,2.707515239715576,0.13811975717544556,0,True
292,0.8199954032897949,0.19736510515213013,1.0,1.4080253839492798,1.5713741779327393,1.5815794467926025,2.575605869293213,0.1283014714717865,0,True
293,0.8105597496032715,0.20559990406036377,1.0,1.4076323509216309,1.6316344738006592,1.6419410705566406,2.6141250133514404,0.1294296234846115,0,True
294,0.8158755898475647,0.2036241888999939,1.0,1.4251409769058228,1.6334949731826782,1.6440536975860596,2.5928640365600586,0.12936818599700928,0,True
295,0.8386325836181641,0.19648024439811707,1.0,1.4424059391021729,1.6578850746154785,1.6686749458312988,2.6500396728515625,0.1262061595916748,0,True
296,0.8315713405609131,0.19795119762420654,1.0,1.3852739334106445,1.61445951461792,1.6249102354049683,2.5062661170959473,0.12534376978874207,0,True
297,0.8313021659851074,0.19005726277828217,1.0,1.3777763843536377,1.6056365966796875,1.615767240524292,2.5356638431549072,0.12650485336780548,0,True
298,0.816085934638977,0.1934506595134735,1.0,1.3615113496780396,1.5557680130004883,1.5655632019042969,2.8696494102478027,0.13223432004451752,0,True
299,0.8181108236312866,0.19953224062919617,1.0,1.4099345207214355,1.557117223739624,1.567270040512085,2.6246321201324463,0.1364084929227829,0,True
300,0.8337454795837402,0.18702630698680878,1.0,1.4275407791137695,1.5509657859802246,1.5613267421722412,2.5985419750213623,0.1302773654460907,0,True
301,0.8334051370620728,0.18176479637622833,1.0,1.4136909246444702,1.55232834815979,1.5626273155212402,2.602532148361206,0.1315038502216339,0,True
302,0.840154767036438,0.17739585041999817,1.0,1.395702838897705,1.5924413204193115,1.6026053428649902,2.575428009033203,0.12852831184864044,0,True
303,0.8102466464042664,0.20778867602348328,1.0,1.3889577388763428,1.5655523538589478,1.5755043029785156,2.6789419651031494,0.1187942773103714,0,True
304,0.802862286567688,0.21391481161117554,1.0,1.449336051940918,1.6681749820709229,1.6789007186889648,2.6793906688690186,0.11754199117422104,0,True
305,0.8257051706314087,0.1941385716199875,1.0,1.485746145248413,1.6824983358383179,1.6938056945800781,2.751145362854004,0.12235808372497559,0,True
306,0.8285311460494995,0.19138716161251068,1.0,1.4267760515213013,1.6180639266967773,1.6288267374038696,2.5710690021514893,0.12414348125457764,0,True
307,0.8269988298416138,0.18954239785671234,1.0,1.3728972673416138,1.6059097051620483,1.6160306930541992,2.711320638656616,0.11888885498046875,0,True
308,0.8275352716445923,0.19036774337291718,1.0,1.3768811225891113,1.6069400310516357,1.6169219017028809,2.617957592010498,0.12195110321044922,0,True
309,0.8306707143783569,0.18924197554588318,1.0,1.4004281759262085,1.585698127746582,1.595729112625122,2.6969919204711914,0.13055011630058289,0,True
310,0.8217113614082336,0.19753506779670715,1.0,1.4243087768554688,1.544646978378296,1.5551429986953735,2.676518678665161,0.1393885463476181,0,True
311,0.8051260709762573,0.2085685133934021,1.0,1.4186493158340454,1.571153163909912,1.5815784931182861,2.587498426437378,0.1267375349998474,0,True
312,0.8318291902542114,0.18219268321990967,1.0,1.4635155200958252,1.6628377437591553,1.6738219261169434,2.550750970840454,0.13490094244480133,0,True
313,0.808985710144043,0.2009689211845398,1.0,1.4123225212097168,1.5951595306396484,1.6055631637573242,2.512413263320923,0.1357213258743286,0,True
314,0.8159365653991699,0.20421531796455383,1.0,1.415062665939331,1.6447032690048218,1.655125379562378,2.510061264038086,0.12380033731460571,0,True
315,0.8202827572822571,0.20026147365570068,1.0,1.438643217086792,1.644256830215454,1.655081868171692,2.620971202850342,0.14226967096328735,0,True
316,0.8277648687362671,0.18644466996192932,1.0,1.4407274723052979,1.634995698928833,1.645648717880249,2.535327911376953,0.12252543121576309,0,True
317,0.8239873647689819,0.18545503914356232,1.0,1.3949413299560547,1.5821155309677124,1.5924267768859863,2.549504518508911,0.13558024168014526,0,True
318,0.8261698484420776,0.1895046979188919,1.0,1.396598219871521,1.5952790975570679,1.605355978012085,2.8586041927337646,0.11335757374763489,0,True
319,0.8364538550376892,0.18361854553222656,1.0,1.4123132228851318,1.5811665058135986,1.5915050506591797,2.5729987621307373,0.12467609345912933,0,True
320,0.8521448969841003,0.16603218019008636,1.0,1.4117374420166016,1.576540231704712,1.5868879556655884,2.523374080657959,0.14288386702537537,0,True
321,0.8411248922348022,0.18217536807060242,1.0,1.3838828802108765,1.5238525867462158,1.5337550640106201,2.639341115951538,0.14318592846393585,0,True
322,0.8348234295845032,0.18029074370861053,1.0,1.3891363143920898,1.58927583694458,1.5992896556854248,2.4315781593322754,0.11171302199363708,0,True
323,0.8603146076202393,0.1697748601436615,1.0,1.466137409210205,1.6689112186431885,1.6800336837768555,2.536027431488037,0.1361495554447174,0,True
324,0.8329991102218628,0.18471167981624603,1.0,1.4382178783416748,1.6204543113708496,1.6310703754425049,2.3442869186401367,0.15071427822113037,0,True
325,0.8602443933486938,0.17235039174556732,1.0,1.4505809545516968,1.671881914138794,1.6826863288879395,2.547574996948242,0.12193703651428223,0,True
326,0.8484646081924438,0.17290404438972473,1.0,1.387083888053894,1.5877795219421387,1.5979089736938477,2.405048131942749,0.1382082849740982,0,True
327,0.8455443382263184,0.17228278517723083,1.0,1.3823611736297607,1.6055676937103271,1.6155774593353271,2.5389630794525146,0.12897442281246185,0,True
328,0.8495314717292786,0.17911076545715332,1.0,1.405817985534668,1.5671724081039429,1.5774075984954834,2.646306276321411,0.11767643690109253,0,True
329,0.8641571998596191,0.16047444939613342,1.0,1.4535512924194336,1.5793774127960205,1.5900218486785889,2.793452739715576,0.12673455476760864,0,True
330,0.836939811706543,0.18386518955230713,1.0,1.378369927406311,1.5108866691589355,1.5207819938659668,2.5958445072174072,0.13360750675201416,0,True
331,0.8563716411590576,0.1673334538936615,1.0,1.400086522102356,1.6005761623382568,1.6105968952178955,2.4176788330078125,0.11502929776906967,0,True
332,0.8522881269454956,0.1811244785785675,1.0,1.4330103397369385,1.5892395973205566,1.5996356010437012,2.454357624053955,0.1351078450679779,0,True
333,0.8397875428199768,0.19068686664104462,1.0,1.4297066926956177,1.6341919898986816,1.6447196006774902,2.6953468322753906,0.11745225638151169,0,True
334,0.8730162382125854,0.16419756412506104,1.0,1.5001201629638672,1.680320143699646,1.6916183233261108,2.6456737518310547,0.11831322312355042,0,True
335,0.8667325377464294,0.16482038795948029,1.0,1.427915334701538,1.643280029296875,1.6539967060089111,2.4924213886260986,0.13515505194664001,0,True
336,0.86070716381073,0.16570733487606049,1.0,1.3706302642822266,1.6145529747009277,1.6245895624160767,2.573211669921875,0.1293593794107437,0,True
337,0.8413956761360168,0.17915725708007812,1.0,1.3576045036315918,1.555538535118103,1.5651661157608032,2.57974910736084,0.14217469096183777,0,True
338,0.8623685836791992,0.16105219721794128,1.0,1.4211008548736572,1.5991177558898926,1.609476089477539,2.7736129760742188,0.12253475189208984,0,True
339,0.8593628406524658,0.17278645932674408,1.0,1.4188423156738281,1.542970895767212,1.553273320198059,2.769711494445801,0.13215267658233643,0,True
340,0.8451420068740845,0.1699281930923462,1.0,1.3981678485870361,1.557571530342102,1.5676484107971191,2.600715160369873,0.11667325347661972,0,True
341,0.8521102070808411,0.17392459511756897,1.0,1.40177321434021,1.575833797454834,1.5858197212219238,2.688580274581909,0.1330486238002777,0,True
342,0.8476628065109253,0.17444530129432678,1.0,1.425353765487671,1.6021919250488281,1.6124253273010254,2.526822566986084,0.13985589146614075,0,True
343,0.8285627961158752,0.1887655258178711,1.0,1.4232947826385498,1.6164519786834717,1.6267768144607544,2.7577428817749023,0.13157367706298828,0,True
344,0.8817853331565857,0.16196303069591522,1.0,1.5408873558044434,1.7454521656036377,1.7572712898254395,2.704240083694458,0.13056771457195282,0,True
345,0.8619295954704285,0.17474530637264252,1.0,1.445119857788086,1.6352500915527344,1.6462182998657227,2.61275053024292,0.11953005194664001,0,True
346,0.8563604354858398,0.17612811923027039,1.0,1.37276029586792,1.6236357688903809,1.633780837059021,2.6229207515716553,0.1186516284942627,0,True
347,0.8568218350410461,0.1669764518737793,1.0,1.3614351749420166,1.5762763023376465,1.5860364437103271,2.7599852085113525,0.12619024515151978,0,True
348,0.8442530632019043,0.1903049647808075,1.0,1.3794900178909302,1.5443406105041504,1.5542266368865967,2.4063267707824707,0.14561384916305542,0,True
349,0.8628446459770203,0.17819884419441223,1.0,1.4247894287109375,1.5873875617980957,1.5979613065719604,2.6275901794433594,0.11421949416399002,0,True
350,0.8628256320953369,0.17501762509346008,1.0,1.4098966121673584,1.5144598484039307,1.5246005058288574,2.6651291847229004,0.14579501748085022,0,True
351,0.8684704303741455,0.17267973721027374,1.0,1.396543264389038,1.589958667755127,1.6001542806625366,2.6808226108551025,0.11670117825269699,0,True
352,0.8512540459632874,0.1802612692117691,1.0,1.4287357330322266,1.6021232604980469,1.6126816272735596,2.630831241607666,0.12301449477672577,0,True
353,0.8470818400382996,0.177435040473938,1.0,1.4585461616516113,1.6725170612335205,1.6835135221481323,2.638779640197754,0.12794366478919983,0,True
354,0.8603538870811462,0.17107738554477692,1.0,1.4713211059570312,1.6752089262008667,1.6864256858825684,2.507838726043701,0.13792389631271362,0,True
355,0.8645821809768677,0.17105655372142792,1.0,1.4613491296768188,1.666264533996582,1.6770870685577393,2.6649398803710938,0.12910906970500946,0,True
356,0.8470790982246399,0.17798349261283875,1.0,1.3775465488433838,1.6092606782913208,1.619301199913025,2.575950860977173,0.10807151347398758,0,True
357,0.8546676635742188,0.16098788380622864,1.0,1.3711727857589722,1.5769368410110474,1.586843729019165,2.637211322784424,0.11200343817472458,0,True
358,0.8498041033744812,0.16958510875701904,1.0,1.3809744119644165,1.5527052879333496,1.5626752376556396,2.6256489753723145,0.11523473262786865,0,True
359,0.8415096402168274,0.17970773577690125,1.0,1.4017131328582764,1.5430257320404053,1.5530980825424194,2.6857640743255615,0.12183182686567307,0,True
360,0.8599042892456055,0.16312775015830994,1.0,1.4613354206085205,1.6144853830337524,1.6253217458724976,2.7364890575408936,0.10271702706813812,0,True
361,0.8595094680786133,0.16271427273750305,1.0,1.432461142539978,1.5888590812683105,1.5992705821990967,2.7348012924194336,0.1282646805047989,0,True
362,0.8471156358718872,0.16958151757717133,1.0,1.3830351829528809,1.578404426574707,1.5883283615112305,2.4606454372406006,0.12044017016887665,0,True
363,0.8598282337188721,0.16630277037620544,1.0,1.3935210704803467,1.6101194620132446,1.620323657989502,2.565905809402466,0.13451211154460907,0,True
364,0.8522881269454956,0.17667712271213531,1.0,1.428324818611145,1.6129863262176514,1.6235331296920776,2.524000883102417,0.1334059238433838,0,True
365,0.8676093816757202,0.1663663387298584,1.0,1.427533745765686,1.6332859992980957,1.643826961517334,2.8299360275268555,0.137539803981781,0,True
366,0.8607460260391235,0.16957585513591766,1.0,1.4127256870269775,1.6150836944580078,1.625489592552185,2.597787380218506,0.13185060024261475,0,True
367,0.8773034811019897,0.16094177961349487,1.0,1.4213852882385254,1.64805006980896,1.65855073928833,2.770601272583008,0.1277349889278412,0,True
368,0.8763068914413452,0.16133971512317657,1.0,1.390787124633789,1.6016900539398193,1.6118603944778442,2.742246627807617,0.12839388847351074,0,True
369,0.8754521608352661,0.16176994144916534,1.0,1.379251480102539,1.5466654300689697,1.5562938451766968,2.3299503326416016,0.13048560917377472,0,True
370,0.8655763268470764,0.16933536529541016,1.0,1.355522871017456,1.5192208290100098,1.5288188457489014,2.557986259460449,0.12188536673784256,0,True
371,0.861359715461731,0.17360323667526245,1.0,1.4190177917480469,1.5603735446929932,1.570582628250122,2.514709949493408,0.11706038564443588,0,True
372,0.8836396932601929,0.163308784365654,1.0,1.4897804260253906,1.6383757591247559,1.6494858264923096,2.691232919692993,0.12118656933307648,0,True
373,0.8731619715690613,0.15376847982406616,1.0,1.4407014846801758,1.5942710638046265,1.604796290397644,2.6117947101593018,0.12413886934518814,0,True
374,0.8463032245635986,0.1884320080280304,1.0,1.3872594833374023,1.5685334205627441,1.5784521102905273,2.721365213394165,0.13617919385433197,0,True
375,0.8414821624755859,0.17978690564632416,1.0,1.4152977466583252,1.6195287704467773,1.6297423839569092,2.6632070541381836,0.1450423300266266,0,True
376,0.8546874523162842,0.17521795630455017,1.0,1.433083176612854,1.6534380912780762,1.6639645099639893,2.4098689556121826,0.13209983706474304,0,True
377,0.8640206456184387,0.17451001703739166,1.0,1.4334731101989746,1.6451563835144043,1.655853033065796,2.519601821899414,0.13615423440933228,0,True
378,0.8563251495361328,0.1839122623205185,1.0,1.4225397109985352,1.6372349262237549,1.647745132446289,2.7459378242492676,0.1283237636089325,0,True
379,0.8550401926040649,0.18276333808898926,1.0,1.392503261566162,1.6202924251556396,1.6304800510406494,2.713632345199585,0.13331785798072815,0,True
380,0.8469882607460022,0.18201634287834167,1.0,1.3810222148895264,1.6044656038284302,1.6142830848693848,2.5713744163513184,0.1357576549053192,0,True
381,0.8525100350379944,0.1787414699792862,1.0,1.403464913368225,1.5753535032272339,1.5855404138565063,2.54348087310791,0.13295459747314453,0,True
382,0.8633390665054321,0.15823617577552795,1.0,1.4258568286895752,1.5955002307891846,1.6058796644210815,2.6343905925750732,0.1268179565668106,0,True
383,0.858788013458252,0.16856589913368225,1.0,1.3726518154144287,1.536482810974121,1.5463346242904663,2.361304759979248,0.13485422730445862,0,True
384,0.8473767042160034,0.1832972913980484,1.0,1.378859043121338,1.559483528137207,1.5693211555480957,2.551985025405884,0.13565929234027863,0,True
385,0.8549601435661316,0.17592579126358032,1.0,1.4491981267929077,1.6429938077926636,1.6537774801254272,2.6424167156219482,0.1512143909931183,0,True
386,0.8625122904777527,0.167955219745636,1.0,1.47458016872406,1.6634504795074463,1.6745291948318481,2.4999232292175293,0.1431306004524231,0,True
387,0.8678085803985596,0.16091610491275787,1.0,1.458773136138916,1.674696922302246,1.6857842206954956,2.508563756942749,0.14026133716106415,0,True
388,0.8665565252304077,0.16567456722259521,1.0,1.418602705001831,1.6478101015090942,1.6583731174468994,2.674461603164673,0.13754603266716003,0,True
389,0.8665899038314819,0.1601000428199768,1.0,1.4097650051116943,1.6405690908432007,1.6510052680969238,2.658484697341919,0.11455987393856049,0,True
390,0.8659005761146545,0.1699361503124237,1.0,1.3955535888671875,1.5835322141647339,1.5936412811279297,2.484041929244995,0.12819384038448334,0,True
391,0.8455085158348083,0.18357934057712555,1.0,1.388991355895996,1.5281453132629395,1.5380103588104248,2.489794969558716,0.13530749082565308,0,True
392,0.8593143820762634,0.16462382674217224,1.0,1.4264723062515259,1.5509984493255615,1.5613689422607422,2.630464553833008,0.12935364246368408,0,True
393,0.8541991710662842,0.16703584790229797,1.0,1.4054614305496216,1.5152816772460938,1.5255000591278076,2.6243696212768555,0.14493776857852936,0,True
394,0.8395582437515259,0.18132618069648743,1.0,1.4148566722869873,1.573702335357666,1.5840528011322021,2.4387247562408447,0.13257360458374023,0,True
395,0.8454315662384033,0.18833264708518982,1.0,1.4682979583740234,1.6531497240066528,1.664090871810913,2.582334280014038,0.13287252187728882,0,True
396,0.8680778741836548,0.15609268844127655,1.0,1.4986077547073364,1.6880756616592407,1.699373722076416,2.6174755096435547,0.13466289639472961,0,True
397,0.8672735095024109,0.15652209520339966,1.0,1.432175636291504,1.661828637123108,1.6726881265640259,2.7132632732391357,0.10976359248161316,0,True
398,0.8619161248207092,0.16972678899765015,1.0,1.408951997756958,1.6505943536758423,1.6610312461853027,2.7961456775665283,0.13500122725963593,0,True
399,0.8570036888122559,0.1699378490447998,1.0,1.3859071731567383,1.6152890920639038,1.6252862215042114,2.915189027786255,0.1289789080619812,0,True
400,0.8535407781600952,0.16980063915252686,1.0,1.3871690034866333,1.5894204378128052,1.5994162559509277,2.488107204437256,0.12152823060750961,0,True
401,0.8599681258201599,0.16148161888122559,1.0,1.395411729812622,1.5696439743041992,1.5795791149139404,2.6045937538146973,0.10318209230899811,0,True
402,0.8559299111366272,0.164460688829422,1.0,1.3864448070526123,1.5420910120010376,1.5519819259643555,2.560845375061035,0.12314033508300781,0,True
403,0.8466947078704834,0.1792186051607132,1.0,1.3982694149017334,1.5360331535339355,1.5459446907043457,2.596198797225952,0.12547652423381805,0,True
404,0.8529378175735474,0.17809849977493286,1.0,1.4219963550567627,1.5931363105773926,1.603391408920288,2.5211710929870605,0.11252661049365997,0,True
405,0.8435319066047668,0.18608368933200836,1.0,1.4257380962371826,1.590500831604004,1.6009422540664673,2.509519100189209,0.12872382998466492,0,True
406,0.8731054663658142,0.1633283495903015,1.0,1.4886367321014404,1.6793205738067627,1.6904761791229248,2.6866838932037354,0.12096191942691803,0,True
407,0.8586546182632446,0.16839593648910522,1.0,1.4358326196670532,1.6351734399795532,1.6458854675292969,2.600984811782837,0.14020535349845886,0,True
408,0.8593183755874634,0.16795405745506287,1.0,1.4279954433441162,1.6870644092559814,1.6979146003723145,2.727454423904419,0.12198518216609955,0,True
409,0.8744342923164368,0.1576230674982071,1.0,1.427903413772583,1.6375466585159302,1.648100733757019,2.598210096359253,0.11684070527553558,0,True
410,0.8529021739959717,0.1660240888595581,1.0,1.3512274026870728,1.5298267602920532,1.5393929481506348,2.6647727489471436,0.13205298781394958,0,True
411,0.8594211339950562,0.16220495104789734,1.0,1.364837646484375,1.5442649126052856,1.5540146827697754,2.517739772796631,0.12361063063144684,0,True
412,0.8553932905197144,0.16402022540569305,1.0,1.3996866941452026,1.5586832761764526,1.5687596797943115,2.3870527744293213,0.11605308949947357,0,True
413,0.8544673919677734,0.16680152714252472,1.0,1.412280797958374,1.585569143295288,1.5958718061447144,2.514049768447876,0.12326758354902267,0,True
414,0.8439318537712097,0.1734859049320221,1.0,1.400057077407837,1.586903691291809,1.5971813201904297,2.479804515838623,0.13768373429775238,0,True
415,0.8437328934669495,0.1750892698764801,1.0,1.4289954900741577,1.6423242092132568,1.6529752016067505,2.729637861251831,0.1481948345899582,0,True
416,0.8602333664894104,0.17386755347251892,1.0,1.4799480438232422,1.6957714557647705,1.7070132493972778,2.7577619552612305,0.11619705706834793,0,True
417,0.8261654376983643,0.19403883814811707,1.0,1.4226194620132446,1.6335703134536743,1.6442424058914185,2.606659173965454,0.12516401708126068,0,True
418,0.8436181545257568,0.17760011553764343,1.0,1.4067926406860352,1.651092529296875,1.661515474319458,2.5004236698150635,0.10786030441522598,0,True
419,0.8400437831878662,0.17722658812999725,1.0,1.369749665260315,1.5625591278076172,1.5724916458129883,2.680447578430176,0.14028212428092957,0,True
420,0.828856348991394,0.18781155347824097,1.0,1.3526668548583984,1.5445010662078857,1.554084300994873,2.523061990737915,0.138666033744812,0,True
421,0.8200112581253052,0.19005294144153595,1.0,1.3649111986160278,1.515107274055481,1.5247530937194824,2.4825010299682617,0.13084125518798828,0,True
422,0.8283281326293945,0.18895812332630157,1.0,1.4319177865982056,1.5777275562286377,1.5880675315856934,2.7404680252075195,0.12350183725357056,0,True
423,0.8616957068443298,0.16011132299900055,1.0,1.485445499420166,1.6318581104278564,1.643062949180603,2.6142895221710205,0.1186831146478653,0,True
424,0.8386034965515137,0.17698417603969574,1.0,1.4124120473861694,1.5647931098937988,1.5750515460968018,2.479710340499878,0.12408634275197983,0,True
425,0.8381106853485107,0.18707925081253052,1.0,1.421620488166809,1.6531230211257935,1.6635830402374268,2.643292188644409,0.12368457019329071,0,True
426,0.8580907583236694,0.18118193745613098,1.0,1.4840373992919922,1.6899607181549072,1.7011456489562988,2.689307689666748,0.1304844170808792,0,True
427,0.847113847732544,0.18254432082176208,1.0,1.4336481094360352,1.676603078842163,1.6872775554656982,2.5313313007354736,0.13551265001296997,0,True
428,0.8641266822814941,0.16554880142211914,1.0,1.4261146783828735,1.6369550228118896,1.6476638317108154,2.5817527770996094,0.13393472135066986,0,True
429,0.867491602897644,0.15578626096248627,1.0,1.389422059059143,1.5791454315185547,1.589127779006958,2.6132009029388428,0.12170326709747314,0,True
430,0.8519965410232544,0.16695332527160645,1.0,1.3298436403274536,1.5175936222076416,1.527043342590332,2.4703190326690674,0.1324586570262909,0,True
431,0.8334394693374634,0.1907605230808258,1.0,1.3779168128967285,1.5067579746246338,1.5164108276367188,2.618744134902954,0.13166320323944092,0,True
432,0.8572985529899597,0.16865293681621552,1.0,1.4410145282745361,1.5832844972610474,1.593785047531128,2.5713939666748047,0.12615928053855896,0,True
433,0.8483742475509644,0.18222768604755402,1.0,1.4655616283416748,1.5905978679656982,1.6014931201934814,2.6331934928894043,0.13468009233474731,0,True
434,0.8572663068771362,0.16680552065372467,1.0,1.4442821741104126,1.661062240600586,1.6718649864196777,2.5805766582489014,0.14349564909934998,0,True
435,0.8485550284385681,0.18137064576148987,1.0,1.4366989135742188,1.677731990814209,1.6885056495666504,2.6073973178863525,0.13005779683589935,0,True
436,0.8465330600738525,0.18058234453201294,1.0,1.4167060852050781,1.6748535633087158,1.6853244304656982,2.5612051486968994,0.12263940274715424,0,True
437,0.8802031874656677,0.15225368738174438,1.0,1.4196827411651611,1.6519501209259033,1.6625263690948486,2.496641159057617,0.1242612898349762,0,True
438,0.8696629405021667,0.15584993362426758,1.0,1.4005062580108643,1.595652461051941,1.6058979034423828,2.659424066543579,0.1333789974451065,0,True
439,0.865074098110199,0.16738241910934448,1.0,1.3863487243652344,1.5566701889038086,1.5664100646972656,2.6080996990203857,0.13373781740665436,0,True
440,0.8570757508277893,0.17328289151191711,1.0,1.3761248588562012,1.5226420164108276,1.5323927402496338,2.535139799118042,0.1300809234380722,0,True
441,0.8660871982574463,0.16126608848571777,1.0,1.4032344818115234,1.5421831607818604,1.5522440671920776,2.324193000793457,0.12053738534450531,0,True
442,0.8619315028190613,0.16038298606872559,1.0,1.4225056171417236,1.565293550491333,1.5756248235702515,2.5701301097869873,0.13824832439422607,0,True
443,0.858281672000885,0.17621803283691406,1.0,1.448725938796997,1.6136809587478638,1.6244757175445557,2.507024049758911,0.13090480864048004,0,True
444,0.8623810410499573,0.16860303282737732,1.0,1.4567307233810425,1.656799554824829,1.66764497756958,2.5113308429718018,0.12181631475687027,0,True
445,0.876947283744812,0.15500107407569885,1.0,1.4498035907745361,1.6804323196411133,1.6915194988250732,2.709925651550293,0.13726839423179626,0,True
446,0.8781047463417053,0.15331295132637024,1.0,1.4528000354766846,1.6888792514801025,1.6997706890106201,2.7611708641052246,0.13542094826698303,0,True
447,0.8850793838500977,0.1479812115430832,1.0,1.4195756912231445,1.6471577882766724,1.6575400829315186,2.436082124710083,0.12906306982040405,0,True
448,0.8768399357795715,0.1533445119857788,1.0,1.391624927520752,1.587895393371582,1.5980271100997925,2.4937820434570312,0.1279984712600708,0,True
449,0.8756726980209351,0.16037800908088684,1.0,1.3742589950561523,1.545008897781372,1.5547767877578735,2.2657432556152344,0.12554608285427094,0,True
450,0.865782618522644,0.16368645429611206,1.0,1.3876736164093018,1.525086760520935,1.5348296165466309,2.581867218017578,0.12500254809856415,0,True
451,0.8766659498214722,0.153866246342659,1.0,1.44120192527771,1.5911262035369873,1.6014928817749023,2.572427988052368,0.12451658397912979,0,True
452,0.8552238941192627,0.1804903745651245,1.0,1.4363797903060913,1.5752131938934326,1.5856751203536987,2.5925793647766113,0.13038703799247742,0,True
453,0.874737024307251,0.1529119312763214,1.0,1.4639570713043213,1.6655383110046387,1.6764239072799683,2.519162654876709,0.12084662914276123,0,True
454,0.8583149909973145,0.17341868579387665,1.0,1.415947675704956,1.6126588582992554,1.6230907440185547,2.3665871620178223,0.12652717530727386,0,True
455,0.8625648021697998,0.16293299198150635,1.0,1.4335699081420898,1.705432653427124,1.716191053390503,2.4591116905212402,0.12328954041004181,0,True
456,0.8765441179275513,0.16011950373649597,1.0,1.4411756992340088,1.664893388748169,1.6756705045700073,2.468313694000244,0.1332719773054123,0,True
457,0.8691937923431396,0.15424685180187225,1.0,1.4151896238327026,1.6100844144821167,1.6204694509506226,2.667738199234009,0.12485653907060623,0,True
458,0.8616135120391846,0.16633126139640808,1.0,1.3950026035308838,1.578902244567871,1.5890686511993408,2.6931724548339844,0.12719100713729858,0,True
459,0.8607797622680664,0.1592070460319519,1.0,1.3923152685165405,1.5782583951950073,1.588442325592041,2.4195520877838135,0.12938345968723297,0,True
460,0.8518074750900269,0.16889604926109314,1.0,1.3912853002548218,1.54245126247406,1.552424430847168,2.5843541622161865,0.13037124276161194,0,True
461,0.8632522225379944,0.1532324254512787,1.0,1.408011794090271,1.5870919227600098,1.5972671508789062,2.5703439712524414,0.1332479864358902,0,True
462,0.8629879951477051,0.15861891210079193,1.0,1.4098341464996338,1.5840656757354736,1.594276785850525,2.650587558746338,0.1375754028558731,0,True
463,0.8616935014724731,0.1745849847793579,1.0,1.4395434856414795,1.599953532218933,1.6104177236557007,2.651045560836792,0.13169938325881958,0,True
464,0.8720473647117615,0.16736963391304016,1.0,1.4474107027053833,1.6358301639556885,1.6465662717819214,2.4285502433776855,0.1293204128742218,0,True
465,0.8782058954238892,0.15138454735279083,1.0,1.4410202503204346,1.6571381092071533,1.667952299118042,2.7836179733276367,0.12612834572792053,0,True
466,0.8933780193328857,0.1409793496131897,1.0,1.4288372993469238,1.6436097621917725,1.6541051864624023,2.714914560317993,0.12050534039735794,0,True
467,0.878247857093811,0.1540861874818802,1.0,1.379178524017334,1.606374979019165,1.6164193153381348,2.488243341445923,0.11824403703212738,0,True
468,0.8653180599212646,0.1709311157464981,1.0,1.3982794284820557,1.584787368774414,1.5947500467300415,2.596876621246338,0.11316648125648499,0,True
469,0.8757429122924805,0.1611553132534027,1.0,1.4126672744750977,1.5852069854736328,1.595341444015503,2.738770008087158,0.12409453094005585,0,True
470,0.8732138276100159,0.15736858546733856,1.0,1.4180690050125122,1.580472469329834,1.5908921957015991,2.5826754570007324,0.12350277602672577,0,True
471,0.8815860152244568,0.141374871134758,1.0,1.4153456687927246,1.5779521465301514,1.5883294343948364,2.6587133407592773,0.12278912216424942,0,True
472,0.852575421333313,0.17526397109031677,1.0,1.3994510173797607,1.5581281185150146,1.568193793296814,2.49933123588562,0.13079902529716492,0,True
473,0.8565807342529297,0.17726418375968933,1.0,1.4273920059204102,1.6058133840560913,1.6162657737731934,2.6949424743652344,0.12693534791469574,0,True
474,0.8595775365829468,0.16370552778244019,1.0,1.4284862279891968,1.602505087852478,1.6130000352859497,2.547795534133911,0.13613983988761902,0,True
475,0.8552334308624268,0.1637941598892212,1.0,1.424243688583374,1.6232376098632812,1.6338894367218018,2.575881004333496,0.1438724398612976,0,True
476,0.8658473491668701,0.16303840279579163,1.0,1.456329345703125,1.6648359298706055,1.675575852394104,2.5974605083465576,0.12121862918138504,0,True
477,0.8734632730484009,0.15248984098434448,1.0,1.4608937501907349,1.6611934900283813,1.6719181537628174,2.736192464828491,0.1307622492313385,0,True
478,0.8486202955245972,0.17267432808876038,1.0,1.374135971069336,1.5917434692382812,1.6016528606414795,2.5648772716522217,0.12143220752477646,0,True
479,0.8636856079101562,0.16572155058383942,1.0,1.4055887460708618,1.6098817586898804,1.6200826168060303,2.605262041091919,0.1184944212436676,0,True
480,0.8641191720962524,0.15771007537841797,1.0,1.4189956188201904,1.5856482982635498,1.596083402633667,2.564582109451294,0.13375720381736755,0,True
481,0.8778656721115112,0.1463354080915451,1.0,1.4254437685012817,1.599086046218872,1.609579086303711,2.7444779872894287,0.11615481227636337,0,True
482,0.8570067286491394,0.1657460480928421,1.0,1.3594136238098145,1.5221515893936157,1.5318444967269897,2.492396593093872,0.12997131049633026,0,True
483,0.868438184261322,0.16097721457481384,1.0,1.386539101600647,1.5912165641784668,1.601224422454834,2.4577853679656982,0.11662397533655167,0,True
484,0.8633047342300415,0.1673302948474884,1.0,1.4214595556259155,1.5852094888687134,1.5956509113311768,2.8260910511016846,0.12101094424724579,0,True
485,0.8844432234764099,0.15632694959640503,1.0,1.4693913459777832,1.6772162914276123,1.688228964805603,2.519047737121582,0.11727561801671982,0,True
486,0.8895062208175659,0.15056145191192627,1.0,1.4630298614501953,1.6394318342208862,1.6503856182098389,2.5923972129821777,0.13662931323051453,0,True
487,0.8817098736763,0.1397210955619812,1.0,1.4055900573730469,1.6158825159072876,1.626137614250183,2.507736921310425,0.12281020730733871,0,True
488,0.8772131204605103,0.1474398523569107,1.0,1.357680320739746,1.5735929012298584,1.5833122730255127,2.262162208557129,0.12647505104541779,0,True
489,0.8717032670974731,0.16826200485229492,1.0,1.3766672611236572,1.582162857055664,1.5919840335845947,2.6465938091278076,0.1223355233669281,0,True
490,0.8886033892631531,0.14337864518165588,1.0,1.4580250978469849,1.6134796142578125,1.624144196510315,2.6979312896728516,0.12822820246219635,0,True
491,0.8775104284286499,0.1512153148651123,1.0,1.4182233810424805,1.5604051351547241,1.5706204175949097,2.61964750289917,0.12334983795881271,0,True
492,0.8501968383789062,0.17958280444145203,1.0,1.3790098428726196,1.5640809535980225,1.5739259719848633,2.538482666015625,0.12792176008224487,0,True
493,0.8609983921051025,0.16241462528705597,1.0,1.4151520729064941,1.6193382740020752,1.629625678062439,2.4829394817352295,0.13401195406913757,0,True
494,0.8736466765403748,0.15816211700439453,1.0,1.446282148361206,1.6298818588256836,1.6405563354492188,2.4922847747802734,0.14074718952178955,0,True
495,0.846590518951416,0.18585598468780518,1.0,1.4315842390060425,1.6330865621566772,1.6436772346496582,3.056093692779541,0.1239083856344223,0,True
496,0.84149169921875,0.18825389444828033,1.0,1.4423680305480957,1.6616451740264893,1.6722040176391602,2.6752407550811768,0.12083516269922256,0,True
497,0.8484659194946289,0.17042428255081177,1.0,1.4183043241500854,1.651026725769043,1.6615140438079834,2.599699020385742,0.1264997273683548,0,True
498,0.8501468300819397,0.17352154850959778,1.0,1.3699772357940674,1.5808088779449463,1.590834379196167,2.713747024536133,0.13176055252552032,0,True
499,0.8428738713264465,0.17635923624038696,1.0,1.3582817316055298,1.5766249895095825,1.5864636898040771,2.435835599899292,0.12590725719928741,0,True
500,0.8492515683174133,0.1730642020702362,1.0,1.4190483093261719,1.5908267498016357,1.6012568473815918,2.564091205596924,0.12059003114700317,0,True
501,0.8514227271080017,0.17858542501926422,1.0,1.433544397354126,1.5874462127685547,1.597874402999878,2.5527760982513428,0.11883073300123215,0,True
502,0.8513211011886597,0.17889031767845154,1.0,1.4178133010864258,1.5711593627929688,1.5813407897949219,2.6440865993499756,0.12622864544391632,0,True
503,0.8467880487442017,0.17990875244140625,1.0,1.4080853462219238,1.5627326965332031,1.572638988494873,2.479179859161377,0.13934007287025452,0,True
504,0.8464686274528503,0.18246909976005554,1.0,1.4215116500854492,1.5981597900390625,1.608536720275879,2.637080430984497,0.11124536395072937,0,True
505,0.8627377152442932,0.17567159235477448,1.0,1.477518081665039,1.6458635330200195,1.6568880081176758,2.700197458267212,0.1173030436038971,0,True
506,0.8562703132629395,0.1718583106994629,1.0,1.4429295063018799,1.603958249092102,1.6146740913391113,2.5366241931915283,0.13601341843605042,0,True
507,0.8610491156578064,0.17029206454753876,1.0,1.3992412090301514,1.6306955814361572,1.6409611701965332,2.55503511428833,0.10939805209636688,0,True
508,0.8501819372177124,0.17637300491333008,1.0,1.3897429704666138,1.5823975801467896,1.5924241542816162,2.6551990509033203,0.1363302320241928,0,True
509,0.873031497001648,0.1573072075843811,1.0,1.4229004383087158,1.625584602355957,1.6360793113708496,2.7814815044403076,0.11868204176425934,0,True
510,0.8682972192764282,0.1646026372909546,1.0,1.4071044921875,1.5531048774719238,1.5634806156158447,2.5843238830566406,0.12915544211864471,0,True
511,0.8573013544082642,0.17669638991355896,1.0,1.3893985748291016,1.5603094100952148,1.5704472064971924,2.554119110107422,0.12598182260990143,0,True
512,0.8618274927139282,0.16748115420341492,1.0,1.419149398803711,1.602304458618164,1.6127955913543701,2.661334753036499,0.12527324259281158,0,True
513,0.8502497673034668,0.18017590045928955,1.0,1.4211269617080688,1.5983502864837646,1.6086194515228271,2.501269817352295,0.13301865756511688,0,True
514,0.8495726585388184,0.18397434055805206,1.0,1.434962272644043,1.6300005912780762,1.6404638290405273,2.514786958694458,0.13540302217006683,0,True
515,0.8451883792877197,0.18474081158638,1.0,1.4337751865386963,1.616786241531372,1.6273219585418701,2.289722442626953,0.11835075914859772,0,True
516,0.854401171207428,0.17746075987815857,1.0,1.4491117000579834,1.6465650796890259,1.6573002338409424,2.6323659420013428,0.1069527193903923,0,True
517,0.8510653972625732,0.17351743578910828,1.0,1.423264741897583,1.6204689741134644,1.6310789585113525,2.5417840480804443,0.12068276107311249,0,True
518,0.8362187147140503,0.18841904401779175,1.0,1.3838005065917969,1.6006007194519043,1.6106200218200684,2.5022475719451904,0.12095596641302109,0,True
519,0.8498123288154602,0.17174148559570312,1.0,1.4311777353286743,1.6170099973678589,1.627495527267456,2.5492613315582275,0.1352999061346054,0,True
520,0.8401407599449158,0.18750464916229248,1.0,1.422741413116455,1.5841556787490845,1.5946156978607178,2.7153172492980957,0.1250297576189041,0,True
521,0.8376783728599548,0.1866922378540039,1.0,1.404282808303833,1.5880779027938843,1.5982356071472168,2.5971450805664062,0.12761735916137695,0,True
522,0.8446595668792725,0.18927747011184692,1.0,1.4262417554855347,1.6052446365356445,1.6157264709472656,2.7011899948120117,0.13825371861457825,0,True
523,0.8379873037338257,0.19022251665592194,1.0,1.4135955572128296,1.6025173664093018,1.6128367185592651,2.4215872287750244,0.13855969905853271,0,True
524,0.8237152099609375,0.1995367407798767,1.0,1.4039862155914307,1.59879469871521,1.6089726686477661,2.492462635040283,0.1419072151184082,0,True
525,0.842993974685669,0.1895352005958557,1.0,1.46220064163208,1.6621651649475098,1.67313814163208,2.6377718448638916,0.124275341629982,0,True
526,0.8588545322418213,0.18464088439941406,1.0,1.462363600730896,1.6514301300048828,1.662346363067627,2.5927891731262207,0.11671006679534912,0,True
527,0.8578611016273499,0.17749947309494019,1.0,1.4070777893066406,1.5987114906311035,1.608985185623169,2.689969062805176,0.13433265686035156,0,True
528,0.831876277923584,0.20012745261192322,1.0,1.3406109809875488,1.537451982498169,1.5469563007354736,2.4750988483428955,0.10942317545413971,0,True
529,0.8383694887161255,0.1842723935842514,1.0,1.3995975255966187,1.5950627326965332,1.6052783727645874,2.687166929244995,0.12464063614606857,0,True
530,0.8538552522659302,0.17470255494117737,1.0,1.4397125244140625,1.5928280353546143,1.6033828258514404,2.720627546310425,0.12117365002632141,0,True
531,0.8384034633636475,0.1913677453994751,1.0,1.4056155681610107,1.566147804260254,1.5764377117156982,2.4087464809417725,0.12435895204544067,0,True
532,0.8578713536262512,0.18188881874084473,1.0,1.4755041599273682,1.6596665382385254,1.6707093715667725,2.6820335388183594,0.12912051379680634,0,True
533,0.8689128756523132,0.16029804944992065,1.0,1.4468905925750732,1.6364257335662842,1.64719820022583,2.5988950729370117,0.13103601336479187,0,True
534,0.845966100692749,0.18399202823638916,1.0,1.3914921283721924,1.5996630191802979,1.609816074371338,2.3653383255004883,0.12539736926555634,0,True
535,0.8471013903617859,0.1746658980846405,1.0,1.4166407585144043,1.6230084896087646,1.6334177255630493,2.5363519191741943,0.12534116208553314,0,True
536,0.8422530889511108,0.18076328933238983,1.0,1.427020788192749,1.591233491897583,1.6015372276306152,2.7016441822052,0.12227720022201538,0,True
537,0.8475409746170044,0.17373712360858917,1.0,1.4197959899902344,1.6207144260406494,1.6310834884643555,2.516549587249756,0.13437175750732422,0,True
538,0.8450196385383606,0.18406395614147186,1.0,1.4238566160202026,1.5968302488327026,1.6071985960006714,2.706838369369507,0.12319625914096832,0,True
539,0.8357133269309998,0.18367940187454224,1.0,1.3902952671051025,1.5816798210144043,1.5918008089065552,2.5336873531341553,0.13407155871391296,0,True
540,0.8404951095581055,0.18187248706817627,1.0,1.380445957183838,1.584984540939331,1.5949764251708984,2.7747385501861572,0.1286579966545105,0,True
541,0.845569372177124,0.17700356245040894,1.0,1.4207141399383545,1.6119768619537354,1.622462272644043,2.518134832382202,0.11978460848331451,0,True
542,0.8405610918998718,0.18960720300674438,1.0,1.4492568969726562,1.6311137676239014,1.6420397758483887,2.613811731338501,0.12519097328186035,0,True
543,0.8564177751541138,0.17199616134166718,1.0,1.4800770282745361,1.6791208982467651,1.6902647018432617,2.60387921333313,0.12320517003536224,0,True
544,0.8591533899307251,0.16613470017910004,1.0,1.4176431894302368,1.647094964981079,1.657728672027588,2.6973977088928223,0.12941895425319672,0,True
545,0.8686437606811523,0.1605883240699768,1.0,1.4142446517944336,1.6522700786590576,1.6627881526947021,2.671412467956543,0.13012966513633728,0,True
546,0.8648722767829895,0.16672952473163605,1.0,1.389073133468628,1.568021297454834,1.5780589580535889,2.7741751670837402,0.12614133954048157,0,True
547,0.8651037216186523,0.15764841437339783,1.0,1.4013221263885498,1.5533947944641113,1.563513994216919,2.734071969985962,0.1266210973262787,0,True
548,0.8810577392578125,0.1457362025976181,1.0,1.412130355834961,1.5523817539215088,1.5626699924468994,2.645890474319458,0.10992521047592163,0,True
549,0.8518460988998413,0.16681651771068573,1.0,1.4109731912612915,1.5507996082305908,1.5610527992248535,2.5517444610595703,0.13451546430587769,0,True
550,0.876428484916687,0.14862409234046936,1.0,1.4426870346069336,1.6268970966339111,1.6374777555465698,2.4816393852233887,0.11606066673994064,0,True
551,0.8795324563980103,0.1464652568101883,1.0,1.4526057243347168,1.6338868141174316,1.6447255611419678,2.546017646789551,0.12432748079299927,0,True
552,0.881210446357727,0.1477210819721222,1.0,1.4434928894042969,1.640477180480957,1.6511962413787842,2.636465311050415,0.1292596012353897,0,True
553,0.8713110685348511,0.15611863136291504,1.0,1.4213354587554932,1.636688232421875,1.647101879119873,2.5160670280456543,0.13473403453826904,0,True
554,0.8836442232131958,0.15009233355522156,1.0,1.4431930780410767,1.652146577835083,1.66264009475708,2.642726421356201,0.11448855698108673,0,True
555,0.895212709903717,0.14483030140399933,1.0,1.4295647144317627,1.6510988473892212,1.6617485284805298,2.6045634746551514,0.12346436828374863,0,True
556,0.8659610152244568,0.1595444530248642,1.0,1.3820698261260986,1.5762826204299927,1.5863417387008667,2.6060307025909424,0.1392299234867096,0,True
557,0.8818705081939697,0.14798519015312195,1.0,1.4094443321228027,1.6315722465515137,1.6418521404266357,2.657982587814331,0.12672215700149536,0,True
558,0.8806300759315491,0.15282320976257324,1.0,1.409002423286438,1.5627636909484863,1.572892665863037,2.6086032390594482,0.13402621448040009,0,True
559,0.8706904649734497,0.152046337723732,1.0,1.3895665407180786,1.5499074459075928,1.5598751306533813,2.6044654846191406,0.12636186182498932,0,True
560,0.8629531860351562,0.16301338374614716,1.0,1.3867685794830322,1.5487115383148193,1.5586268901824951,2.4292871952056885,0.12439484894275665,0,True
561,0.8523913621902466,0.18092982470989227,1.0,1.4291517734527588,1.586219310760498,1.5965602397918701,2.6186201572418213,0.11553320288658142,0,True
562,0.855446457862854,0.1711026132106781,1.0,1.4835882186889648,1.6477361917495728,1.6588972806930542,2.835413932800293,0.13093116879463196,0,True
563,0.8749464750289917,0.1569584608078003,1.0,1.471412181854248,1.693575143814087,1.7047427892684937,2.7371158599853516,0.11803604662418365,0,True
564,0.8776077032089233,0.16186460852622986,1.0,1.4193243980407715,1.6767175197601318,1.6873621940612793,2.6023733615875244,0.10431376099586487,0,True
565,0.8680585622787476,0.16531339287757874,1.0,1.3930555582046509,1.646554708480835,1.656801700592041,2.839571952819824,0.12221986800432205,0,True
566,0.8701868057250977,0.15984389185905457,1.0,1.4236270189285278,1.6363202333450317,1.6466666460037231,2.616290807723999,0.11496876925230026,0,True
567,0.8843812942504883,0.16216516494750977,1.0,1.4433318376541138,1.578176498413086,1.5886683464050293,2.534475564956665,0.11798983812332153,0,True
568,0.865234375,0.16902220249176025,1.0,1.3791332244873047,1.527723789215088,1.5375874042510986,2.623833417892456,0.12805789709091187,0,True
569,0.8722735643386841,0.15866565704345703,1.0,1.396640658378601,1.5291111469268799,1.5389991998672485,2.7550547122955322,0.13290999829769135,0,True
570,0.8594837188720703,0.1759551465511322,1.0,1.4032800197601318,1.549745798110962,1.559966802597046,2.6051218509674072,0.13417641818523407,0,True
571,0.8778778314590454,0.16769397258758545,1.0,1.4550942182540894,1.645597219467163,1.6563937664031982,2.65594220161438,0.13017109036445618,0,True
572,0.8729603290557861,0.16261407732963562,1.0,1.4562469720840454,1.626974105834961,1.6379923820495605,2.6335179805755615,0.13744524121284485,0,True
573,0.8770237565040588,0.1569969803094864,1.0,1.4409289360046387,1.6806964874267578,1.6915786266326904,2.6212339401245117,0.11406531184911728,0,True
574,0.8903505802154541,0.15275971591472626,1.0,1.4307405948638916,1.6722369194030762,1.6829729080200195,2.6698386669158936,0.12664194405078888,0,True
575,0.8597208857536316,0.1633680760860443,1.0,1.3673683404922485,1.5897804498672485,1.5996055603027344,2.4685258865356445,0.14047791063785553,0,True
576,0.8762937784194946,0.1549466848373413,1.0,1.395195722579956,1.594660758972168,1.604726791381836,2.746397018432617,0.1356886327266693,0,True
577,0.8729966282844543,0.15856090188026428,1.0,1.4209681749343872,1.5847413539886475,1.5950605869293213,2.6593730449676514,0.13080231845378876,0,True
578,0.8727661371231079,0.15723004937171936,1.0,1.4100123643875122,1.5757319927215576,1.5857925415039062,2.5696823596954346,0.12976133823394775,0,True
579,0.8713377118110657,0.14583513140678406,1.0,1.3945322036743164,1.5533939599990845,1.563265085220337,2.611492395401001,0.14451871812343597,0,True
580,0.8407065868377686,0.17967060208320618,1.0,1.3687481880187988,1.5326917171478271,1.5422191619873047,2.4271175861358643,0.14396725594997406,0,True
581,0.8580644130706787,0.169916570186615,1.0,1.4460313320159912,1.6452200412750244,1.6557927131652832,2.5940492153167725,0.12882168591022491,0,True
582,0.8466082215309143,0.18695762753486633,1.0,1.4768009185791016,1.640012264251709,1.6509984731674194,2.590426445007324,0.11687976121902466,0,True
583,0.8724877834320068,0.1512434482574463,1.0,1.464524269104004,1.7062163352966309,1.7173854112625122,2.6561172008514404,0.13471192121505737,0,True
584,0.8603488206863403,0.1726609170436859,1.0,1.3889522552490234,1.6184598207473755,1.6286941766738892,2.5075254440307617,0.13421684503555298,0,True
585,0.8588428497314453,0.16472744941711426,1.0,1.376017451286316,1.6493980884552002,1.6593782901763916,2.5322020053863525,0.13145869970321655,0,True
586,0.860636830329895,0.1760794222354889,1.0,1.4148906469345093,1.6176581382751465,1.6280431747436523,2.4655120372772217,0.11581020057201385,0,True
587,0.8791671395301819,0.1617722511291504,1.0,1.4210155010223389,1.5833706855773926,1.5936720371246338,2.604416847229004,0.11640004813671112,0,True
588,0.85005784034729,0.1808098554611206,1.0,1.3525049686431885,1.5097153186798096,1.519364595413208,2.516125440597534,0.1359025239944458,0,True
589,0.860052764415741,0.17380139231681824,1.0,1.4010097980499268,1.5843682289123535,1.594537377357483,2.5921456813812256,0.12894397974014282,0,True
590,0.8622559309005737,0.16477623581886292,1.0,1.4330310821533203,1.5961819887161255,1.6066431999206543,2.834580659866333,0.1238938570022583,0,True
591,0.8838573694229126,0.15064799785614014,1.0,1.4484857320785522,1.6260595321655273,1.6369221210479736,2.5640761852264404,0.1212555542588234,0,True
592,0.8727597594261169,0.1622118353843689,1.0,1.4340147972106934,1.60463547706604,1.6153122186660767,2.5501797199249268,0.13527429103851318,0,True
593,0.890731692314148,0.15727774798870087,1.0,1.458737850189209,1.6762075424194336,1.6870388984680176,2.648648738861084,0.12838080525398254,0,True
594,0.8857020139694214,0.16083741188049316,1.0,1.4322850704193115,1.6426893472671509,1.6531652212142944,2.724149703979492,0.130308136343956,0,True
595,0.8901497721672058,0.1482442021369934,1.0,1.4302986860275269,1.6668550968170166,1.677435278892517,2.5820202827453613,0.1531859040260315,0,True
596,0.929064154624939,0.13102740049362183,1.0,1.4487559795379639,1.641728162765503,1.6525843143463135,2.6387312412261963,0.11747600138187408,0,True
597,0.8956680297851562,0.15062758326530457,1.0,1.3726520538330078,1.5239787101745605,1.533625602722168,2.3906280994415283,0.12149101495742798,0,True
598,0.894631564617157,0.14157803356647491,1.0,1.3875532150268555,1.5646872520446777,1.5745054483413696,2.733119249343872,0.13767601549625397,0,True
599,0.896080493927002,0.16260261833667755,1.0,1.4325660467147827,1.5530850887298584,1.5633172988891602,2.6066975593566895,0.13556179404258728,0,True
600,0.8847216367721558,0.16023941338062286,1.0,1.436011552810669,1.5625293254852295,1.5727834701538086,2.4288570880889893,0.12632036209106445,0,True
601,0.8977006673812866,0.14270173013210297,1.0,1.4745208024978638,1.6427855491638184,1.653883457183838,2.596491575241089,0.11905297636985779,0,True
602,0.9035114645957947,0.15134289860725403,1.0,1.4700239896774292,1.6781635284423828,1.689194679260254,2.6535396575927734,0.11096133291721344,0,True
603,0.893343448638916,0.15750840306282043,1.0,1.4314240217208862,1.6906105279922485,1.7013397216796875,2.543377637863159,0.12280726432800293,0,True
604,0.8789979219436646,0.17487233877182007,1.0,1.4393489360809326,1.6716097593307495,1.6822316646575928,2.7159059047698975,0.1344466656446457,0,True
605,0.8902090787887573,0.15613102912902832,1.0,1.4057834148406982,1.6414426565170288,1.6517202854156494,2.535801410675049,0.11247608065605164,0,True
606,0.8984727263450623,0.14026571810245514,1.0,1.3783302307128906,1.583415150642395,1.5933870077133179,2.6387550830841064,0.11897091567516327,0,True
607,0.8732765913009644,0.15863439440727234,1.0,1.353064775466919,1.5284876823425293,1.5380921363830566,2.587663412094116,0.137291818857193,0,True
608,0.884812593460083,0.15363261103630066,1.0,1.3685426712036133,1.543752670288086,1.5534121990203857,2.355154037475586,0.1365875005722046,0,True
609,0.8561723232269287,0.17809048295021057,1.0,1.3786485195159912,1.5110931396484375,1.5208255052566528,2.4000775814056396,0.13973753154277802,0,True
610,0.8736627101898193,0.1745673418045044,1.0,1.4788763523101807,1.635453701019287,1.6464591026306152,2.6496567726135254,0.12473585456609726,0,True
611,0.8784971237182617,0.16853508353233337,1.0,1.5003687143325806,1.6893587112426758,1.7008088827133179,2.6860978603363037,0.1283053457736969,0,True
612,0.8741999864578247,0.16259190440177917,1.0,1.467991828918457,1.6937536001205444,1.704908847808838,2.6534059047698975,0.10442636907100677,0,True
613,0.8486450910568237,0.18132498860359192,1.0,1.3903188705444336,1.63517427444458,1.6453263759613037,2.632624387741089,0.13313770294189453,0,True
614,0.8577084541320801,0.16000640392303467,1.0,1.4023964405059814,1.6277492046356201,1.637852668762207,2.698575258255005,0.11178196221590042,0,True
615,0.8662367463111877,0.15416619181632996,1.0,1.400168776512146,1.5718072652816772,1.5818973779678345,2.6009228229522705,0.11711473762989044,0,True
616,0.8787655830383301,0.14661717414855957,1.0,1.4290786981582642,1.5820796489715576,1.5924928188323975,2.8469958305358887,0.11733271181583405,0,True
617,0.8776853084564209,0.15275797247886658,1.0,1.4124672412872314,1.559027075767517,1.56928551197052,2.605997085571289,0.13031907379627228,0,True
618,0.8763738870620728,0.14449292421340942,1.0,1.4085736274719238,1.5835189819335938,1.5936421155929565,2.5760629177093506,0.12697042524814606,0,True
619,0.8606202006340027,0.16398954391479492,1.0,1.4047942161560059,1.5531866550445557,1.5631886720657349,2.648754835128784,0.13338366150856018,0,True
620,0.8661302328109741,0.15947255492210388,1.0,1.4490599632263184,1.6325421333312988,1.6432905197143555,2.690706491470337,0.1284114271402359,0,True
621,0.8965359926223755,0.1341215819120407,1.0,1.4722753763198853,1.6512739658355713,1.6623940467834473,2.705901622772217,0.12418301403522491,0,True
622,0.8662373423576355,0.16297069191932678,1.0,1.413130521774292,1.6238954067230225,1.634374976158142,2.6150143146514893,0.12499180436134338,0,True
623,0.8760102987289429,0.15321242809295654,1.0,1.413663387298584,1.6736021041870117,1.684099555015564,2.928161382675171,0.1320648044347763,0,True
624,0.8697300553321838,0.16635340452194214,1.0,1.422877311706543,1.6371158361434937,1.6475210189819336,2.6120669841766357,0.12844118475914001,0,True
625,0.8621382117271423,0.1695917546749115,1.0,1.4162604808807373,1.62325119972229,1.633558750152588,2.6491408348083496,0.12432024627923965,0,True
626,0.8726556301116943,0.15507814288139343,1.0,1.4239574670791626,1.606879711151123,1.617384433746338,2.738633632659912,0.12518425285816193,0,True
627,0.8718525171279907,0.16036897897720337,1.0,1.3904019594192505,1.5702717304229736,1.580221176147461,2.7429254055023193,0.11732832342386246,0,True
628,0.8602277636528015,0.17403873801231384,1.0,1.3545563220977783,1.5314247608184814,1.5409936904907227,2.624662399291992,0.12904176115989685,0,True
629,0.8606203198432922,0.1765027493238449,1.0,1.396067500114441,1.585273027420044,1.595414638519287,2.7312874794006348,0.11829479783773422,0,True
630,0.8541518449783325,0.18204089999198914,1.0,1.4492990970611572,1.6022493839263916,1.6129014492034912,2.5540547370910645,0.11913731694221497,0,True
631,0.8602414727210999,0.17439323663711548,1.0,1.476973533630371,1.6930266618728638,1.7041919231414795,2.6236274242401123,0.1258886754512787,0,True
632,0.863322377204895,0.17127114534378052,1.0,1.4373213052749634,1.6521775722503662,1.6629364490509033,2.715083360671997,0.12360139936208725,0,True
633,0.8326424956321716,0.1922682523727417,1.0,1.3580796718597412,1.600987195968628,1.6107512712478638,2.451826333999634,0.1519535630941391,0,True
634,0.865587592124939,0.16310930252075195,1.0,1.4071996212005615,1.6318225860595703,1.6420265436172485,2.801295757293701,0.13100124895572662,0,True
635,0.8455547094345093,0.1805746853351593,1.0,1.376035213470459,1.538865327835083,1.548699140548706,2.7720301151275635,0.1170792430639267,0,True
636,0.8500213623046875,0.17263823747634888,1.0,1.4218875169754028,1.5894732475280762,1.5998947620391846,2.7862164974212646,0.1339578628540039,0,True
637,0.8446000814437866,0.17232072353363037,1.0,1.4140443801879883,1.5579712390899658,1.5682263374328613,2.641028881072998,0.1460382342338562,0,True
638,0.8394410014152527,0.18485012650489807,1.0,1.4218829870224,1.6246724128723145,1.6350979804992676,2.595973014831543,0.1415330171585083,0,True
639,0.859912097454071,0.1753276288509369,1.0,1.4357686042785645,1.6610181331634521,1.6717267036437988,2.602774143218994,0.12201958149671555,0,True
640,0.8594397306442261,0.1717505007982254,1.0,1.4183427095413208,1.6136622428894043,1.6240907907485962,2.540910243988037,0.1424400806427002,0,True
641,0.8438520431518555,0.17988483607769012,1.0,1.3635375499725342,1.5842313766479492,1.5941309928894043,2.4339866638183594,0.1359306424856186,0,True
642,0.8614474534988403,0.1731809824705124,1.0,1.4256056547164917,1.598867416381836,1.6092818975448608,2.744344711303711,0.1241961419582367,0,True
643,0.8734826445579529,0.15448269248008728,1.0,1.4269356727600098,1.6242202520370483,1.6348795890808105,2.6813113689422607,0.09965395927429199,0,True
644,0.8692023754119873,0.16409184038639069,1.0,1.3965226411819458,1.5819939374923706,1.5922179222106934,2.573697090148926,0.12827706336975098,0,True
645,0.8669840097427368,0.16661590337753296,1.0,1.383638858795166,1.5809098482131958,1.5908732414245605,2.752516984939575,0.11729409545660019,0,True
646,0.8671311736106873,0.16170603036880493,1.0,1.4140346050262451,1.5942842960357666,1.6046319007873535,2.73036527633667,0.1311972588300705,0,True
647,0.8513867855072021,0.17858394980430603,1.0,1.4252588748931885,1.5890439748764038,1.5993170738220215,2.472299098968506,0.12347861379384995,0,True
648,0.867161750793457,0.16658750176429749,1.0,1.4613268375396729,1.6342122554779053,1.6450400352478027,2.648383378982544,0.1289844810962677,0,True
649,0.8764840960502625,0.15743227303028107,1.0,1.4430930614471436,1.6085361242294312,1.6193498373031616,2.583993434906006,0.12150368094444275,0,True
650,0.8695231676101685,0.1629813015460968,1.0,1.371716022491455,1.5974475145339966,1.607557773590088,2.638201951980591,0.12216509878635406,0,True
651,0.851834237575531,0.1862868219614029,1.0,1.3951144218444824,1.619009017944336,1.6291699409484863,2.61018443107605,0.12974008917808533,0,True
652,0.8694483041763306,0.16829796135425568,1.0,1.4356422424316406,1.6298149824142456,1.640338659286499,2.5306217670440674,0.14070791006088257,0,True
653,0.8811910152435303,0.156844824552536,1.0,1.4278790950775146,1.6103630065917969,1.6209540367126465,2.6715831756591797,0.13629578053951263,0,True
654,0.8886383771896362,0.1603115051984787,1.0,1.4283208847045898,1.6026790142059326,1.6134603023529053,2.7464945316314697,0.1310867816209793,0,True
655,0.860211193561554,0.17512933909893036,1.0,1.3832727670669556,1.5574171543121338,1.5674059391021729,2.5389351844787598,0.1253703087568283,0,True
656,0.8546390533447266,0.17614713311195374,1.0,1.3840893507003784,1.5882999897003174,1.5980939865112305,2.6743950843811035,0.13150088489055634,0,True
657,0.8728371262550354,0.17813357710838318,1.0,1.4622206687927246,1.612521767616272,1.6231458187103271,2.6705169677734375,0.1202833279967308,0,True
658,0.8708726167678833,0.17262548208236694,1.0,1.447741985321045,1.6325674057006836,1.6433905363082886,2.4999165534973145,0.12913653254508972,0,True
659,0.8968185186386108,0.15364426374435425,1.0,1.4736182689666748,1.6663181781768799,1.6773619651794434,2.6116080284118652,0.11579082161188126,0,True
660,0.8659062385559082,0.17007337510585785,1.0,1.3786942958831787,1.5728521347045898,1.5828704833984375,2.6173617839813232,0.13828547298908234,0,True
661,0.8552340269088745,0.18052485585212708,1.0,1.3898193836212158,1.6199620962142944,1.6299543380737305,2.603149890899658,0.11373507976531982,0,True
662,0.8747817277908325,0.15716885030269623,1.0,1.421764612197876,1.6366194486618042,1.647139310836792,2.538785219192505,0.1248074471950531,0,True
663,0.8676609992980957,0.16418880224227905,1.0,1.4088789224624634,1.5691215991973877,1.5793993473052979,2.5253746509552,0.1392606943845749,0,True
664,0.870556116104126,0.1613331437110901,1.0,1.398369550704956,1.6024940013885498,1.6126930713653564,2.6642558574676514,0.12890119850635529,0,True
665,0.8664861917495728,0.16520823538303375,1.0,1.4182355403900146,1.600451946258545,1.6106741428375244,2.8265771865844727,0.12490581721067429,0,True
666,0.8375604748725891,0.19302219152450562,1.0,1.3726420402526855,1.5745439529418945,1.5843361616134644,2.502764940261841,0.13611456751823425,0,True
667,0.8561370968818665,0.17410704493522644,1.0,1.4248967170715332,1.643575668334961,1.6541023254394531,2.536776304244995,0.11937742680311203,0,True
668,0.8739017248153687,0.157521054148674,1.0,1.464234471321106,1.6518889665603638,1.662825345993042,2.631053924560547,0.13553021848201752,0,True
669,0.8627626895904541,0.16802677512168884,1.0,1.424304723739624,1.6566812992095947,1.6674147844314575,2.6119635105133057,0.12027665972709656,0,True
670,0.8555416464805603,0.17099641263484955,1.0,1.3807625770568848,1.610943078994751,1.6208996772766113,2.7276527881622314,0.12188637256622314,0,True
671,0.8300366401672363,0.19034573435783386,1.0,1.3539388179779053,1.5537467002868652,1.5631951093673706,2.4961018562316895,0.13073302805423737,0,True
672,0.8554267287254333,0.16846880316734314,1.0,1.4238371849060059,1.6189700365066528,1.629487156867981,2.911137580871582,0.13056400418281555,0,True
673,0.8614720106124878,0.1590229719877243,1.0,1.4300048351287842,1.57771897315979,1.5882906913757324,2.4527626037597656,0.13368849456310272,0,True
674,0.860346794128418,0.16262513399124146,1.0,1.4001686573028564,1.5642890930175781,1.5744822025299072,2.45082950592041,0.14598043262958527,0,True
675,0.8471357822418213,0.17366810142993927,1.0,1.3990283012390137,1.5966625213623047,1.6069185733795166,2.637507438659668,0.14707618951797485,0,True
676,0.8396404385566711,0.19370222091674805,1.0,1.4255080223083496,1.6257472038269043,1.6360299587249756,2.3756906986236572,0.13978520035743713,0,True
677,0.8509154915809631,0.18227802217006683,1.0,1.468058466911316,1.6902475357055664,1.7013049125671387,2.7702481746673584,0.11842860281467438,0,True
678,0.8592939972877502,0.16846777498722076,1.0,1.4620082378387451,1.6424520015716553,1.653310775756836,2.675705909729004,0.13660764694213867,0,True
679,0.8577867150306702,0.17024128139019012,1.0,1.3883264064788818,1.6252732276916504,1.6354279518127441,2.5985500812530518,0.12386897206306458,0,True
680,0.8577231764793396,0.17785581946372986,1.0,1.392249345779419,1.6193580627441406,1.629572868347168,2.6131415367126465,0.12462320923805237,0,True
681,0.8635506629943848,0.1688009649515152,1.0,1.3901431560516357,1.5985023975372314,1.6085612773895264,2.67753005027771,0.1308552473783493,0,True
682,0.8455378413200378,0.1789139211177826,1.0,1.3745810985565186,1.558091163635254,1.5679354667663574,2.6848032474517822,0.12153403460979462,0,True
683,0.865477979183197,0.1579122394323349,1.0,1.427034616470337,1.604618787765503,1.6149827241897583,2.5285797119140625,0.11621074378490448,0,True
684,0.8498748540878296,0.17172257602214813,1.0,1.435012698173523,1.5672767162322998,1.5776731967926025,2.6968631744384766,0.12387104332447052,0,True
685,0.8600473403930664,0.17014428973197937,1.0,1.4303892850875854,1.61350679397583,1.6239399909973145,2.84494686126709,0.12424325942993164,0,True
686,0.8603288531303406,0.17643499374389648,1.0,1.4351162910461426,1.62001633644104,1.6306118965148926,2.5736849308013916,0.12032292038202286,0,True
687,0.8703616857528687,0.16048452258110046,1.0,1.4325395822525024,1.6572248935699463,1.6678318977355957,2.7936501502990723,0.11776268482208252,0,True
688,0.8773273825645447,0.1593524068593979,1.0,1.4465514421463013,1.6550157070159912,1.665710210800171,2.509575366973877,0.11701226979494095,0,True
689,0.8760142922401428,0.15285316109657288,1.0,1.4504239559173584,1.6611242294311523,1.6719790697097778,2.6889524459838867,0.11454875767230988,0,True
690,0.8958122730255127,0.14809709787368774,1.0,1.4535160064697266,1.6439127922058105,1.6547152996063232,2.6848530769348145,0.10977811366319656,0,True
691,0.8929499387741089,0.14626525342464447,1.0,1.3937969207763672,1.5698903799057007,1.5797804594039917,2.6326210498809814,0.12489243596792221,0,True
692,0.8918081521987915,0.14481596648693085,1.0,1.375772476196289,1.5788304805755615,1.5886926651000977,2.5471832752227783,0.13046401739120483,0,True
693,0.8858420848846436,0.15778830647468567,1.0,1.4225234985351562,1.5815627574920654,1.5917816162109375,2.5461010932922363,0.10840778052806854,0,True
694,0.8934335708618164,0.1449001133441925,1.0,1.467899203300476,1.6132296323776245,1.6240336894989014,2.6495838165283203,0.12595891952514648,0,True
695,0.891987681388855,0.14355063438415527,1.0,1.4488046169281006,1.621819257736206,1.632598876953125,2.666306495666504,0.11550703644752502,0,True
696,0.8802990913391113,0.16209620237350464,1.0,1.4263019561767578,1.617579698562622,1.6279840469360352,2.720008611679077,0.1133945882320404,0,True
697,0.887789785861969,0.14819006621837616,1.0,1.432867407798767,1.6528434753417969,1.6634252071380615,2.63295841217041,0.11269429326057434,0,True
698,0.884628415107727,0.1446995884180069,1.0,1.410510778427124,1.6125624179840088,1.6229687929153442,2.66320538520813,0.1271134912967682,0,True
699,0.8692108392715454,0.16362357139587402,1.0,1.393641710281372,1.5982931852340698,1.6084648370742798,2.591853380203247,0.11736215651035309,0,True
700,0.8907678127288818,0.14522257447242737,1.0,1.442857265472412,1.6475697755813599,1.6582814455032349,2.7314462661743164,0.11637681722640991,0,True
701,0.8874973058700562,0.14891520142555237,1.0,1.415445327758789,1.5739805698394775,1.5843074321746826,2.6788148880004883,0.13642318546772003,0,True
702,0.8794429302215576,0.14995133876800537,1.0,1.3687336444854736,1.5537135601043701,1.5636240243911743,2.6510016918182373,0.1246873214840889,0,True
703,0.8747314214706421,0.1623079478740692,1.0,1.4250568151474,1.5862584114074707,1.596704125404358,2.726311206817627,0.12493474781513214,0,True
704,0.8761701583862305,0.1560448408126831,1.0,1.421628475189209,1.5927698612213135,1.6030831336975098,2.4708709716796875,0.12075302004814148,0,True
705,0.8667508959770203,0.1620001494884491,1.0,1.4239234924316406,1.5977281332015991,1.6082606315612793,2.6189138889312744,0.1331138014793396,0,True
706,0.8721230030059814,0.1544790416955948,1.0,1.4368624687194824,1.6492799520492554,1.659847617149353,2.7243573665618896,0.11412866413593292,0,True
707,0.853827953338623,0.1698799580335617,1.0,1.3843481540679932,1.5831305980682373,1.5930819511413574,2.6095049381256104,0.11916545033454895,0,True
708,0.8695459365844727,0.15247219800949097,1.0,1.4055771827697754,1.6262587308883667,1.636643886566162,2.7539987564086914,0.11145851016044617,0,True
709,0.8739228248596191,0.15989723801612854,1.0,1.449783205986023,1.6283748149871826,1.6391048431396484,2.7621138095855713,0.1275848001241684,0,True
710,0.8709167242050171,0.1663818508386612,1.0,1.4334949254989624,1.6198959350585938,1.630286693572998,2.5107052326202393,0.1147666722536087,0,True
711,0.8613771200180054,0.17289382219314575,1.0,1.3910274505615234,1.5734609365463257,1.5834672451019287,2.591360330581665,0.13954053819179535,0,True
712,0.8738380670547485,0.1516883373260498,1.0,1.399749755859375,1.6543934345245361,1.664597511291504,2.3391830921173096,0.11833234131336212,0,True
713,0.8747047781944275,0.15832176804542542,1.0,1.4374866485595703,1.6214154958724976,1.6318697929382324,2.547565221786499,0.11433091759681702,0,True
714,0.858801007270813,0.16501066088676453,1.0,1.4205076694488525,1.6215986013412476,1.6320269107818604,2.6547999382019043,0.12592068314552307,0,True
715,0.8738855123519897,0.1562585085630417,1.0,1.4251182079315186,1.6280688047409058,1.6385526657104492,2.538831949234009,0.12203313410282135,0,True
716,0.8692717552185059,0.16388633847236633,1.0,1.4022998809814453,1.5838199853897095,1.5939490795135498,2.4253392219543457,0.11859653890132904,0,True
717,0.8546587228775024,0.1733628809452057,1.0,1.3953027725219727,1.5882658958435059,1.5981554985046387,2.5315308570861816,0.12376070022583008,0,True
718,0.8764444589614868,0.14945939183235168,1.0,1.4544044733047485,1.653119683265686,1.6639032363891602,2.6219727993011475,0.10958371311426163,0,True
719,0.8714994192123413,0.15065208077430725,1.0,1.4277303218841553,1.59716796875,1.607628583908081,2.58447265625,0.13590282201766968,0,True
720,0.8597700595855713,0.15912042558193207,1.0,1.380647897720337,1.5880167484283447,1.5979465246200562,2.7273097038269043,0.13533616065979004,0,True
721,0.8562173247337341,0.1658003032207489,1.0,1.4003841876983643,1.6028391122817993,1.6129326820373535,2.4103543758392334,0.13366425037384033,0,True
722,0.8507621884346008,0.17929741740226746,1.0,1.4251494407653809,1.6080384254455566,1.618466854095459,2.866741180419922,0.12740683555603027,0,True
723,0.8477110862731934,0.18252037465572357,1.0,1.444338321685791,1.6166861057281494,1.6272591352462769,2.7316534519195557,0.13386964797973633,0,True
724,0.8508031964302063,0.17402596771717072,1.0,1.4250694513320923,1.6146972179412842,1.6251088380813599,2.538020133972168,0.12028538435697556,0,True
725,0.8629356026649475,0.1748577058315277,1.0,1.4366436004638672,1.6413025856018066,1.6519041061401367,2.6439452171325684,0.11663973331451416,0,True
726,0.8519229292869568,0.1864171028137207,1.0,1.4145907163619995,1.6247873306274414,1.6352686882019043,2.5174636840820312,0.1384832113981247,0,True
727,0.8391814231872559,0.18488359451293945,1.0,1.387202501296997,1.5985925197601318,1.6086153984069824,2.394050121307373,0.12557244300842285,0,True
728,0.862373948097229,0.16908568143844604,1.0,1.4394606351852417,1.6278457641601562,1.6385364532470703,2.792490243911743,0.13030265271663666,0,True
729,0.8560216426849365,0.16751551628112793,1.0,1.4114668369293213,1.5819425582885742,1.5922085046768188,2.4348227977752686,0.13528183102607727,0,True
730,0.8678274154663086,0.16414719820022583,1.0,1.4136948585510254,1.5939860343933105,1.6041690111160278,2.509382486343384,0.12226197868585587,0,True
731,0.8608611226081848,0.1723947376012802,1.0,1.393907070159912,1.584704875946045,1.594831943511963,2.3590259552001953,0.14387919008731842,0,True
732,0.8506051301956177,0.18247467279434204,1.0,1.4094419479370117,1.6127067804336548,1.6229569911956787,2.6482362747192383,0.13059572875499725,0,True
733,0.8701480627059937,0.15767772495746613,1.0,1.4588427543640137,1.6565206050872803,1.6673156023025513,2.844303607940674,0.1255451738834381,0,True
734,0.8615410923957825,0.1643410176038742,1.0,1.4143099784851074,1.6210721731185913,1.6314332485198975,2.4455082416534424,0.11987200379371643,0,True
735,0.8767771124839783,0.1632462739944458,1.0,1.4177641868591309,1.6115314960479736,1.6219027042388916,2.4591825008392334,0.1397278755903244,0,True
736,0.8573160767555237,0.17526769638061523,1.0,1.402904987335205,1.5827929973602295,1.5930609703063965,2.3934454917907715,0.11898823827505112,0,True
737,0.8526250123977661,0.17760831117630005,1.0,1.3959136009216309,1.6176142692565918,1.6276981830596924,2.606919765472412,0.13493646681308746,0,True
738,0.8570411205291748,0.17226174473762512,1.0,1.4205251932144165,1.6075408458709717,1.617767572402954,2.407543182373047,0.11985023319721222,0,True
739,0.8903741836547852,0.1516442894935608,1.0,1.4592474699020386,1.641879677772522,1.6526780128479004,2.727912664413452,0.12341650575399399,0,True
740,0.8686205744743347,0.16763436794281006,1.0,1.394995927810669,1.5695066452026367,1.579591989517212,2.551924467086792,0.1376161277294159,0,True
741,0.8777073621749878,0.16022852063179016,1.0,1.4052718877792358,1.5964739322662354,1.6064870357513428,2.6238467693328857,0.12277926504611969,0,True
742,0.8651971817016602,0.16718420386314392,1.0,1.4072399139404297,1.5787904262542725,1.5888903141021729,2.573636293411255,0.11551792174577713,0,True
743,0.8638360500335693,0.17197799682617188,1.0,1.4542229175567627,1.6166850328445435,1.627274990081787,2.636523962020874,0.15108580887317657,0,True
744,0.8898733854293823,0.15072321891784668,1.0,1.4781570434570312,1.6798145771026611,1.6907098293304443,2.6210405826568604,0.12651650607585907,0,True
745,0.8898313045501709,0.166341632604599,1.0,1.4435721635818481,1.6296944618225098,1.6404016017913818,2.598862409591675,0.1362888664007187,0,True
746,0.8757498264312744,0.16817793250083923,1.0,1.4017119407653809,1.6322276592254639,1.6425544023513794,2.516896963119507,0.12696057558059692,0,True
747,0.8658651113510132,0.1709166169166565,1.0,1.4169161319732666,1.6149280071258545,1.6251142024993896,2.7323670387268066,0.12144078314304352,0,True
748,0.8779231905937195,0.15130269527435303,1.0,1.4254443645477295,1.626617193222046,1.6369227170944214,2.5887866020202637,0.1441047638654709,0,True
749,0.8609375953674316,0.17459166049957275,1.0,1.4112548828125,1.5734364986419678,1.583691120147705,2.3910982608795166,0.13036155700683594,0,True
750,0.877907395362854,0.15276861190795898,1.0,1.4397125244140625,1.6406575441360474,1.651275634765625,2.550002336502075,0.10582767426967621,0,True
751,0.8739089369773865,0.15897774696350098,1.0,1.3926621675491333,1.553205132484436,1.5633208751678467,2.6914615631103516,0.1301266998052597,0,True
752,0.8575958609580994,0.1725156158208847,1.0,1.3637244701385498,1.5683143138885498,1.5780620574951172,2.335876226425171,0.12388106435537338,0,True
753,0.88001549243927,0.1593831181526184,1.0,1.4612503051757812,1.6485624313354492,1.65940260887146,2.5604846477508545,0.12514397501945496,0,True
754,0.8699988722801208,0.1775071620941162,1.0,1.4497288465499878,1.61842942237854,1.629288911819458,2.5528504848480225,0.12732701003551483,0,True
755,0.8971291780471802,0.15282794833183289,1.0,1.4609849452972412,1.6811301708221436,1.6921663284301758,2.6490325927734375,0.11389171332120895,0,True
756,0.8821699619293213,0.16365975141525269,1.0,1.389078140258789,1.5960614681243896,1.6062229871749878,2.556535243988037,0.12175203114748001,0,True
757,0.8773785829544067,0.15673187375068665,1.0,1.3718739748001099,1.6371347904205322,1.647071361541748,2.429791212081909,0.1264839768409729,0,True
758,0.8738372325897217,0.16734984517097473,1.0,1.3983933925628662,1.5734771490097046,1.583626627922058,2.635345220565796,0.13446608185768127,0,True
759,0.8932688236236572,0.15252789855003357,1.0,1.462382435798645,1.6133348941802979,1.6240509748458862,2.7074570655822754,0.11697980761528015,0,True
760,0.8979871869087219,0.1405559778213501,1.0,1.431313157081604,1.5777919292449951,1.5882796049118042,2.5672895908355713,0.12295004725456238,0,True
761,0.8773723840713501,0.1537925899028778,1.0,1.3717625141143799,1.5433754920959473,1.5531517267227173,2.6813995838165283,0.1332150399684906,0,True
762,0.8655791878700256,0.17332279682159424,1.0,1.390061855316162,1.5844035148620605,1.59431791305542,2.6259922981262207,0.14360535144805908,0,True
763,0.8760364055633545,0.16148924827575684,1.0,1.4690430164337158,1.6288701295852661,1.6397442817687988,2.5917625427246094,0.12451034784317017,0,True
764,0.8937172889709473,0.14022234082221985,1.0,1.4694218635559082,1.6423856019973755,1.6533875465393066,2.4417331218719482,0.135984867811203,0,True
765,0.8885456323623657,0.1443825662136078,1.0,1.4254071712493896,1.610825538635254,1.6213716268539429,2.6378672122955322,0.11757398396730423,0,True
766,0.8851118087768555,0.14224651455879211,1.0,1.398318886756897,1.6273014545440674,1.6373270750045776,2.629258632659912,0.11114397644996643,0,True
767,0.8932361602783203,0.1365845501422882,1.0,1.4152476787567139,1.6390012502670288,1.6493074893951416,2.5367891788482666,0.13658994436264038,0,True
768,0.8812703490257263,0.1511620730161667,1.0,1.4135092496871948,1.6129652261734009,1.62324857711792,2.563640832901001,0.13181868195533752,0,True
769,0.895811915397644,0.1387019008398056,1.0,1.43906569480896,1.6246898174285889,1.635312795639038,2.6690146923065186,0.13065290451049805,0,True
770,0.8725243806838989,0.15772563219070435,1.0,1.433462142944336,1.5692859888076782,1.579619288444519,2.473784923553467,0.12914378941059113,0,True
771,0.8669905662536621,0.15642142295837402,1.0,1.401384711265564,1.6012744903564453,1.611337423324585,2.6457533836364746,0.1364108920097351,0,True
772,0.8734946846961975,0.15409335494041443,1.0,1.4150745868682861,1.6156624555587769,1.6259543895721436,2.334423542022705,0.1198069155216217,0,True
773,0.8784550428390503,0.15551790595054626,1.0,1.4537527561187744,1.6471421718597412,1.6580628156661987,2.815641403198242,0.11651299148797989,0,True
774,0.8757378458976746,0.15710580348968506,1.0,1.4409782886505127,1.628124713897705,1.638810634613037,2.556203842163086,0.13550612330436707,0,True
775,0.8699975609779358,0.15107707679271698,1.0,1.4125155210494995,1.6180791854858398,1.6283271312713623,2.726781129837036,0.1175408661365509,0,True
776,0.8706086874008179,0.15899595618247986,1.0,1.4275047779083252,1.6315078735351562,1.6418750286102295,2.5554449558258057,0.12123271077871323,0,True
777,0.871312141418457,0.1605619192123413,1.0,1.418947458267212,1.6130911111831665,1.6233394145965576,2.4467074871063232,0.12605765461921692,0,True
778,0.8648667335510254,0.16522222757339478,1.0,1.3856701850891113,1.5804632902145386,1.5906033515930176,2.5363123416900635,0.11822529137134552,0,True
779,0.8875176310539246,0.1434495747089386,1.0,1.4321746826171875,1.6232208013534546,1.6338059902191162,2.6752490997314453,0.11427565664052963,0,True
780,0.8726495504379272,0.15684887766838074,1.0,1.3945943117141724,1.55549955368042,1.5655947923660278,2.633958339691162,0.1263478845357895,0,True
781,0.8521225452423096,0.169059157371521,1.0,1.3842744827270508,1.5627033710479736,1.5726654529571533,2.710679531097412,0.11558204144239426,0,True
782,0.8695985078811646,0.1619504988193512,1.0,1.4423437118530273,1.6237201690673828,1.6344165802001953,2.6187968254089355,0.11873897165060043,0,True
783,0.867964506149292,0.16282714903354645,1.0,1.4444317817687988,1.6105750799179077,1.6212505102157593,2.5385048389434814,0.12334659695625305,0,True
784,0.8678861260414124,0.16333213448524475,1.0,1.4211721420288086,1.5980796813964844,1.608581781387329,2.7610461711883545,0.13217046856880188,0,True
785,0.8603060245513916,0.16882744431495667,1.0,1.4057213068008423,1.6129648685455322,1.6232424974441528,2.5593223571777344,0.11370176821947098,0,True
786,0.8552533388137817,0.1772293746471405,1.0,1.4110996723175049,1.6294376850128174,1.6398189067840576,2.618535041809082,0.12902241945266724,0,True
787,0.8608928322792053,0.17901426553726196,1.0,1.4600858688354492,1.658500075340271,1.6693689823150635,2.6905081272125244,0.11369767040014267,0,True
788,0.8697757720947266,0.16564154624938965,1.0,1.4394731521606445,1.6341919898986816,1.6449778079986572,2.666696310043335,0.10872387140989304,0,True
789,0.8649099469184875,0.16509762406349182,1.0,1.3898255825042725,1.5952131748199463,1.6053813695907593,2.66513991355896,0.122385174036026,0,True
790,0.8603304624557495,0.15900740027427673,1.0,1.3857743740081787,1.5785362720489502,1.588388442993164,2.5739362239837646,0.12009730190038681,0,True
791,0.8499714732170105,0.17268535494804382,1.0,1.3889658451080322,1.5655404329299927,1.5754590034484863,2.505674123764038,0.1021207720041275,0,True
792,0.8512463569641113,0.17406713962554932,1.0,1.4407380819320679,1.6172136068344116,1.6278033256530762,2.7853713035583496,0.1247159093618393,0,True
793,0.8604631423950195,0.17369484901428223,1.0,1.440362811088562,1.6060192584991455,1.616591453552246,2.6990904808044434,0.1373797059059143,0,True
794,0.8507383465766907,0.17970490455627441,1.0,1.3940211534500122,1.6127195358276367,1.6229031085968018,2.455017328262329,0.12216168642044067,0,True
795,0.8534292578697205,0.1898248791694641,1.0,1.4335050582885742,1.6452686786651611,1.6558071374893188,2.7274439334869385,0.12772148847579956,0,True
796,0.874017059803009,0.16570712625980377,1.0,1.4604229927062988,1.6834745407104492,1.6944363117218018,2.997500419616699,0.12478944659233093,0,True
797,0.8696887493133545,0.16152822971343994,1.0,1.4094820022583008,1.6366424560546875,1.6470379829406738,2.4823646545410156,0.11638399958610535,0,True
798,0.8833796381950378,0.1583334505558014,1.0,1.4177196025848389,1.6313972473144531,1.6419117450714111,2.7196743488311768,0.12796473503112793,0,True
799,0.8841956853866577,0.15511108934879303,1.0,1.3990827798843384,1.5757266283035278,1.585776448249817,2.7131195068359375,0.12207558751106262,0,True
800,0.8829331398010254,0.1514894962310791,1.0,1.3810069561004639,1.5447341203689575,1.55446195602417,2.5942420959472656,0.11929016560316086,0,True
801,0.8708165884017944,0.16680409014225006,1.0,1.413062334060669,1.5446281433105469,1.5546132326126099,2.59641170501709,0.13095390796661377,0,True
802,0.8889098167419434,0.15590430796146393,1.0,1.457705020904541,1.6219650506973267,1.632638692855835,2.6033010482788086,0.11493760347366333,0,True
803,0.8863139152526855,0.16178053617477417,1.0,1.468605399131775,1.6199162006378174,1.6308856010437012,2.704209566116333,0.12095820903778076,0,True
804,0.879509687423706,0.16013185679912567,1.0,1.4455050230026245,1.6677507162094116,1.6785526275634766,2.671593427658081,0.12506484985351562,0,True
805,0.8796997666358948,0.16370368003845215,1.0,1.4263300895690918,1.6785295009613037,1.6891472339630127,2.7368600368499756,0.1266946643590927,0,True
806,0.8749148845672607,0.15897437930107117,1.0,1.4255702495574951,1.6483396291732788,1.6586921215057373,2.696549892425537,0.11804909259080887,0,True
807,0.8957523703575134,0.15016716718673706,1.0,1.4296914339065552,1.6533478498458862,1.6639342308044434,2.552724599838257,0.10321170091629028,0,True
808,0.8856248259544373,0.15594325959682465,1.0,1.3917491436004639,1.5715352296829224,1.5815480947494507,2.603848457336426,0.12392216920852661,0,True
809,0.8613280057907104,0.16353845596313477,1.0,1.358107328414917,1.5576269626617432,1.5673048496246338,2.425703525543213,0.09532652050256729,0,True
810,0.8665896058082581,0.16630108654499054,1.0,1.393608570098877,1.552762508392334,1.5628082752227783,2.6284334659576416,0.12204223871231079,0,True
811,0.8472267389297485,0.1802678406238556,1.0,1.4063575267791748,1.5432897806167603,1.553432822227478,2.6570963859558105,0.1056506410241127,0,True
812,0.8845381140708923,0.14467230439186096,1.0,1.4591375589370728,1.6329278945922852,1.6439138650894165,2.593308448791504,0.11297573149204254,0,True
813,0.8650150299072266,0.16088303923606873,1.0,1.4297823905944824,1.5819318294525146,1.5924577713012695,2.6868717670440674,0.1315115988254547,0,True
814,0.8485187292098999,0.17820657789707184,1.0,1.4237303733825684,1.6481647491455078,1.6585967540740967,2.5483691692352295,0.12522464990615845,0,True
815,0.8568872213363647,0.171860471367836,1.0,1.465146780014038,1.6893737316131592,1.7003437280654907,2.6236534118652344,0.14133891463279724,0,True
816,0.8717541694641113,0.15970571339130402,1.0,1.4598488807678223,1.6782317161560059,1.6890404224395752,2.899571180343628,0.13599182665348053,0,True
817,0.8816326856613159,0.15512540936470032,1.0,1.434046983718872,1.6742405891418457,1.6850643157958984,2.574227809906006,0.1353044956922531,0,True
818,0.8702658414840698,0.14560803771018982,1.0,1.3904602527618408,1.5840623378753662,1.5940907001495361,2.673649549484253,0.14120031893253326,0,True
819,0.8637057542800903,0.15673287212848663,1.0,1.3612287044525146,1.5449299812316895,1.554459810256958,2.3420844078063965,0.11701580137014389,0,True
820,0.8757911920547485,0.15213324129581451,1.0,1.3977577686309814,1.5417866706848145,1.551649570465088,2.7381749153137207,0.1430266797542572,0,True
821,0.8734049797058105,0.15136168897151947,1.0,1.4419503211975098,1.5533032417297363,1.5636320114135742,2.386507511138916,0.11136434972286224,0,True
822,0.8844425678253174,0.16373023390769958,1.0,1.467463493347168,1.6342413425445557,1.6452481746673584,2.595014810562134,0.12079539895057678,0,True
823,0.8762636184692383,0.15995648503303528,1.0,1.474872350692749,1.6678589582443237,1.678999423980713,2.598834753036499,0.10847106575965881,0,True
824,0.8619706630706787,0.16334125399589539,1.0,1.4401932954788208,1.6784371137619019,1.6891465187072754,2.4156954288482666,0.12206414341926575,0,True
825,0.8762913346290588,0.17024804651737213,1.0,1.459822654724121,1.7031278610229492,1.7140305042266846,2.5646936893463135,0.11457739770412445,0,True
826,0.881622314453125,0.16187813878059387,1.0,1.4388827085494995,1.667170524597168,1.6778600215911865,2.721196174621582,0.10712414979934692,0,True
827,0.8859993815422058,0.13981196284294128,1.0,1.3773376941680908,1.610282301902771,1.620270848274231,2.689028024673462,0.10779579728841782,0,True
828,0.8886740207672119,0.13708525896072388,1.0,1.3583086729049683,1.5488207340240479,1.5584453344345093,2.299778938293457,0.11414068192243576,0,True
829,0.884136438369751,0.14242905378341675,1.0,1.36011803150177,1.5143320560455322,1.5239936113357544,2.785982608795166,0.12789678573608398,0,True
830,0.8835498094558716,0.14307227730751038,1.0,1.3896186351776123,1.5216020345687866,1.5315141677856445,2.796229362487793,0.11639128625392914,0,True
831,0.886847972869873,0.15107733011245728,1.0,1.4410122632980347,1.5784882307052612,1.588980793952942,2.726510763168335,0.13278526067733765,0,True
832,0.8880029320716858,0.15247724950313568,1.0,1.4740394353866577,1.641026258468628,1.6519314050674438,2.658033847808838,0.12987220287322998,0,True
833,0.877492368221283,0.16064870357513428,1.0,1.455078125,1.6397747993469238,1.650679588317871,2.6340131759643555,0.11741442233324051,0,True
834,0.8617873787879944,0.17239612340927124,1.0,1.427359938621521,1.6660349369049072,1.676659345626831,2.526639223098755,0.12498015910387039,0,True
835,0.8793650269508362,0.15541955828666687,1.0,1.4378587007522583,1.7002856731414795,1.711121916770935,2.686173677444458,0.11004866659641266,0,True
836,0.8987060785293579,0.14106589555740356,1.0,1.4342498779296875,1.6756843328475952,1.6864771842956543,2.856851816177368,0.10631532967090607,0,True
837,0.8878399133682251,0.14587068557739258,1.0,1.3794724941253662,1.5910474061965942,1.6012089252471924,2.5682501792907715,0.1217200830578804,0,True
838,0.8823910355567932,0.14394798874855042,1.0,1.3765769004821777,1.545989990234375,1.555985689163208,2.790126323699951,0.11159615218639374,0,True
839,0.8813363313674927,0.1431550681591034,1.0,1.4062519073486328,1.543526291847229,1.5537757873535156,2.5606939792633057,0.11595064401626587,0,True
840,0.8816477656364441,0.14184445142745972,1.0,1.43064284324646,1.5359816551208496,1.5463088750839233,2.6411147117614746,0.12324941158294678,0,True
841,0.8665770292282104,0.16168853640556335,1.0,1.4221463203430176,1.5557706356048584,1.5660570859909058,2.719252586364746,0.12311666458845139,0,True
842,0.8844659328460693,0.14960947632789612,1.0,1.5074467658996582,1.6544208526611328,1.6656498908996582,2.740926504135132,0.11965283006429672,0,True
843,0.8748153448104858,0.16710633039474487,1.0,1.495427131652832,1.6870052814483643,1.6983821392059326,2.635725975036621,0.12315303832292557,0,True
844,0.8864405155181885,0.15957869589328766,1.0,1.4868621826171875,1.753401517868042,1.7648494243621826,2.600785493850708,0.11408980935811996,0,True
845,0.8915609121322632,0.14798453450202942,1.0,1.4486289024353027,1.7216923236846924,1.7327967882156372,2.6306545734405518,0.11303698271512985,0,True
846,0.8753541707992554,0.16167542338371277,1.0,1.4010059833526611,1.6516122817993164,1.6619253158569336,2.6422650814056396,0.1099279597401619,0,True
847,0.881420373916626,0.15416741371154785,1.0,1.3954417705535889,1.6036221981048584,1.6136982440948486,2.58587646484375,0.12299136817455292,0,True
848,0.8938160538673401,0.1442549228668213,1.0,1.3891040086746216,1.5361037254333496,1.5460107326507568,2.4779915809631348,0.12610220909118652,0,True
849,0.8710126280784607,0.15597663819789886,1.0,1.3673406839370728,1.4860718250274658,1.4956440925598145,2.397031784057617,0.10004270076751709,0,True
850,0.8708721399307251,0.14930664002895355,1.0,1.3933371305465698,1.5252351760864258,1.5351682901382446,2.632624626159668,0.1211949959397316,0,True
851,0.8537858724594116,0.17013515532016754,1.0,1.4416669607162476,1.5515286922454834,1.5619733333587646,2.677793025970459,0.1228196769952774,0,True
852,0.8693053126335144,0.15522950887680054,1.0,1.4835867881774902,1.652559518814087,1.66353440284729,2.5582847595214844,0.11905036866664886,0,True
853,0.8763782382011414,0.154086634516716,1.0,1.4899518489837646,1.692565679550171,1.7039520740509033,2.531953811645508,0.1300370842218399,0,True
854,0.8972392082214355,0.14424428343772888,1.0,1.4887471199035645,1.7495813369750977,1.7610701322555542,2.7872848510742188,0.12738671898841858,0,True
855,0.9040133357048035,0.13595892488956451,1.0,1.4319199323654175,1.7017228603363037,1.7125158309936523,2.744640588760376,0.11402809619903564,0,True
856,0.8803317546844482,0.1588752567768097,1.0,1.3572337627410889,1.6090259552001953,1.6188673973083496,2.6829934120178223,0.1122107207775116,0,True
857,0.9035899639129639,0.1362522393465042,1.0,1.373581886291504,1.5919344425201416,1.6017259359359741,2.8042399883270264,0.11105432361364365,0,True
858,0.8885490298271179,0.14782243967056274,1.0,1.3643336296081543,1.4795024394989014,1.4889302253723145,2.5369157791137695,0.11484584212303162,0,True
859,0.8853991031646729,0.1418483555316925,1.0,1.3825838565826416,1.4945013523101807,1.5041301250457764,2.741615056991577,0.11783139407634735,0,True
860,0.8780669569969177,0.15805304050445557,1.0,1.4316399097442627,1.534069299697876,1.5443830490112305,2.854030132293701,0.12156249582767487,0,True
861,0.866635262966156,0.16215167939662933,1.0,1.4406142234802246,1.5975849628448486,1.608065128326416,2.425581216812134,0.12683936953544617,0,True
862,0.8617349863052368,0.16681426763534546,1.0,1.4744257926940918,1.667267918586731,1.6783171892166138,2.692958354949951,0.12232597172260284,0,True
863,0.871078610420227,0.1571093201637268,1.0,1.4869284629821777,1.7157340049743652,1.7270793914794922,2.7956316471099854,0.11816203594207764,0,True
864,0.8762881755828857,0.15001314878463745,1.0,1.4663193225860596,1.7348926067352295,1.7460520267486572,2.6739044189453125,0.1059340313076973,0,True
865,0.8830322027206421,0.14727073907852173,1.0,1.4262540340423584,1.7065659761428833,1.7172772884368896,2.800312042236328,0.12124565243721008,0,True
866,0.86847323179245,0.15727457404136658,1.0,1.354792833328247,1.5985954999923706,1.6083238124847412,2.6984400749206543,0.11917022615671158,0,True
867,0.8558678030967712,0.16384674608707428,1.0,1.3351995944976807,1.5486193895339966,1.5579326152801514,2.7641184329986572,0.1018221378326416,0,True
868,0.861331045627594,0.16641445457935333,1.0,1.389188289642334,1.5229593515396118,1.5329504013061523,2.693972110748291,0.11228755116462708,0,True
869,0.8603127002716064,0.16501937806606293,1.0,1.4281742572784424,1.5436491966247559,1.5539891719818115,2.5746703147888184,0.11069778352975845,0,True
870,0.87749183177948,0.15671959519386292,1.0,1.4350712299346924,1.5838959217071533,1.5944368839263916,2.549318313598633,0.11619846522808075,0,True
871,0.8647505044937134,0.1635647863149643,1.0,1.4250372648239136,1.5953905582427979,1.6058740615844727,2.635763645172119,0.13722659647464752,0,True
872,0.8403854370117188,0.1815803050994873,1.0,1.4044063091278076,1.6289465427398682,1.6393253803253174,2.4486515522003174,0.11973356455564499,0,True
873,0.8621229529380798,0.16561579704284668,1.0,1.5120244026184082,1.7271291017532349,1.7386915683746338,2.5456249713897705,0.10381698608398438,0,True
874,0.8644492626190186,0.16710349917411804,1.0,1.4682903289794922,1.6791675090789795,1.6904103755950928,2.5982892513275146,0.11985664069652557,0,True
875,0.8496299386024475,0.17540669441223145,1.0,1.385624647140503,1.6337412595748901,1.6439552307128906,2.4162144660949707,0.12238308787345886,0,True
876,0.8500760197639465,0.16977114975452423,1.0,1.3623324632644653,1.5989971160888672,1.6088755130767822,2.656562089920044,0.11217747628688812,0,True
877,0.8433312177658081,0.17447495460510254,1.0,1.3758798837661743,1.5711266994476318,1.5810718536376953,2.642639398574829,0.10314245522022247,0,True
878,0.8556874990463257,0.16519182920455933,1.0,1.4097284078598022,1.565213918685913,1.5754203796386719,2.490089178085327,0.10992966592311859,0,True
879,0.8685230016708374,0.15470479428768158,1.0,1.4428603649139404,1.5558271408081055,1.566367745399475,2.748612642288208,0.12167938798666,0,True
880,0.8414632081985474,0.1768811047077179,1.0,1.3949849605560303,1.5461657047271729,1.5562134981155396,2.5265398025512695,0.11035589873790741,0,True
881,0.8567754030227661,0.17466571927070618,1.0,1.442276954650879,1.6216075420379639,1.632203459739685,2.667118787765503,0.10786302387714386,0,True
882,0.8677816390991211,0.16072382032871246,1.0,1.488386869430542,1.6678111553192139,1.678949236869812,2.777897357940674,0.10807126760482788,0,True
883,0.8683649897575378,0.16647827625274658,1.0,1.4681257009506226,1.6442712545394897,1.655275583267212,2.777310848236084,0.11530900001525879,0,True
884,0.878254771232605,0.15703848004341125,1.0,1.450681447982788,1.6854655742645264,1.6964647769927979,2.6469671726226807,0.11386443674564362,0,True
885,0.8749598264694214,0.16246214509010315,1.0,1.4120814800262451,1.6294041872024536,1.6397910118103027,2.497877359390259,0.11886247992515564,0,True
886,0.8725282549858093,0.16056230664253235,1.0,1.3744215965270996,1.6116430759429932,1.6216135025024414,2.7941064834594727,0.11865252256393433,0,True
887,0.8853611350059509,0.15185382962226868,1.0,1.4129979610443115,1.571826457977295,1.5820420980453491,2.6538803577423096,0.11888810247182846,0,True
888,0.8737878799438477,0.16128215193748474,1.0,1.4144755601882935,1.5340209007263184,1.5441784858703613,2.7222774028778076,0.1256062388420105,0,True
889,0.8788079023361206,0.16752159595489502,1.0,1.4336224794387817,1.583592414855957,1.5938999652862549,2.5445291996002197,0.12516066431999207,0,True
890,0.8815682530403137,0.15472698211669922,1.0,1.4637928009033203,1.6268919706344604,1.6377036571502686,2.592409610748291,0.11361309140920639,0,True
891,0.8601200580596924,0.17415361106395721,1.0,1.4455647468566895,1.6033306121826172,1.6137431859970093,2.6474201679229736,0.12567605078220367,0,True
892,0.8673036098480225,0.16952474415302277,1.0,1.43538236618042,1.655224323272705,1.6658157110214233,2.54240345954895,0.1332109272480011,0,True
893,0.8929404020309448,0.15712592005729675,1.0,1.4969005584716797,1.7138659954071045,1.7252843379974365,2.724026679992676,0.11964835226535797,0,True
894,0.8899700045585632,0.15949305891990662,1.0,1.45058012008667,1.6821963787078857,1.6931482553482056,2.6411914825439453,0.12160663306713104,0,True
895,0.8988938331604004,0.14588582515716553,1.0,1.410516619682312,1.669175148010254,1.679773211479187,2.5453672409057617,0.11665793508291245,0,True
896,0.8758994340896606,0.15260237455368042,1.0,1.342637300491333,1.5594115257263184,1.5689419507980347,2.1967861652374268,0.10854926705360413,0,True
897,0.8684076070785522,0.16001176834106445,1.0,1.3608381748199463,1.5610706806182861,1.5707197189331055,2.8075673580169678,0.11932914704084396,0,True
898,0.8760437965393066,0.1628054827451706,1.0,1.3999714851379395,1.5350606441497803,1.5450060367584229,2.6034741401672363,0.10899211466312408,0,True
899,0.8857549428939819,0.15927726030349731,1.0,1.4249204397201538,1.5630449056625366,1.5733122825622559,2.66013765335083,0.12987886369228363,0,True
900,0.8845745921134949,0.14780065417289734,1.0,1.4310320615768433,1.5777227878570557,1.5881798267364502,2.5710361003875732,0.12458759546279907,0,True
901,0.8638100624084473,0.1669933795928955,1.0,1.4197087287902832,1.6203620433807373,1.630765438079834,2.4297096729278564,0.1135919988155365,0,True
902,0.861290693283081,0.17007289826869965,1.0,1.4469726085662842,1.683609127998352,1.6943295001983643,2.660301446914673,0.12007097899913788,0,True
903,0.8716802000999451,0.15646177530288696,1.0,1.4583760499954224,1.6881964206695557,1.6991915702819824,2.7126963138580322,0.12128502875566483,0,True
904,0.8731432557106018,0.1616535633802414,1.0,1.4334334135055542,1.6505122184753418,1.6612951755523682,2.6066672801971436,0.1301986277103424,0,True
905,0.8651687502861023,0.16021475195884705,1.0,1.3870699405670166,1.6122221946716309,1.6223348379135132,2.6986846923828125,0.12917137145996094,0,True
906,0.8554143905639648,0.16393700242042542,1.0,1.38816237449646,1.58867609500885,1.5985660552978516,2.588557004928589,0.11751960217952728,0,True
907,0.8579453825950623,0.16285379230976105,1.0,1.3903052806854248,1.5770699977874756,1.5870699882507324,2.5611157417297363,0.12410030514001846,0,True
908,0.8512005805969238,0.1739269345998764,1.0,1.4065861701965332,1.5669269561767578,1.5770814418792725,2.5387275218963623,0.12331709265708923,0,True
909,0.8486340641975403,0.17783448100090027,1.0,1.4313722848892212,1.5998280048370361,1.61030113697052,2.818575143814087,0.13934467732906342,0,True
910,0.8666978478431702,0.15847153961658478,1.0,1.446359395980835,1.6393239498138428,1.6500093936920166,2.835284471511841,0.11113926768302917,0,True
911,0.8652405738830566,0.15449661016464233,1.0,1.425382137298584,1.6278364658355713,1.6383259296417236,2.5921106338500977,0.1264732927083969,0,True
912,0.8668595552444458,0.1687183976173401,1.0,1.4426910877227783,1.6439974308013916,1.6546107530593872,2.709696054458618,0.120639368891716,0,True
913,0.8645151853561401,0.16390106081962585,1.0,1.4186630249023438,1.631697177886963,1.6422107219696045,2.459916830062866,0.12137409299612045,0,True
914,0.8645676374435425,0.1679542064666748,1.0,1.4361064434051514,1.6494461297988892,1.660019874572754,2.659728527069092,0.1273348033428192,0,True
915,0.8817607164382935,0.14716434478759766,1.0,1.446932077407837,1.6535110473632812,1.6642074584960938,2.6295361518859863,0.11652013659477234,0,True
916,0.8755073547363281,0.15392278134822845,1.0,1.4107075929641724,1.5951488018035889,1.6052184104919434,2.6926393508911133,0.1301356852054596,0,True
917,0.8766899108886719,0.14967764914035797,1.0,1.3928194046020508,1.59783935546875,1.6078076362609863,2.4226789474487305,0.11573760211467743,0,True
918,0.8626152276992798,0.16231828927993774,1.0,1.3934507369995117,1.5635313987731934,1.5735714435577393,2.5372962951660156,0.11892238259315491,0,True
919,0.8829773664474487,0.14438340067863464,1.0,1.4434254169464111,1.6402146816253662,1.6508005857467651,2.585426092147827,0.12326659262180328,0,True
920,0.8656455278396606,0.15690353512763977,1.0,1.4305274486541748,1.604845404624939,1.6154407262802124,2.419386863708496,0.12064401060342789,0,True
921,0.8607664704322815,0.17025768756866455,1.0,1.4441487789154053,1.6269110441207886,1.637418508529663,2.7476754188537598,0.12461116164922714,0,True
922,0.8704807758331299,0.1570645123720169,1.0,1.4097893238067627,1.61307692527771,1.6234322786331177,2.730283498764038,0.10915589332580566,0,True
923,0.8690125346183777,0.1536412537097931,1.0,1.4096919298171997,1.5977091789245605,1.607980489730835,2.814472198486328,0.12688887119293213,0,True
924,0.863397479057312,0.16284418106079102,1.0,1.4042750597000122,1.602271318435669,1.6125351190567017,2.5862014293670654,0.11817628145217896,0,True
925,0.8689903020858765,0.17273792624473572,1.0,1.4498471021652222,1.6348543167114258,1.6456180810928345,2.5788416862487793,0.12901362776756287,0,True
926,0.8733017444610596,0.16387149691581726,1.0,1.4402014017105103,1.6292765140533447,1.639906406402588,2.6637513637542725,0.1295076310634613,0,True
927,0.8637053966522217,0.1618148386478424,1.0,1.4043618440628052,1.6022268533706665,1.6125072240829468,2.6709988117218018,0.12007603049278259,0,True
928,0.8812786936759949,0.1483691930770874,1.0,1.4232935905456543,1.6350457668304443,1.6454789638519287,2.6109602451324463,0.12544700503349304,0,True
929,0.8825761079788208,0.15538573265075684,1.0,1.4381859302520752,1.621845006942749,1.6324174404144287,2.4149041175842285,0.1354939043521881,0,True
930,0.9043196439743042,0.14928969740867615,1.0,1.4406120777130127,1.6498912572860718,1.6606180667877197,2.636364221572876,0.12341631203889847,0,True
931,0.88727867603302,0.1655203402042389,1.0,1.3952875137329102,1.578844428062439,1.5889229774475098,2.620387077331543,0.11783330142498016,0,True
932,0.8791713118553162,0.16748155653476715,1.0,1.4049127101898193,1.5949993133544922,1.6050399541854858,2.606119155883789,0.10842272639274597,0,True
933,0.8848128318786621,0.15586423873901367,1.0,1.4576358795166016,1.6343101263046265,1.6449979543685913,2.676267385482788,0.0963323637843132,0,True
934,0.8877291083335876,0.15701782703399658,1.0,1.4459373950958252,1.603137493133545,1.6137871742248535,2.7083332538604736,0.11291643232107162,0,True
935,0.8751044273376465,0.15881341695785522,1.0,1.4128761291503906,1.6084922552108765,1.6187660694122314,2.7526261806488037,0.11933571100234985,0,True
936,0.8597869873046875,0.17174845933914185,1.0,1.3802701234817505,1.5806792974472046,1.590618371963501,2.5866167545318604,0.12335872650146484,0,True
937,0.8624700903892517,0.16778695583343506,1.0,1.430790662765503,1.6382195949554443,1.6486258506774902,2.678586959838867,0.1325719654560089,0,True
938,0.8676701784133911,0.1727699339389801,1.0,1.439392328262329,1.617958664894104,1.6285099983215332,2.392669677734375,0.12483402341604233,0,True
939,0.8682500720024109,0.15807349979877472,1.0,1.4327330589294434,1.638895034790039,1.6494297981262207,2.5188286304473877,0.13229089975357056,0,True
940,0.8542153239250183,0.16961784660816193,1.0,1.4000673294067383,1.6116209030151367,1.6219158172607422,2.400019645690918,0.13504284620285034,0,True
941,0.8521241545677185,0.17341630160808563,1.0,1.4278030395507812,1.6435574293136597,1.6541019678115845,2.630194902420044,0.11647991836071014,0,True
942,0.8750320076942444,0.15579375624656677,1.0,1.4466722011566162,1.6438955068588257,1.6545333862304688,2.698667287826538,0.12158466875553131,0,True
943,0.8682937026023865,0.1584952026605606,1.0,1.392297387123108,1.576303482055664,1.5863919258117676,2.6013762950897217,0.11101655662059784,0,True
944,0.85382080078125,0.16642668843269348,1.0,1.3816416263580322,1.588618278503418,1.598602294921875,2.6325137615203857,0.10828711092472076,0,True
945,0.8666422367095947,0.16307102143764496,1.0,1.4731312990188599,1.6393091678619385,1.6502653360366821,2.716486930847168,0.12385720759630203,0,True
946,0.8619745373725891,0.1657104194164276,1.0,1.4362902641296387,1.5919549465179443,1.602396011352539,2.408583164215088,0.11793385446071625,0,True
947,0.8753880262374878,0.15873104333877563,1.0,1.4366322755813599,1.609081745147705,1.619657039642334,2.7068042755126953,0.11997045576572418,0,True
948,0.8673694133758545,0.15827102959156036,1.0,1.4302560091018677,1.5984866619110107,1.6089210510253906,2.6342525482177734,0.10863140225410461,0,True
949,0.8883435130119324,0.13957096636295319,1.0,1.4429335594177246,1.6167945861816406,1.6272504329681396,2.7333836555480957,0.11747488379478455,0,True
950,0.8654404878616333,0.16060250997543335,1.0,1.3951300382614136,1.5707308053970337,1.5808053016662598,2.4924046993255615,0.13068103790283203,0,True
951,0.872136116027832,0.1663791537284851,1.0,1.4543761014938354,1.6728898286819458,1.6837185621261597,2.577493190765381,0.11602950841188431,0,True
952,0.8845207691192627,0.16118010878562927,1.0,1.4737036228179932,1.6688685417175293,1.6800422668457031,2.8710994720458984,0.11934242397546768,0,True
953,0.8561303615570068,0.16862647235393524,1.0,1.3802251815795898,1.5907526016235352,1.6007180213928223,2.6053667068481445,0.13039115071296692,0,True
954,0.8522465229034424,0.17447277903556824,1.0,1.3857194185256958,1.5999205112457275,1.6098463535308838,2.56069278717041,0.11575159430503845,0,True
955,0.8737318515777588,0.15477590262889862,1.0,1.4351825714111328,1.619133710861206,1.6296911239624023,2.620602607727051,0.11791862547397614,0,True
956,0.8759092092514038,0.15772582590579987,1.0,1.4311810731887817,1.5972568988800049,1.6077560186386108,2.668412446975708,0.10429960489273071,0,True
957,0.8651176691055298,0.1621449589729309,1.0,1.3705623149871826,1.5660269260406494,1.5757968425750732,2.4332141876220703,0.11610578745603561,0,True
958,0.8624527454376221,0.16617077589035034,1.0,1.4106497764587402,1.6014502048492432,1.6115784645080566,2.577479839324951,0.11644549667835236,0,True
959,0.8628723621368408,0.17076563835144043,1.0,1.4224252700805664,1.625754714012146,1.636225938796997,2.6057119369506836,0.1268649399280548,0,True
960,0.06373350322246552,0.9416638612747192,1.0,1.4194667339324951,1.6124389171600342,1.6228893995285034,2.6877896785736084,0.00817454606294632,119,True
961,0.04491385817527771,0.9564687013626099,0.0703125,1.2983320951461792,1.1325066089630127,1.1436028480529785,2.714242935180664,2.143716812133789,0,True
962,0.03715498372912407,0.9692179560661316,0.0703125,1.832261085510254,1.5248136520385742,1.534851312637329,3.381911516189575,3.0647377967834473,0,True
963,0.02218720316886902,0.9869329929351807,0.0703125,2.1862356662750244,0.945178210735321,0.9585169553756714,3.167297601699829,4.1307501792907715,0,True
964,-0.032305486500263214,1.0417500734329224,0.0703125,2.522643566131592,0.7909097671508789,0.8041683435440063,3.6296775341033936,4.331371307373047,0,True
965,-0.008382273837924004,1.0140401124954224,0.0703125,2.5204758644104004,0.8678637742996216,0.8809062242507935,3.7996466159820557,3.24967098236084,0,True
966,0.03303029388189316,0.9721568822860718,0.0703125,2.0482780933380127,1.1542387008666992,1.1655992269515991,3.3845162391662598,2.042552947998047,0,True
967,0.07666373997926712,0.9311681985855103,0.0703125,1.675223469734192,1.3774051666259766,1.3857383728027344,3.7890243530273438,1.2945024967193604,0,True
968,0.1308300942182541,0.8760823011398315,0.0703125,1.4395568370819092,1.5405993461608887,1.5454508066177368,3.5476620197296143,0.8098129034042358,0,True
969,0.17010948061943054,0.8397724628448486,0.0703125,1.3455405235290527,1.6563853025436401,1.6601077318191528,3.41129207611084,0.49089646339416504,0,True
970,0.1811756193637848,0.8293620944023132,0.0703125,1.2652924060821533,1.6749752759933472,1.6781625747680664,3.4007771015167236,0.39585793018341064,0,True
971,0.18132714927196503,0.826670229434967,0.0703125,1.1449837684631348,1.6167303323745728,1.6194065809249878,3.350975751876831,0.297807514667511,0,True
972,0.19397100806236267,0.8151156902313232,0.0703125,1.1057732105255127,1.5742294788360596,1.5773634910583496,3.255838632583618,0.2814875841140747,0,True
973,0.20701032876968384,0.8012218475341797,0.0703125,1.0427696704864502,1.5144970417022705,1.5181410312652588,3.1181206703186035,0.2705383896827698,0,True
974,0.20808172225952148,0.8001360893249512,0.0703125,1.0557012557983398,1.4730886220932007,1.477301836013794,3.042051076889038,0.24097976088523865,0,True
975,0.2220689356327057,0.7899349927902222,0.0703125,1.0946441888809204,1.4844648838043213,1.4898056983947754,2.9967360496520996,0.2341223657131195,0,True
976,0.23573756217956543,0.7741615176200867,0.0703125,1.1194274425506592,1.4852855205535889,1.4916660785675049,2.7714850902557373,0.244467094540596,0,True
977,0.2629663646221161,0.7486380338668823,0.0703125,1.1652092933654785,1.528290033340454,1.5354547500610352,2.645285129547119,0.3017297685146332,0,True
978,0.2799237072467804,0.7278100252151489,0.0703125,1.210256576538086,1.5524637699127197,1.5601427555084229,2.7075507640838623,0.28046438097953796,0,True
979,0.31840980052948,0.6950373649597168,0.0703125,1.272951364517212,1.6031349897384644,1.6115996837615967,2.727813482284546,0.2981926202774048,0,True
980,0.3619149327278137,0.6544564962387085,0.0703125,1.3420226573944092,1.6101646423339844,1.6194875240325928,2.771071195602417,0.30087724328041077,0,True
981,0.3824716806411743,0.6308299899101257,0.0703125,1.318615436553955,1.5412830114364624,1.550339937210083,2.831099033355713,0.31993186473846436,0,True
982,0.38833296298980713,0.6200474500656128,0.0703125,1.3439562320709229,1.5185551643371582,1.5278316736221313,3.2915430068969727,0.26461708545684814,0,True
983,0.4211941957473755,0.5871190428733826,0.0703125,1.3334240913391113,1.4784433841705322,1.487550973892212,3.089071750640869,0.2746726870536804,0,True
984,0.4407174289226532,0.5662835836410522,0.0703125,1.350358486175537,1.4592173099517822,1.4687083959579468,3.0643327236175537,0.2637087106704712,0,True
985,0.4499332010746002,0.5572969913482666,0.0703125,1.305382251739502,1.3872054815292358,1.3959583044052124,2.8240582942962646,0.24050267040729523,0,True
986,0.47304588556289673,0.5315535068511963,0.0703125,1.3772964477539062,1.4400556087493896,1.4495590925216675,3.2932114601135254,0.2332192361354828,0,True
987,0.4764886200428009,0.5332213640213013,0.0703125,1.3950436115264893,1.476043939590454,1.4857397079467773,3.762883424758911,0.2613910138607025,0,True
988,0.5115442276000977,0.4986206293106079,0.0703125,1.466915249824524,1.5719306468963623,1.5825400352478027,3.725478410720825,0.23951397836208344,0,True
989,0.5438682436943054,0.46760910749435425,0.0703125,1.4207710027694702,1.5696516036987305,1.5800840854644775,2.9313368797302246,0.25352269411087036,0,True
990,0.5703133344650269,0.4395869970321655,0.0703125,1.3830304145812988,1.5693693161010742,1.579180121421814,3.5954935550689697,0.2651222348213196,0,True
991,0.5651896595954895,0.4427146017551422,0.0859375,1.3184247016906738,1.5374456644058228,1.5467076301574707,2.3856067657470703,0.2348775565624237,0,True
992,0.59086012840271,0.4147665500640869,0.09375,1.394185185432434,1.5769736766815186,1.5869377851486206,3.0957415103912354,0.2461385726928711,0,True
993,0.6075969934463501,0.40388599038124084,0.1015625,1.4140489101409912,1.5049597024917603,1.5149548053741455,3.342848539352417,0.2629827857017517,0,True
994,0.6104510426521301,0.3982788920402527,0.1015625,1.3771023750305176,1.4956856966018677,1.5048141479492188,2.517291784286499,0.2484656274318695,0,True
995,0.6001695990562439,0.40324288606643677,0.109375,1.3590550422668457,1.431883454322815,1.4406535625457764,2.757141351699829,0.2326565384864807,0,True
996,0.5960851907730103,0.40889972448349,0.109375,1.348132610321045,1.4433844089508057,1.4523499011993408,2.5422520637512207,0.23025941848754883,0,True
997,0.6142851114273071,0.39493006467819214,0.1171875,1.4536266326904297,1.563581943511963,1.5740811824798584,2.782977342605591,0.21824602782726288,0,True
998,0.621009111404419,0.3901456892490387,0.140625,1.4949853420257568,1.600872278213501,1.611701250076294,3.8693768978118896,0.1915762722492218,0,True
999,0.6398118734359741,0.36987972259521484,0.1640625,1.452083945274353,1.6535613536834717,1.6643786430358887,2.587193489074707,0.20030376315116882,0,True
1000,0.6458216309547424,0.3667391538619995,0.171875,1.411991834640503,1.6375066041946411,1.6477998495101929,2.5845015048980713,0.2270352840423584,0,True
