step,mean_vel_x,mean_abs_vx_error,p2_fault_active_mean,residual_action_mean_norm,final_action_mean_norm,base_action_mean_norm,residual_action_max_norm,mean_abs_yaw_error,done_count,no_nan_inf
1,0.022244587540626526,0.9777553081512451,0.0,1.0498050451278687,0.8918578624725342,0.9142557978630066,1.3388910293579102,1.9985554218292236,0,True
2,0.035885654389858246,0.9681751728057861,0.0,1.8072706460952759,1.5642459392547607,1.5886073112487793,3.338090658187866,2.965672492980957,0,True
3,0.016751525923609734,0.9874277114868164,0.0,2.2095417976379395,0.9803587794303894,1.0152502059936523,3.388667106628418,4.207144737243652,0,True
4,-0.07183767110109329,1.0734056234359741,0.0,2.5344882011413574,0.8360122442245483,0.8687136173248291,3.6082231998443604,4.572380542755127,0,True
5,-0.0413079634308815,1.0413079261779785,0.0,2.555737257003784,0.9869935512542725,1.0189794301986694,3.4509739875793457,3.3840696811676025,0,True
6,-0.034373149275779724,1.034373164176941,0.0,2.178013324737549,1.1838045120239258,1.2121045589447021,3.463019371032715,2.4234848022460938,0,True
7,0.005190931260585785,0.9948090314865112,0.0,1.8966965675354004,1.378623604774475,1.4002569913864136,3.390268564224243,1.549034833908081,0,True
8,0.0660007894039154,0.9339991807937622,0.0,1.6528184413909912,1.6003010272979736,1.6144788265228271,3.769049882888794,0.8942368030548096,0,True
9,0.10685288906097412,0.8936967849731445,0.0,1.5347740650177002,1.7247724533081055,1.7352843284606934,3.674621820449829,0.5240317583084106,0,True
10,0.12272009998559952,0.8779495358467102,0.0,1.3849130868911743,1.7316765785217285,1.7361869812011719,3.534111261367798,0.4124513864517212,0,True
11,0.1323038786649704,0.8682875633239746,0.0,1.246544361114502,1.6710636615753174,1.6733825206756592,3.65374755859375,0.310802698135376,0,True
12,0.14340758323669434,0.8566844463348389,0.0,1.2429225444793701,1.6438136100769043,1.6474593877792358,3.5695159435272217,0.30712735652923584,0,True
13,0.16878733038902283,0.8315927386283875,0.0,1.2366743087768555,1.6429810523986816,1.6503112316131592,3.4195096492767334,0.2732229232788086,0,True
14,0.19000335037708282,0.8106178045272827,0.0,1.2125895023345947,1.5882256031036377,1.597182273864746,3.3611960411071777,0.2445501685142517,0,True
15,0.18819007277488708,0.8118098974227905,0.0,1.1694707870483398,1.5469151735305786,1.55613112449646,3.251847267150879,0.23925729095935822,0,True
16,0.20276007056236267,0.7980284690856934,0.0,1.217270851135254,1.5707303285598755,1.5833253860473633,3.0704126358032227,0.21630796790122986,0,True
17,0.22762852907180786,0.7723714709281921,0.0,1.2083022594451904,1.550801396369934,1.5645761489868164,2.942544460296631,0.24557462334632874,0,True
18,0.26521041989326477,0.7356885075569153,0.0,1.3303697109222412,1.6127464771270752,1.6300718784332275,2.955350637435913,0.214168518781662,0,True
19,0.28876250982284546,0.7171549797058105,0.0,1.2766566276550293,1.569518804550171,1.586287260055542,2.8150734901428223,0.255344033241272,0,True
20,0.2970731258392334,0.7076852321624756,0.0,1.2983957529067993,1.5700184106826782,1.5880167484283447,2.9436988830566406,0.25198894739151,0,True
21,0.30319344997406006,0.7005367279052734,0.0,1.3068721294403076,1.5241438150405884,1.5425630807876587,2.8421237468719482,0.25100547075271606,0,True
22,0.3380957543849945,0.6685055494308472,0.0,1.3789911270141602,1.560570240020752,1.58176851272583,3.2579052448272705,0.21787501871585846,0,True
23,0.35814031958580017,0.6445844173431396,0.0,1.3864893913269043,1.5454342365264893,1.5673480033874512,2.8600525856018066,0.2303093671798706,0,True
24,0.37996548414230347,0.6214102506637573,0.0,1.3669294118881226,1.490067481994629,1.5111035108566284,2.937880754470825,0.24255633354187012,0,True
25,0.399854838848114,0.6017402410507202,0.0,1.3543750047683716,1.4716737270355225,1.4925134181976318,3.156257152557373,0.25026899576187134,0,True
26,0.40335506200790405,0.5988691449165344,0.0,1.3409876823425293,1.4608376026153564,1.4816005229949951,2.722548484802246,0.2287389039993286,0,True
27,0.3979366421699524,0.6040911674499512,0.0,1.3646974563598633,1.4678075313568115,1.4894976615905762,3.895653486251831,0.21471834182739258,0,True
28,0.41241639852523804,0.5897992849349976,0.0,1.3684189319610596,1.489396095275879,1.5119225978851318,2.606194257736206,0.20945516228675842,0,True
29,0.434589684009552,0.5690173506736755,0.0,1.382081151008606,1.4824433326721191,1.505675196647644,3.13893985748291,0.23850056529045105,0,True
30,0.43133145570755005,0.5697976350784302,0.0,1.322429895401001,1.4865045547485352,1.5084023475646973,2.343749523162842,0.23023907840251923,0,True
31,0.45247724652290344,0.5480692982673645,0.0078125,1.3926749229431152,1.5381911993026733,1.5616471767425537,3.7861053943634033,0.21478688716888428,0,True
32,0.43245744705200195,0.567578911781311,0.0078125,1.3287262916564941,1.5056568384170532,1.5280251502990723,2.6185462474823,0.20151707530021667,0,True
33,0.4478709101676941,0.5538873672485352,0.0234375,1.343804955482483,1.5268927812576294,1.5497031211853027,3.006911516189575,0.23896922171115875,0,True
34,0.46799927949905396,0.5367816090583801,0.0234375,1.3791378736495972,1.5236848592758179,1.547784686088562,3.401477813720703,0.24661925435066223,0,True
35,0.46234941482543945,0.5439344048500061,0.03125,1.3486785888671875,1.4837582111358643,1.5068702697753906,2.805295944213867,0.22900883853435516,0,True
36,0.4870235323905945,0.5181739330291748,0.0390625,1.3839929103851318,1.5419540405273438,1.5664572715759277,2.6889686584472656,0.2241087704896927,0,True
37,0.48384130001068115,0.5202177166938782,0.046875,1.3701772689819336,1.5169192552566528,1.5411005020141602,2.6569416522979736,0.21919997036457062,0,True
38,0.4979863166809082,0.5085717439651489,0.0625,1.3460538387298584,1.5338611602783203,1.5575594902038574,2.519550085067749,0.21072331070899963,0,True
39,0.5304216742515564,0.4747384786605835,0.0703125,1.4062658548355103,1.5439311265945435,1.5689616203308105,3.4304778575897217,0.2008676528930664,0,True
40,0.5270061492919922,0.4759332537651062,0.0859375,1.3649210929870605,1.517101526260376,1.5412108898162842,2.82474422454834,0.23629328608512878,0,True
41,0.5371770858764648,0.47144559025764465,0.09375,1.366660714149475,1.5114998817443848,1.5353260040283203,2.8305013179779053,0.2033177614212036,0,True
42,0.5557389855384827,0.4580813944339752,0.09375,1.372875690460205,1.5276339054107666,1.5519838333129883,2.9360191822052,0.2002018392086029,0,True
43,0.5465441346168518,0.46344688534736633,0.109375,1.342952013015747,1.49644136428833,1.5201603174209595,2.4502573013305664,0.21101024746894836,0,True
44,0.5672129392623901,0.4435989260673523,0.1171875,1.3705129623413086,1.5393141508102417,1.5633175373077393,2.7154488563537598,0.19335326552391052,0,True
45,0.5604124665260315,0.4488018751144409,0.125,1.3585708141326904,1.5015134811401367,1.5246918201446533,2.6949574947357178,0.19632914662361145,0,True
46,0.5840896368026733,0.4302016496658325,0.125,1.3751920461654663,1.5383145809173584,1.5621026754379272,2.4885520935058594,0.19403983652591705,0,True
47,0.6072925329208374,0.41156116127967834,0.125,1.4045519828796387,1.5168397426605225,1.5416841506958008,3.063415288925171,0.18758904933929443,0,True
48,0.6157804727554321,0.40540122985839844,0.1328125,1.3656004667282104,1.5243985652923584,1.5475575923919678,2.733548879623413,0.20429165661334991,0,True
49,0.6298407316207886,0.38960063457489014,0.140625,1.4250447750091553,1.5781666040420532,1.6024906635284424,4.448980808258057,0.18048208951950073,0,True
50,0.6361421346664429,0.3870156705379486,0.140625,1.4380266666412354,1.556006908416748,1.5813038349151611,4.26177453994751,0.1759779453277588,0,True
51,0.6293200254440308,0.38911163806915283,0.140625,1.4138922691345215,1.537052869796753,1.5616072416305542,3.2257421016693115,0.20281660556793213,0,True
52,0.636259913444519,0.3864127993583679,0.140625,1.4011213779449463,1.5154826641082764,1.538851022720337,3.6434407234191895,0.19023841619491577,0,True
53,0.6230838298797607,0.39926379919052124,0.1640625,1.3954522609710693,1.4780855178833008,1.5013747215270996,3.9737510681152344,0.2010420709848404,0,True
54,0.6236574053764343,0.4011837840080261,0.1796875,1.3828911781311035,1.4982666969299316,1.521378517150879,3.936826467514038,0.21824215352535248,0,True
55,0.6369563341140747,0.3888479173183441,0.1953125,1.4654204845428467,1.5642311573028564,1.5893559455871582,3.8126516342163086,0.22751402854919434,0,True
56,0.6436706781387329,0.3806624412536621,0.203125,1.4648711681365967,1.5367674827575684,1.5619806051254272,3.973099946975708,0.2322961837053299,0,True
57,0.6463459730148315,0.38436809182167053,0.2109375,1.4685662984848022,1.5620063543319702,1.5874199867248535,4.1068267822265625,0.21547791361808777,0,True
58,0.6655000448226929,0.36537614464759827,0.21875,1.5097954273223877,1.5977122783660889,1.623206377029419,5.280908584594727,0.20868390798568726,0,True
59,0.6487573981285095,0.38509440422058105,0.21875,1.4799479246139526,1.6015331745147705,1.6269532442092896,4.1810431480407715,0.23263677954673767,0,True
60,0.6494632363319397,0.3894442319869995,0.21875,1.4723243713378906,1.6011097431182861,1.627396583557129,2.777099132537842,0.2213016003370285,0,True
61,0.6653689742088318,0.3715885877609253,0.2265625,1.4352471828460693,1.5637459754943848,1.5887451171875,3.2409164905548096,0.2201928198337555,0,True
62,0.6887854933738708,0.35060715675354004,0.234375,1.4387578964233398,1.577804446220398,1.6031845808029175,2.931459665298462,0.2113032042980194,1,True
63,0.6826657056808472,0.3548891544342041,0.234375,1.4040262699127197,1.5009387731552124,1.5250747203826904,2.565464973449707,0.21009673178195953,0,True
64,0.68979811668396,0.3467481732368469,0.234375,1.4335838556289673,1.5183426141738892,1.5429044961929321,2.9152450561523438,0.250153124332428,0,True
65,0.6969151496887207,0.32656049728393555,0.2578125,1.4877710342407227,1.573839783668518,1.6003365516662598,3.8325891494750977,0.23225149512290955,0,True
66,0.6940850019454956,0.3220655918121338,0.2578125,1.4614222049713135,1.542402744293213,1.568389892578125,3.43394136428833,0.25393158197402954,0,True
67,0.6844717264175415,0.3375953435897827,0.265625,1.4550724029541016,1.5596429109573364,1.585099220275879,3.3261377811431885,0.2906566262245178,0,True
68,0.6870511770248413,0.336246520280838,0.2734375,1.448837399482727,1.5454580783843994,1.5699608325958252,2.9735753536224365,0.23498746752738953,0,True
69,0.6973820328712463,0.3198443055152893,0.2734375,1.4568071365356445,1.5789234638214111,1.6044267416000366,2.7973883152008057,0.19165094196796417,0,True
70,0.6666430234909058,0.3427857756614685,0.2734375,1.458686113357544,1.5409733057022095,1.5654878616333008,4.382129192352295,0.23116326332092285,0,True
71,0.6724567413330078,0.34299302101135254,0.2734375,1.451408863067627,1.6031415462493896,1.6287249326705933,2.9359662532806396,0.2241978645324707,0,True
72,0.6875792145729065,0.33606114983558655,0.28125,1.4441118240356445,1.606947422027588,1.6324576139450073,2.7295172214508057,0.2136571705341339,0,True
73,0.6694365739822388,0.3479890823364258,0.2890625,1.3957552909851074,1.5568336248397827,1.5808475017547607,2.7792110443115234,0.21420784294605255,1,True
74,0.6932439208030701,0.32351207733154297,0.28125,1.4053871631622314,1.5617830753326416,1.5862643718719482,2.674879550933838,0.237692728638649,1,True
75,0.6675041913986206,0.3420311212539673,0.2890625,1.3869225978851318,1.524787187576294,1.5489180088043213,2.7886040210723877,0.21845757961273193,1,True
76,0.6611956357955933,0.35099202394485474,0.296875,1.4214725494384766,1.580243468284607,1.6053252220153809,2.748060703277588,0.24016430974006653,0,True
77,0.6937775015830994,0.31717538833618164,0.3046875,1.4925603866577148,1.6221158504486084,1.6495391130447388,2.6684579849243164,0.28526920080184937,0,True
78,0.6872538924217224,0.3199304938316345,0.3046875,1.4512546062469482,1.5539016723632812,1.5796977281570435,3.078321933746338,0.33564525842666626,0,True
79,0.6913272142410278,0.318217396736145,0.3203125,1.4161486625671387,1.5397639274597168,1.5646114349365234,3.3804233074188232,0.3065713942050934,0,True
80,0.6716015934944153,0.3365020751953125,0.3203125,1.4233222007751465,1.5187267065048218,1.5433320999145508,2.9836819171905518,0.23387739062309265,0,True
81,0.6784993410110474,0.3303736448287964,0.328125,1.3981372117996216,1.5717443227767944,1.5964360237121582,2.6175832748413086,0.1687464416027069,0,True
82,0.6908287405967712,0.3158438205718994,0.3359375,1.4350894689559937,1.5602504014968872,1.5859780311584473,3.1483607292175293,0.18797865509986877,0,True
83,0.6871519088745117,0.3216930031776428,0.359375,1.395751953125,1.555740475654602,1.5808089971542358,3.1698553562164307,0.1709686517715454,0,True
84,0.6954908967018127,0.31234076619148254,0.359375,1.3881511688232422,1.613215684890747,1.6380432844161987,2.609649896621704,0.1847500205039978,0,True
85,0.6885868310928345,0.31868264079093933,0.3671875,1.3771617412567139,1.5707521438598633,1.59518301486969,2.744396448135376,0.1616860330104828,0,True
86,0.69325852394104,0.3108450770378113,0.3671875,1.3991882801055908,1.5927069187164307,1.6178579330444336,2.5033204555511475,0.14816081523895264,0,True
87,0.6999450922012329,0.30930227041244507,0.390625,1.3894857168197632,1.5727883577346802,1.5978639125823975,2.68805193901062,0.1531561315059662,0,True
88,0.691480278968811,0.319786936044693,0.390625,1.376345157623291,1.5644376277923584,1.5886452198028564,2.6143901348114014,0.15182721614837646,0,True
89,0.6940401792526245,0.31037381291389465,0.3984375,1.391391634941101,1.5944781303405762,1.6196142435073853,2.409615993499756,0.137411430478096,0,True
90,0.7065664529800415,0.3043951690196991,0.421875,1.3964943885803223,1.5641770362854004,1.5895839929580688,2.510265588760376,0.13263705372810364,0,True
91,0.71108478307724,0.29640695452690125,0.421875,1.352527379989624,1.5378172397613525,1.562187671661377,2.752016305923462,0.13748592138290405,0,True
92,0.7160318493843079,0.2928099036216736,0.4375,1.3863935470581055,1.5478734970092773,1.5729219913482666,2.6340718269348145,0.1307687610387802,0,True
93,0.717939019203186,0.2914971113204956,0.453125,1.3687756061553955,1.5409793853759766,1.5654411315917969,2.715993642807007,0.15117159485816956,0,True
94,0.7436628341674805,0.2657485008239746,0.4609375,1.4371459484100342,1.5954337120056152,1.6215946674346924,2.8073179721832275,0.16446273028850555,0,True
95,0.7373594045639038,0.27321410179138184,0.4609375,1.425161600112915,1.5614597797393799,1.5873219966888428,2.6960654258728027,0.1574176847934723,1,True
96,0.7326920032501221,0.27336543798446655,0.4765625,1.3943328857421875,1.5627014636993408,1.5879416465759277,2.628736734390259,0.17954906821250916,0,True
97,0.7470951080322266,0.26277071237564087,0.484375,1.4179614782333374,1.60334312915802,1.6296087503433228,2.92021107673645,0.16516563296318054,0,True
98,0.7364333868026733,0.2688925862312317,0.484375,1.4155550003051758,1.5710279941558838,1.5964066982269287,2.585393190383911,0.16360385715961456,0,True
99,0.7215772867202759,0.2910219728946686,0.4921875,1.3887919187545776,1.556908369064331,1.581841230392456,2.674326181411743,0.1728821098804474,0,True
100,0.7417911291122437,0.2665603756904602,0.515625,1.425850749015808,1.5553666353225708,1.5808618068695068,2.9504401683807373,0.15561652183532715,0,True
101,0.7405188083648682,0.27115827798843384,0.515625,1.3938874006271362,1.5436906814575195,1.5689542293548584,3.5361108779907227,0.13529479503631592,0,True
102,0.725805401802063,0.28120675683021545,0.5390625,1.373414397239685,1.5431560277938843,1.567760705947876,2.7231974601745605,0.12327051162719727,0,True
103,0.718730092048645,0.28984975814819336,0.546875,1.3988752365112305,1.5758856534957886,1.6008094549179077,2.613842010498047,0.13022489845752716,0,True
104,0.7350791096687317,0.27761945128440857,0.5546875,1.4367756843566895,1.6218490600585938,1.6482969522476196,2.641920804977417,0.15072450041770935,0,True
105,0.732795774936676,0.2751087546348572,0.5625,1.4051024913787842,1.5750792026519775,1.6007297039031982,2.5830271244049072,0.1430496871471405,0,True
106,0.7486352324485779,0.2633948028087616,0.5625,1.4000825881958008,1.5834276676177979,1.6089630126953125,2.6456892490386963,0.1542041301727295,0,True
107,0.7325179576873779,0.274807870388031,0.578125,1.3711087703704834,1.5569112300872803,1.581091046333313,2.6602375507354736,0.13486923277378082,0,True
108,0.74078369140625,0.26588213443756104,0.5859375,1.384308934211731,1.5801537036895752,1.604806661605835,2.629688024520874,0.11703174561262131,0,True
109,0.7348363399505615,0.27385348081588745,0.5859375,1.3947842121124268,1.5597121715545654,1.584838628768921,2.5945496559143066,0.1224985271692276,0,True
110,0.7559700608253479,0.26009467244148254,0.59375,1.4153625965118408,1.5890462398529053,1.6145148277282715,2.6135172843933105,0.14385366439819336,0,True
111,0.7411620020866394,0.27660027146339417,0.6015625,1.3801982402801514,1.521833062171936,1.5465490818023682,2.4431304931640625,0.13338884711265564,0,True
112,0.7531413435935974,0.26451927423477173,0.6015625,1.4182672500610352,1.5980286598205566,1.623948097229004,2.723623275756836,0.12202644348144531,0,True
113,0.7471656799316406,0.2652452290058136,0.625,1.3937898874282837,1.5607343912124634,1.5860050916671753,2.6516313552856445,0.1335430145263672,0,True
114,0.7512843608856201,0.2611207664012909,0.625,1.426936388015747,1.5872271060943604,1.6131174564361572,2.7341079711914062,0.13276740908622742,0,True
115,0.7385240793228149,0.2760545015335083,0.6328125,1.4093725681304932,1.545619010925293,1.570730209350586,2.6309447288513184,0.13831108808517456,0,True
116,0.7557799816131592,0.2637692093849182,0.640625,1.4369170665740967,1.6032826900482178,1.6293753385543823,2.648573398590088,0.14055341482162476,0,True
117,0.734855055809021,0.2846269905567169,0.640625,1.410851001739502,1.5464704036712646,1.5714455842971802,2.54017972946167,0.14223036170005798,0,True
118,0.7366652488708496,0.2752285301685333,0.6484375,1.408331036567688,1.5838778018951416,1.6091026067733765,2.899210214614868,0.13462987542152405,0,True
119,0.7566522359848022,0.26276490092277527,0.65625,1.4531797170639038,1.6308462619781494,1.6574811935424805,2.7195487022399902,0.14355620741844177,1,True
120,0.7613747119903564,0.2541356682777405,0.6484375,1.4176340103149414,1.5916972160339355,1.6177732944488525,2.6764585971832275,0.139411062002182,0,True
121,0.760777473449707,0.2506420612335205,0.65625,1.400803565979004,1.577354073524475,1.6026811599731445,2.531015157699585,0.14946648478507996,0,True
122,0.7770793437957764,0.23787662386894226,0.6796875,1.4203119277954102,1.5814039707183838,1.607055902481079,2.6625468730926514,0.15315169095993042,0,True
123,0.755622386932373,0.25531870126724243,0.6875,1.3951542377471924,1.5384165048599243,1.563114047050476,2.7377712726593018,0.16777759790420532,0,True
124,0.7974480390548706,0.21346332132816315,0.6875,1.4269802570343018,1.5936301946640015,1.6194789409637451,2.479112386703491,0.1670616865158081,1,True
125,0.7911492586135864,0.21983450651168823,0.6875,1.4412070512771606,1.5402817726135254,1.566680908203125,2.723849296569824,0.19671019911766052,0,True
126,0.788650631904602,0.2185876965522766,0.71875,1.4391868114471436,1.5720542669296265,1.5981814861297607,2.9284346103668213,0.19062340259552002,0,True
127,0.7969743013381958,0.21075385808944702,0.75,1.4524786472320557,1.581268548965454,1.6078242063522339,2.530787944793701,0.1994246244430542,0,True
128,0.798282265663147,0.2171548306941986,0.75,1.4329869747161865,1.5609591007232666,1.5867018699645996,2.503359317779541,0.18874609470367432,1,True
129,0.7856557369232178,0.22677569091320038,0.75,1.4157003164291382,1.5552704334259033,1.581115961074829,2.624690055847168,0.17457528412342072,0,True
130,0.7971895337104797,0.2152508795261383,0.7578125,1.4251939058303833,1.564067006111145,1.5904121398925781,2.7679426670074463,0.14900293946266174,0,True
131,0.8025069236755371,0.21301031112670898,0.7734375,1.4194397926330566,1.5537666082382202,1.5794050693511963,2.7475953102111816,0.16712810099124908,0,True
132,0.8075068593025208,0.21011149883270264,0.796875,1.4379298686981201,1.5810645818710327,1.6076552867889404,3.060927152633667,0.17573164403438568,0,True
133,0.7923207879066467,0.22541020810604095,0.8046875,1.4100570678710938,1.5397906303405762,1.564955234527588,2.5334250926971436,0.16033980250358582,0,True
134,0.7984212040901184,0.21976250410079956,0.8125,1.4289603233337402,1.5598113536834717,1.5856375694274902,2.720198392868042,0.15375468134880066,0,True
135,0.7917351722717285,0.2209627330303192,0.8125,1.4371888637542725,1.5589747428894043,1.5850502252578735,2.546297073364258,0.1607171595096588,0,True
136,0.786584734916687,0.2242729663848877,0.828125,1.4012606143951416,1.5512725114822388,1.5763862133026123,2.764216423034668,0.14274859428405762,0,True
137,0.7823904752731323,0.22737495601177216,0.84375,1.424433946609497,1.575882911682129,1.601827621459961,2.551461935043335,0.14510902762413025,0,True
138,0.7990251183509827,0.2163909524679184,0.8515625,1.4621987342834473,1.6228559017181396,1.6501741409301758,2.6109049320220947,0.13035067915916443,0,True
139,0.8055394887924194,0.20952384173870087,0.8515625,1.4437568187713623,1.614510178565979,1.641582727432251,2.54502010345459,0.13044045865535736,0,True
140,0.7904386520385742,0.21685829758644104,0.8515625,1.3971447944641113,1.5864486694335938,1.6118874549865723,2.6559226512908936,0.14833661913871765,0,True
141,0.7924680709838867,0.21643486618995667,0.8671875,1.4036576747894287,1.5872843265533447,1.6126724481582642,2.533677339553833,0.1332959532737732,0,True
142,0.7912587523460388,0.2232917845249176,0.875,1.4247890710830688,1.556510090827942,1.5817906856536865,2.8336918354034424,0.1298876702785492,0,True
143,0.8031307458877563,0.2026202380657196,0.890625,1.4378873109817505,1.5662765502929688,1.5923044681549072,2.6307644844055176,0.12886062264442444,1,True
144,0.8058893084526062,0.21180546283721924,0.890625,1.4199784994125366,1.538597583770752,1.5646415948867798,2.5679683685302734,0.1470811367034912,0,True
145,0.808426022529602,0.20239359140396118,0.8984375,1.4253815412521362,1.5721631050109863,1.5977801084518433,2.6431946754455566,0.14243760704994202,0,True
146,0.7920386791229248,0.2141428291797638,0.9140625,1.4004278182983398,1.5449562072753906,1.5704303979873657,2.700558662414551,0.18039757013320923,0,True
147,0.7902296781539917,0.22156792879104614,0.9140625,1.4604060649871826,1.5938043594360352,1.6202322244644165,3.0515453815460205,0.16702990233898163,0,True
148,0.8013968467712402,0.21431249380111694,0.9140625,1.5014265775680542,1.6548001766204834,1.683153510093689,2.9357123374938965,0.12034359574317932,0,True
149,0.8176486492156982,0.19550970196723938,0.9296875,1.4499645233154297,1.6536650657653809,1.680936336517334,2.70185923576355,0.13487789034843445,0,True
150,0.811347484588623,0.20779478549957275,0.9296875,1.3844937086105347,1.5507826805114746,1.5756127834320068,2.7337632179260254,0.13225431740283966,0,True
151,0.7916325926780701,0.22511328756809235,0.953125,1.3654214143753052,1.5389115810394287,1.5625829696655273,2.6096835136413574,0.12342653423547745,0,True
152,0.7984004020690918,0.21849611401557922,0.953125,1.4368503093719482,1.5543289184570312,1.5800716876983643,2.653693914413452,0.1349332332611084,0,True
153,0.8033038973808289,0.2108226716518402,0.953125,1.428736925125122,1.521785020828247,1.54721999168396,2.7671899795532227,0.1366925835609436,0,True
154,0.8157455921173096,0.19754283130168915,0.953125,1.4354348182678223,1.5496721267700195,1.5754828453063965,2.6855571269989014,0.11437688767910004,0,True
155,0.7966065406799316,0.2123434841632843,0.953125,1.4118788242340088,1.5513174533843994,1.5766959190368652,2.7811484336853027,0.15845589339733124,0,True
156,0.8065999150276184,0.20845329761505127,0.953125,1.4719020128250122,1.6584415435791016,1.6857268810272217,2.6146774291992188,0.13246500492095947,0,True
157,0.8138031959533691,0.20453131198883057,0.953125,1.4751276969909668,1.643620252609253,1.6710491180419922,2.531790256500244,0.15319417417049408,0,True
158,0.8005595207214355,0.20774078369140625,0.953125,1.412043809890747,1.5965228080749512,1.622244119644165,2.2751832008361816,0.1411856859922409,0,True
159,0.8023104667663574,0.21358565986156464,0.953125,1.3957688808441162,1.5950901508331299,1.6208641529083252,2.632303476333618,0.14906564354896545,0,True
160,0.8003695011138916,0.20821648836135864,0.953125,1.3997693061828613,1.5898351669311523,1.6151556968688965,2.6329946517944336,0.13112841546535492,0,True
161,0.7805556058883667,0.22812870144844055,0.953125,1.3874380588531494,1.5423271656036377,1.567212700843811,2.4704415798187256,0.15618881583213806,0,True
162,0.8091464042663574,0.2033393383026123,0.953125,1.429516315460205,1.587087631225586,1.613300085067749,2.472468137741089,0.12955869734287262,0,True
163,0.7929186820983887,0.21814095973968506,0.953125,1.405717372894287,1.5152020454406738,1.5405499935150146,2.690577745437622,0.13407987356185913,0,True
164,0.7860961556434631,0.22874274849891663,0.953125,1.4171499013900757,1.5580884218215942,1.5838507413864136,2.7116732597351074,0.12013430893421173,0,True
165,0.7979331016540527,0.21118909120559692,0.953125,1.4706734418869019,1.608963966369629,1.6361238956451416,2.791588306427002,0.14088043570518494,0,True
166,0.7936187386512756,0.22265255451202393,0.953125,1.4389159679412842,1.5816082954406738,1.6079638004302979,2.6931726932525635,0.11962875723838806,0,True
167,0.8117770552635193,0.19568321108818054,0.953125,1.4603936672210693,1.6388704776763916,1.6661111116409302,2.6829378604888916,0.11915789544582367,0,True
168,0.7978365421295166,0.20788177847862244,0.953125,1.4302763938903809,1.6043939590454102,1.6308213472366333,2.8431801795959473,0.11523571610450745,0,True
169,0.7983157634735107,0.21813645958900452,0.953125,1.4022574424743652,1.607521653175354,1.6329877376556396,2.5634076595306396,0.11984524875879288,0,True
170,0.7946406602859497,0.21937555074691772,0.953125,1.3916752338409424,1.5606491565704346,1.5857765674591064,2.5650737285614014,0.13569915294647217,0,True
171,0.7992991209030151,0.21280011534690857,0.953125,1.4216892719268799,1.5795724391937256,1.6053431034088135,2.778238534927368,0.12844352424144745,0,True
172,0.8062939047813416,0.2116418331861496,0.953125,1.4150617122650146,1.5563151836395264,1.5818145275115967,2.508099317550659,0.13827061653137207,0,True
173,0.7883428335189819,0.22153490781784058,0.953125,1.3753836154937744,1.5310362577438354,1.555452585220337,2.423091173171997,0.12554031610488892,0,True
174,0.7995795011520386,0.20982742309570312,0.953125,1.4079883098602295,1.5625159740447998,1.587841510772705,2.632456064224243,0.13182827830314636,0,True
175,0.791159451007843,0.22177249193191528,0.953125,1.4036774635314941,1.5480115413665771,1.572988748550415,2.6789944171905518,0.12791702151298523,0,True
176,0.7898343801498413,0.21649175882339478,0.953125,1.4342378377914429,1.6036295890808105,1.6295902729034424,2.6402790546417236,0.13123254477977753,0,True
177,0.811767578125,0.1949828863143921,0.953125,1.4951634407043457,1.6483973264694214,1.676572322845459,2.7794458866119385,0.13119956851005554,0,True
178,0.8133196234703064,0.19672219455242157,0.953125,1.447821855545044,1.6284315586090088,1.6552897691726685,2.4906527996063232,0.1214989572763443,0,True
179,0.8013770580291748,0.20540164411067963,0.953125,1.3922390937805176,1.5947465896606445,1.6199558973312378,2.742453098297119,0.1080411896109581,0,True
180,0.7896534204483032,0.2153474986553192,0.953125,1.3789634704589844,1.560257911682129,1.5848628282546997,2.5446572303771973,0.14466074109077454,0,True
181,0.7990773320198059,0.21069663763046265,0.953125,1.4077513217926025,1.5484368801116943,1.5736939907073975,2.5204482078552246,0.1444045752286911,0,True
182,0.7993637919425964,0.21420662105083466,0.953125,1.4243719577789307,1.5383741855621338,1.5643104314804077,2.4845516681671143,0.14223261177539825,0,True
183,0.7861346006393433,0.21782909333705902,0.953125,1.4116997718811035,1.5443334579467773,1.5693718194961548,2.5473272800445557,0.14384585618972778,0,True
184,0.7787076830863953,0.22550708055496216,0.953125,1.442478895187378,1.5580356121063232,1.5839087963104248,2.4995086193084717,0.1269351691007614,0,True
185,0.7852945327758789,0.22115199267864227,0.9609375,1.426063060760498,1.5933380126953125,1.6190416812896729,2.600651264190674,0.11926987767219543,0,True
186,0.7972241640090942,0.21253302693367004,0.96875,1.4806747436523438,1.6370384693145752,1.6648848056793213,2.9759278297424316,0.10706117749214172,0,True
187,0.7903265357017517,0.21654756367206573,0.96875,1.436733603477478,1.6332290172576904,1.6597394943237305,2.545499086380005,0.11919510364532471,0,True
188,0.7914091944694519,0.2221888154745102,0.96875,1.402309775352478,1.6088786125183105,1.634509801864624,2.5897557735443115,0.10584723949432373,0,True
189,0.7724470496177673,0.2352026104927063,0.96875,1.3666762113571167,1.5613501071929932,1.585960865020752,2.427452325820923,0.13958372175693512,0,True
190,0.7954421043395996,0.21337972581386566,0.96875,1.3983829021453857,1.5850121974945068,1.6102564334869385,2.7350378036499023,0.11462964117527008,0,True
191,0.776079535484314,0.23220208287239075,0.96875,1.379260778427124,1.4996808767318726,1.5243324041366577,2.477647542953491,0.12774574756622314,0,True
192,0.7885843515396118,0.21830064058303833,0.96875,1.4071961641311646,1.5711498260498047,1.5967152118682861,2.6689600944519043,0.11670854687690735,0,True
193,0.7967915534973145,0.21464978158473969,0.96875,1.4386632442474365,1.5680100917816162,1.5943503379821777,2.8482697010040283,0.1253318190574646,0,True
194,0.7732751369476318,0.23577572405338287,0.9765625,1.3646013736724854,1.5301355123519897,1.553991675376892,2.580336570739746,0.1397998183965683,0,True
195,0.787055492401123,0.22232909500598907,0.9765625,1.4281398057937622,1.6086831092834473,1.6347417831420898,2.7530622482299805,0.12467106431722641,0,True
196,0.8076803684234619,0.20895247161388397,0.9765625,1.4761896133422852,1.6218537092208862,1.6493655443191528,2.8492472171783447,0.13847613334655762,0,True
197,0.7962590456008911,0.22007779777050018,0.9765625,1.4186856746673584,1.606119990348816,1.6324001550674438,2.37587833404541,0.12934568524360657,0,True
198,0.8040205836296082,0.21376913785934448,0.9765625,1.4256322383880615,1.60919988155365,1.6357550621032715,2.7528560161590576,0.12061820924282074,0,True
199,0.7790586948394775,0.23821258544921875,0.9765625,1.4017990827560425,1.5850253105163574,1.6100108623504639,2.5137083530426025,0.14386561512947083,0,True
200,0.809819757938385,0.20330002903938293,0.9765625,1.439545750617981,1.6268221139907837,1.6531121730804443,2.6823127269744873,0.13617855310440063,0,True
201,0.8024676442146301,0.21256418526172638,0.9765625,1.4169187545776367,1.5322496891021729,1.5578691959381104,2.5663561820983887,0.14743098616600037,0,True
202,0.8062110543251038,0.21841761469841003,0.9765625,1.4132078886032104,1.5758230686187744,1.601060152053833,2.490711212158203,0.12502163648605347,0,True
203,0.7918214797973633,0.2224273979663849,0.9765625,1.4282324314117432,1.5508161783218384,1.5762581825256348,2.608969211578369,0.12084154784679413,0,True
204,0.7791329026222229,0.23436442017555237,0.9765625,1.3810944557189941,1.5596953630447388,1.5839288234710693,2.5780997276306152,0.11847349256277084,0,True
205,0.7905923128128052,0.22876590490341187,0.9765625,1.427211046218872,1.5939884185791016,1.6199060678482056,2.5358619689941406,0.1192215085029602,0,True
206,0.7836210131645203,0.24139872193336487,0.9765625,1.4531019926071167,1.6108922958374023,1.6376111507415771,2.7822115421295166,0.13349194824695587,0,True
207,0.7967290282249451,0.22269503772258759,0.9765625,1.4851661920547485,1.6843101978302002,1.712475061416626,2.691274881362915,0.11821118742227554,0,True
208,0.8071417808532715,0.21541902422904968,0.9765625,1.4564344882965088,1.6330769062042236,1.660382628440857,2.8979222774505615,0.13172145187854767,0,True
209,0.7916258573532104,0.2227076292037964,0.9765625,1.3734419345855713,1.569650650024414,1.5939183235168457,2.4697697162628174,0.13020135462284088,0,True
210,0.8078469038009644,0.20256339013576508,0.9765625,1.3831145763397217,1.5742067098617554,1.59893798828125,2.5353612899780273,0.11893445253372192,0,True
211,0.8112133741378784,0.20885810256004333,0.9765625,1.4072340726852417,1.5408258438110352,1.5658044815063477,2.377434730529785,0.13999530673027039,0,True
212,0.8213694095611572,0.20563644170761108,0.9765625,1.446331262588501,1.5587868690490723,1.5847604274749756,2.5281777381896973,0.1435588300228119,0,True
213,0.8008981943130493,0.22466234862804413,0.9765625,1.412487506866455,1.4989975690841675,1.5238479375839233,2.4262478351593018,0.12751641869544983,0,True
214,0.7959854602813721,0.22584287822246552,0.9765625,1.4314115047454834,1.5728950500488281,1.5986958742141724,2.6446259021759033,0.12235027551651001,0,True
215,0.7962501049041748,0.22616800665855408,0.984375,1.4406176805496216,1.6096092462539673,1.6358096599578857,2.7317419052124023,0.14144563674926758,0,True
216,0.8170357942581177,0.21325449645519257,0.984375,1.4658162593841553,1.6511998176574707,1.6784005165100098,2.5909996032714844,0.13677939772605896,0,True
217,0.8001053333282471,0.22659675776958466,0.984375,1.4254347085952759,1.5853197574615479,1.6117711067199707,2.64044451713562,0.1347465217113495,0,True
218,0.811599612236023,0.21242302656173706,0.984375,1.4284448623657227,1.6327303647994995,1.6589527130126953,2.788919448852539,0.1429624706506729,0,True
219,0.803757905960083,0.22271277010440826,0.984375,1.4274797439575195,1.6047694683074951,1.6309618949890137,2.493072986602783,0.12572720646858215,0,True
220,0.8016358613967896,0.22270344197750092,0.984375,1.4199035167694092,1.6019597053527832,1.6273250579833984,2.6687328815460205,0.11433543264865875,0,True
221,0.7874161005020142,0.23076489567756653,0.984375,1.3978371620178223,1.5304691791534424,1.5548821687698364,2.5697391033172607,0.13297444581985474,0,True
222,0.8015964031219482,0.2203863561153412,0.984375,1.3983032703399658,1.5379611253738403,1.5624361038208008,2.5328891277313232,0.123183973133564,0,True
223,0.7867196798324585,0.23177704215049744,0.984375,1.383723497390747,1.5044255256652832,1.5286798477172852,2.579644203186035,0.12987099587917328,0,True
224,0.7689712047576904,0.248002827167511,0.984375,1.404320240020752,1.5533548593521118,1.578333854675293,2.600484848022461,0.1391548216342926,0,True
225,0.7912194728851318,0.22683818638324738,0.984375,1.475806474685669,1.6598408222198486,1.6874845027923584,3.0168325901031494,0.12858349084854126,0,True
226,0.7824568748474121,0.24181926250457764,0.984375,1.4501020908355713,1.6272333860397339,1.6539325714111328,3.1566414833068848,0.14621222019195557,1,True
227,0.7797759175300598,0.24156886339187622,0.984375,1.3964622020721436,1.6352088451385498,1.6607961654663086,2.4701662063598633,0.15421661734580994,0,True
228,0.7681988477706909,0.2446473240852356,0.984375,1.395812749862671,1.5760746002197266,1.6014211177825928,2.4640274047851562,0.1621311455965042,0,True
229,0.7800006866455078,0.2339651733636856,0.984375,1.440490484237671,1.6202616691589355,1.646820068359375,2.570211172103882,0.17757952213287354,0,True
230,0.7819907665252686,0.2335183471441269,0.984375,1.425096869468689,1.5612190961837769,1.5874290466308594,2.9995577335357666,0.16887137293815613,0,True
231,0.7763577699661255,0.2346508502960205,0.984375,1.3972948789596558,1.526456594467163,1.5514153242111206,3.1809048652648926,0.14845651388168335,0,True
232,0.7638167142868042,0.24301591515541077,0.984375,1.3689069747924805,1.5187880992889404,1.5434945821762085,2.417255163192749,0.13180382549762726,0,True
233,0.7867889404296875,0.22392794489860535,0.984375,1.4097094535827637,1.573818564414978,1.5998711585998535,2.542778968811035,0.1230163499712944,0,True
234,0.7590112090110779,0.24987876415252686,0.984375,1.373831033706665,1.5022196769714355,1.5268287658691406,2.4350099563598633,0.13095185160636902,0,True
235,0.7655454874038696,0.2448931336402893,0.984375,1.3976867198944092,1.5781985521316528,1.603693962097168,2.5695457458496094,0.12397079169750214,0,True
236,0.7845189571380615,0.22198234498500824,0.984375,1.4725017547607422,1.630811095237732,1.6586604118347168,2.672118663787842,0.12673190236091614,0,True
237,0.7984029054641724,0.21122992038726807,0.984375,1.4262065887451172,1.6196861267089844,1.6466976404190063,2.418153762817383,0.13347592949867249,0,True
238,0.7861580848693848,0.22393618524074554,0.984375,1.3798377513885498,1.5683128833770752,1.593469262123108,2.6775736808776855,0.13510720431804657,0,True
239,0.7986133098602295,0.21823392808437347,0.984375,1.396925926208496,1.5828925371170044,1.60809326171875,2.629517078399658,0.12645560503005981,0,True
240,0.8012002110481262,0.21210333704948425,0.984375,1.4170786142349243,1.5710350275039673,1.5971431732177734,2.5196311473846436,0.13426852226257324,0,True
241,0.7966563701629639,0.22032886743545532,0.984375,1.4215524196624756,1.5559263229370117,1.581831693649292,2.4967517852783203,0.13047340512275696,0,True
242,0.787510335445404,0.22493469715118408,0.984375,1.419137954711914,1.5597658157348633,1.585693359375,2.6375157833099365,0.12673771381378174,0,True
243,0.7924286127090454,0.2245054841041565,0.9921875,1.453811764717102,1.5905225276947021,1.617539882659912,2.586014986038208,0.14444351196289062,0,True
244,0.8070946335792542,0.2080099731683731,0.9921875,1.4585521221160889,1.605799913406372,1.6328084468841553,2.5390515327453613,0.12962733209133148,0,True
245,0.8037924766540527,0.21810849010944366,0.9921875,1.4196404218673706,1.5794308185577393,1.6052870750427246,2.5276877880096436,0.15486955642700195,0,True
246,0.8184927105903625,0.196912944316864,0.9921875,1.448676347732544,1.637220025062561,1.663807988166809,2.4540510177612305,0.1581575870513916,0,True
247,0.8197419047355652,0.19500377774238586,0.9921875,1.4104576110839844,1.5697921514511108,1.595382809638977,2.4807145595550537,0.15598446130752563,0,True
248,0.8030904531478882,0.20855478942394257,0.9921875,1.4053335189819336,1.5754550695419312,1.6010401248931885,2.671905040740967,0.12831445038318634,0,True
249,0.797599196434021,0.21773940324783325,0.9921875,1.404251217842102,1.5854980945587158,1.6109676361083984,2.5596656799316406,0.14331689476966858,0,True
250,0.8212953805923462,0.1996052861213684,0.9921875,1.4524328708648682,1.619265079498291,1.6458650827407837,2.655867576599121,0.12069402635097504,0,True
251,0.8181684017181396,0.195085346698761,0.9921875,1.4171186685562134,1.57753586769104,1.6035547256469727,2.273151397705078,0.1382223516702652,0,True
252,0.7998090386390686,0.21439799666404724,0.9921875,1.370492935180664,1.5415863990783691,1.5661464929580688,2.4819540977478027,0.1443011462688446,0,True
253,0.7887932062149048,0.22348064184188843,0.9921875,1.3833304643630981,1.5638163089752197,1.5885926485061646,2.7260215282440186,0.110272616147995,0,True
254,0.8105498552322388,0.203312948346138,0.9921875,1.455551266670227,1.5930695533752441,1.61970055103302,2.621483325958252,0.12830401957035065,0,True
255,0.8051605820655823,0.21253617107868195,0.9921875,1.4334548711776733,1.5510952472686768,1.5773433446884155,2.5147035121917725,0.13586175441741943,0,True
256,0.8078011274337769,0.20960190892219543,0.9921875,1.4381829500198364,1.6307519674301147,1.657651662826538,2.756373405456543,0.11795036494731903,0,True
257,0.8141705989837646,0.20235097408294678,0.9921875,1.4102952480316162,1.5961753129959106,1.6220333576202393,2.783874273300171,0.12443329393863678,0,True
258,0.7813047170639038,0.22455665469169617,0.9921875,1.3707178831100464,1.5431599617004395,1.5675125122070312,2.352224826812744,0.1168210580945015,0,True
259,0.7925785779953003,0.216515451669693,0.9921875,1.4118187427520752,1.5882283449172974,1.613929033279419,2.652852773666382,0.11493689566850662,0,True
260,0.8104817271232605,0.19735008478164673,0.9921875,1.4598283767700195,1.5956958532333374,1.6228294372558594,2.616913080215454,0.11816428601741791,0,True
261,0.8186137676239014,0.1918584406375885,0.9921875,1.4370957612991333,1.57960045337677,1.6065549850463867,2.59093976020813,0.1264018565416336,0,True
262,0.7982190847396851,0.21146351099014282,0.9921875,1.3855608701705933,1.5442373752593994,1.5696642398834229,2.583021402359009,0.12895122170448303,0,True
263,0.7855229377746582,0.2226625233888626,0.9921875,1.3994196653366089,1.5835235118865967,1.6087720394134521,2.4183201789855957,0.12688571214675903,0,True
264,0.807841420173645,0.20938622951507568,0.9921875,1.4567320346832275,1.6292998790740967,1.656529188156128,2.6374871730804443,0.1297917664051056,0,True
265,0.7947738170623779,0.21475669741630554,0.9921875,1.438943862915039,1.5827139616012573,1.6093201637268066,2.6789610385894775,0.15844810009002686,0,True
266,0.8098918199539185,0.20478877425193787,0.9921875,1.4431525468826294,1.6267379522323608,1.6537384986877441,2.544987916946411,0.13907912373542786,0,True
267,0.8080024719238281,0.203152596950531,0.9921875,1.4243191480636597,1.5856990814208984,1.6120011806488037,2.460864305496216,0.1276717483997345,0,True
268,0.7776428461074829,0.22834792733192444,0.9921875,1.3808796405792236,1.5631368160247803,1.5880661010742188,2.5427451133728027,0.15378528833389282,0,True
269,0.8092525005340576,0.20181410014629364,0.9921875,1.4460192918777466,1.6137056350708008,1.6403522491455078,2.6868956089019775,0.1367361843585968,0,True
270,0.8062942028045654,0.21030215919017792,0.9921875,1.4503594636917114,1.5779166221618652,1.604257345199585,2.474071502685547,0.14782080054283142,0,True
271,0.8106282949447632,0.20295140147209167,0.9921875,1.4502742290496826,1.6285158395767212,1.6554827690124512,2.5531885623931885,0.13620685040950775,0,True
272,0.8139064311981201,0.1972452849149704,0.9921875,1.4154517650604248,1.615593671798706,1.641913652420044,2.736475706100464,0.124718576669693,0,True
273,0.79912269115448,0.2091573178768158,0.9921875,1.4138803482055664,1.5849974155426025,1.6106703281402588,2.696249008178711,0.12504643201828003,0,True
274,0.8023321628570557,0.2069670557975769,0.9921875,1.4422085285186768,1.6051342487335205,1.6323127746582031,2.601958751678467,0.1431410014629364,0,True
275,0.8105047345161438,0.1994592845439911,0.9921875,1.4490444660186768,1.584991693496704,1.6118874549865723,2.5418941974639893,0.1404407024383545,0,True
276,0.8129464387893677,0.194443017244339,0.9921875,1.4046521186828613,1.5708674192428589,1.59604811668396,2.5410003662109375,0.13455736637115479,0,True
277,0.8116006255149841,0.19722679257392883,0.9921875,1.3885512351989746,1.5226502418518066,1.5471361875534058,2.5364136695861816,0.1264536827802658,0,True
278,0.7851014137268066,0.21945083141326904,0.9921875,1.3711568117141724,1.5206117630004883,1.5447243452072144,2.6898300647735596,0.1264094114303589,0,True
279,0.8094876408576965,0.20338021218776703,0.9921875,1.4758270978927612,1.632120966911316,1.6595813035964966,2.701019525527954,0.11419592797756195,0,True
280,0.8268446922302246,0.20103803277015686,0.9921875,1.4843693971633911,1.6188234090805054,1.647001028060913,2.6095409393310547,0.12526270747184753,0,True
281,0.8150908350944519,0.2008325755596161,0.9921875,1.4019161462783813,1.5895318984985352,1.615667462348938,2.382812738418579,0.12967443466186523,0,True
282,0.8225714564323425,0.19185201823711395,0.9921875,1.3909252882003784,1.6067800521850586,1.6323213577270508,2.5151147842407227,0.13245828449726105,0,True
283,0.8099043965339661,0.20097818970680237,0.9921875,1.3956470489501953,1.5641283988952637,1.589282751083374,2.5070981979370117,0.13455703854560852,0,True
284,0.8334848880767822,0.18307052552700043,0.9921875,1.4528474807739258,1.5938034057617188,1.6206543445587158,2.7351882457733154,0.13287852704524994,0,True
285,0.833289384841919,0.18126867711544037,0.9921875,1.4240624904632568,1.5491271018981934,1.5750001668930054,2.467958450317383,0.1297084093093872,0,True
286,0.8289362788200378,0.18735647201538086,0.9921875,1.3953205347061157,1.5487136840820312,1.5738365650177002,2.801309585571289,0.13441850244998932,0,True
287,0.8296204209327698,0.18897026777267456,0.9921875,1.3962512016296387,1.565032958984375,1.5902961492538452,2.489208936691284,0.12149617820978165,0,True
288,0.8013886213302612,0.20467613637447357,0.9921875,1.3922516107559204,1.5287575721740723,1.5535221099853516,2.4904041290283203,0.1332310438156128,0,True
289,0.8112401962280273,0.19864746928215027,0.9921875,1.4330055713653564,1.6107563972473145,1.636962890625,2.628753662109375,0.11551514267921448,0,True
290,0.8345028758049011,0.17650054395198822,0.9921875,1.4581820964813232,1.6438655853271484,1.6713671684265137,2.6486945152282715,0.1207975223660469,0,True
291,0.8257464170455933,0.1832556426525116,0.9921875,1.416907787322998,1.6034314632415771,1.6297544240951538,2.460920572280884,0.13635718822479248,0,True
292,0.8137432336807251,0.1901431381702423,0.9921875,1.3920247554779053,1.5966498851776123,1.6220135688781738,2.636772871017456,0.13336171209812164,0,True
293,0.8307360410690308,0.1803954392671585,0.9921875,1.4111526012420654,1.6075568199157715,1.633291482925415,2.6338753700256348,0.12524253129959106,0,True
294,0.8490442037582397,0.1695300042629242,0.9921875,1.4380269050598145,1.6009266376495361,1.6273908615112305,2.5004465579986572,0.13466626405715942,0,True
295,0.8356819748878479,0.18065175414085388,0.9921875,1.3945317268371582,1.5370421409606934,1.5619579553604126,2.515268325805664,0.14146512746810913,0,True
296,0.8461153507232666,0.17262138426303864,0.9921875,1.3872132301330566,1.5726380348205566,1.597731351852417,2.6498239040374756,0.12705455720424652,0,True
297,0.8284869194030762,0.1914757937192917,0.9921875,1.399621844291687,1.5477689504623413,1.5729668140411377,2.525035858154297,0.1366390585899353,0,True
298,0.8334164619445801,0.17902028560638428,0.9921875,1.4257175922393799,1.594382405281067,1.620158076286316,2.5233585834503174,0.11961741745471954,0,True
299,0.8232359290122986,0.191818505525589,0.9921875,1.4403386116027832,1.570938229560852,1.5974881649017334,2.6332931518554688,0.12670058012008667,0,True
300,0.8563327789306641,0.166360542178154,0.9921875,1.4833515882492065,1.6821538209915161,1.7101144790649414,2.708681344985962,0.11549967527389526,0,True
301,0.8426855802536011,0.188544362783432,0.9921875,1.4392518997192383,1.5953584909439087,1.6224445104599,2.4564106464385986,0.12821689248085022,0,True
302,0.8159077167510986,0.19779294729232788,0.9921875,1.424698829650879,1.637576937675476,1.6637489795684814,2.6774232387542725,0.13189440965652466,0,True
303,0.8276216387748718,0.18927127122879028,0.9921875,1.4085735082626343,1.5907331705093384,1.6162395477294922,2.659208297729492,0.1359843611717224,0,True
304,0.8055858016014099,0.2059737890958786,0.9921875,1.4046850204467773,1.531907081604004,1.5570911169052124,2.555407762527466,0.14799398183822632,0,True
305,0.8311423063278198,0.18028616905212402,0.9921875,1.4379650354385376,1.583752155303955,1.6104228496551514,2.780512571334839,0.13035932183265686,0,True
306,0.8207416534423828,0.1991797387599945,0.9921875,1.427567958831787,1.5332646369934082,1.559549331665039,2.5547499656677246,0.11543627083301544,0,True
307,0.8073103427886963,0.20214979350566864,0.9921875,1.3744878768920898,1.5618312358856201,1.586376428604126,2.537497043609619,0.13133929669857025,0,True
308,0.8009238243103027,0.2102736234664917,0.9921875,1.3980207443237305,1.571018934249878,1.5960845947265625,2.620481491088867,0.1191338449716568,0,True
309,0.7969498634338379,0.22015371918678284,0.9921875,1.4471652507781982,1.612065076828003,1.6385679244995117,2.696108102798462,0.15137478709220886,0,True
310,0.8160357475280762,0.2015409916639328,0.9921875,1.4672707319259644,1.6467435359954834,1.6744484901428223,2.646803379058838,0.12516842782497406,0,True
311,0.8227283954620361,0.19327759742736816,0.9921875,1.4343169927597046,1.617091178894043,1.643911600112915,2.4939417839050293,0.11834369599819183,0,True
312,0.8010658025741577,0.21212223172187805,0.9921875,1.379402756690979,1.5864346027374268,1.6116459369659424,2.5283029079437256,0.12636473774909973,0,True
313,0.7999613881111145,0.21294701099395752,0.9921875,1.388313889503479,1.5870161056518555,1.6123976707458496,2.799713611602783,0.12058104574680328,0,True
314,0.8006950616836548,0.21564246714115143,0.9921875,1.3848848342895508,1.5435799360275269,1.5682101249694824,2.6573593616485596,0.12948164343833923,0,True
315,0.8147459030151367,0.19654090702533722,0.9921875,1.4337871074676514,1.5345380306243896,1.5606447458267212,2.518601179122925,0.13204842805862427,0,True
316,0.8087261915206909,0.20169880986213684,0.9921875,1.408740758895874,1.507413625717163,1.5329397916793823,2.5083060264587402,0.12180165946483612,0,True
317,0.7986561059951782,0.20729124546051025,0.9921875,1.4403836727142334,1.586259365081787,1.612980604171753,2.6165263652801514,0.13194173574447632,0,True
318,0.8015360832214355,0.21973231434822083,0.9921875,1.4551811218261719,1.614678144454956,1.6413973569869995,2.5656473636627197,0.1413615345954895,0,True
319,0.8037076592445374,0.21086451411247253,0.9921875,1.4569299221038818,1.634278655052185,1.661359190940857,2.8174283504486084,0.13960015773773193,0,True
320,0.8192744851112366,0.21097436547279358,0.9921875,1.4411306381225586,1.632047176361084,1.6587445735931396,2.4587671756744385,0.14441844820976257,0,True
321,0.8178026676177979,0.20650768280029297,0.9921875,1.4365365505218506,1.6186766624450684,1.645329475402832,2.711108922958374,0.12679260969161987,0,True
322,0.8137969374656677,0.21348491311073303,0.9921875,1.4246501922607422,1.6097098588943481,1.63596510887146,2.604801893234253,0.12433525174856186,0,True
323,0.8218527436256409,0.20102804899215698,0.9921875,1.407517910003662,1.5590884685516357,1.5847632884979248,2.727699041366577,0.11520359665155411,0,True
324,0.8241854310035706,0.20046663284301758,0.9921875,1.3917683362960815,1.5590330362319946,1.584297776222229,2.547494649887085,0.11021359264850616,0,True
325,0.8232806921005249,0.19540700316429138,0.9921875,1.3980381488800049,1.509157419204712,1.534319281578064,2.7139594554901123,0.12002772837877274,0,True
326,0.8195480108261108,0.20277394354343414,0.9921875,1.4096601009368896,1.5146446228027344,1.5398249626159668,2.6937143802642822,0.14364564418792725,0,True
327,0.8140947818756104,0.2120925635099411,0.9921875,1.456902265548706,1.5803916454315186,1.6069154739379883,2.7526347637176514,0.12295977771282196,0,True
328,0.813696563243866,0.21861052513122559,0.9921875,1.4543896913528442,1.6067285537719727,1.6334474086761475,2.55973219871521,0.14080536365509033,0,True
329,0.8326477408409119,0.1970001757144928,0.9921875,1.4614020586013794,1.6587278842926025,1.6859526634216309,2.514946937561035,0.12229052931070328,0,True
330,0.8038479685783386,0.2176278829574585,0.9921875,1.4104387760162354,1.6065521240234375,1.6324143409729004,2.4745075702667236,0.12814699113368988,0,True
331,0.8269956111907959,0.20196926593780518,0.9921875,1.4487264156341553,1.6908504962921143,1.7174370288848877,2.6287074089050293,0.12398059666156769,0,True
332,0.8294156789779663,0.1909276694059372,0.9921875,1.4247503280639648,1.5901188850402832,1.6164271831512451,2.609379768371582,0.1318519413471222,0,True
333,0.8269073963165283,0.1883220672607422,0.9921875,1.3843655586242676,1.5575779676437378,1.582515835762024,2.6834557056427,0.11867012083530426,0,True
334,0.8311211466789246,0.1905539333820343,0.9921875,1.3837019205093384,1.526171088218689,1.5511491298675537,2.670179605484009,0.13494929671287537,0,True
335,0.8018612861633301,0.21298961341381073,0.9921875,1.3641119003295898,1.4883642196655273,1.5126457214355469,2.4737586975097656,0.15136702358722687,0,True
336,0.8101807832717896,0.19909675419330597,0.9921875,1.4122812747955322,1.5617761611938477,1.5874097347259521,2.7512426376342773,0.12753942608833313,0,True
337,0.811486005783081,0.19575443863868713,0.9921875,1.445231318473816,1.5759141445159912,1.6027345657348633,2.529383897781372,0.12148502469062805,0,True
338,0.8263273239135742,0.1888556033372879,0.9921875,1.4351623058319092,1.6218748092651367,1.6485154628753662,2.547879219055176,0.1238417774438858,0,True
339,0.820620059967041,0.19460153579711914,0.9921875,1.4273393154144287,1.598339557647705,1.6247397661209106,2.692011833190918,0.11787936091423035,0,True
340,0.826779842376709,0.1875135898590088,0.9921875,1.4037742614746094,1.6322021484375,1.658398151397705,2.5448005199432373,0.11608359217643738,0,True
341,0.833135724067688,0.1897105872631073,0.9921875,1.4106563329696655,1.6307053565979004,1.6568963527679443,2.9476404190063477,0.11875040084123611,0,True
342,0.8452357649803162,0.1725611686706543,0.9921875,1.4289240837097168,1.6072280406951904,1.633558750152588,2.762035846710205,0.11658680438995361,0,True
343,0.8305820226669312,0.19342182576656342,0.9921875,1.370093822479248,1.5144200325012207,1.5389740467071533,2.615771532058716,0.12193432450294495,0,True
344,0.8385167121887207,0.18145066499710083,0.9921875,1.3938629627227783,1.5361288785934448,1.5613934993743896,2.706934690475464,0.1124284416437149,0,True
345,0.8315903544425964,0.18579863011837006,0.9921875,1.3879048824310303,1.4863722324371338,1.5112717151641846,2.42295241355896,0.14368611574172974,0,True
346,0.8133793473243713,0.20802545547485352,0.9921875,1.4123722314834595,1.5170378684997559,1.542223334312439,2.7218265533447266,0.11814039200544357,0,True
347,0.8071064949035645,0.21663425862789154,0.9921875,1.4427154064178467,1.566157341003418,1.5920798778533936,2.7082927227020264,0.12545566260814667,0,True
348,0.8252301216125488,0.20217442512512207,0.9921875,1.5103163719177246,1.651379108428955,1.6798386573791504,2.7105841636657715,0.1328054964542389,0,True
349,0.8212019205093384,0.20368699729442596,0.9921875,1.4840844869613647,1.6797198057174683,1.7079365253448486,2.4861130714416504,0.1312328279018402,0,True
350,0.8215478658676147,0.1983691155910492,0.9921875,1.4399728775024414,1.67720365524292,1.7044014930725098,2.3852171897888184,0.1220078095793724,0,True
351,0.8140010833740234,0.2024945169687271,0.9921875,1.4157195091247559,1.6214110851287842,1.6475725173950195,2.7069077491760254,0.13218075037002563,0,True
352,0.8300489187240601,0.18535110354423523,0.9921875,1.406553030014038,1.6271309852600098,1.6531448364257812,2.5362794399261475,0.11209909617900848,0,True
353,0.8252565860748291,0.20017898082733154,0.9921875,1.3717464208602905,1.536044716835022,1.5608160495758057,2.461121082305908,0.1312069594860077,0,True
354,0.8066471815109253,0.21141722798347473,0.9921875,1.3444143533706665,1.4916131496429443,1.5152082443237305,2.3874239921569824,0.12269708514213562,0,True
355,0.8055964708328247,0.20710034668445587,0.9921875,1.3997819423675537,1.510871171951294,1.536149501800537,2.735489845275879,0.12377553433179855,0,True
356,0.8033093810081482,0.21191492676734924,0.9921875,1.422925591468811,1.5209615230560303,1.5464340448379517,2.733628511428833,0.13544592261314392,0,True
357,0.809922993183136,0.20775669813156128,0.9921875,1.4376188516616821,1.5648255348205566,1.5914254188537598,2.5722410678863525,0.13647156953811646,0,True
358,0.8005650639533997,0.21728868782520294,0.9921875,1.446720838546753,1.599887490272522,1.6269421577453613,2.556359052658081,0.13548116385936737,0,True
359,0.8112937211990356,0.20531411468982697,0.9921875,1.4803557395935059,1.6904644966125488,1.7185707092285156,2.664496421813965,0.12593495845794678,0,True
360,0.8124136328697205,0.20429472625255585,0.9921875,1.444373369216919,1.6547651290893555,1.6819229125976562,2.65594482421875,0.11340178549289703,0,True
361,0.8274956345558167,0.18597273528575897,0.9921875,1.4389770030975342,1.6657202243804932,1.6927953958511353,2.7488949298858643,0.12848339974880219,0,True
362,0.8368182182312012,0.1871023178100586,0.9921875,1.3881690502166748,1.5927455425262451,1.618606686592102,2.5070977210998535,0.13205188512802124,0,True
363,0.8178759813308716,0.20038588345050812,0.9921875,1.338892936706543,1.4951072931289673,1.5188007354736328,2.6297388076782227,0.13402831554412842,0,True
364,0.8324017524719238,0.17960430681705475,0.9921875,1.375117540359497,1.4993987083435059,1.523505687713623,2.6096601486206055,0.12041556090116501,0,True
365,0.8052336573600769,0.20359459519386292,0.9921875,1.350540041923523,1.4210660457611084,1.4444425106048584,2.434452533721924,0.13271963596343994,0,True
366,0.80844646692276,0.205606609582901,0.9921875,1.4155406951904297,1.514690637588501,1.5402719974517822,2.708374500274658,0.13087058067321777,0,True
367,0.8171727657318115,0.20354163646697998,0.9921875,1.4950497150421143,1.5957313776016235,1.6236904859542847,2.7353975772857666,0.1402180939912796,0,True
368,0.8267278671264648,0.18993154168128967,0.9921875,1.5009459257125854,1.6837201118469238,1.7122255563735962,2.7403030395507812,0.14390715956687927,0,True
369,0.8204941749572754,0.1959799826145172,0.9921875,1.4368230104446411,1.6906328201293945,1.7179901599884033,2.3821120262145996,0.13069894909858704,0,True
370,0.8354883193969727,0.192460834980011,0.9921875,1.4350056648254395,1.7066795825958252,1.733911395072937,2.5747182369232178,0.11471092700958252,0,True
371,0.8186551332473755,0.1948290765285492,1.0,1.3822202682495117,1.6055622100830078,1.6304590702056885,2.464721441268921,0.11674259603023529,0,True
372,0.8053712844848633,0.20360970497131348,1.0,1.3541038036346436,1.5304787158966064,1.5543773174285889,2.5476484298706055,0.11803342401981354,0,True
373,0.8206185102462769,0.1857343316078186,1.0,1.3704018592834473,1.5024173259735107,1.5267374515533447,2.4675803184509277,0.12025295197963715,0,True
374,0.818657636642456,0.1901032030582428,1.0,1.3794686794281006,1.4670369625091553,1.4915308952331543,2.398585319519043,0.12057297676801682,0,True
375,0.7925248742103577,0.22454215586185455,1.0,1.4030553102493286,1.4767889976501465,1.5016512870788574,2.4879238605499268,0.14372891187667847,0,True
376,0.8023435473442078,0.21868610382080078,1.0,1.4629321098327637,1.5830779075622559,1.610041856765747,2.565329074859619,0.1452464759349823,0,True
377,0.8108080625534058,0.20516282320022583,1.0,1.4886019229888916,1.6457653045654297,1.6738691329956055,2.682370662689209,0.13451938331127167,0,True
378,0.8174982666969299,0.21403539180755615,1.0,1.4786523580551147,1.6897900104522705,1.7180756330490112,2.553727149963379,0.13122723996639252,0,True
379,0.8260393142700195,0.19280435144901276,1.0,1.4600378274917603,1.718988060951233,1.7469861507415771,2.616725206375122,0.12304622679948807,0,True
380,0.847571611404419,0.17324012517929077,1.0,1.4156534671783447,1.6553677320480347,1.6819195747375488,2.514092445373535,0.11897186934947968,0,True
381,0.8223391771316528,0.1916808784008026,1.0,1.3400870561599731,1.5385994911193848,1.562701940536499,2.5212807655334473,0.12969958782196045,0,True
382,0.8176331520080566,0.1970859169960022,1.0,1.3553481101989746,1.5213027000427246,1.5452120304107666,2.544929265975952,0.1324201077222824,0,True
383,0.8545636534690857,0.16324487328529358,1.0,1.428375482559204,1.527587890625,1.5533007383346558,2.4296798706054688,0.1270776093006134,0,True
384,0.8394957184791565,0.1783357411623001,1.0,1.3867309093475342,1.4477314949035645,1.4720865488052368,2.2925829887390137,0.11534476280212402,0,True
385,0.8257961273193359,0.2013578712940216,1.0,1.3966529369354248,1.5042312145233154,1.5290350914001465,2.4785118103027344,0.12568286061286926,0,True
386,0.8201243877410889,0.201390340924263,1.0,1.4568513631820679,1.5572338104248047,1.5835741758346558,2.4740002155303955,0.13153696060180664,0,True
387,0.819732666015625,0.20179682970046997,1.0,1.4928394556045532,1.6429580450057983,1.6710882186889648,2.6855533123016357,0.11921560764312744,0,True
388,0.826441764831543,0.19955229759216309,1.0,1.5138849020004272,1.7148188352584839,1.7441585063934326,2.411452531814575,0.12233354151248932,0,True
389,0.8389122486114502,0.18342182040214539,1.0,1.503808856010437,1.7272239923477173,1.7562732696533203,2.682466745376587,0.13441574573516846,0,True
390,0.8312816619873047,0.18423092365264893,1.0,1.4019584655761719,1.6470966339111328,1.6730632781982422,2.447862148284912,0.12107275426387787,0,True
391,0.8201540112495422,0.19419890642166138,1.0,1.3660069704055786,1.5871219635009766,1.6114771366119385,2.6019785404205322,0.12712794542312622,0,True
392,0.8269155025482178,0.18775512278079987,1.0,1.3842451572418213,1.5307230949401855,1.555558681488037,2.5586092472076416,0.11281128227710724,0,True
393,0.8304007649421692,0.18330064415931702,1.0,1.4030463695526123,1.4737406969070435,1.4985857009887695,2.6026811599731445,0.11967083811759949,0,True
394,0.8065149188041687,0.2051486074924469,1.0,1.3517966270446777,1.439276933670044,1.4629877805709839,2.367802143096924,0.12331168353557587,0,True
395,0.8079957365989685,0.2042333334684372,1.0,1.402205467224121,1.5160624980926514,1.5412187576293945,2.573138952255249,0.12671269476413727,0,True
396,0.810200035572052,0.2077440619468689,1.0,1.4674876928329468,1.5879578590393066,1.6147598028182983,2.607675552368164,0.12972217798233032,0,True
397,0.8330907821655273,0.19348019361495972,1.0,1.4765022993087769,1.6634058952331543,1.6914821863174438,2.5625436305999756,0.11762433499097824,0,True
398,0.8412547707557678,0.1935407817363739,1.0,1.4762160778045654,1.6959128379821777,1.7242822647094727,2.553985834121704,0.12983106076717377,0,True
399,0.8477163314819336,0.16465440392494202,1.0,1.4302304983139038,1.6982970237731934,1.7254290580749512,2.4079091548919678,0.1232394129037857,0,True
400,0.8395326733589172,0.1792975664138794,1.0,1.3963282108306885,1.6102690696716309,1.635957956314087,2.5253257751464844,0.13070367276668549,0,True
401,0.8327248096466064,0.18277877569198608,1.0,1.3579554557800293,1.5371400117874146,1.56101393699646,2.339949607849121,0.1196763664484024,0,True
402,0.832489013671875,0.18180808424949646,1.0,1.385696291923523,1.5130107402801514,1.537872076034546,2.6272568702697754,0.11402788758277893,0,True
403,0.8353016376495361,0.18130241334438324,1.0,1.4051755666732788,1.4815003871917725,1.5064711570739746,2.5538549423217773,0.1172870472073555,0,True
404,0.8134245872497559,0.1975049078464508,1.0,1.3945063352584839,1.4573547840118408,1.481803059577942,2.725087881088257,0.11830560863018036,0,True
405,0.8081312775611877,0.20435351133346558,1.0,1.419792890548706,1.5321245193481445,1.5575443506240845,2.6492137908935547,0.14040091633796692,0,True
406,0.8118057250976562,0.20816603302955627,1.0,1.488419771194458,1.611438274383545,1.639030933380127,2.739607334136963,0.1260928064584732,0,True
407,0.8283308744430542,0.20411179959774017,1.0,1.519995093345642,1.7018351554870605,1.7309281826019287,2.785379409790039,0.1333540976047516,0,True
408,0.8485054969787598,0.1932574063539505,1.0,1.5020928382873535,1.6970032453536987,1.7255651950836182,2.9598300457000732,0.13472431898117065,0,True
409,0.8280394077301025,0.19785842299461365,1.0,1.3900548219680786,1.6621177196502686,1.6882752180099487,2.606649160385132,0.1347743570804596,0,True
410,0.8356496095657349,0.183510422706604,1.0,1.3973381519317627,1.6444666385650635,1.6702154874801636,2.5353035926818848,0.12634344398975372,0,True
411,0.8415415287017822,0.18097150325775146,1.0,1.3861669301986694,1.5587276220321655,1.5835559368133545,2.620682954788208,0.12362003326416016,0,True
412,0.8264416456222534,0.20082107186317444,1.0,1.3527379035949707,1.4592862129211426,1.4825880527496338,2.668039560317993,0.13101451098918915,0,True
413,0.8349053263664246,0.1977350413799286,1.0,1.387081265449524,1.4914932250976562,1.5159859657287598,2.4967474937438965,0.13107231259346008,0,True
414,0.8200922012329102,0.20422963798046112,1.0,1.4112036228179932,1.4965934753417969,1.5216853618621826,2.349839448928833,0.14811603724956512,0,True
415,0.8287602066993713,0.20448094606399536,1.0,1.4937984943389893,1.6304638385772705,1.658251404762268,2.750308036804199,0.12568950653076172,0,True
416,0.8281750679016113,0.20551225543022156,1.0,1.4870872497558594,1.6343638896942139,1.6624298095703125,2.622941493988037,0.128836989402771,0,True
417,0.8404403328895569,0.1833765059709549,1.0,1.459052324295044,1.6851451396942139,1.7130125761032104,2.548502206802368,0.13245226442813873,0,True
418,0.8545184135437012,0.17348918318748474,1.0,1.4218043088912964,1.6539576053619385,1.6806344985961914,2.511685371398926,0.12066937983036041,0,True
419,0.8417798280715942,0.18098004162311554,1.0,1.3925973176956177,1.6248183250427246,1.6501386165618896,2.408773899078369,0.13181042671203613,0,True
420,0.8514403700828552,0.1655084192752838,1.0,1.4314625263214111,1.6265774965286255,1.652976632118225,2.6675896644592285,0.13204635679721832,0,True
421,0.8500125408172607,0.17122581601142883,1.0,1.4004673957824707,1.5377626419067383,1.562509536743164,2.624758243560791,0.11892601102590561,0,True
422,0.8345422744750977,0.17834392189979553,1.0,1.3767447471618652,1.4974615573883057,1.5219182968139648,2.5391619205474854,0.12316600978374481,0,True
423,0.8439033031463623,0.17254497110843658,1.0,1.4148002862930298,1.531449556350708,1.556896448135376,2.425063371658325,0.11952126026153564,0,True
424,0.8140503168106079,0.20071366429328918,1.0,1.4152512550354004,1.491101861000061,1.5161585807800293,2.673164129257202,0.12428845465183258,0,True
425,0.838028073310852,0.16949531435966492,1.0,1.4608659744262695,1.6023809909820557,1.6292067766189575,2.452146530151367,0.11823180317878723,0,True
426,0.8421354293823242,0.17811322212219238,1.0,1.4755187034606934,1.5921189785003662,1.6200757026672363,2.786928176879883,0.12104786932468414,0,True
427,0.8552789688110352,0.16236039996147156,1.0,1.479058861732483,1.6727349758148193,1.7010188102722168,2.7276124954223633,0.1394754946231842,0,True
428,0.856228232383728,0.15610647201538086,1.0,1.4150495529174805,1.6400322914123535,1.6663689613342285,2.4988303184509277,0.13936889171600342,0,True
429,0.8275011777877808,0.18828997015953064,1.0,1.3916316032409668,1.6025452613830566,1.627631664276123,2.6237990856170654,0.13044457137584686,0,True
430,0.8548460006713867,0.16326934099197388,1.0,1.4546821117401123,1.6382052898406982,1.6651631593704224,2.672541856765747,0.11485928297042847,0,True
431,0.8646557331085205,0.15403228998184204,1.0,1.4296995401382446,1.5639004707336426,1.590245246887207,2.721454620361328,0.12618428468704224,0,True
432,0.8650092482566833,0.15526528656482697,1.0,1.3710459470748901,1.5104602575302124,1.5350637435913086,2.4118878841400146,0.1461307853460312,0,True
433,0.829404354095459,0.19368162751197815,1.0,1.3446433544158936,1.490684986114502,1.514214038848877,2.4464986324310303,0.1579144299030304,0,True
434,0.8381055593490601,0.17867954075336456,1.0,1.4285428524017334,1.5975062847137451,1.623321771621704,2.3912458419799805,0.13019025325775146,0,True
435,0.8609373569488525,0.17036858201026917,1.0,1.5125267505645752,1.6106549501419067,1.639174461364746,2.650135040283203,0.12205696851015091,0,True
436,0.8474808931350708,0.17486876249313354,1.0,1.4628368616104126,1.609480619430542,1.636788249015808,2.5883564949035645,0.11039363592863083,0,True
437,0.8661229610443115,0.1638997197151184,1.0,1.418595552444458,1.6374380588531494,1.6639938354492188,2.6118698120117188,0.11808136850595474,0,True
438,0.833518385887146,0.18678483366966248,1.0,1.3744070529937744,1.573119878768921,1.597516417503357,2.6053051948547363,0.12497757375240326,0,True
439,0.8289580941200256,0.18833759427070618,1.0,1.4052033424377441,1.6215404272079468,1.6471089124679565,2.694119930267334,0.13670885562896729,0,True
440,0.8587872385978699,0.16311699151992798,1.0,1.4605886936187744,1.6154966354370117,1.6429927349090576,2.5322580337524414,0.13229842483997345,0,True
441,0.8460596799850464,0.1712770164012909,1.0,1.3900530338287354,1.5126936435699463,1.5375516414642334,2.5592384338378906,0.11686227470636368,0,True
442,0.833537757396698,0.18228057026863098,1.0,1.354619026184082,1.536799669265747,1.5613088607788086,2.3156938552856445,0.11537710577249527,0,True
443,0.8212321996688843,0.19019803404808044,1.0,1.3757011890411377,1.5467979907989502,1.5717509984970093,2.3913662433624268,0.12025358527898788,0,True
444,0.8340834379196167,0.17925646901130676,1.0,1.4367398023605347,1.5707029104232788,1.5969409942626953,2.7116711139678955,0.12464167177677155,0,True
445,0.8282140493392944,0.1861611306667328,1.0,1.4320682287216187,1.5593538284301758,1.5854120254516602,2.6081013679504395,0.11725086718797684,0,True
446,0.8514811992645264,0.16782015562057495,1.0,1.4610118865966797,1.6334937810897827,1.660685658454895,2.7552764415740967,0.11294888705015182,0,True
447,0.8338186740875244,0.18335573375225067,1.0,1.4136923551559448,1.5749568939208984,1.600786805152893,2.542728900909424,0.13418038189411163,0,True
448,0.8193414807319641,0.1917920708656311,1.0,1.3960235118865967,1.61374831199646,1.6389985084533691,2.63543438911438,0.13168326020240784,0,True
449,0.8222728371620178,0.18941932916641235,1.0,1.4309793710708618,1.615403413772583,1.6419199705123901,2.616466522216797,0.12456291913986206,0,True
450,0.839553713798523,0.18285225331783295,1.0,1.4354705810546875,1.6233484745025635,1.6499650478363037,2.496563196182251,0.1312510371208191,0,True
451,0.8294750452041626,0.1852836310863495,1.0,1.38675856590271,1.5569782257080078,1.5824334621429443,2.438418388366699,0.12544465065002441,0,True
452,0.8075143694877625,0.20639027655124664,1.0,1.3756725788116455,1.526463270187378,1.5510178804397583,2.599795341491699,0.12995582818984985,0,True
453,0.8109927177429199,0.20756028592586517,1.0,1.3942660093307495,1.574448585510254,1.5997111797332764,2.5777428150177,0.13808241486549377,0,True
454,0.8161638975143433,0.2077920138835907,1.0,1.4468090534210205,1.577362298965454,1.6037005186080933,2.6467173099517822,0.12773099541664124,0,True
455,0.8174711465835571,0.1957196593284607,1.0,1.434227705001831,1.604758858680725,1.6313364505767822,2.5909335613250732,0.12264513969421387,0,True
456,0.8236523866653442,0.19995997846126556,1.0,1.4345511198043823,1.5907702445983887,1.617183804512024,2.659074068069458,0.13785776495933533,0,True
457,0.808377742767334,0.21414418518543243,1.0,1.4027190208435059,1.6158814430236816,1.6418399810791016,2.5701985359191895,0.13515397906303406,0,True
458,0.8205140829086304,0.20258167386054993,1.0,1.461940884590149,1.657354712486267,1.6850438117980957,2.5958306789398193,0.13561201095581055,0,True
459,0.8281965851783752,0.1906968057155609,1.0,1.4521265029907227,1.645052433013916,1.672322392463684,2.4344210624694824,0.11886635422706604,0,True
460,0.8392611742019653,0.17596183717250824,1.0,1.4137725830078125,1.607273817062378,1.6337529420852661,2.564887762069702,0.13650286197662354,0,True
461,0.8161373734474182,0.19989299774169922,1.0,1.3728957176208496,1.5345152616500854,1.559320330619812,2.533194065093994,0.11768921464681625,0,True
462,0.8188871145248413,0.2002047300338745,1.0,1.4011282920837402,1.5533626079559326,1.5789306163787842,2.714883804321289,0.14647451043128967,0,True
463,0.8228527307510376,0.19242772459983826,1.0,1.4224450588226318,1.5263655185699463,1.552163004875183,2.6285665035247803,0.11962060630321503,0,True
464,0.8208037614822388,0.1937282383441925,1.0,1.419731616973877,1.5384976863861084,1.564534306526184,2.3955581188201904,0.13184703886508942,0,True
465,0.822790265083313,0.1868499517440796,1.0,1.4408516883850098,1.5824611186981201,1.6089973449707031,2.6766228675842285,0.13502439856529236,0,True
466,0.8150633573532104,0.20114584267139435,1.0,1.432241678237915,1.5919603109359741,1.6182653903961182,2.4943830966949463,0.12548035383224487,0,True
467,0.8153318166732788,0.20193660259246826,1.0,1.443141222000122,1.6271865367889404,1.6539005041122437,2.648068904876709,0.14427289366722107,0,True
468,0.8269187211990356,0.1943259984254837,1.0,1.443899393081665,1.6261502504348755,1.6530835628509521,2.781222105026245,0.12090820074081421,0,True
469,0.8385111689567566,0.17104175686836243,1.0,1.4485688209533691,1.6420843601226807,1.6695199012756348,2.522118330001831,0.11648314446210861,0,True
470,0.8359597325325012,0.1782987117767334,1.0,1.4029521942138672,1.599013090133667,1.6251306533813477,2.6330718994140625,0.12650883197784424,0,True
471,0.8221557140350342,0.1910528540611267,1.0,1.371551275253296,1.559901237487793,1.584749460220337,2.4106087684631348,0.1277620643377304,0,True
472,0.8264817595481873,0.18232770264148712,1.0,1.3846956491470337,1.559170126914978,1.5836682319641113,2.5228302478790283,0.1243143379688263,0,True
473,0.8273136615753174,0.1863265484571457,1.0,1.3976171016693115,1.5341010093688965,1.5591994524002075,2.4129228591918945,0.11144526302814484,0,True
474,0.809800386428833,0.2023477554321289,1.0,1.407926321029663,1.5250608921051025,1.5500550270080566,2.457495927810669,0.12481549382209778,0,True
475,0.8149208426475525,0.19400149583816528,1.0,1.450850248336792,1.5893528461456299,1.6160409450531006,2.438840389251709,0.10979457199573517,0,True
476,0.8462772369384766,0.17474843561649323,1.0,1.4550235271453857,1.614565372467041,1.641463041305542,2.4693005084991455,0.11654483526945114,0,True
477,0.8093401193618774,0.2061087191104889,1.0,1.3941841125488281,1.5671210289001465,1.5921224355697632,2.5026745796203613,0.12827137112617493,0,True
478,0.8215736150741577,0.1881302297115326,1.0,1.4335159063339233,1.6338911056518555,1.6601576805114746,2.577542781829834,0.11724594235420227,0,True
479,0.822371244430542,0.18662256002426147,1.0,1.4609366655349731,1.617605447769165,1.644925832748413,2.6783528327941895,0.12169024348258972,0,True
480,0.8019403219223022,0.21186067163944244,1.0,1.429319143295288,1.583238124847412,1.6096782684326172,2.712383270263672,0.15143322944641113,0,True
481,0.810868501663208,0.19720083475112915,1.0,1.4316519498825073,1.6285995244979858,1.6550922393798828,2.6391825675964355,0.1475110799074173,0,True
482,0.8109668493270874,0.20116972923278809,1.0,1.4030169248580933,1.5616161823272705,1.5871503353118896,2.604461193084717,0.11640678346157074,0,True
483,0.7955934405326843,0.21174108982086182,1.0,1.3767783641815186,1.539503812789917,1.5639474391937256,2.5407137870788574,0.12352918088436127,0,True
484,0.7815028429031372,0.22773292660713196,1.0,1.3852070569992065,1.541170597076416,1.5660912990570068,2.590610980987549,0.1438233107328415,0,True
485,0.7982844710350037,0.21668273210525513,1.0,1.4559309482574463,1.5938434600830078,1.6203140020370483,2.5853168964385986,0.1207515299320221,0,True
486,0.8115054965019226,0.21004420518875122,1.0,1.4536383152008057,1.6162974834442139,1.6434271335601807,2.6364285945892334,0.13373829424381256,0,True
487,0.7963804006576538,0.21576158702373505,1.0,1.3970472812652588,1.5673872232437134,1.59291410446167,2.5646519660949707,0.12779808044433594,0,True
488,0.7947129011154175,0.21991412341594696,1.0,1.4005018472671509,1.6387630701065063,1.6648476123809814,2.610590934753418,0.10966120660305023,0,True
489,0.8382402062416077,0.18204665184020996,1.0,1.476034164428711,1.6784216165542603,1.7063319683074951,2.5393850803375244,0.12339478731155396,0,True
490,0.8208091855049133,0.20142100751399994,1.0,1.4092135429382324,1.573817253112793,1.5996637344360352,2.604451894760132,0.1312267780303955,0,True
491,0.8350043296813965,0.1833193004131317,1.0,1.3796875476837158,1.595576524734497,1.6204593181610107,2.64982533454895,0.13036328554153442,0,True
492,0.8404560089111328,0.1806441992521286,1.0,1.3873850107192993,1.5474956035614014,1.5722832679748535,2.609553813934326,0.1292751431465149,0,True
493,0.8299821615219116,0.18911212682724,1.0,1.3851969242095947,1.5332608222961426,1.558085322380066,2.653783082962036,0.14743545651435852,0,True
494,0.8335293531417847,0.1929188370704651,1.0,1.4154267311096191,1.545911431312561,1.571486473083496,2.4521548748016357,0.126424178481102,0,True
495,0.8502991199493408,0.17393729090690613,1.0,1.4715180397033691,1.58966064453125,1.616876482963562,2.497793436050415,0.12908685207366943,0,True
496,0.826094925403595,0.19608303904533386,1.0,1.4132165908813477,1.5523574352264404,1.5779722929000854,2.3472399711608887,0.142106831073761,0,True
497,0.821229875087738,0.19468599557876587,1.0,1.4201682806015015,1.6001520156860352,1.626196265220642,2.4163105487823486,0.11989428102970123,0,True
498,0.8237801194190979,0.1929168999195099,1.0,1.4384576082229614,1.5999181270599365,1.626542091369629,2.7708992958068848,0.11962764710187912,0,True
499,0.8242290019989014,0.19888465106487274,1.0,1.437131643295288,1.6076478958129883,1.6344192028045654,2.8151214122772217,0.1124240979552269,0,True
500,0.838546633720398,0.18245017528533936,1.0,1.455176591873169,1.6235661506652832,1.6507341861724854,2.574309825897217,0.12730289995670319,0,True
501,0.8430378437042236,0.18634353578090668,1.0,1.4149091243743896,1.556728720664978,1.5823060274124146,2.5273032188415527,0.1308785080909729,0,True
502,0.8257717490196228,0.18931423127651215,1.0,1.3924288749694824,1.555664300918579,1.5807526111602783,2.670197010040283,0.10853973031044006,0,True
503,0.8256773352622986,0.18592584133148193,1.0,1.4031603336334229,1.5478897094726562,1.5730209350585938,2.609506845474243,0.13474750518798828,0,True
504,0.8417947292327881,0.1798078715801239,1.0,1.4201579093933105,1.5768241882324219,1.6023905277252197,2.3693838119506836,0.12502802908420563,0,True
505,0.8457237482070923,0.17208325862884521,1.0,1.4377272129058838,1.5781923532485962,1.6048904657363892,2.38759446144104,0.124554842710495,0,True
506,0.8483515977859497,0.17401589453220367,1.0,1.4390885829925537,1.6070024967193604,1.6335418224334717,2.8810291290283203,0.13046963512897491,0,True
507,0.8423036336898804,0.17745184898376465,1.0,1.4418351650238037,1.6167776584625244,1.642978310585022,2.5170745849609375,0.12235995382070541,0,True
508,0.8174504637718201,0.19392088055610657,1.0,1.3865737915039062,1.5817878246307373,1.6068556308746338,2.4941868782043457,0.1258144974708557,0,True
509,0.8377543687820435,0.17668652534484863,1.0,1.4309771060943604,1.6329153776168823,1.6594473123550415,2.5828802585601807,0.13432765007019043,0,True
510,0.8359009027481079,0.18043792247772217,1.0,1.419661283493042,1.5620968341827393,1.5880717039108276,2.614058256149292,0.13739527761936188,0,True
511,0.8417568206787109,0.17619870603084564,1.0,1.3863569498062134,1.5832678079605103,1.608726978302002,2.4969279766082764,0.12631674110889435,0,True
512,0.8344020247459412,0.18875715136528015,1.0,1.3775659799575806,1.5376336574554443,1.5624595880508423,2.7173068523406982,0.13245171308517456,0,True
513,0.8424650430679321,0.18688496947288513,1.0,1.4037150144577026,1.5822179317474365,1.6078161001205444,2.557549238204956,0.11923549324274063,0,True
514,0.8486263751983643,0.1815524697303772,1.0,1.4293502569198608,1.5512549877166748,1.5774104595184326,2.6667630672454834,0.1382407248020172,0,True
515,0.8383239507675171,0.18310511112213135,1.0,1.4150443077087402,1.5343571901321411,1.5600132942199707,2.619863271713257,0.13896015286445618,0,True
516,0.8406304121017456,0.1883167028427124,1.0,1.4361419677734375,1.5879380702972412,1.6146016120910645,2.4838945865631104,0.12453311681747437,0,True
517,0.8457230925559998,0.1848350614309311,1.0,1.4696227312088013,1.6332380771636963,1.6606595516204834,2.661990165710449,0.12676092982292175,0,True
518,0.8428006172180176,0.1873539835214615,1.0,1.4292163848876953,1.5989105701446533,1.6251119375228882,2.6629111766815186,0.12992000579833984,0,True
519,0.8525064587593079,0.17497262358665466,1.0,1.4368736743927002,1.6257052421569824,1.6524749994277954,2.589111089706421,0.12617051601409912,0,True
520,0.8641286492347717,0.1613774299621582,1.0,1.4229060411453247,1.5929149389266968,1.6191990375518799,2.6206490993499756,0.13385644555091858,0,True
521,0.838525652885437,0.18633905053138733,1.0,1.3619930744171143,1.5170236825942993,1.5409406423568726,2.5218403339385986,0.12985901534557343,0,True
522,0.8334360122680664,0.189749613404274,1.0,1.4312293529510498,1.576401948928833,1.6022374629974365,2.7251524925231934,0.12715370953083038,0,True
523,0.8584574460983276,0.17269086837768555,1.0,1.4532296657562256,1.5999130010604858,1.6268250942230225,2.4749157428741455,0.11808155477046967,0,True
524,0.84984290599823,0.17884457111358643,1.0,1.4180665016174316,1.5574989318847656,1.5833978652954102,2.5802807807922363,0.13040366768836975,0,True
525,0.8430653214454651,0.18212178349494934,1.0,1.382831335067749,1.5564167499542236,1.5815441608428955,2.5465426445007324,0.12349847704172134,0,True
526,0.8348685503005981,0.18597324192523956,1.0,1.3876497745513916,1.5671958923339844,1.592233657836914,2.8015730381011963,0.12331974506378174,0,True
527,0.8534595966339111,0.1631259173154831,1.0,1.4544506072998047,1.6364049911499023,1.6634912490844727,2.5755815505981445,0.12691780924797058,0,True
528,0.8391003012657166,0.1841508448123932,1.0,1.4344286918640137,1.5837793350219727,1.6104263067245483,2.4806292057037354,0.11235253512859344,0,True
529,0.838740348815918,0.1809115707874298,1.0,1.4351431131362915,1.6330242156982422,1.6597946882247925,2.7717514038085938,0.1131972074508667,0,True
530,0.8442986011505127,0.17634475231170654,1.0,1.3964977264404297,1.5923010110855103,1.6178480386734009,2.561079978942871,0.1196499913930893,0,True
531,0.8139585256576538,0.19990919530391693,1.0,1.3765243291854858,1.5596638917922974,1.5846772193908691,2.507355213165283,0.1353369802236557,0,True
532,0.8324737548828125,0.18376702070236206,1.0,1.4282641410827637,1.615405797958374,1.6418662071228027,2.6320157051086426,0.10955033451318741,0,True
533,0.8360913395881653,0.1876002997159958,1.0,1.4619426727294922,1.5694258213043213,1.5965772867202759,2.7004010677337646,0.1295761913061142,0,True
534,0.8293095827102661,0.18783989548683167,1.0,1.3834173679351807,1.5392801761627197,1.564475178718567,2.2577128410339355,0.11368236690759659,0,True
535,0.8094292879104614,0.20829088985919952,1.0,1.3711098432540894,1.5171115398406982,1.541724681854248,2.6893012523651123,0.11215538531541824,0,True
536,0.8336117267608643,0.1828119158744812,1.0,1.4368557929992676,1.593326449394226,1.619238257408142,2.7912306785583496,0.12097464501857758,0,True
537,0.838557243347168,0.1795608401298523,1.0,1.450792670249939,1.5819761753082275,1.6092052459716797,2.827702522277832,0.12070514261722565,0,True
538,0.8539059162139893,0.17376665771007538,1.0,1.4924007654190063,1.63247811794281,1.6604669094085693,2.610391855239868,0.13189604878425598,0,True
539,0.8507645130157471,0.16724789142608643,1.0,1.4440796375274658,1.631168246269226,1.65828275680542,2.4100759029388428,0.12087658047676086,0,True
540,0.8572118282318115,0.16237762570381165,1.0,1.409749150276184,1.6151964664459229,1.6411044597625732,2.443716287612915,0.12873700261116028,0,True
541,0.8374521732330322,0.17896948754787445,1.0,1.370060920715332,1.5583856105804443,1.5829445123672485,2.646390914916992,0.13442844152450562,0,True
542,0.8516683578491211,0.17017963528633118,1.0,1.4218463897705078,1.6154261827468872,1.6415460109710693,2.6199824810028076,0.11896966397762299,0,True
543,0.8668051362037659,0.16426971554756165,1.0,1.466395616531372,1.5695126056671143,1.5964664220809937,2.866884469985962,0.12189068645238876,0,True
544,0.8473490476608276,0.1723489761352539,1.0,1.3644218444824219,1.5064473152160645,1.5306732654571533,2.379303216934204,0.12975695729255676,0,True
545,0.842495858669281,0.1723237931728363,1.0,1.3717665672302246,1.5391027927398682,1.5631041526794434,2.50642728805542,0.12167702615261078,0,True
546,0.8459516763687134,0.1743766814470291,1.0,1.4364649057388306,1.5757637023925781,1.601530909538269,2.5820505619049072,0.14847822487354279,0,True
547,0.8490220308303833,0.16381487250328064,1.0,1.457671880722046,1.6458442211151123,1.6729509830474854,2.5239906311035156,0.12763932347297668,0,True
548,0.8621437549591064,0.1599511206150055,1.0,1.4678503274917603,1.645949363708496,1.6740753650665283,2.4718849658966064,0.12173020094633102,0,True
549,0.8453716039657593,0.18107104301452637,1.0,1.4074978828430176,1.6089868545532227,1.6347955465316772,2.540616273880005,0.1330908089876175,0,True
550,0.8224165439605713,0.19734421372413635,1.0,1.3745253086090088,1.581174612045288,1.6058180332183838,2.428833246231079,0.14069651067256927,0,True
551,0.815009593963623,0.19911760091781616,1.0,1.4068819284439087,1.5717543363571167,1.5966905355453491,2.542212963104248,0.129348486661911,0,True
552,0.8382261991500854,0.18398547172546387,1.0,1.465297818183899,1.6099298000335693,1.6371333599090576,2.642677068710327,0.1302269548177719,0,True
553,0.8281753659248352,0.19764411449432373,1.0,1.4328727722167969,1.5498485565185547,1.575798511505127,2.513780117034912,0.12695685029029846,0,True
554,0.809317946434021,0.21128049492835999,1.0,1.3847532272338867,1.5275490283966064,1.5520141124725342,2.857314109802246,0.14889617264270782,0,True
555,0.8280938267707825,0.19118210673332214,1.0,1.4343366622924805,1.6168615818023682,1.6432154178619385,2.679699420928955,0.13601744174957275,0,True
556,0.8202566504478455,0.20605821907520294,1.0,1.4613592624664307,1.5950281620025635,1.6216620206832886,2.3676488399505615,0.1371961086988449,0,True
557,0.8391420245170593,0.18636441230773926,1.0,1.47202467918396,1.643064022064209,1.6708333492279053,2.6368062496185303,0.15383633971214294,0,True
558,0.8388519287109375,0.18983007967472076,1.0,1.4384446144104004,1.6064715385437012,1.6332855224609375,2.480971336364746,0.14690585434436798,0,True
559,0.8272712230682373,0.1959727555513382,1.0,1.3930652141571045,1.5906562805175781,1.6155606508255005,2.2745273113250732,0.14258667826652527,0,True
560,0.8157907128334045,0.20374616980552673,1.0,1.4043980836868286,1.5740633010864258,1.5992194414138794,2.722395896911621,0.1355791985988617,0,True
561,0.8239998817443848,0.1959843635559082,1.0,1.4076851606369019,1.5919413566589355,1.6175236701965332,2.4504897594451904,0.1322726309299469,0,True
562,0.8429482579231262,0.1829332411289215,1.0,1.4351439476013184,1.5950324535369873,1.6217296123504639,2.65498948097229,0.1314787119626999,0,True
563,0.8063850402832031,0.2111262083053589,1.0,1.3722258806228638,1.5218117237091064,1.5465285778045654,2.510270595550537,0.15481556951999664,0,True
564,0.8133740425109863,0.20232614874839783,1.0,1.4323123693466187,1.6146767139434814,1.6410489082336426,2.577906370162964,0.1327488124370575,0,True
565,0.8292708396911621,0.18690168857574463,1.0,1.4276736974716187,1.5993316173553467,1.6256487369537354,2.677692413330078,0.12276085466146469,0,True
566,0.8253628611564636,0.1937180459499359,1.0,1.4251999855041504,1.5880348682403564,1.6140966415405273,2.4632408618927,0.11441449820995331,0,True
567,0.8279039859771729,0.1882685124874115,1.0,1.421187400817871,1.593085765838623,1.6193759441375732,2.520909547805786,0.11419731378555298,0,True
568,0.8070996403694153,0.2047952264547348,1.0,1.4099586009979248,1.5576739311218262,1.5833415985107422,2.885324239730835,0.13602444529533386,0,True
569,0.8174782991409302,0.20129245519638062,1.0,1.4310753345489502,1.5993127822875977,1.625197410583496,2.6794540882110596,0.12302102148532867,0,True
570,0.8093353509902954,0.21327155828475952,1.0,1.417973279953003,1.558228850364685,1.584101915359497,2.5259523391723633,0.13042153418064117,0,True
571,0.8153524994850159,0.20882278680801392,1.0,1.4419807195663452,1.6065642833709717,1.6332226991653442,2.6422386169433594,0.1262149065732956,0,True
572,0.8255279064178467,0.19125407934188843,1.0,1.4314517974853516,1.5916790962219238,1.6181626319885254,2.5890579223632812,0.11751575022935867,0,True
573,0.810215950012207,0.20212358236312866,1.0,1.3992291688919067,1.5506134033203125,1.5757577419281006,2.6482090950012207,0.13763299584388733,0,True
574,0.8095564842224121,0.19946905970573425,1.0,1.4047191143035889,1.6128320693969727,1.6385176181793213,2.502890110015869,0.12014658749103546,0,True
575,0.8348923325538635,0.18866010010242462,1.0,1.4662163257598877,1.6233282089233398,1.6506710052490234,2.6650595664978027,0.14125771820545197,0,True
576,0.8305620551109314,0.18531394004821777,1.0,1.4313346147537231,1.6084837913513184,1.6349225044250488,2.5579469203948975,0.12124927341938019,0,True
577,0.8331682682037354,0.1815807968378067,1.0,1.4056131839752197,1.5729707479476929,1.5986173152923584,2.532510280609131,0.13289381563663483,0,True
578,0.8350396156311035,0.1766529679298401,1.0,1.4060561656951904,1.6057724952697754,1.6311395168304443,2.352311849594116,0.12265145778656006,0,True
579,0.8396546840667725,0.17796745896339417,1.0,1.4180006980895996,1.5779852867126465,1.6038283109664917,2.734421730041504,0.13364753127098083,0,True
580,0.8449064493179321,0.16960199177265167,1.0,1.4063365459442139,1.5652072429656982,1.5905988216400146,2.6349098682403564,0.11491499841213226,0,True
581,0.8410866856575012,0.17722952365875244,1.0,1.388900876045227,1.535961389541626,1.5609755516052246,3.0873351097106934,0.11119180917739868,0,True
582,0.8361790776252747,0.1788845956325531,1.0,1.4210236072540283,1.5837163925170898,1.6095948219299316,2.5682077407836914,0.1132110208272934,0,True
583,0.8361419439315796,0.17462123930454254,1.0,1.4318041801452637,1.5947470664978027,1.621351957321167,2.716081380844116,0.1177530586719513,0,True
584,0.8514103889465332,0.1633121818304062,1.0,1.44773530960083,1.6155965328216553,1.6426658630371094,2.5265848636627197,0.14039936661720276,0,True
585,0.8471176028251648,0.17048370838165283,1.0,1.422649621963501,1.6060872077941895,1.632512092590332,2.4759926795959473,0.12883637845516205,0,True
586,0.860060453414917,0.16351237893104553,1.0,1.4523669481277466,1.6367979049682617,1.6637580394744873,2.5213780403137207,0.12158042192459106,0,True
587,0.8354722261428833,0.18510335683822632,1.0,1.3958802223205566,1.5434606075286865,1.5686010122299194,2.465031623840332,0.13542786240577698,0,True
588,0.8561573028564453,0.16370950639247894,1.0,1.435752511024475,1.611401915550232,1.63754403591156,2.548104763031006,0.13224062323570251,0,True
589,0.8507162928581238,0.1695597618818283,1.0,1.4328309297561646,1.54543936252594,1.5715476274490356,2.6150453090667725,0.12224005907773972,0,True
590,0.8576963543891907,0.1806187629699707,1.0,1.4256579875946045,1.5630090236663818,1.589043378829956,2.663271903991699,0.12648826837539673,0,True
591,0.846315324306488,0.1860690414905548,1.0,1.4086885452270508,1.5348538160324097,1.560421347618103,2.793156623840332,0.12669704854488373,0,True
592,0.8336770534515381,0.19518417119979858,1.0,1.3955656290054321,1.549719214439392,1.5745248794555664,2.327688217163086,0.13533785939216614,0,True
593,0.8534027338027954,0.18049731850624084,1.0,1.4757015705108643,1.6434576511383057,1.6707772016525269,2.971754789352417,0.13863173127174377,0,True
594,0.8624120950698853,0.18018439412117004,1.0,1.5015325546264648,1.6396865844726562,1.667947769165039,2.5507829189300537,0.13619068264961243,0,True
595,0.8601680994033813,0.17365260422229767,1.0,1.4584290981292725,1.6507370471954346,1.678177833557129,2.4387335777282715,0.1262603998184204,0,True
596,0.8589154481887817,0.17528554797172546,1.0,1.418030858039856,1.6228630542755127,1.6489311456680298,2.4466049671173096,0.11885421723127365,0,True
597,0.8444916605949402,0.1866362988948822,1.0,1.4132416248321533,1.591540813446045,1.6172351837158203,2.853221893310547,0.13580864667892456,0,True
598,0.8420666456222534,0.1833711564540863,1.0,1.395154595375061,1.5437781810760498,1.5688045024871826,2.649991989135742,0.12961262464523315,0,True
599,0.8447515964508057,0.1851351261138916,1.0,1.4124679565429688,1.5475304126739502,1.5728874206542969,2.4166083335876465,0.1258251667022705,0,True
600,0.8502365350723267,0.18380263447761536,1.0,1.4289121627807617,1.5607777833938599,1.5866503715515137,2.5594136714935303,0.12450160831212997,0,True
601,0.8408424854278564,0.18302279710769653,1.0,1.3841969966888428,1.5248572826385498,1.5496459007263184,2.4085333347320557,0.13729016482830048,0,True
602,0.8328967094421387,0.18935762345790863,1.0,1.4004292488098145,1.5599302053451538,1.5851714611053467,2.6991896629333496,0.12635347247123718,0,True
603,0.8375846743583679,0.1875389665365219,1.0,1.4604572057724,1.625516653060913,1.6527044773101807,2.5712428092956543,0.13730809092521667,0,True
604,0.8585845828056335,0.16692078113555908,1.0,1.4869474172592163,1.6630977392196655,1.6915030479431152,2.614164113998413,0.13550107181072235,0,True
605,0.8560194373130798,0.17384576797485352,1.0,1.4399579763412476,1.6139593124389648,1.640911340713501,2.622563362121582,0.13426989316940308,0,True
606,0.8505537509918213,0.16879087686538696,1.0,1.389155626296997,1.603875994682312,1.6289827823638916,2.6130852699279785,0.14121538400650024,0,True
607,0.8405728340148926,0.1730821132659912,1.0,1.367889165878296,1.572733759880066,1.597041368484497,2.4030075073242188,0.12650473415851593,0,True
608,0.8545835018157959,0.16132599115371704,1.0,1.4102624654769897,1.5732715129852295,1.5983712673187256,2.6626036167144775,0.12649258971214294,0,True
609,0.8475255966186523,0.16672773659229279,1.0,1.411788821220398,1.502379059791565,1.5277012586593628,2.4371402263641357,0.12764953076839447,0,True
610,0.8398782014846802,0.17687150835990906,1.0,1.410388708114624,1.5251054763793945,1.5503849983215332,2.8172667026519775,0.13147161900997162,0,True
611,0.8472216725349426,0.17208580672740936,1.0,1.4493823051452637,1.5895566940307617,1.6162865161895752,2.5251269340515137,0.13221116364002228,0,True
612,0.848952054977417,0.17242926359176636,1.0,1.4231747388839722,1.588321566581726,1.6144475936889648,2.5153353214263916,0.1282055675983429,0,True
613,0.8306635022163391,0.1910097301006317,1.0,1.3969272375106812,1.5954854488372803,1.6210310459136963,2.4276652336120605,0.14610794186592102,0,True
614,0.8723242282867432,0.15356647968292236,1.0,1.480741024017334,1.6832599639892578,1.7112985849380493,2.653916120529175,0.12375273555517197,0,True
615,0.8504990339279175,0.17488759756088257,1.0,1.4255634546279907,1.5781466960906982,1.6047642230987549,2.510805606842041,0.13763651251792908,0,True
616,0.8552745580673218,0.16499419510364532,1.0,1.4198951721191406,1.642676830291748,1.6690361499786377,2.6830687522888184,0.1290726363658905,0,True
617,0.8422316312789917,0.17848794162273407,1.0,1.407430648803711,1.5892189741134644,1.615229606628418,2.63348126411438,0.12547287344932556,0,True
618,0.8376443386077881,0.17296402156352997,1.0,1.4221713542938232,1.5986433029174805,1.624375343322754,2.528346300125122,0.12987574934959412,0,True
619,0.8430976271629333,0.17307525873184204,1.0,1.4002379179000854,1.5398602485656738,1.5651402473449707,2.6221301555633545,0.13636940717697144,0,True
620,0.8230674266815186,0.19340655207633972,1.0,1.367714762687683,1.5123080015182495,1.536191701889038,2.6675281524658203,0.11990687251091003,0,True
621,0.8332624435424805,0.1838170886039734,1.0,1.4044373035430908,1.5586066246032715,1.5837799310684204,2.7381772994995117,0.12807169556617737,0,True
622,0.8356638550758362,0.182069331407547,1.0,1.458815097808838,1.5930089950561523,1.6201579570770264,2.586190700531006,0.12636935710906982,0,True
623,0.8638150691986084,0.1555357724428177,1.0,1.4736440181732178,1.6293879747390747,1.656961441040039,2.625258207321167,0.1227276623249054,0,True
624,0.8495287299156189,0.1771417260169983,1.0,1.412879228591919,1.5873123407363892,1.6135194301605225,2.6271297931671143,0.13072118163108826,0,True
625,0.858651876449585,0.16161532700061798,1.0,1.437239408493042,1.649214506149292,1.6761754751205444,2.6968982219696045,0.11385306715965271,0,True
626,0.8623605966567993,0.1652708798646927,1.0,1.423527717590332,1.5943576097488403,1.6205427646636963,2.771954298019409,0.12999531626701355,0,True
627,0.837263286113739,0.187944233417511,1.0,1.4052923917770386,1.5748529434204102,1.599865198135376,2.458623170852661,0.1376928985118866,0,True
628,0.8551905155181885,0.17160555720329285,1.0,1.4580519199371338,1.618576169013977,1.6453322172164917,2.710054636001587,0.11525249481201172,0,True
629,0.8521581888198853,0.17855022847652435,1.0,1.3946913480758667,1.5213903188705444,1.5462349653244019,2.6182124614715576,0.13275256752967834,0,True
630,0.8298326134681702,0.18699797987937927,1.0,1.3810029029846191,1.5245040655136108,1.5489782094955444,2.4895379543304443,0.1459934413433075,0,True
631,0.8534884452819824,0.17649200558662415,1.0,1.4480502605438232,1.6174607276916504,1.6438912153244019,2.674684762954712,0.12299172580242157,0,True
632,0.8433403372764587,0.18254896998405457,1.0,1.4416065216064453,1.5716967582702637,1.5979048013687134,2.5979723930358887,0.11821693181991577,0,True
633,0.8512711524963379,0.1794811189174652,1.0,1.4450082778930664,1.614558458328247,1.6416692733764648,2.611297607421875,0.11244212836027145,0,True
634,0.8427280187606812,0.18330812454223633,1.0,1.4366297721862793,1.594010353088379,1.6207059621810913,2.451976776123047,0.1164834275841713,0,True
635,0.8229082822799683,0.20196481049060822,1.0,1.4291599988937378,1.6248186826705933,1.6511197090148926,2.4844770431518555,0.13618986308574677,0,True
636,0.8468164205551147,0.17635217308998108,1.0,1.4408519268035889,1.6337758302688599,1.6604849100112915,2.50937819480896,0.11133603751659393,0,True
637,0.8280410766601562,0.19760042428970337,1.0,1.4022619724273682,1.537172555923462,1.5624796152114868,2.5122480392456055,0.14157527685165405,0,True
638,0.8263638019561768,0.198905810713768,1.0,1.386545181274414,1.5650503635406494,1.589819312095642,2.5006415843963623,0.13397514820098877,0,True
639,0.8377900123596191,0.18502676486968994,1.0,1.4380724430084229,1.585874319076538,1.6123099327087402,2.5047690868377686,0.11957987397909164,0,True
640,0.830430805683136,0.19520829617977142,1.0,1.425328016281128,1.5773725509643555,1.6036419868469238,2.711047887802124,0.11794696003198624,0,True
641,0.8245664834976196,0.19470159709453583,1.0,1.4424629211425781,1.6019444465637207,1.628531575202942,2.7871811389923096,0.13026416301727295,0,True
642,0.825736403465271,0.19907386600971222,1.0,1.4445908069610596,1.6406052112579346,1.6672389507293701,2.5135979652404785,0.12405721843242645,0,True
643,0.8503597974777222,0.18281495571136475,1.0,1.486440658569336,1.668544054031372,1.6962770223617554,2.623889923095703,0.12087841331958771,0,True
644,0.8382356762886047,0.18282413482666016,1.0,1.4328676462173462,1.6177618503570557,1.6442811489105225,2.647287607192993,0.123141348361969,0,True
645,0.835562527179718,0.1914314478635788,1.0,1.388899326324463,1.5785967111587524,1.603905439376831,2.4713971614837646,0.1336836814880371,0,True
646,0.8356560468673706,0.1858830749988556,1.0,1.3925232887268066,1.5673770904541016,1.5926544666290283,2.5304677486419678,0.1341315507888794,0,True
647,0.8473777174949646,0.17874708771705627,1.0,1.400982141494751,1.5513787269592285,1.5766397714614868,2.4395267963409424,0.1222066730260849,0,True
648,0.8357266783714294,0.18217839300632477,1.0,1.4016170501708984,1.5468627214431763,1.5724189281463623,2.6129281520843506,0.12896083295345306,0,True
649,0.8470258712768555,0.17609544098377228,1.0,1.4458849430084229,1.5846261978149414,1.6110517978668213,2.501380443572998,0.12263825535774231,0,True
650,0.8199028968811035,0.19754548370838165,1.0,1.419198751449585,1.5589439868927002,1.584913969039917,2.5102953910827637,0.13096609711647034,0,True
651,0.8434547185897827,0.176616832613945,1.0,1.4719865322113037,1.648985743522644,1.6766409873962402,2.5744681358337402,0.12122069299221039,0,True
652,0.8372656106948853,0.17860083281993866,1.0,1.4551894664764404,1.6268401145935059,1.6541833877563477,2.5766875743865967,0.1384202539920807,0,True
653,0.8452239036560059,0.1693844497203827,1.0,1.4427820444107056,1.6684424877166748,1.6954889297485352,2.8091952800750732,0.13430067896842957,0,True
654,0.8593212366104126,0.1653750240802765,1.0,1.4196889400482178,1.6271247863769531,1.6535530090332031,2.5442769527435303,0.1180342584848404,0,True
655,0.8341920375823975,0.189826101064682,1.0,1.3800313472747803,1.552301287651062,1.5767391920089722,2.671705484390259,0.13418641686439514,0,True
656,0.8476647138595581,0.18052127957344055,1.0,1.4148221015930176,1.577387809753418,1.6028437614440918,2.6444389820098877,0.11380605399608612,0,True
657,0.8490291237831116,0.1765555590391159,1.0,1.4283523559570312,1.5274076461791992,1.5534261465072632,2.6335220336914062,0.12707257270812988,0,True
658,0.8330898284912109,0.19194775819778442,1.0,1.3913511037826538,1.508418083190918,1.5332064628601074,2.473759174346924,0.11390571296215057,0,True
659,0.8389409780502319,0.19133804738521576,1.0,1.4284107685089111,1.5759176015853882,1.6023873090744019,2.664257526397705,0.11710185557603836,0,True
660,0.8510929346084595,0.18390429019927979,1.0,1.4632794857025146,1.6113907098770142,1.6383558511734009,2.572770595550537,0.13522419333457947,0,True
661,0.8591117858886719,0.169953852891922,1.0,1.4549891948699951,1.6337212324142456,1.6612504720687866,2.8320975303649902,0.13289573788642883,0,True
662,0.8687390089035034,0.16313228011131287,1.0,1.4440381526947021,1.6323928833007812,1.6593809127807617,2.6772844791412354,0.12108488380908966,0,True
663,0.859768271446228,0.17451560497283936,1.0,1.4067906141281128,1.6063790321350098,1.6323375701904297,2.5953330993652344,0.12687692046165466,0,True
664,0.8337646722793579,0.19491954147815704,1.0,1.4041930437088013,1.574312448501587,1.599449634552002,2.629274845123291,0.13482880592346191,0,True
665,0.8644939661026001,0.15551096200942993,1.0,1.4509387016296387,1.620222568511963,1.6469547748565674,2.6807913780212402,0.13509848713874817,0,True
666,0.8495364189147949,0.17048826813697815,1.0,1.3950188159942627,1.538407802581787,1.5632884502410889,2.4211742877960205,0.1144510954618454,0,True
667,0.846867561340332,0.17190957069396973,1.0,1.3825626373291016,1.5439186096191406,1.5683424472808838,2.5398659706115723,0.1313246339559555,0,True
668,0.8054946064949036,0.20635530352592468,1.0,1.358051061630249,1.5118305683135986,1.5357415676116943,2.3947579860687256,0.12548303604125977,0,True
669,0.848869800567627,0.17086587846279144,1.0,1.48753023147583,1.6712827682495117,1.69927978515625,2.6679069995880127,0.1155267059803009,0,True
670,0.8358234167098999,0.19372767210006714,1.0,1.4603981971740723,1.5899574756622314,1.6174015998840332,2.4023079872131348,0.11928020417690277,0,True
671,0.8370910882949829,0.18080753087997437,1.0,1.4057035446166992,1.6034679412841797,1.6292587518692017,2.684629440307617,0.10741491615772247,0,True
672,0.8266611099243164,0.19374780356884003,1.0,1.3883068561553955,1.560705542564392,1.5857205390930176,2.6522409915924072,0.12313610315322876,0,True
673,0.8144844174385071,0.20303325355052948,1.0,1.3954946994781494,1.5895600318908691,1.6144835948944092,2.521962881088257,0.1401192843914032,0,True
674,0.8216749429702759,0.1966227889060974,1.0,1.4468894004821777,1.617079257965088,1.6437501907348633,2.5203447341918945,0.11404632031917572,0,True
675,0.835633397102356,0.1896466761827469,1.0,1.4601727724075317,1.6181323528289795,1.645406723022461,2.5537195205688477,0.1149764284491539,0,True
676,0.8303996324539185,0.19090978801250458,1.0,1.405834436416626,1.5661652088165283,1.5922889709472656,2.5263142585754395,0.1135341227054596,0,True
677,0.8388274908065796,0.18342885375022888,1.0,1.393947958946228,1.576682448387146,1.6021822690963745,2.5969080924987793,0.11474733054637909,0,True
678,0.829999566078186,0.1955816149711609,1.0,1.37736976146698,1.537599802017212,1.562117576599121,2.6576735973358154,0.1273822784423828,0,True
679,0.8070421814918518,0.22191664576530457,1.0,1.3993278741836548,1.5376065969467163,1.562528371810913,2.521799325942993,0.14087527990341187,0,True
680,0.8503680229187012,0.1872495710849762,1.0,1.5166995525360107,1.6549954414367676,1.6837300062179565,2.822190999984741,0.1273326277732849,0,True
681,0.8171161413192749,0.20183023810386658,1.0,1.4319006204605103,1.5579617023468018,1.5842820405960083,2.628913402557373,0.14712777733802795,0,True
682,0.8191689252853394,0.2070651650428772,1.0,1.406408429145813,1.633246660232544,1.6593964099884033,2.6735215187072754,0.1253017783164978,0,True
683,0.8273769617080688,0.19682744145393372,1.0,1.4165124893188477,1.6278862953186035,1.6542294025421143,2.71000599861145,0.11482399702072144,0,True
684,0.831390380859375,0.1877337545156479,1.0,1.4069170951843262,1.629965901374817,1.6561226844787598,2.371539831161499,0.12487789988517761,0,True
685,0.8360066413879395,0.1865248829126358,1.0,1.420900821685791,1.611655592918396,1.6380952596664429,2.645519495010376,0.12728607654571533,0,True
686,0.8322376608848572,0.18689975142478943,1.0,1.3984524011611938,1.5663373470306396,1.591447114944458,2.535599708557129,0.13502547144889832,0,True
687,0.8219461441040039,0.1989266723394394,1.0,1.3825221061706543,1.542400598526001,1.5670220851898193,2.4582881927490234,0.12885190546512604,0,True
688,0.8147487640380859,0.19785624742507935,1.0,1.4016379117965698,1.5226292610168457,1.5475642681121826,2.4073922634124756,0.11669963598251343,0,True
689,0.8297378420829773,0.19179226458072662,1.0,1.4620368480682373,1.5605831146240234,1.587262511253357,2.6953442096710205,0.10408838838338852,0,True
690,0.83359694480896,0.1956244707107544,1.0,1.4448275566101074,1.5731663703918457,1.599789023399353,2.8004069328308105,0.13297125697135925,0,True
691,0.8403899669647217,0.17739267647266388,1.0,1.4390287399291992,1.6260995864868164,1.652645468711853,2.6297483444213867,0.12229128181934357,0,True
692,0.8341553807258606,0.19211281836032867,1.0,1.438600778579712,1.6473534107208252,1.6745021343231201,2.6591296195983887,0.12639926373958588,0,True
693,0.820668637752533,0.19773776829242706,1.0,1.4365854263305664,1.622666358947754,1.6494383811950684,2.6606361865997314,0.13651978969573975,0,True
694,0.8330225944519043,0.18082480132579803,1.0,1.4302539825439453,1.637683629989624,1.6644885540008545,2.7405965328216553,0.11591088026762009,0,True
695,0.8401147127151489,0.18192724883556366,1.0,1.4445310831069946,1.592476725578308,1.6194111108779907,2.6640000343322754,0.13901908695697784,0,True
696,0.8380647897720337,0.17353340983390808,1.0,1.3947502374649048,1.5864112377166748,1.6119632720947266,2.44063663482666,0.1279069185256958,0,True
697,0.8348997831344604,0.17752835154533386,1.0,1.3722748756408691,1.541791558265686,1.5663342475891113,2.4152705669403076,0.1417180299758911,0,True
698,0.8152565956115723,0.19185912609100342,1.0,1.381974220275879,1.5184047222137451,1.5424535274505615,2.6530981063842773,0.11944492161273956,0,True
699,0.8229641914367676,0.19210173189640045,1.0,1.4227561950683594,1.5489946603775024,1.5745441913604736,2.6802101135253906,0.10741426795721054,0,True
700,0.8264216184616089,0.1880793571472168,1.0,1.4547207355499268,1.5763676166534424,1.6032214164733887,2.5063230991363525,0.1040850505232811,0,True
701,0.8448088765144348,0.17608776688575745,1.0,1.4540777206420898,1.6157100200653076,1.6431068181991577,2.816682815551758,0.11834918707609177,0,True
702,0.8283895254135132,0.17848023772239685,1.0,1.4032702445983887,1.5980111360549927,1.6237187385559082,2.7370049953460693,0.12543952465057373,0,True
703,0.8303909301757812,0.18902406096458435,1.0,1.4112581014633179,1.616912841796875,1.6428956985473633,2.449370861053467,0.11906146258115768,0,True
704,0.8462139368057251,0.17575401067733765,1.0,1.455156922340393,1.6569509506225586,1.6841322183609009,2.6275064945220947,0.12615981698036194,0,True
705,0.859992504119873,0.16380032896995544,1.0,1.4300518035888672,1.6092500686645508,1.63528573513031,2.70473051071167,0.1323145627975464,0,True
706,0.8432024717330933,0.1745677888393402,1.0,1.3645215034484863,1.5331836938858032,1.5572816133499146,2.5445923805236816,0.11983279883861542,0,True
707,0.8543339371681213,0.16054770350456238,1.0,1.3914802074432373,1.5529778003692627,1.5778546333312988,2.7596852779388428,0.12810540199279785,0,True
708,0.8373671770095825,0.1733565330505371,1.0,1.3805205821990967,1.4973578453063965,1.5213218927383423,2.4577038288116455,0.12035162001848221,0,True
709,0.8547289371490479,0.1630781888961792,1.0,1.434159755706787,1.5643795728683472,1.5901460647583008,2.647663116455078,0.12740570306777954,0,True
710,0.8568744659423828,0.16332413256168365,1.0,1.4419349431991577,1.571049690246582,1.5975112915039062,2.7154364585876465,0.12074504792690277,0,True
711,0.8432505130767822,0.1798142045736313,1.0,1.419593334197998,1.6125903129577637,1.6386781930923462,2.6232550144195557,0.11419294774532318,0,True
712,0.8591917753219604,0.1732223629951477,1.0,1.4588898420333862,1.6731317043304443,1.7006731033325195,2.6026930809020996,0.12802493572235107,0,True
713,0.8490176796913147,0.17427173256874084,1.0,1.4046720266342163,1.6034910678863525,1.6288304328918457,2.5940754413604736,0.15088532865047455,0,True
714,0.8433464765548706,0.1775830239057541,1.0,1.405405879020691,1.6132111549377441,1.6386795043945312,2.654622793197632,0.11618813872337341,0,True
715,0.8726661801338196,0.15412649512290955,1.0,1.469228982925415,1.6420543193817139,1.6693053245544434,2.789473295211792,0.12830570340156555,0,True
716,0.8553075194358826,0.16789884865283966,1.0,1.3997379541397095,1.5359550714492798,1.5611644983291626,2.703974723815918,0.13279706239700317,0,True
717,0.844018816947937,0.17731457948684692,1.0,1.3725539445877075,1.5426950454711914,1.5667738914489746,2.4462344646453857,0.13511528074741364,0,True
718,0.8595552444458008,0.16658376157283783,1.0,1.4441595077514648,1.5877015590667725,1.61400306224823,2.7977254390716553,0.13541099429130554,0,True
719,0.8590195178985596,0.1701728105545044,1.0,1.4465636014938354,1.5722461938858032,1.5986688137054443,2.642665386199951,0.13037562370300293,0,True
720,0.8596810102462769,0.1701124906539917,1.0,1.4479751586914062,1.5770580768585205,1.603693962097168,2.5622034072875977,0.11550885438919067,0,True
721,0.8478704690933228,0.1756206750869751,1.0,1.4281303882598877,1.581291675567627,1.6074261665344238,2.6898624897003174,0.11731304228305817,0,True
722,0.8478597402572632,0.17676953971385956,1.0,1.4475184679031372,1.6119749546051025,1.638979196548462,2.6397716999053955,0.1336900293827057,0,True
723,0.8416190147399902,0.17947858572006226,1.0,1.4502840042114258,1.638183832168579,1.6652299165725708,2.655137300491333,0.1141657903790474,0,True
724,0.8553974032402039,0.17456868290901184,1.0,1.4808954000473022,1.6636297702789307,1.691608190536499,2.6657445430755615,0.13580042123794556,0,True
725,0.8700737953186035,0.165042906999588,1.0,1.443062424659729,1.6345248222351074,1.6611766815185547,2.623155117034912,0.11573600023984909,0,True
726,0.8496946692466736,0.1855958104133606,1.0,1.3748313188552856,1.553678274154663,1.5784014463424683,2.4374003410339355,0.13057750463485718,0,True
727,0.8472015857696533,0.1766577661037445,1.0,1.3923463821411133,1.5713083744049072,1.5963658094406128,2.5650529861450195,0.11525002866983414,0,True
728,0.8561740517616272,0.1712462455034256,1.0,1.4047249555587769,1.5259753465652466,1.5507316589355469,2.720855236053467,0.12290242314338684,0,True
729,0.8426148891448975,0.19252640008926392,1.0,1.3926966190338135,1.5151393413543701,1.540055274963379,2.4663941860198975,0.1330099105834961,0,True
730,0.861761748790741,0.17009536921977997,1.0,1.4498889446258545,1.5965845584869385,1.6231718063354492,2.5708401203155518,0.12661471962928772,0,True
731,0.8580447435379028,0.17212766408920288,1.0,1.4451210498809814,1.6045209169387817,1.6310930252075195,2.4430408477783203,0.134760320186615,0,True
732,0.8593363761901855,0.16752099990844727,1.0,1.4476275444030762,1.650766134262085,1.677398443222046,2.602790594100952,0.12036408483982086,0,True
733,0.8511835336685181,0.174201101064682,1.0,1.4407274723052979,1.6245620250701904,1.6510038375854492,2.509765863418579,0.1145944595336914,0,True
734,0.8573777675628662,0.16850870847702026,1.0,1.4282374382019043,1.6322059631347656,1.6584584712982178,2.6060903072357178,0.11598551273345947,0,True
735,0.8775220513343811,0.15986767411231995,1.0,1.4282381534576416,1.5975518226623535,1.6237624883651733,2.6331124305725098,0.11725722253322601,0,True
736,0.8587741851806641,0.17068034410476685,1.0,1.357223629951477,1.5126338005065918,1.5366365909576416,2.487675666809082,0.12057608366012573,0,True
737,0.8446210026741028,0.17645931243896484,1.0,1.3803718090057373,1.54473078250885,1.569214105606079,2.740713596343994,0.11560392379760742,0,True
738,0.8636939525604248,0.1672515869140625,1.0,1.4385348558425903,1.5617551803588867,1.587651014328003,2.582475185394287,0.12102804332971573,0,True
739,0.8477692008018494,0.17133095860481262,1.0,1.40590500831604,1.52677321434021,1.5522608757019043,2.4277665615081787,0.11888352036476135,0,True
740,0.8578566312789917,0.15785512328147888,1.0,1.449408769607544,1.6233140230178833,1.6505601406097412,2.706987142562866,0.11015169322490692,0,True
741,0.8572020530700684,0.16643750667572021,1.0,1.4863015413284302,1.6510623693466187,1.6793949604034424,2.9331390857696533,0.13206163048744202,0,True
742,0.8675714731216431,0.15486659109592438,1.0,1.4674875736236572,1.638148307800293,1.6655361652374268,2.663484573364258,0.1339430958032608,0,True
743,0.8495657444000244,0.1728472113609314,1.0,1.3873050212860107,1.5425467491149902,1.5676333904266357,2.609480381011963,0.13307026028633118,0,True
744,0.8446345925331116,0.17225928604602814,1.0,1.3940656185150146,1.6028320789337158,1.6281445026397705,2.4918596744537354,0.11666575074195862,0,True
745,0.8599274158477783,0.16983938217163086,1.0,1.4557108879089355,1.6145991086959839,1.6414350271224976,2.746103048324585,0.12602654099464417,0,True
746,0.8220055103302002,0.1954464316368103,1.0,1.416673183441162,1.5553276538848877,1.5808560848236084,2.75050950050354,0.12919005751609802,0,True
747,0.8511525392532349,0.1769573986530304,1.0,1.4221558570861816,1.6010420322418213,1.6271591186523438,2.600217342376709,0.10612213611602783,0,True
748,0.8448913097381592,0.18403077125549316,1.0,1.4289337396621704,1.5639857053756714,1.5899832248687744,2.5792386531829834,0.11938910186290741,0,True
749,0.8380905389785767,0.1829826533794403,1.0,1.4125251770019531,1.5805575847625732,1.6064507961273193,2.474177598953247,0.11942289769649506,0,True
750,0.8401705026626587,0.17811623215675354,1.0,1.426633596420288,1.5873026847839355,1.6134867668151855,2.476090908050537,0.12931954860687256,0,True
751,0.8310602903366089,0.1898956000804901,1.0,1.4341518878936768,1.6119999885559082,1.6379945278167725,2.5109782218933105,0.11076828837394714,0,True
752,0.8337754607200623,0.1884651929140091,1.0,1.452852487564087,1.660673975944519,1.6879733800888062,2.68141508102417,0.1125090941786766,0,True
753,0.825285792350769,0.19741523265838623,1.0,1.4210174083709717,1.599534273147583,1.625705361366272,2.636725664138794,0.1330164670944214,0,True
754,0.8402650356292725,0.1799509972333908,1.0,1.428404450416565,1.6444716453552246,1.6712238788604736,2.564875841140747,0.10985281318426132,0,True
755,0.8275481462478638,0.19015739858150482,1.0,1.3943166732788086,1.5911762714385986,1.6162958145141602,2.7254509925842285,0.1245211586356163,0,True
756,0.8242757320404053,0.1878119558095932,1.0,1.388343334197998,1.5723228454589844,1.5970351696014404,2.492859125137329,0.13468098640441895,0,True
757,0.8098446726799011,0.1986091136932373,1.0,1.3810365200042725,1.5254790782928467,1.549957036972046,2.5628528594970703,0.1541980654001236,0,True
758,0.8139407634735107,0.20074523985385895,1.0,1.4170646667480469,1.556634545326233,1.5820508003234863,2.8018062114715576,0.1320963203907013,0,True
759,0.8200496435165405,0.19354303181171417,1.0,1.4272061586380005,1.5857723951339722,1.6117697954177856,2.596306800842285,0.11949372291564941,0,True
760,0.8170934915542603,0.1962999850511551,1.0,1.4245843887329102,1.5840339660644531,1.6100664138793945,2.47526478767395,0.112309530377388,0,True
761,0.8184108138084412,0.19777731597423553,1.0,1.4297809600830078,1.6339129209518433,1.6602543592453003,2.5451059341430664,0.1289205104112625,0,True
762,0.8339073657989502,0.194273442029953,1.0,1.4540119171142578,1.6632484197616577,1.6906118392944336,2.518537998199463,0.11652497947216034,0,True
763,0.8206607103347778,0.20212067663669586,1.0,1.4152374267578125,1.6171668767929077,1.6431832313537598,2.56309175491333,0.12654680013656616,0,True
764,0.8230329751968384,0.20428530871868134,1.0,1.419298768043518,1.6194028854370117,1.6452066898345947,2.614487648010254,0.11625176668167114,0,True
765,0.8314523100852966,0.19184347987174988,1.0,1.4458847045898438,1.5964419841766357,1.6228398084640503,2.7233965396881104,0.12442083656787872,0,True
766,0.8285791873931885,0.18795037269592285,1.0,1.3972256183624268,1.5357615947723389,1.5607496500015259,2.659137725830078,0.1205221638083458,0,True
767,0.8183982372283936,0.19863039255142212,1.0,1.3687140941619873,1.5251479148864746,1.5493892431259155,2.480727434158325,0.12263286113739014,0,True
768,0.8211253881454468,0.19603683054447174,1.0,1.4340240955352783,1.5889661312103271,1.6152143478393555,2.4870307445526123,0.130569189786911,0,True
769,0.8125863075256348,0.20526257157325745,1.0,1.4411671161651611,1.6013331413269043,1.6282787322998047,2.6389710903167725,0.14713585376739502,0,True
770,0.8211873173713684,0.19775807857513428,1.0,1.4814001321792603,1.6578829288482666,1.6861209869384766,2.6131906509399414,0.13557079434394836,0,True
771,0.8272448778152466,0.1869354397058487,1.0,1.4642672538757324,1.6564397811889648,1.684063196182251,2.6037533283233643,0.13276156783103943,0,True
772,0.8171091079711914,0.19889825582504272,1.0,1.414211392402649,1.6547900438308716,1.6810476779937744,2.5152976512908936,0.12941297888755798,0,True
773,0.8213146924972534,0.19704371690750122,1.0,1.3918181657791138,1.625256061553955,1.6508190631866455,2.6233601570129395,0.1376703530550003,0,True
774,0.8190035820007324,0.200592041015625,1.0,1.3771215677261353,1.5782546997070312,1.6031094789505005,2.5678677558898926,0.12740546464920044,0,True
775,0.818743109703064,0.19998466968536377,1.0,1.391258716583252,1.536893606185913,1.5618226528167725,2.479893207550049,0.12381882220506668,0,True
776,0.8187486529350281,0.19482576847076416,1.0,1.410505771636963,1.5460267066955566,1.5715012550354004,2.540898323059082,0.13757440447807312,0,True
777,0.8106505274772644,0.2021285593509674,1.0,1.4275964498519897,1.540241003036499,1.5659074783325195,2.568676233291626,0.13097414374351501,0,True
778,0.8153113126754761,0.19808973371982574,1.0,1.43910551071167,1.5656226873397827,1.5915073156356812,2.6303651332855225,0.12300218641757965,0,True
779,0.791098952293396,0.21674786508083344,1.0,1.4093445539474487,1.5476016998291016,1.5730347633361816,2.8199589252471924,0.12412220239639282,0,True
780,0.8265988826751709,0.18873168528079987,1.0,1.4487025737762451,1.6465797424316406,1.6734094619750977,2.621335506439209,0.11891864985227585,0,True
781,0.8261048793792725,0.1883642077445984,1.0,1.479907512664795,1.636582374572754,1.6644428968429565,2.640927314758301,0.1412351131439209,0,True
782,0.8267265558242798,0.19177336990833282,1.0,1.4523916244506836,1.6569087505340576,1.6835792064666748,2.584429979324341,0.12376376241445541,0,True
783,0.8387032747268677,0.1743922084569931,1.0,1.4125473499298096,1.6094386577606201,1.6351255178451538,2.4657204151153564,0.12251050770282745,0,True
784,0.8265613913536072,0.19221696257591248,1.0,1.3795068264007568,1.5455360412597656,1.5704692602157593,2.546664237976074,0.13076385855674744,0,True
785,0.8517589569091797,0.16564105451107025,1.0,1.4132270812988281,1.5773730278015137,1.6027214527130127,2.662928342819214,0.13192331790924072,0,True
786,0.8477228879928589,0.16561612486839294,1.0,1.391283631324768,1.501923680305481,1.5266196727752686,2.6943628787994385,0.1209942176938057,0,True
787,0.8417317867279053,0.17405273020267487,1.0,1.4137471914291382,1.5464365482330322,1.5719614028930664,2.6242868900299072,0.1193661242723465,0,True
788,0.8501474857330322,0.17433349788188934,1.0,1.4425537586212158,1.554901123046875,1.5814456939697266,2.6860287189483643,0.1353902518749237,0,True
789,0.8285216093063354,0.19436785578727722,1.0,1.4102838039398193,1.5585899353027344,1.5840673446655273,2.3527028560638428,0.13261622190475464,0,True
790,0.8533292412757874,0.17381629347801208,1.0,1.4736723899841309,1.6502987146377563,1.6779940128326416,2.614206314086914,0.1316535472869873,0,True
791,0.836946964263916,0.2000674605369568,1.0,1.4560621976852417,1.6087977886199951,1.6357697248458862,2.628002643585205,0.1353713721036911,0,True
792,0.8515068292617798,0.18426932394504547,1.0,1.4338905811309814,1.6493504047393799,1.6762254238128662,2.721298933029175,0.1226632371544838,0,True
793,0.8179658651351929,0.20222581923007965,1.0,1.3834680318832397,1.563571810722351,1.5886658430099487,2.7135283946990967,0.12407007068395615,0,True
794,0.8496918082237244,0.17292267084121704,1.0,1.415753722190857,1.615398645401001,1.6411901712417603,2.699968099594116,0.12972357869148254,0,True
795,0.8297343850135803,0.19217544794082642,1.0,1.4018510580062866,1.5430059432983398,1.568467140197754,2.6837000846862793,0.14635494351387024,0,True
796,0.8528369665145874,0.17287492752075195,1.0,1.4407061338424683,1.6085968017578125,1.635054349899292,2.5105128288269043,0.1422829031944275,0,True
797,0.8347404599189758,0.18071866035461426,1.0,1.4162678718566895,1.5594385862350464,1.5856924057006836,2.2304346561431885,0.1315620243549347,0,True
798,0.8474681377410889,0.17453503608703613,1.0,1.4410640001296997,1.6122312545776367,1.638603925704956,2.4903759956359863,0.12196957319974899,0,True
799,0.8457146883010864,0.17406536638736725,1.0,1.4338798522949219,1.5803859233856201,1.6065990924835205,2.6755921840667725,0.133170485496521,0,True
800,0.8375794887542725,0.18274492025375366,1.0,1.4421021938323975,1.5958820581436157,1.6222295761108398,2.7187769412994385,0.1339871883392334,0,True
801,0.8510159254074097,0.16362926363945007,1.0,1.4476921558380127,1.6045770645141602,1.6313319206237793,2.6577517986297607,0.12432409822940826,0,True
802,0.8389622569084167,0.17751054465770721,1.0,1.4155797958374023,1.5608162879943848,1.5862550735473633,2.700787305831909,0.10726533085107803,0,True
803,0.8355879187583923,0.1807275414466858,1.0,1.385624885559082,1.577014446258545,1.6024388074874878,2.3874850273132324,0.1227971687912941,0,True
804,0.8536626100540161,0.1644449532032013,1.0,1.4424399137496948,1.5977205038070679,1.6246891021728516,2.5870282649993896,0.12775377929210663,0,True
805,0.8288214206695557,0.18820755183696747,1.0,1.4020346403121948,1.5511752367019653,1.576688289642334,2.6447091102600098,0.14584313333034515,0,True
806,0.8520054817199707,0.16329781711101532,1.0,1.425365924835205,1.6112174987792969,1.6373966932296753,2.518493890762329,0.12896141409873962,0,True
807,0.8232950568199158,0.19161298871040344,1.0,1.381598949432373,1.5124597549438477,1.5372271537780762,2.0842247009277344,0.12149199843406677,0,True
808,0.8387407660484314,0.18021100759506226,1.0,1.401763677597046,1.5832421779632568,1.608600378036499,2.4172093868255615,0.11857295036315918,0,True
809,0.8524239659309387,0.1639537215232849,1.0,1.4398036003112793,1.572571039199829,1.5994369983673096,2.686004400253296,0.11049087345600128,0,True
810,0.816887378692627,0.2060748040676117,1.0,1.4299194812774658,1.5401556491851807,1.5659648180007935,2.5443596839904785,0.12161961197853088,0,True
811,0.8356729745864868,0.18121880292892456,1.0,1.463242769241333,1.6609865427017212,1.6884286403656006,2.6430606842041016,0.12452591955661774,0,True
812,0.843738317489624,0.18798300623893738,1.0,1.4800007343292236,1.6365416049957275,1.6641390323638916,2.721061944961548,0.12504535913467407,0,True
813,0.8355098962783813,0.1923953741788864,1.0,1.4065635204315186,1.5969257354736328,1.622252106666565,2.438875436782837,0.11261862516403198,0,True
814,0.8598707318305969,0.1731649935245514,1.0,1.4278230667114258,1.6167281866073608,1.6431185007095337,2.5316150188446045,0.11181274056434631,0,True
815,0.8541077375411987,0.166610449552536,1.0,1.425718903541565,1.568805456161499,1.5947601795196533,2.6424708366394043,0.12725459039211273,0,True
816,0.8384623527526855,0.1899673044681549,1.0,1.383002519607544,1.5412049293518066,1.5659364461898804,2.5249922275543213,0.11131307482719421,0,True
817,0.8447500467300415,0.17752152681350708,1.0,1.4269323348999023,1.5468733310699463,1.5725853443145752,2.473257541656494,0.13219048082828522,0,True
818,0.8464623689651489,0.17363601922988892,1.0,1.448786735534668,1.576761245727539,1.6033093929290771,2.5343520641326904,0.1357593536376953,0,True
819,0.8489358425140381,0.17225821316242218,1.0,1.441058874130249,1.5758750438690186,1.6019980907440186,2.608445167541504,0.13595081865787506,0,True
820,0.8285959959030151,0.1940699964761734,1.0,1.4090930223464966,1.5705029964447021,1.5957244634628296,2.5631489753723145,0.14410483837127686,0,True
821,0.8431891202926636,0.1784927248954773,1.0,1.4610121250152588,1.6602516174316406,1.6874399185180664,2.6248645782470703,0.12800681591033936,0,True
822,0.8425517082214355,0.1805618703365326,1.0,1.4405884742736816,1.6338071823120117,1.660395860671997,2.5322444438934326,0.13025963306427002,0,True
823,0.842082679271698,0.18501755595207214,1.0,1.4404757022857666,1.629729986190796,1.6562104225158691,2.4925315380096436,0.11926314234733582,0,True
824,0.8507508039474487,0.17133313417434692,1.0,1.4174171686172485,1.6295905113220215,1.6558406352996826,2.516893148422241,0.11568960547447205,0,True
825,0.8514249324798584,0.16852346062660217,1.0,1.3833463191986084,1.5863416194915771,1.6114087104797363,2.5270447731018066,0.14045198261737823,0,True
826,0.8300843238830566,0.18269068002700806,1.0,1.3577319383621216,1.5309542417526245,1.5550832748413086,2.395418167114258,0.1255878210067749,0,True
827,0.8294740915298462,0.18696758151054382,1.0,1.3973255157470703,1.5448209047317505,1.569812536239624,2.587143659591675,0.1182018369436264,0,True
828,0.8486343026161194,0.17596498131752014,1.0,1.4461205005645752,1.5554753541946411,1.581784725189209,2.753753185272217,0.11142060160636902,0,True
829,0.8202428817749023,0.19834598898887634,1.0,1.397728443145752,1.539656400680542,1.564927339553833,2.6283915042877197,0.1381281614303589,0,True
830,0.8062101006507874,0.21423599123954773,1.0,1.419865608215332,1.603482723236084,1.6295394897460938,2.6174654960632324,0.11824870854616165,0,True
831,0.8393607139587402,0.18732744455337524,1.0,1.5023179054260254,1.7092740535736084,1.7382631301879883,2.633460283279419,0.12876614928245544,0,True
832,0.8328134417533875,0.1874367594718933,1.0,1.4398188591003418,1.6225829124450684,1.6497602462768555,2.6358067989349365,0.13341230154037476,0,True
833,0.8253084421157837,0.18582749366760254,1.0,1.3858392238616943,1.6030410528182983,1.6285207271575928,2.5572266578674316,0.12918224930763245,0,True
834,0.8421568870544434,0.19294364750385284,1.0,1.4303090572357178,1.6007039546966553,1.6269623041152954,2.574073076248169,0.12538085877895355,0,True
835,0.8339966535568237,0.19593612849712372,1.0,1.394768476486206,1.5497671365737915,1.5746359825134277,2.295775890350342,0.12316861003637314,0,True
836,0.8406866192817688,0.18781191110610962,1.0,1.3900648355484009,1.5447921752929688,1.5701422691345215,2.5591518878936768,0.11448335647583008,0,True
837,0.8352619409561157,0.19448977708816528,1.0,1.4060325622558594,1.5342084169387817,1.5593202114105225,2.7022740840911865,0.11518348753452301,0,True
838,0.8338825106620789,0.1956106722354889,1.0,1.4308998584747314,1.5635124444961548,1.5895214080810547,2.6847832202911377,0.10496282577514648,0,True
839,0.8338565230369568,0.19272087514400482,1.0,1.469242811203003,1.6106995344161987,1.6384098529815674,2.555046796798706,0.12152116000652313,0,True
840,0.8436399698257446,0.1947106420993805,1.0,1.4418644905090332,1.6201788187026978,1.646789312362671,2.616331100463867,0.13792181015014648,0,True
841,0.8370455503463745,0.19461378455162048,1.0,1.4442691802978516,1.6337168216705322,1.6608929634094238,2.4610893726348877,0.12444132566452026,0,True
842,0.8494524359703064,0.18952131271362305,1.0,1.4778327941894531,1.6640238761901855,1.6922380924224854,2.7850799560546875,0.12972351908683777,0,True
843,0.8464309573173523,0.18638843297958374,1.0,1.4092943668365479,1.6103012561798096,1.6359758377075195,2.564535140991211,0.12874361872673035,0,True
844,0.8602212071418762,0.17583067715168,1.0,1.3759512901306152,1.556678056716919,1.581139326095581,2.705780506134033,0.11120744049549103,0,True
845,0.8456375598907471,0.18267971277236938,1.0,1.3710606098175049,1.5129865407943726,1.537280797958374,2.5163066387176514,0.12041456997394562,0,True
846,0.8188315033912659,0.19691047072410583,1.0,1.4077427387237549,1.5412440299987793,1.5666687488555908,2.709019660949707,0.14148059487342834,0,True
847,0.86143958568573,0.16880513727664948,1.0,1.522745132446289,1.6560215950012207,1.6842418909072876,2.586033821105957,0.12643784284591675,0,True
848,0.8278210163116455,0.19083264470100403,1.0,1.4442007541656494,1.561126470565796,1.5872598886489868,2.4060921669006348,0.12459595501422882,0,True
849,0.8156366348266602,0.21065646409988403,1.0,1.4083819389343262,1.6012022495269775,1.6269080638885498,2.5156214237213135,0.12069111317396164,0,True
850,0.8346478939056396,0.18824763596057892,1.0,1.429044485092163,1.648036003112793,1.674454927444458,2.613114595413208,0.12408971786499023,0,True
851,0.8200377821922302,0.20378649234771729,1.0,1.441636562347412,1.6391065120697021,1.6657041311264038,2.7161459922790527,0.12583717703819275,0,True
852,0.8372415900230408,0.19251257181167603,1.0,1.4297913312911987,1.6408514976501465,1.667543888092041,2.7128798961639404,0.1321592479944229,0,True
853,0.828849732875824,0.18740731477737427,1.0,1.3940250873565674,1.5734819173812866,1.5990080833435059,2.407416582107544,0.12649498879909515,0,True
854,0.8195263743400574,0.1998463124036789,1.0,1.363207459449768,1.5502794981002808,1.5751539468765259,2.5371639728546143,0.1229102686047554,0,True
855,0.826289713382721,0.1958608627319336,1.0,1.3871768712997437,1.5401216745376587,1.5651530027389526,2.463749647140503,0.12687455117702484,0,True
856,0.8179444670677185,0.20374703407287598,1.0,1.4096696376800537,1.5319595336914062,1.5572166442871094,2.6287975311279297,0.14948305487632751,0,True
857,0.8293237686157227,0.18289363384246826,1.0,1.452014446258545,1.5851303339004517,1.6113252639770508,2.525519847869873,0.13833743333816528,0,True
858,0.8301111459732056,0.19169259071350098,1.0,1.449926733970642,1.5542235374450684,1.5807228088378906,2.431539535522461,0.13666149973869324,0,True
859,0.8318047523498535,0.19006046652793884,1.0,1.4224772453308105,1.578924298286438,1.6050200462341309,2.5003576278686523,0.1323668509721756,0,True
860,0.8265658020973206,0.18561649322509766,1.0,1.416154146194458,1.6045533418655396,1.630516529083252,2.873188018798828,0.13603298366069794,0,True
861,0.8274380564689636,0.1964770257472992,1.0,1.4659080505371094,1.6536808013916016,1.6814371347427368,2.832934856414795,0.14182209968566895,0,True
862,0.8626509308815002,0.16565872728824615,1.0,1.4842923879623413,1.6794586181640625,1.7078129053115845,2.611945629119873,0.13453929126262665,0,True
863,0.8554856181144714,0.17048323154449463,1.0,1.3979249000549316,1.5778274536132812,1.603886365890503,2.305333137512207,0.13325545191764832,0,True
864,0.8572105169296265,0.1643180251121521,1.0,1.3642572164535522,1.5501155853271484,1.5742727518081665,2.5267107486724854,0.12762407958507538,0,True
865,0.8506414890289307,0.1774086356163025,1.0,1.3682448863983154,1.5165730714797974,1.5411447286605835,2.609556198120117,0.13652773201465607,0,True
866,0.844383955001831,0.183598130941391,1.0,1.4077320098876953,1.5360215902328491,1.5612127780914307,2.5889205932617188,0.12526057660579681,0,True
867,0.8434759974479675,0.1780245155096054,1.0,1.463589072227478,1.5550923347473145,1.5820906162261963,2.586754083633423,0.12391606718301773,0,True
868,0.8714430332183838,0.15914057195186615,1.0,1.4886038303375244,1.6154630184173584,1.643272042274475,2.74462890625,0.129072368144989,0,True
869,0.8429262042045593,0.17583230137825012,1.0,1.4124890565872192,1.5624241828918457,1.5880122184753418,2.478287935256958,0.13578101992607117,0,True
870,0.8276300430297852,0.19777484238147736,1.0,1.3800181150436401,1.595167636871338,1.620030403137207,2.4747750759124756,0.14087173342704773,0,True
871,0.8501085042953491,0.17584064602851868,1.0,1.4874367713928223,1.6698589324951172,1.6975529193878174,2.5843682289123535,0.12349086999893188,0,True
872,0.87152099609375,0.16252517700195312,1.0,1.4958007335662842,1.664339542388916,1.6931309700012207,2.7096760272979736,0.14173805713653564,0,True
873,0.8629737496376038,0.16250115633010864,1.0,1.4148659706115723,1.6203017234802246,1.646726369857788,2.4946391582489014,0.13631054759025574,0,True
874,0.8517751693725586,0.16529281437397003,1.0,1.3708897829055786,1.5650994777679443,1.5893585681915283,2.6597988605499268,0.1420682817697525,0,True
875,0.837175190448761,0.1809307038784027,1.0,1.351771593093872,1.5223854780197144,1.5457699298858643,2.2928695678710938,0.1390431523323059,0,True
876,0.8291688561439514,0.19161763787269592,1.0,1.38656747341156,1.5127582550048828,1.5372653007507324,2.471099615097046,0.12535586953163147,0,True
877,0.8575764894485474,0.16233377158641815,1.0,1.4750192165374756,1.573007583618164,1.5998811721801758,2.561903715133667,0.1275087147951126,0,True
878,0.8614417910575867,0.16425441205501556,1.0,1.4394309520721436,1.5443521738052368,1.570549726486206,2.458735942840576,0.1243063285946846,0,True
879,0.8435459733009338,0.18222859501838684,1.0,1.4168994426727295,1.5855857133865356,1.6113240718841553,2.830561637878418,0.11319699883460999,0,True
880,0.8402451276779175,0.17790690064430237,1.0,1.4559619426727295,1.6585147380828857,1.6853227615356445,2.7629482746124268,0.12240137159824371,0,True
881,0.8629547357559204,0.15474174916744232,1.0,1.4793184995651245,1.6847645044326782,1.7126152515411377,2.6725873947143555,0.11822417378425598,0,True
882,0.8745818138122559,0.14335301518440247,1.0,1.421405553817749,1.620653748512268,1.6472046375274658,2.561887741088867,0.11294861137866974,0,True
883,0.8595660924911499,0.159033864736557,1.0,1.3484959602355957,1.5460851192474365,1.5704855918884277,2.614689588546753,0.1287865936756134,0,True
884,0.8581987619400024,0.16163182258605957,1.0,1.3755130767822266,1.542320966720581,1.5666382312774658,2.440775156021118,0.12062281370162964,0,True
885,0.8496869802474976,0.16826041042804718,1.0,1.389380931854248,1.5269666910171509,1.5522513389587402,2.436264991760254,0.13212227821350098,0,True
886,0.8494493365287781,0.1756085753440857,1.0,1.4400153160095215,1.5516626834869385,1.5780837535858154,2.4155170917510986,0.13368916511535645,0,True
887,0.8412232995033264,0.18882060050964355,1.0,1.4593985080718994,1.5620704889297485,1.5890774726867676,2.6813676357269287,0.1406784951686859,0,True
888,0.8468823432922363,0.18004725873470306,1.0,1.4688799381256104,1.627148151397705,1.6545027494430542,2.7494330406188965,0.11113830655813217,0,True
889,0.8260928392410278,0.20517893135547638,1.0,1.4105567932128906,1.596972942352295,1.6228516101837158,2.397458553314209,0.11701805889606476,0,True
890,0.8316714763641357,0.18742509186267853,1.0,1.4475010633468628,1.6380395889282227,1.6646219491958618,2.6721017360687256,0.12089386582374573,0,True
891,0.8499650955200195,0.177627831697464,1.0,1.4726569652557373,1.6296309232711792,1.6570327281951904,2.5981075763702393,0.12521877884864807,0,True
892,0.8490886688232422,0.1832643300294876,1.0,1.4325313568115234,1.612640142440796,1.6388747692108154,2.702411651611328,0.1170852780342102,0,True
893,0.8470057249069214,0.1812739074230194,1.0,1.3997366428375244,1.6107025146484375,1.6361167430877686,2.487182855606079,0.13914379477500916,0,True
894,0.8371124267578125,0.18347695469856262,1.0,1.4029340744018555,1.590059757232666,1.6154541969299316,2.4715499877929688,0.1295197308063507,0,True
895,0.8481372594833374,0.17289993166923523,1.0,1.432413935661316,1.603175401687622,1.6292141675949097,2.6864535808563232,0.12016348540782928,0,True
896,0.8270853161811829,0.19164815545082092,1.0,1.3939990997314453,1.536106824874878,1.5612096786499023,2.6674458980560303,0.14685004949569702,0,True
897,0.8465920686721802,0.17216777801513672,1.0,1.4314850568771362,1.5854218006134033,1.611435890197754,2.4459924697875977,0.11447307467460632,0,True
898,0.8519006967544556,0.17250314354896545,1.0,1.4263325929641724,1.5749003887176514,1.6013351678848267,2.4544408321380615,0.1313369870185852,0,True
899,0.8326197862625122,0.1970214545726776,1.0,1.3849421739578247,1.5403004884719849,1.5649813413619995,2.556718111038208,0.1424216330051422,0,True
900,0.8320074081420898,0.1869838833808899,1.0,1.4158998727798462,1.6217459440231323,1.6480512619018555,2.5036909580230713,0.11915742605924606,0,True
901,0.8580871224403381,0.16466417908668518,1.0,1.4783098697662354,1.6407561302185059,1.668500542640686,2.778728723526001,0.11475744843482971,0,True
902,0.8339141607284546,0.18343770503997803,1.0,1.417799949645996,1.5973072052001953,1.6232458353042603,2.5550167560577393,0.13195432722568512,0,True
903,0.8581005334854126,0.1709861159324646,1.0,1.4015432596206665,1.6183891296386719,1.6440563201904297,2.444035291671753,0.12701156735420227,0,True
904,0.8446470499038696,0.1906251609325409,1.0,1.4098460674285889,1.5595680475234985,1.584754467010498,2.5420243740081787,0.12367431074380875,0,True
905,0.841132640838623,0.18245109915733337,1.0,1.407605528831482,1.5771336555480957,1.6026469469070435,2.5675432682037354,0.11649131774902344,0,True
906,0.8278261423110962,0.20097649097442627,1.0,1.4236046075820923,1.540649175643921,1.5662782192230225,2.6240999698638916,0.12008585035800934,0,True
907,0.8384978771209717,0.18942493200302124,1.0,1.464614748954773,1.5884573459625244,1.6150696277618408,2.699861764907837,0.12713003158569336,0,True
908,0.8360910415649414,0.19648906588554382,1.0,1.4385138750076294,1.570117473602295,1.596137523651123,2.591698169708252,0.12495602667331696,0,True
909,0.8166013360023499,0.21768879890441895,1.0,1.3957557678222656,1.5563385486602783,1.5814539194107056,2.644695520401001,0.11973010003566742,0,True
910,0.8403337001800537,0.18498915433883667,1.0,1.459610939025879,1.6577508449554443,1.6848900318145752,2.6334943771362305,0.11999355256557465,0,True
911,0.836206316947937,0.20329520106315613,1.0,1.4465242624282837,1.6170700788497925,1.6441864967346191,2.5533478260040283,0.1347963660955429,0,True
912,0.8550914525985718,0.18434908986091614,1.0,1.4606928825378418,1.668143391609192,1.695629596710205,2.7330658435821533,0.122154101729393,0,True
913,0.8446773290634155,0.17998766899108887,1.0,1.3995763063430786,1.5825306177139282,1.6080889701843262,2.438565731048584,0.11646093428134918,0,True
914,0.8272290825843811,0.1953207403421402,1.0,1.3637514114379883,1.546256422996521,1.5702245235443115,2.454237699508667,0.12346936762332916,0,True
915,0.8518269658088684,0.17772918939590454,1.0,1.4222993850708008,1.5730985403060913,1.5988956689834595,2.6519863605499268,0.11865638196468353,0,True
916,0.8544633388519287,0.1722937822341919,1.0,1.4322625398635864,1.5498206615447998,1.5756635665893555,2.6614062786102295,0.1317138671875,0,True
917,0.8301658630371094,0.19162562489509583,1.0,1.3970847129821777,1.533108115196228,1.5581235885620117,2.3425326347351074,0.12291473150253296,0,True
918,0.8517531156539917,0.17725816369056702,1.0,1.4750511646270752,1.627557396888733,1.65531325340271,2.7065067291259766,0.1261092573404312,0,True
919,0.8337215185165405,0.19415640830993652,1.0,1.427450180053711,1.573744773864746,1.599876880645752,2.450209617614746,0.13425153493881226,0,True
920,0.8368102312088013,0.1831684410572052,1.0,1.4203555583953857,1.6239975690841675,1.650057077407837,2.778449296951294,0.11947828531265259,0,True
921,0.822788417339325,0.19830963015556335,1.0,1.4150168895721436,1.594474196434021,1.6204288005828857,2.659816026687622,0.12859687209129333,0,True
922,0.8441794514656067,0.1741161346435547,1.0,1.4619332551956177,1.6420464515686035,1.6693849563598633,2.703921318054199,0.11876408755779266,0,True
923,0.83873450756073,0.17540296912193298,1.0,1.4185007810592651,1.580017328262329,1.6063196659088135,2.562464714050293,0.11638668924570084,0,True
924,0.8453773856163025,0.17707908153533936,1.0,1.4172039031982422,1.6035792827606201,1.6295652389526367,2.742173671722412,0.12241091579198837,0,True
925,0.8206719160079956,0.19507436454296112,1.0,1.37294602394104,1.5408552885055542,1.5653166770935059,2.451671600341797,0.1139228492975235,0,True
926,0.8222393989562988,0.19575613737106323,1.0,1.3927265405654907,1.5593204498291016,1.5839223861694336,2.6018409729003906,0.11363030225038528,0,True
927,0.8230510354042053,0.19414526224136353,1.0,1.4372990131378174,1.5530897378921509,1.579505443572998,2.592864751815796,0.1127481609582901,0,True
928,0.8498788475990295,0.17064310610294342,1.0,1.4643219709396362,1.5993890762329102,1.6266999244689941,2.530085802078247,0.12478853762149811,0,True
929,0.8210996389389038,0.1921684443950653,1.0,1.4115722179412842,1.5839263200759888,1.609928846359253,2.495368242263794,0.11055690050125122,0,True
930,0.8257980346679688,0.19436213374137878,1.0,1.4149889945983887,1.6252799034118652,1.6513549089431763,2.7455661296844482,0.13501274585723877,0,True
931,0.8159723877906799,0.1978738009929657,1.0,1.4046454429626465,1.5990129709243774,1.6243515014648438,2.504568338394165,0.1234280914068222,0,True
932,0.8506130576133728,0.17340858280658722,1.0,1.4565963745117188,1.6552684307098389,1.6825281381607056,2.653866767883301,0.12360971421003342,0,True
933,0.8547322750091553,0.17342084646224976,1.0,1.4239344596862793,1.5737611055374146,1.599830150604248,2.4420993328094482,0.11772766709327698,0,True
934,0.8456673622131348,0.18294739723205566,1.0,1.392760157585144,1.5593929290771484,1.584892988204956,2.782219409942627,0.11306250840425491,0,True
935,0.8379454612731934,0.18273788690567017,1.0,1.372138261795044,1.5571107864379883,1.5817248821258545,2.5327563285827637,0.12143899500370026,0,True
936,0.8254604339599609,0.2042272984981537,1.0,1.3885958194732666,1.5377111434936523,1.5627267360687256,2.5256266593933105,0.12621301412582397,0,True
937,0.8335905075073242,0.19335119426250458,1.0,1.4478776454925537,1.5810121297836304,1.60745108127594,2.7646641731262207,0.1456705629825592,0,True
938,0.8415600061416626,0.1872672289609909,1.0,1.4701439142227173,1.6223952770233154,1.6493470668792725,2.5169613361358643,0.12023370712995529,0,True
939,0.8634558916091919,0.16989639401435852,1.0,1.479954481124878,1.632519245147705,1.6602294445037842,2.73594331741333,0.11192764341831207,0,True
940,0.857586681842804,0.16529667377471924,1.0,1.424546241760254,1.6168689727783203,1.6431281566619873,2.4578075408935547,0.14064499735832214,0,True
941,0.8199716210365295,0.19833093881607056,1.0,1.3755276203155518,1.5685807466506958,1.5930935144424438,2.630634069442749,0.1290089190006256,0,True
942,0.8534395694732666,0.17134077847003937,1.0,1.4789267778396606,1.6757831573486328,1.7031900882720947,2.5431482791900635,0.1238921582698822,0,True
943,0.8686484098434448,0.16901971399784088,1.0,1.4758408069610596,1.6284828186035156,1.6563060283660889,2.6702017784118652,0.1375175416469574,0,True
944,0.8612663745880127,0.1649603545665741,1.0,1.3953278064727783,1.565824031829834,1.5911487340927124,2.3968310356140137,0.13565494120121002,0,True
945,0.843204915523529,0.1742970496416092,1.0,1.3513160943984985,1.5366830825805664,1.5608701705932617,2.6179704666137695,0.12767067551612854,0,True
946,0.8385633826255798,0.18066295981407166,1.0,1.3933250904083252,1.5507105588912964,1.57560396194458,2.6869735717773438,0.13107548654079437,0,True
947,0.8265506029129028,0.1888303905725479,1.0,1.4161489009857178,1.5439496040344238,1.5693470239639282,2.6932153701782227,0.1281287670135498,0,True
948,0.8462287187576294,0.17263540625572205,1.0,1.4864050149917603,1.6201953887939453,1.6475105285644531,2.5871357917785645,0.12168385088443756,0,True
949,0.8456835150718689,0.17737257480621338,1.0,1.4581263065338135,1.6185494661331177,1.6457853317260742,2.5530309677124023,0.13177809119224548,0,True
950,0.8406493663787842,0.17170700430870056,1.0,1.4366881847381592,1.6514991521835327,1.6783463954925537,2.6261682510375977,0.13993626832962036,0,True
951,0.8472204208374023,0.1710277497768402,1.0,1.4163951873779297,1.6287760734558105,1.6547694206237793,2.535128116607666,0.11826381087303162,0,True
952,0.8539444804191589,0.1751953363418579,1.0,1.4028955698013306,1.6090046167373657,1.6347395181655884,2.5632848739624023,0.11954236030578613,0,True
953,0.8688138723373413,0.16206291317939758,1.0,1.4150454998016357,1.585242509841919,1.611661434173584,2.570692777633667,0.1211075484752655,0,True
954,0.8538981676101685,0.1737498939037323,1.0,1.3912692070007324,1.529245138168335,1.5544195175170898,2.4417781829833984,0.11897695809602737,0,True
955,0.8406640291213989,0.17694447934627533,1.0,1.3945772647857666,1.5285937786102295,1.5533990859985352,2.451604127883911,0.11793306469917297,0,True
956,0.8365228176116943,0.1866505742073059,1.0,1.4167362451553345,1.530468463897705,1.5559017658233643,2.839481830596924,0.12050595879554749,0,True
957,0.8332108855247498,0.19714264571666718,1.0,1.4489566087722778,1.5758014917373657,1.6025243997573853,2.5955586433410645,0.10694295912981033,0,True
958,0.8633790612220764,0.16277143359184265,1.0,1.4878655672073364,1.651478886604309,1.6797139644622803,2.6627843379974365,0.11609970033168793,0,True
959,0.8391918540000916,0.18287189304828644,1.0,1.431706428527832,1.5830175876617432,1.6090888977050781,2.767789602279663,0.12020412087440491,0,True
960,0.05542885512113571,0.9445711374282837,1.0,1.4315931797027588,1.6553149223327637,1.681924819946289,2.6144518852233887,0.009085183963179588,119,True
961,0.047146983444690704,0.9563053846359253,0.0703125,1.2901662588119507,1.084592580795288,1.1121842861175537,2.8032875061035156,2.0231266021728516,0,True
962,0.06987901777029037,0.9452438354492188,0.0703125,1.8105285167694092,1.607285737991333,1.6318187713623047,3.1627395153045654,2.8747434616088867,0,True
963,0.05238573998212814,0.9699931740760803,0.0703125,2.1593520641326904,0.9331610798835754,0.9640623927116394,3.4792728424072266,3.8988404273986816,0,True
964,-0.003771953284740448,1.0233190059661865,0.0703125,2.4656219482421875,0.8288378715515137,0.8599690794944763,3.5695927143096924,4.223550796508789,0,True
965,0.025437479838728905,0.9900306463241577,0.0703125,2.524235248565674,0.9317601919174194,0.9637724161148071,3.497894763946533,3.2322802543640137,0,True
966,0.04877050966024399,0.9644415378570557,0.0703125,2.1066722869873047,1.1405326128005981,1.170432448387146,3.274665594100952,2.3450937271118164,0,True
967,0.08682258427143097,0.9217569231987,0.0703125,1.908889651298523,1.334601879119873,1.3579034805297852,3.0847268104553223,1.3132551908493042,0,True
968,0.16430994868278503,0.8444245457649231,0.0703125,1.6382207870483398,1.540500283241272,1.5558984279632568,3.6136763095855713,0.7907900214195251,0,True
969,0.22790661454200745,0.7804669737815857,0.0703125,1.519592523574829,1.7203810214996338,1.7334057092666626,4.244710922241211,0.49500396847724915,0,True
970,0.2527243494987488,0.7590728402137756,0.0703125,1.412045955657959,1.7405303716659546,1.749645471572876,3.779235601425171,0.4325297176837921,0,True
971,0.2523592710494995,0.7585694789886475,0.0703125,1.2837607860565186,1.661677598953247,1.6676517724990845,3.769070625305176,0.38675200939178467,0,True
972,0.2589362561702728,0.7525595426559448,0.0703125,1.218057632446289,1.586733341217041,1.5921590328216553,3.6274797916412354,0.3459051251411438,0,True
973,0.2679683268070221,0.74387526512146,0.0703125,1.1323621273040771,1.5169717073440552,1.5245853662490845,3.401686906814575,0.2912707030773163,0,True
974,0.2697960436344147,0.7372848987579346,0.0703125,1.1305265426635742,1.4528472423553467,1.4626507759094238,3.351863384246826,0.26936930418014526,0,True
975,0.27957284450531006,0.7249306440353394,0.0703125,1.162609338760376,1.4493203163146973,1.4616023302078247,3.112300157546997,0.25958752632141113,0,True
976,0.2873042821884155,0.7195171117782593,0.0703125,1.24800443649292,1.5271389484405518,1.5435760021209717,2.8908238410949707,0.2328779697418213,0,True
977,0.31245818734169006,0.6951069235801697,0.0703125,1.2681844234466553,1.5955052375793457,1.613618016242981,2.7608766555786133,0.2723093032836914,0,True
978,0.33397525548934937,0.6719359159469604,0.0703125,1.2820453643798828,1.6154425144195557,1.6340010166168213,2.8283848762512207,0.26669007539749146,0,True
979,0.37228572368621826,0.6333650350570679,0.0703125,1.3394891023635864,1.6758208274841309,1.696528673171997,3.4314613342285156,0.26936623454093933,0,True
980,0.40074020624160767,0.6043034791946411,0.0703125,1.3593463897705078,1.6602948904037476,1.681962251663208,3.1644434928894043,0.25492680072784424,0,True
981,0.43113064765930176,0.5763887166976929,0.0703125,1.3484547138214111,1.6028869152069092,1.6249030828475952,3.0756397247314453,0.2650185227394104,0,True
982,0.42588794231414795,0.580307126045227,0.0703125,1.294555902481079,1.4943881034851074,1.5144867897033691,2.7136573791503906,0.25329309701919556,0,True
983,0.42305541038513184,0.5812764763832092,0.0703125,1.2564899921417236,1.3995141983032227,1.4187910556793213,2.8171653747558594,0.24824082851409912,0,True
984,0.4230538606643677,0.5775954723358154,0.0703125,1.2788883447647095,1.3696147203445435,1.3896493911743164,2.8958840370178223,0.22071702778339386,0,True
985,0.4307653307914734,0.5709341764450073,0.0703125,1.3019962310791016,1.3697662353515625,1.3908071517944336,2.3904051780700684,0.22896920144557953,0,True
986,0.45315659046173096,0.5500333905220032,0.0703125,1.3918440341949463,1.450913667678833,1.4744793176651,3.8454935550689697,0.24538451433181763,0,True
987,0.4780803918838501,0.5252777338027954,0.0703125,1.4012569189071655,1.5309407711029053,1.5556457042694092,2.504828691482544,0.27525973320007324,0,True
988,0.48249584436416626,0.5230276584625244,0.0703125,1.399810791015625,1.5762948989868164,1.6009939908981323,2.87943959236145,0.25853633880615234,0,True
989,0.5151453018188477,0.4914618134498596,0.0703125,1.3557467460632324,1.580232858657837,1.604243516921997,2.804755210876465,0.24665296077728271,0,True
990,0.5206247568130493,0.4891563057899475,0.0703125,1.3701460361480713,1.593881368637085,1.6182507276535034,3.2668344974517822,0.2627733647823334,0,True
991,0.5502177476882935,0.45816856622695923,0.0703125,1.3900423049926758,1.6134165525436401,1.638732671737671,2.86057186126709,0.24388369917869568,0,True
992,0.5553513765335083,0.45591890811920166,0.0703125,1.3767082691192627,1.520797848701477,1.5453474521636963,3.332733631134033,0.253640353679657,0,True
993,0.5537018775939941,0.45253247022628784,0.0703125,1.3066182136535645,1.4354841709136963,1.4580628871917725,2.550922393798828,0.23133429884910583,0,True
994,0.5558751821517944,0.44942954182624817,0.0703125,1.3135696649551392,1.3910927772521973,1.4130046367645264,2.9631123542785645,0.2533983588218689,0,True
995,0.5511325001716614,0.45697107911109924,0.078125,1.346677541732788,1.3795170783996582,1.4021456241607666,3.477196216583252,0.23562809824943542,0,True
996,0.5707048177719116,0.44556117057800293,0.0859375,1.3982237577438354,1.4545594453811646,1.479104995727539,2.799976110458374,0.2165900468826294,0,True
997,0.5876750946044922,0.4273504614830017,0.09375,1.4737849235534668,1.5261720418930054,1.5531840324401855,3.708608865737915,0.2197650671005249,0,True
998,0.5934901237487793,0.41781532764434814,0.09375,1.4108898639678955,1.5346239805221558,1.5604914426803589,2.4178056716918945,0.23492272198200226,0,True
999,0.5726028680801392,0.43971312046051025,0.09375,1.4016902446746826,1.5831763744354248,1.6091854572296143,2.498558282852173,0.2241291105747223,0,True
1000,0.6067533493041992,0.40337085723876953,0.1015625,1.4970698356628418,1.71011221408844,1.7387245893478394,2.9737606048583984,0.20950168371200562,0,True
